Latitude,Longitude,Sample Date,pet,ppt,q,soil,tmax,tmin,aet
-28.760833,17.730278,02-01-2011,236.3,8.3,0.4,0.0,35.76,21.029999,7.9
-26.861111,28.884722,03-01-2011,134.3,175.0,8.8,35.7,25.41,14.099999,134.3
-26.45,28.085833,03-01-2011,141.5,156.10000000000002,7.800000000000001,9.900001,26.07,15.25,141.5
-27.671111,27.236944,03-01-2011,152.40001,194.70000000000002,16.1,28.2,27.599998,15.96,152.40001
-27.356667,27.286389,03-01-2011,151.90001,180.4,9.0,21.300001,27.21,16.15,151.90001
-27.01011111,26.69808333,04-01-2011,155.7,168.5,8.4,5.3,27.849998,16.75,155.7
-25.127778,27.628889,04-01-2011,158.2,107.4,5.4,1.1,30.33,18.77,102.1
-25.20639,27.558,04-01-2011,156.5,110.10000000000001,5.5,1.1,30.029999,18.6,104.6
-24.69514,27.40906,04-01-2011,157.8,108.2,5.4,1.4,30.519999,19.84,102.9
-26.98472222,26.63227778,04-01-2011,155.2,170.3,8.5,8.3,28.01,17.0,155.2
-28.141944,26.417778,04-01-2011,157.0,187.0,9.3,22.300001,28.17,16.539999,157.0
-27.398611,26.614722,04-01-2011,160.7,173.20000000000002,8.700000000000001,4.3,28.359999,17.039999,160.7
-33.501667,21.624167,04-01-2011,185.90001,15.700000000000001,0.8,0.1,29.51,13.78,14.900001
-32.502778,19.535833,04-01-2011,229.6,4.0,0.2,0.6,34.01,16.359999,3.8
-25.45963889,28.26430556,04-01-2011,149.5,122.4,6.1000000000000005,1.4,28.779999,17.5,116.4
-27.495556,26.074722,04-01-2011,163.8,162.8,8.1,0.4,28.59,16.6,154.7
-26.648056,27.089444,05-01-2011,148.2,156.60000000000002,7.800000000000001,1.4,26.83,15.94,148.2
-26.970278,27.211111,05-01-2011,149.3,169.5,8.5,13.3,27.0,16.19,149.3
-27.38972222,26.46388889,05-01-2011,162.2,170.20000000000002,8.5,0.4,28.48,17.14,161.7
-27.044444,27.005,05-01-2011,151.7,172.0,8.6,13.400001,27.4,16.51,151.7
-30.830556,26.921389,06-01-2011,152.0,138.0,6.9,0.5,28.33,14.08,131.1
-27.00222,28.76528,06-01-2011,134.7,179.4,9.0,39.2,25.63,14.28,134.7
-27.02314,28.59389,06-01-2011,136.90001,179.20000000000002,9.0,36.8,25.96,14.61,136.90001
-30.679722,26.7125,06-01-2011,155.6,135.3,6.800000000000001,0.4,29.42,14.74,128.6
-30.160091,27.40124,06-01-2011,141.1,207.0,36.9,31.300001,27.47,14.9,141.1
-32.595833,19.009444,06-01-2011,231.1,4.5,0.2,2.7,33.85,16.58,4.4
-25.99136,27.84208,10-01-2011,144.7,160.3,8.0,11.0,26.599998,16.4,144.7
-26.73806,27.59194,10-01-2011,144.5,166.60000000000002,8.3,16.0,26.349998,15.719999,144.5
-26.45,28.085833,10-01-2011,141.5,156.10000000000002,7.800000000000001,9.900001,26.07,15.25,141.5
-30.86013889,29.07125,10-01-2011,125.1,211.9,86.10000000000001,51.7,25.9,16.4,125.1
-27.356667,27.286389,10-01-2011,151.90001,180.4,9.0,21.300001,27.21,16.15,151.90001
-27.01011111,26.69808333,11-01-2011,155.7,168.5,8.4,5.3,27.849998,16.75,155.7
-25.73411,27.21422,11-01-2011,146.6,150.70000000000002,7.5,2.4,27.58,16.199999,143.3
-26.98472222,26.63227778,11-01-2011,155.2,170.3,8.5,8.3,28.01,17.0,155.2
-27.398611,26.614722,11-01-2011,160.7,173.20000000000002,8.700000000000001,4.3,28.359999,17.039999,160.7
-27.671111,27.236944,11-01-2011,152.40001,194.70000000000002,16.1,28.2,27.599998,15.96,152.40001
-29.160278,26.573333,11-01-2011,155.90001,195.5,18.3,23.0,28.75,15.639999,155.90001
-34.250556,20.9925,11-01-2011,178.5,13.700000000000001,0.7000000000000001,4.2000003,29.32,17.08,13.3
-25.45963889,28.26430556,11-01-2011,149.5,122.4,6.1000000000000005,1.4,28.779999,17.5,116.4
-25.81048333,27.90955222,12-01-2011,147.5,149.4,7.5,1.3000001,27.599998,17.34,142.0
-27.273889,28.49,12-01-2011,136.3,192.70000000000002,18.0,41.4,25.869999,14.65,136.3
-27.4275,28.525833,12-01-2011,134.90001,202.5,34.2,36.100002,25.769999,14.4,134.90001
-28.883333,27.89,12-01-2011,132.6,268.2,108.7,29.6,25.83,14.5199995,132.6
-27.00222,28.76528,13-01-2011,134.7,179.4,9.0,39.2,25.63,14.28,134.7
-27.02314,28.59389,13-01-2011,136.90001,179.20000000000002,9.0,36.8,25.96,14.61,136.90001
-30.534167,24.961944,13-01-2011,178.90001,94.7,4.7,0.0,30.599998,15.96,89.9
-28.460833,21.248889,13-01-2011,217.3,74.9,3.7,0.0,35.149998,19.85,71.1
-29.658056,25.973333,14-01-2011,157.7,146.9,7.300000000000001,0.2,28.89,15.41,139.6
-28.760833,17.730278,16-01-2011,236.3,8.3,0.4,0.0,35.76,21.029999,7.9
-25.513889,31.224444,17-01-2011,135.2,44.5,2.2,17.800001,29.67,18.09,45.5
-26.861111,28.884722,17-01-2011,124.9,55.1,2.8000000000000003,18.1,26.96,13.259999,70.0
-31.554722,29.245556,17-01-2011,114.200005,44.6,2.2,18.6,26.92,18.529999,74.4
-28.058889,30.373611,17-01-2011,125.6,70.3,3.5,19.4,27.689999,14.719999,100.1
-25.127778,27.628889,18-01-2011,146.0,47.7,2.4000000000000004,1.1,31.55,18.05,45.4
-25.20639,27.558,18-01-2011,145.0,49.800000000000004,2.5,1.1,31.279999,17.81,47.3
-24.69514,27.40906,18-01-2011,150.40001,56.0,2.8000000000000003,1.3000001,31.929998,18.949999,53.2
-25.681111,31.783333,18-01-2011,133.6,38.2,1.9000000000000001,6.4,31.13,18.98,36.7
-27.802778,28.768333,18-01-2011,119.4,71.7,3.6,11.5,26.539999,13.09,87.9
-27.398611,26.614722,18-01-2011,136.2,87.9,4.4,3.7,29.51,16.449999,84.1
-31.104278,29.399722,18-01-2011,118.6,49.900000000000006,2.5,21.1,27.76,18.26,83.6
-31.396,29.2651,18-01-2011,120.700005,44.900000000000006,2.2,18.300001,28.119999,19.66,74.1
-33.38056,19.30167,18-01-2011,164.7,3.9000000000000004,0.2,4.6,30.179998,16.08,4.1
-33.31388889,19.07472222,18-01-2011,176.2,3.1,0.2,6.2000003,32.559998,18.65,3.6000001
-27.495556,26.074722,18-01-2011,137.40001,100.60000000000001,5.0,0.4,29.539999,16.42,95.6
-24.39619444,27.08983333,19-01-2011,152.8,58.2,2.9000000000000004,1.4,32.35,19.06,55.3
-26.970278,27.211111,19-01-2011,131.90001,70.9,3.5,9.2,28.439999,15.48,71.5
-26.880278,26.965,19-01-2011,133.0,76.0,3.8000000000000003,6.9,28.689999,15.719999,74.200005
-27.273889,28.49,19-01-2011,125.200005,63.2,3.2,15.2,27.59,13.83,86.200005
-27.3,28.586944,19-01-2011,124.200005,62.300000000000004,3.1,14.7,27.359999,13.58,84.5
-27.044444,27.005,19-01-2011,132.90001,76.4,3.8000000000000003,9.0,28.71,15.7,77.0
-30.568333,29.422778,19-01-2011,115.3,61.7,3.1,26.7,26.06,13.53,94.4
-30.570833,29.150556,19-01-2011,114.9,67.8,3.4000000000000004,18.4,25.599998,13.21,95.9
-34.031944,22.053333,19-01-2011,123.0,11.9,0.6000000000000001,1.2,26.949999,17.949999,11.3
-33.13083,18.86278,19-01-2011,175.1,2.2,0.1,3.1000001,33.05,19.24,2.2
-33.7075,18.97444444,19-01-2011,177.1,4.2,0.2,8.5,32.17,18.84,5.2000003
-25.57877778,29.12747222,19-01-2011,137.6,35.1,1.8,2.6000001,29.82,15.62,33.5
-26.006389,29.253889,20-01-2011,126.3,40.5,2.0,11.3,27.16,13.46,41.8
-27.02314,28.59389,20-01-2011,125.3,59.0,2.9000000000000004,17.4,27.55,13.7699995,75.4
-30.679722,26.7125,20-01-2011,132.2,98.7,4.9,0.4,29.48,14.809999,93.700005
-28.460833,21.248889,20-01-2011,170.8,138.5,6.9,0.0,34.46,19.75,131.6
-30.77586667,29.03221667,20-01-2011,119.4,63.300000000000004,3.2,18.0,27.529999,16.17,91.0
-24.925278,29.324444,21-01-2011,145.8,30.900000000000002,1.5,0.7,31.679998,17.55,29.4
-28.460833,21.248889,21-01-2011,170.8,138.5,6.9,0.0,34.46,19.75,131.6
-24.679167,30.8025,24-01-2011,127.200005,63.400000000000006,3.2,73.5,25.92,15.08,100.0
-25.99136,27.84208,24-01-2011,130.90001,50.7,2.5,8.7,28.17,15.36,50.4
-25.49037,30.6986,24-01-2011,131.7,42.800000000000004,2.1,20.0,28.08,16.1,43.5
-26.970278,27.211111,24-01-2011,131.90001,70.9,3.5,9.2,28.439999,15.48,71.5
-27.671111,27.236944,24-01-2011,132.3,77.80000000000001,3.9000000000000004,10.400001,28.66,15.33,91.700005
-27.356667,27.286389,24-01-2011,132.1,71.9,3.6,10.900001,28.5,15.41,78.700005
-27.01011111,26.69808333,25-01-2011,134.7,84.7,4.2,4.4,28.93,16.039999,81.3
-26.98472222,26.63227778,25-01-2011,134.8,86.0,4.3,6.2000003,29.109999,16.31,83.8
-27.398611,26.614722,25-01-2011,136.2,87.9,4.4,3.7,29.51,16.449999,84.1
-33.818056,19.694722,25-01-2011,164.3,4.9,0.2,3.5,31.41,17.97,5.0
-25.45963889,28.26430556,25-01-2011,138.6,37.7,1.9000000000000001,1.3000001,30.4,16.52,35.8
-33.897778,20.012778,25-01-2011,151.1,5.7,0.30000000000000004,1.4,31.609999,18.24,5.4
-25.81048333,27.90955222,26-01-2011,135.2,45.400000000000006,2.3000000000000003,1.2,29.369999,16.39,43.100002
-34.065833,20.404167,26-01-2011,148.0,6.6000000000000005,0.30000000000000004,1.8000001,31.42,19.4,6.4
-24.058889,31.237222,26-01-2011,143.90001,28.700000000000003,1.4000000000000001,1.6,32.13,19.689999,27.300001
-26.648056,27.089444,26-01-2011,131.7,72.60000000000001,3.6,1.4,28.3,15.17,69.0
-26.880278,26.965,26-01-2011,133.0,76.0,3.8000000000000003,6.9,28.689999,15.719999,74.200005
-27.273889,28.49,26-01-2011,125.200005,63.2,3.2,15.2,27.59,13.83,86.200005
-27.044444,27.005,26-01-2011,132.90001,76.4,3.8000000000000003,9.0,28.71,15.7,77.0
-34.092222,21.295278,26-01-2011,132.40001,10.200000000000001,0.5,2.7,29.4,17.96,9.900001
-27.02314,28.59389,27-01-2011,125.3,59.0,2.9000000000000004,17.4,27.55,13.7699995,75.4
-26.73806,27.59194,27-01-2011,129.40001,60.400000000000006,3.0,10.7,27.769999,14.809999,62.7
-28.760833,17.730278,30-01-2011,174.2,32.7,1.6,0.0,36.1,22.689999,31.1
-26.861111,28.884722,31-01-2011,124.9,55.1,2.8000000000000003,18.1,26.96,13.259999,70.0
-26.73806,27.59194,31-01-2011,129.40001,60.400000000000006,3.0,10.7,27.769999,14.809999,62.7
-25.127778,27.628889,01-02-2011,146.0,47.7,2.4000000000000004,1.1,31.55,18.05,45.4
-24.69514,27.40906,01-02-2011,150.40001,56.0,2.8000000000000003,1.3000001,31.929998,18.949999,53.2
-27.363611,31.783333,01-02-2011,130.6,35.800000000000004,1.8,5.5,31.56,19.59,34.3
-27.802778,28.768333,01-02-2011,119.4,71.7,3.6,11.5,26.539999,13.09,87.9
-29.160278,26.573333,01-02-2011,134.90001,105.4,5.300000000000001,8.5,29.24,15.11,114.6
-34.329722,18.990278,01-02-2011,130.5,5.800000000000001,0.30000000000000004,12.1,25.91,17.07,7.4
-25.20639,27.558,02-02-2011,145.0,49.800000000000004,2.5,1.1,31.279999,17.81,47.3
-23.281,30.54305556,03-02-2011,143.1,48.900000000000006,2.4000000000000004,5.6,30.91,19.5,46.9
-28.801278,31.955389,03-02-2011,130.3,82.0,4.1000000000000005,22.300001,30.23,20.82,96.3
-27.00222,28.76528,03-02-2011,124.0,58.6,2.9000000000000004,17.5,27.18,13.469999,77.4
-27.02314,28.59389,03-02-2011,125.3,59.0,2.9000000000000004,17.4,27.55,13.7699995,75.4
-27.3,28.586944,03-02-2011,124.200005,62.300000000000004,3.1,14.7,27.359999,13.58,84.5
-30.679722,26.7125,03-02-2011,132.2,98.7,4.9,0.4,29.48,14.809999,93.700005
-28.460833,21.248889,03-02-2011,170.8,138.5,6.9,0.0,34.46,19.75,131.6
-28.460833,21.248889,04-02-2011,170.8,138.5,6.9,0.0,34.46,19.75,131.6
-29.140556,31.391944,07-02-2011,126.5,98.0,4.9,13.1,29.619999,20.58,96.700005
-25.99136,27.84208,07-02-2011,130.90001,50.7,2.5,8.7,28.17,15.36,50.4
-24.058889,31.237222,07-02-2011,143.90001,28.700000000000003,1.4000000000000001,1.6,32.13,19.689999,27.300001
-26.73806,27.59194,07-02-2011,129.40001,60.400000000000006,3.0,10.7,27.769999,14.809999,62.7
-30.86013889,29.07125,07-02-2011,118.6,59.7,3.0,19.0,27.699999,16.609999,89.4
-27.356667,27.286389,07-02-2011,132.1,71.9,3.6,10.900001,28.5,15.41,78.700005
-28.058889,30.373611,07-02-2011,125.6,70.3,3.5,19.4,27.689999,14.719999,100.1
-27.01011111,26.69808333,08-02-2011,134.7,84.7,4.2,4.4,28.93,16.039999,81.3
-27.169444,29.233889,08-02-2011,121.700005,55.800000000000004,2.8000000000000003,15.900001,26.23,12.88,80.4
-26.98472222,26.63227778,08-02-2011,134.8,86.0,4.3,6.2000003,29.109999,16.31,83.8
-27.398611,26.614722,08-02-2011,136.2,87.9,4.4,3.7,29.51,16.449999,84.1
-27.573056,24.746389,08-02-2011,149.2,121.4,6.1000000000000005,0.5,31.66,17.4,115.4
-33.501667,21.624167,08-02-2011,145.3,10.700000000000001,0.5,0.1,29.529999,15.49,10.2
-32.502778,19.535833,08-02-2011,177.8,3.2,0.2,0.6,34.18,18.02,3.1000001
-25.45963889,28.26430556,08-02-2011,138.6,37.7,1.9000000000000001,1.3000001,30.4,16.52,35.8
-26.970278,27.211111,09-02-2011,131.90001,70.9,3.5,9.2,28.439999,15.48,71.5
-27.273889,28.49,09-02-2011,125.200005,63.2,3.2,15.2,27.59,13.83,86.200005
-28.69485,28.23487,09-02-2011,120.0,97.2,4.9,10.1,26.369999,13.599999,109.6
-28.883333,27.89,09-02-2011,121.9,102.4,5.1000000000000005,14.0,26.849998,14.179999,112.9
-27.02314,28.59389,10-02-2011,125.3,59.0,2.9000000000000004,17.4,27.55,13.7699995,75.4
-30.679722,26.7125,10-02-2011,132.2,98.7,4.9,0.4,29.48,14.809999,93.700005
-30.534167,24.961944,10-02-2011,156.0,96.10000000000001,4.800000000000001,0.0,30.779999,16.0,91.3
-34.031944,22.053333,10-02-2011,123.0,11.9,0.6000000000000001,1.2,26.949999,17.949999,11.3
-34.039722,22.133333,10-02-2011,121.4,12.4,0.6000000000000001,2.2,26.74,18.24,11.900001
-32.595833,19.009444,10-02-2011,181.90001,1.6,0.1,2.6000001,34.1,18.279999,1.6
-28.801278,31.955389,11-02-2011,130.3,82.0,4.1000000000000005,22.300001,30.23,20.82,96.3
-29.658056,25.973333,11-02-2011,137.2,97.2,4.9,0.2,29.119999,14.96,92.3
-28.068333,31.55,11-02-2011,131.3,67.7,3.4000000000000004,3.7,31.269999,20.21,64.5
-28.760833,17.730278,13-02-2011,174.2,32.7,1.6,0.0,36.1,22.689999,31.1
-29.7775,29.470833,14-02-2011,113.8,123.60000000000001,9.8,42.9,25.06,12.809999,113.8
-29.987778,29.851667,14-02-2011,116.0,85.10000000000001,4.3,61.9,26.8,14.99,103.1
-29.744167,29.905833,14-02-2011,119.8,91.5,4.6000000000000005,58.3,27.48,15.48,107.700005
-26.861111,28.884722,14-02-2011,124.9,55.1,2.8000000000000003,18.1,26.96,13.259999,70.0
-26.45,28.085833,14-02-2011,127.200005,54.300000000000004,2.7,8.0,27.539999,14.429999,53.5
-31.396,29.2651,14-02-2011,120.700005,44.900000000000006,2.2,18.300001,28.119999,19.66,74.1
-25.20639,27.558,15-02-2011,147.7,35.1,1.8,1.1,31.57,17.97,33.3
-24.69514,27.40906,15-02-2011,158.0,34.2,1.7000000000000002,1.3000001,32.05,19.15,32.5
-26.006389,29.253889,15-02-2011,126.1,40.2,2.0,9.3,27.55,13.71,40.2
-27.802778,28.768333,15-02-2011,115.200005,69.9,3.5,8.0,26.5,12.55,70.0
-27.398611,26.614722,15-02-2011,135.1,86.30000000000001,4.3,3.2,29.769999,15.71,82.4
-27.671111,27.236944,15-02-2011,129.7,84.2,4.2,7.2000003,28.869999,14.639999,83.200005
-29.160278,26.573333,15-02-2011,128.7,83.30000000000001,4.2,5.9,28.769999,13.58,81.700005
-30.568333,29.422778,15-02-2011,113.3,103.9,5.2,21.7,26.369999,13.04,103.8
-30.570833,29.150556,15-02-2011,112.6,99.30000000000001,5.0,12.7,25.849998,12.62,99.9
-33.38056,19.30167,15-02-2011,146.90001,11.8,0.6000000000000001,4.2000003,29.039999,13.7699995,11.6
-33.31388889,19.07472222,15-02-2011,154.3,11.4,0.6000000000000001,5.7000003,31.449999,16.55,11.400001
-27.495556,26.074722,15-02-2011,135.6,92.10000000000001,4.6000000000000005,0.4,29.72,15.089999,87.5
-25.436111,31.982222,16-02-2011,128.2,37.0,1.9000000000000001,7.7000003,31.75,20.15,35.7
-24.39619444,27.08983333,16-02-2011,155.6,32.800000000000004,1.6,1.4,32.309998,19.16,31.2
-25.67386,31.57527,16-02-2011,132.40001,35.300000000000004,1.8,6.1,31.449999,20.43,33.9
-30.733889,29.828333,16-02-2011,117.8,114.30000000000001,5.7,24.6,27.96,17.07,111.6
-30.398056,30.601944,16-02-2011,124.5,121.60000000000001,6.1000000000000005,35.5,29.01,20.96,118.9
-27.273889,28.49,16-02-2011,124.0,74.60000000000001,3.7,10.6,27.59,13.28,75.5
-27.3,28.586944,16-02-2011,122.5,72.0,3.6,10.2,27.439999,13.139999,72.9
-27.044444,27.005,16-02-2011,131.6,77.60000000000001,3.9000000000000004,6.9,28.769999,15.04,75.8
-30.86013889,29.07125,16-02-2011,118.0,107.10000000000001,5.4,14.0,27.91,15.799999,106.8
-30.77586667,29.03221667,16-02-2011,117.9,108.60000000000001,5.4,13.400001,27.73,15.32,107.700005
-33.13083,18.86278,16-02-2011,157.0,10.100000000000001,0.5,2.9,31.779999,17.38,9.7
-24.925278,29.324444,17-02-2011,148.5,28.900000000000002,1.4000000000000001,0.6,31.5,18.039999,27.4
-27.00222,28.76528,17-02-2011,123.1,57.900000000000006,2.9000000000000004,12.2,27.359999,13.29,60.3
-27.02314,28.59389,17-02-2011,125.0,63.0,3.1,12.2,27.68,13.49,65.0
-22.43772222,31.07805556,18-02-2011,149.40001,17.7,0.9,0.5,34.14,21.47,16.800001
-29.803611,30.516111,18-02-2011,120.4,105.80000000000001,5.300000000000001,54.9,28.539999,17.65,111.3
-25.99136,27.84208,21-02-2011,129.3,60.300000000000004,3.0,7.2000003,28.25,15.009999,58.7
-26.861111,28.884722,21-02-2011,124.1,51.1,2.6,12.8,27.16,13.219999,53.8
-26.73806,27.59194,21-02-2011,128.8,63.7,3.2,8.2,27.9,14.19,63.0
-26.45,28.085833,21-02-2011,127.5,62.7,3.1,6.8,27.519999,14.09,60.8
-27.01011111,26.69808333,22-02-2011,133.8,85.0,4.3,3.8,29.039999,15.44,81.4
-27.169444,29.233889,22-02-2011,118.9,48.800000000000004,2.4000000000000004,11.0,26.4,12.84,51.2
-26.98472222,26.63227778,22-02-2011,134.40001,86.30000000000001,4.3,5.0,29.22,15.7,83.1
-27.398611,26.614722,22-02-2011,135.1,86.30000000000001,4.3,3.2,29.769999,15.71,82.4
-29.160278,26.573333,22-02-2011,128.7,83.30000000000001,4.2,5.9,28.769999,13.58,81.700005
-33.818056,19.694722,22-02-2011,148.8,12.3,0.6000000000000001,3.2,30.359999,15.94,12.0
-25.81048333,27.90955222,23-02-2011,134.6,52.5,2.6,1.2,29.5,16.279999,49.9
-29.641944,30.6875,23-02-2011,123.1,101.30000000000001,5.1000000000000005,56.100002,29.449999,19.09,111.6
-34.065833,20.404167,23-02-2011,138.2,13.100000000000001,0.7000000000000001,1.8000001,30.279999,17.369999,12.5
-33.980556,21.653333,23-02-2011,125.200005,18.1,0.9,1.1,28.24,15.7699995,17.300001
-22.769722,30.886944,23-02-2011,139.0,28.3,1.4000000000000001,11.0,31.58,20.449999,28.300001
-27.00222,28.76528,23-02-2011,123.1,57.900000000000006,2.9000000000000004,12.2,27.359999,13.29,60.3
-27.02314,28.59389,23-02-2011,125.0,63.0,3.1,12.2,27.68,13.49,65.0
-27.38972222,26.46388889,23-02-2011,136.0,88.30000000000001,4.4,0.4,29.98,15.7699995,83.9
-27.398611,26.614722,23-02-2011,135.1,86.30000000000001,4.3,3.2,29.769999,15.71,82.4
-27.671111,27.236944,23-02-2011,129.7,84.2,4.2,7.2000003,28.869999,14.639999,83.200005
-27.356667,27.286389,23-02-2011,129.2,78.0,3.9000000000000004,7.8,28.67,14.69,77.3
-33.897778,20.012778,23-02-2011,137.5,11.700000000000001,0.6000000000000001,1.3000001,30.519999,16.35,11.2
-23.763056,27.908611,24-02-2011,154.3,32.7,1.6,1.0,31.74,18.13,31.1
-23.23572222,27.717,24-02-2011,159.2,23.6,1.2000000000000002,0.5,33.03,19.119999,22.5
-28.44555556,32.325,24-02-2011,129.2,102.10000000000001,5.1000000000000005,32.7,30.34,21.91,112.3
-30.679722,26.7125,24-02-2011,127.4,88.60000000000001,4.4,0.4,28.63,13.25,84.200005
-30.160091,27.40124,24-02-2011,121.200005,97.80000000000001,4.9,8.400001,27.59,13.469999,97.0
-30.336111,27.359444,24-02-2011,122.200005,94.0,4.7,9.5,27.65,13.21,94.9
-28.460833,21.248889,24-02-2011,169.6,121.0,6.0,0.0,34.42,18.01,114.9
-22.91028,29.61111,25-02-2011,143.3,24.3,1.2000000000000002,1.5,30.789999,18.93,23.1
-28.760833,17.730278,27-02-2011,190.7,21.400000000000002,1.1,0.0,36.21,22.35,20.4
-24.183889,30.823889,01-03-2011,139.40001,29.900000000000002,1.5,2.5,31.97,20.81,28.4
-27.398611,26.614722,01-03-2011,135.1,86.30000000000001,4.3,3.2,29.769999,15.71,82.4
-27.671111,27.236944,01-03-2011,129.7,84.2,4.2,7.2000003,28.869999,14.639999,83.200005
-29.160278,26.573333,01-03-2011,128.7,83.30000000000001,4.2,5.9,28.769999,13.58,81.700005
-27.495556,26.074722,01-03-2011,135.6,92.10000000000001,4.6000000000000005,0.4,29.72,15.089999,87.5
-23.658056,31.05,02-03-2011,137.1,27.400000000000002,1.4000000000000001,1.4,32.309998,21.26,26.0
-26.648056,27.089444,02-03-2011,131.7,71.3,3.6,1.3000001,28.41,14.69,67.8
-27.802778,28.768333,02-03-2011,115.200005,69.9,3.5,8.0,26.5,12.55,70.0
-24.679167,30.8025,03-03-2011,123.3,55.300000000000004,2.8000000000000003,42.2,25.869999,15.53,83.9
-27.273889,28.49,03-03-2011,124.0,74.60000000000001,3.7,10.6,27.59,13.28,75.5
-27.3,28.586944,03-03-2011,122.5,72.0,3.6,10.2,27.439999,13.139999,72.9
-30.679722,26.7125,03-03-2011,127.4,88.60000000000001,4.4,0.4,28.63,13.25,84.200005
-27.02314,28.59389,04-03-2011,125.0,63.0,3.1,12.2,27.68,13.49,65.0
-25.99136,27.84208,07-03-2011,129.3,60.300000000000004,3.0,7.2000003,28.25,15.009999,58.7
-31.554722,29.245556,07-03-2011,115.5,106.10000000000001,5.300000000000001,14.1,27.39,18.22,105.3
-27.01011111,26.69808333,08-03-2011,133.8,85.0,4.3,3.8,29.039999,15.44,81.4
-27.802778,28.768333,08-03-2011,115.200005,69.9,3.5,8.0,26.5,12.55,70.0
-26.98472222,26.63227778,08-03-2011,134.40001,86.30000000000001,4.3,5.0,29.22,15.7,83.1
-27.398611,26.614722,08-03-2011,135.1,86.30000000000001,4.3,3.2,29.769999,15.71,82.4
-27.671111,27.236944,08-03-2011,129.7,84.2,4.2,7.2000003,28.869999,14.639999,83.200005
-29.160278,26.573333,08-03-2011,128.7,83.30000000000001,4.2,5.9,28.769999,13.58,81.700005
-31.396,29.2651,08-03-2011,120.700005,112.7,5.6000000000000005,14.1,28.26,19.02,111.3
-25.45963889,28.26430556,08-03-2011,140.6,39.300000000000004,2.0,1.3000001,30.58,16.98,37.4
-25.81048333,27.90955222,09-03-2011,134.6,52.5,2.6,1.2,29.5,16.279999,49.9
-22.225556,29.990556,09-03-2011,155.7,16.400000000000002,0.8,0.2,33.77,21.57,15.6
-26.03611,30.99778,09-03-2011,134.6,59.800000000000004,3.0,29.300001,29.289999,18.64,66.200005
-28.404444,30.013056,09-03-2011,124.0,75.4,3.8000000000000003,11.8,28.8,15.639999,76.9
-29.380556,30.2775,09-03-2011,113.6,101.4,5.1000000000000005,50.9,26.88,14.78,105.700005
-26.648056,27.089444,09-03-2011,131.7,71.3,3.6,1.3000001,28.41,14.69,67.8
-26.970278,27.211111,09-03-2011,131.5,72.0,3.6,7.1,28.599998,14.91,70.5
-27.273889,28.49,09-03-2011,124.0,74.60000000000001,3.7,10.6,27.59,13.28,75.5
-27.3,28.586944,09-03-2011,122.5,72.0,3.6,10.2,27.439999,13.139999,72.9
-27.044444,27.005,09-03-2011,131.6,77.60000000000001,3.9000000000000004,6.9,28.769999,15.04,75.8
-28.69485,28.23487,09-03-2011,115.700005,99.7,5.0,7.0,26.32,12.49,97.8
-28.883333,27.89,09-03-2011,116.4,96.4,4.800000000000001,8.7,26.48,12.759999,96.9
-30.568333,29.422778,09-03-2011,113.3,103.9,5.2,21.7,26.369999,13.04,103.8
-30.570833,29.150556,09-03-2011,112.6,99.30000000000001,5.0,12.7,25.849998,12.62,99.9
-34.329722,18.990278,09-03-2011,124.6,12.9,0.6000000000000001,10.6,25.029999,15.219999,13.7
-30.830556,26.921389,10-03-2011,128.1,85.9,4.3,0.4,28.019999,12.95,81.6
-25.49037,30.6986,10-03-2011,129.0,45.5,2.3000000000000003,17.800001,28.16,16.869999,45.4
-29.380556,30.2775,10-03-2011,113.6,101.4,5.1000000000000005,50.9,26.88,14.78,105.700005
-30.86013889,29.07125,10-03-2011,118.0,107.10000000000001,5.4,14.0,27.91,15.799999,106.8
-30.77586667,29.03221667,10-03-2011,117.9,108.60000000000001,5.4,13.400001,27.73,15.32,107.700005
-29.658056,25.973333,11-03-2011,129.1,83.9,4.2,0.2,28.609999,13.32,79.700005
-30.534167,24.961944,11-03-2011,141.90001,79.10000000000001,4.0,0.0,29.439999,14.19,75.1
-31.031389,28.883333,11-03-2011,117.700005,103.9,5.2,14.8,27.55,15.349999,104.6
-34.039722,22.133333,11-03-2011,119.0,20.900000000000002,1.0,2.1000001,26.789999,16.289999,20.0
-28.760833,17.730278,13-03-2011,190.7,21.400000000000002,1.1,0.0,36.21,22.35,20.4
-29.7775,29.470833,14-03-2011,111.0,138.70000000000002,27.700000000000003,42.9,25.4,12.21,111.0
-29.987778,29.851667,14-03-2011,114.9,117.80000000000001,5.9,60.3,27.18,14.549999,113.5
-29.744167,29.905833,14-03-2011,117.4,112.10000000000001,5.6000000000000005,52.7,27.71,14.94,112.200005
-26.861111,28.884722,14-03-2011,124.1,51.1,2.6,12.8,27.16,13.219999,53.8
-26.73806,27.59194,14-03-2011,128.8,63.7,3.2,8.2,27.9,14.19,63.0
-26.45,28.085833,14-03-2011,127.5,62.7,3.1,6.8,27.519999,14.09,60.8
-25.127778,27.628889,15-03-2011,151.90001,33.7,1.7000000000000002,1.1,31.789999,18.22,32.0
-25.20639,27.558,15-03-2011,147.7,35.1,1.8,1.1,31.57,17.97,33.3
-24.69514,27.40906,15-03-2011,158.0,34.2,1.7000000000000002,1.3000001,32.05,19.15,32.5
-25.73411,27.21422,15-03-2011,135.2,67.10000000000001,3.4000000000000004,2.2,29.16,15.46,63.8
-26.006389,29.253889,15-03-2011,126.1,40.2,2.0,9.3,27.55,13.71,40.2
-28.747778,31.745833,15-03-2011,130.2,106.80000000000001,5.300000000000001,14.900001,30.609999,20.84,107.200005
-30.733889,29.828333,15-03-2011,117.8,114.30000000000001,5.7,24.6,27.96,17.07,111.6
-27.398611,26.614722,15-03-2011,135.1,86.30000000000001,4.3,3.2,29.769999,15.71,82.4
-27.495556,26.074722,15-03-2011,135.6,92.10000000000001,4.6000000000000005,0.4,29.72,15.089999,87.5
-24.282222,28.090278,16-03-2011,144.40001,37.9,1.9000000000000001,1.1,30.01,16.65,36.0
-30.398056,30.601944,16-03-2011,124.5,121.60000000000001,6.1000000000000005,35.5,29.01,20.96,118.9
-30.27402,30.69602,16-03-2011,122.9,119.4,6.0,39.9,28.88,20.67,117.4
-26.880278,26.965,16-03-2011,132.3,76.10000000000001,3.8000000000000003,5.6,28.779999,15.15,73.5
-27.273889,28.49,16-03-2011,124.0,74.60000000000001,3.7,10.6,27.59,13.28,75.5
-34.031944,22.053333,16-03-2011,121.4,20.200000000000003,1.0,1.2,26.97,16.0,19.300001
-23.763056,27.908611,17-03-2011,111.1,137.6,6.9,20.6,27.939999,13.639999,111.1
-27.00222,28.76528,17-03-2011,91.4,114.7,5.7,29.7,22.609999,7.66,91.4
-27.02314,28.59389,17-03-2011,92.0,107.0,5.4,21.9,22.84,7.77,92.0
-24.925278,29.324444,18-03-2011,107.6,154.4,7.7,39.8,27.869999,13.4,107.6
-29.803611,30.516111,18-03-2011,82.700005,70.8,3.5,47.4,24.47,13.34,74.700005
-26.970278,27.211111,21-03-2011,93.700005,116.5,5.800000000000001,24.1,23.71,9.4,93.700005
-27.01011111,26.69808333,22-03-2011,98.6,106.0,5.300000000000001,5.9,24.18,9.809999,98.6
-25.99136,27.84208,22-03-2011,92.9,172.60000000000002,40.1,46.8,23.16,10.219999,92.9
-26.861111,28.884722,22-03-2011,91.6,113.7,5.7,29.2,22.57,7.8799996,91.6
-26.45,28.085833,22-03-2011,92.8,115.5,5.800000000000001,23.7,22.58,8.72,92.8
-27.398611,26.614722,22-03-2011,100.9,97.2,4.9,2.9,24.8,9.87,92.700005
-33.501667,21.624167,22-03-2011,100.200005,16.3,0.8,0.1,24.55,9.33,15.5
-33.31388889,19.07472222,22-03-2011,105.8,25.400000000000002,1.3,5.2000003,26.07,12.4,24.5
-28.338333,31.373611,22-03-2011,85.200005,64.2,3.2,4.9,25.1,14.49,61.4
-29.641944,30.6875,23-03-2011,83.6,81.80000000000001,4.1000000000000005,53.2,25.269999,15.049999,80.6
-28.735556,29.820556,23-03-2011,90.5,66.8,3.3000000000000003,8.5,25.16,10.94,65.9
-26.648056,27.089444,23-03-2011,93.200005,120.60000000000001,6.0,22.7,23.58,9.349999,93.200005
-27.044444,27.005,23-03-2011,95.0,111.30000000000001,5.6000000000000005,17.7,23.9,9.53,95.0
-29.160278,26.573333,23-03-2011,88.9,92.10000000000001,4.6000000000000005,5.6,22.98,7.3999996,87.8
-33.13083,18.86278,23-03-2011,107.200005,23.900000000000002,1.2000000000000002,2.8,26.76,13.349999,22.800001
-25.45963889,28.26430556,23-03-2011,103.6,141.9,7.1000000000000005,32.5,26.4,12.04,103.6
-25.81048333,27.90955222,24-03-2011,97.9,179.0,33.2,49.100002,24.51,11.41,97.9
-27.602222,29.942778,24-03-2011,96.9,87.30000000000001,4.4,11.1,24.359999,10.0,86.1
-27.3,28.586944,24-03-2011,89.200005,110.80000000000001,5.5,26.300001,22.369999,7.1499996,89.200005
-33.38056,19.30167,24-03-2011,102.9,23.0,1.2000000000000002,3.9,23.519999,9.51,22.2
-27.00222,28.76528,25-03-2011,91.4,114.7,5.7,29.7,22.609999,7.66,91.4
-27.02314,28.59389,25-03-2011,92.0,107.0,5.4,21.9,22.84,7.77,92.0
-30.160091,27.40124,25-03-2011,83.200005,85.4,4.3,7.9,21.85,8.0199995,81.700005
-30.336111,27.359444,25-03-2011,83.4,86.0,4.3,9.0,21.859999,7.91,82.1
-28.760833,17.730278,27-03-2011,149.5,5.9,0.30000000000000004,0.0,31.369999,17.01,5.6
-22.43772222,31.07805556,28-03-2011,114.1,77.0,3.8000000000000003,0.5,32.02,18.93,73.1
-26.73806,27.59194,28-03-2011,91.1,123.10000000000001,6.2,34.0,22.769999,8.91,91.1
-25.127778,27.628889,29-03-2011,105.5,135.1,6.800000000000001,24.0,27.17,12.62,105.5
-25.20639,27.558,29-03-2011,103.700005,143.4,7.2,33.600002,27.0,12.5199995,103.700005
-24.69514,27.40906,29-03-2011,111.8,141.1,7.1000000000000005,23.6,27.74,13.49,111.8
-27.169444,29.233889,29-03-2011,88.200005,105.60000000000001,5.300000000000001,23.1,21.9,7.52,88.200005
-26.98472222,26.63227778,29-03-2011,98.200005,109.30000000000001,5.5,10.7,24.35,9.98,98.200005
-28.141944,26.417778,29-03-2011,93.8,90.9,4.5,4.8,23.88,8.78,87.700005
-28.116667,26.725278,29-03-2011,92.5,92.4,4.6000000000000005,5.0,23.64,9.22,88.8
-27.398611,26.614722,29-03-2011,100.9,97.2,4.9,2.9,24.8,9.87,92.700005
-29.160278,26.573333,29-03-2011,88.9,92.10000000000001,4.6000000000000005,5.6,22.98,7.3999996,87.8
-27.495556,26.074722,29-03-2011,99.700005,99.5,5.0,0.4,24.73,9.17,94.5
-34.065833,20.404167,30-03-2011,96.0,22.900000000000002,1.1,1.7,25.56,12.7,21.800001
-27.363611,31.783333,30-03-2011,91.8,134.6,6.7,41.3,27.98,16.58,91.8
-26.905,32.324722,30-03-2011,95.200005,125.80000000000001,6.300000000000001,26.2,28.97,18.08,95.200005
-28.75,30.442778,30-03-2011,92.0,63.1,3.2,8.8,26.23,13.29,62.5
-29.161667,30.629722,30-03-2011,79.9,92.10000000000001,4.6000000000000005,56.600002,22.68,11.62,79.9
-26.880278,26.965,30-03-2011,94.1,115.30000000000001,5.800000000000001,21.1,23.93,9.65,94.1
-27.398611,26.614722,30-03-2011,100.9,97.2,4.9,2.9,24.8,9.87,92.700005
-28.69485,28.23487,30-03-2011,80.9,98.0,4.9,19.1,21.26,6.94,80.9
-28.883333,27.89,30-03-2011,80.700005,98.7,4.9,21.800001,21.369999,7.48,80.700005
-33.818056,19.694722,30-03-2011,102.4,24.700000000000003,1.2000000000000002,3.0,25.269999,11.59,23.800001
-34.075556,20.145556,30-03-2011,96.200005,24.6,1.2000000000000002,2.1000001,24.98,12.2,23.5
-27.00222,28.76528,31-03-2011,91.4,114.7,5.7,29.7,22.609999,7.66,91.4
-27.02314,28.59389,31-03-2011,92.0,107.0,5.4,21.9,22.84,7.77,92.0
-30.679722,26.7125,31-03-2011,88.200005,70.10000000000001,3.5,0.4,22.689999,7.37,66.6
-30.534167,24.961944,31-03-2011,98.1,66.0,3.3000000000000003,0.0,23.22,8.28,62.7
-33.897778,20.012778,31-03-2011,100.4,23.3,1.2000000000000002,1.3000001,25.519999,11.9,22.2
-22.769722,30.886944,01-04-2011,103.8,102.4,5.1000000000000005,10.3,29.07,17.47,97.9
-27.802778,28.768333,01-04-2011,84.6,96.30000000000001,4.800000000000001,14.900001,21.58,6.7999997,84.6
-27.5275,30.858056,02-04-2011,87.9,133.3,6.7,52.2,24.07,11.98,87.9
-25.99136,27.84208,04-04-2011,92.9,172.60000000000002,40.1,46.8,23.16,10.219999,92.9
-25.513889,31.224444,04-04-2011,97.200005,184.3,9.200000000000001,93.4,26.48,15.759999,97.200005
-25.398889,31.610556,04-04-2011,96.0,144.5,7.2,47.100002,28.66,17.14,96.0
-24.183889,30.823889,05-04-2011,102.8,128.5,6.4,21.800001,28.949999,16.93,102.8
-23.281,30.54305556,05-04-2011,98.9,114.0,5.7,14.6,27.58,17.18,98.9
-25.362222,31.956667,05-04-2011,94.0,138.8,6.9,44.4,29.14,17.35,94.0
-29.380556,30.2775,05-04-2011,79.3,76.10000000000001,3.8000000000000003,47.5,23.039999,10.309999,75.700005
-27.398611,26.614722,05-04-2011,100.9,97.2,4.9,2.9,24.8,9.87,92.700005
-25.45963889,28.26430556,05-04-2011,103.6,141.9,7.1000000000000005,32.5,26.4,12.04,103.6
-25.81048333,27.90955222,06-04-2011,97.9,179.0,33.2,49.100002,24.51,11.41,97.9
-23.658056,31.05,06-04-2011,99.6,93.60000000000001,4.7,1.3000001,28.849998,17.34,88.9
-24.058889,31.237222,06-04-2011,100.6,99.5,5.0,1.5,29.01,17.369999,94.6
-24.034167,31.123611,06-04-2011,100.9,100.5,5.0,1.4,28.59,17.13,95.5
-24.99328,30.81444,06-04-2011,84.9,249.0,65.9,159.5,22.109999,10.57,84.9
-25.14944444,31.94055556,06-04-2011,94.4,122.10000000000001,6.1000000000000005,25.9,28.66,17.27,94.4
-27.937778,31.209444,06-04-2011,89.9,51.1,2.6,4.2000003,25.08,13.9,48.8
-28.404444,30.013056,06-04-2011,93.1,65.9,3.3000000000000003,9.2,24.699999,10.5199995,65.3
-26.880278,26.965,06-04-2011,94.1,115.30000000000001,5.800000000000001,21.1,23.93,9.65,94.1
-31.000833,26.353056,06-04-2011,88.3,58.0,2.9000000000000004,0.3,21.93,6.22,55.100002
-24.679167,30.8025,07-04-2011,86.8,244.3,73.8,125.9,22.83,11.639999,86.8
-24.99328,30.81444,07-04-2011,84.9,249.0,65.9,159.5,22.109999,10.57,84.9
-27.02314,28.59389,07-04-2011,92.0,107.0,5.4,21.9,22.84,7.77,92.0
-28.760833,17.730278,10-04-2011,149.5,5.9,0.30000000000000004,0.0,31.369999,17.01,5.6
-26.73806,27.59194,10-04-2011,91.1,123.10000000000001,6.2,34.0,22.769999,8.91,91.1
-25.49037,30.6986,11-04-2011,95.6,182.4,9.1,95.4,24.96,13.03,95.6
-29.987778,29.851667,11-04-2011,82.6,61.0,3.0,47.7,22.97,9.88,70.6
-29.744167,29.905833,11-04-2011,84.200005,59.900000000000006,3.0,39.4,23.43,10.05,70.200005
-26.861111,28.884722,11-04-2011,91.6,113.7,5.7,29.2,22.57,7.8799996,91.6
-26.970278,27.211111,11-04-2011,93.700005,116.5,5.800000000000001,24.1,23.71,9.4,93.700005
-26.45,28.085833,11-04-2011,92.8,115.5,5.800000000000001,23.7,22.58,8.72,92.8
-31.396,29.2651,11-04-2011,90.200005,70.0,3.5,10.6,24.59,15.089999,70.0
-31.554722,29.245556,11-04-2011,88.8,74.5,3.7,10.6,23.96,14.66,74.200005
-27.356667,27.286389,11-04-2011,94.200005,106.2,5.300000000000001,14.400001,23.6,9.139999,94.200005
-25.447222,30.711667,11-04-2011,97.3,175.0,8.700000000000001,81.5,25.449999,13.73,97.3
-27.01011111,26.69808333,12-04-2011,98.6,106.0,5.300000000000001,5.9,24.18,9.809999,98.6
-25.127778,27.628889,12-04-2011,105.5,135.1,6.800000000000001,24.0,27.17,12.62,105.5
-25.20639,27.558,12-04-2011,103.700005,143.4,7.2,33.600002,27.0,12.5199995,103.700005
-24.69514,27.40906,12-04-2011,111.8,141.1,7.1000000000000005,23.6,27.74,13.49,111.8
-25.73411,27.21422,12-04-2011,96.4,147.5,7.4,45.9,24.369999,10.349999,96.4
-26.006389,29.253889,12-04-2011,96.4,148.9,7.4,54.3,23.18,8.91,96.4
-26.03611,30.99778,12-04-2011,99.1,193.60000000000002,9.700000000000001,114.1,25.23,14.16,99.1
-28.801278,31.955389,12-04-2011,87.700005,114.7,5.7,37.3,26.689999,17.66,87.700005
-30.733889,29.828333,12-04-2011,87.6,60.400000000000006,3.0,17.300001,24.0,13.099999,64.700005
-27.169444,29.233889,12-04-2011,88.200005,105.60000000000001,5.300000000000001,23.1,21.9,7.52,88.200005
-27.802778,28.768333,12-04-2011,84.6,96.30000000000001,4.800000000000001,14.900001,21.58,6.7999997,84.6
-26.98472222,26.63227778,12-04-2011,98.200005,109.30000000000001,5.5,10.7,24.35,9.98,98.200005
-27.398611,26.614722,12-04-2011,100.9,97.2,4.9,2.9,24.8,9.87,92.700005
-29.160278,26.573333,12-04-2011,88.9,92.10000000000001,4.6000000000000005,5.6,22.98,7.3999996,87.8
-30.568333,29.422778,12-04-2011,81.3,61.0,3.1,15.3,21.539999,7.89,64.3
-30.570833,29.150556,12-04-2011,80.8,60.2,3.0,9.900001,21.18,7.72,60.100002
-33.501667,21.624167,12-04-2011,100.200005,16.3,0.8,0.1,24.55,9.33,15.5
-27.495556,26.074722,12-04-2011,99.700005,99.5,5.0,0.4,24.73,9.17,94.5
-25.57877778,29.12747222,12-04-2011,103.8,159.20000000000002,8.0,50.0,26.13,11.219999,103.8
-28.801278,31.955389,13-04-2011,87.700005,114.7,5.7,37.3,26.689999,17.66,87.700005
-30.398056,30.601944,13-04-2011,86.9,72.0,3.6,28.9,25.13,17.16,74.9
-30.27402,30.69602,13-04-2011,84.5,74.10000000000001,3.7,34.3,24.949999,16.82,75.9
-26.648056,27.089444,13-04-2011,93.200005,120.60000000000001,6.0,22.7,23.58,9.349999,93.200005
-27.044444,27.005,13-04-2011,95.0,111.30000000000001,5.6000000000000005,17.7,23.9,9.53,95.0
-31.031389,28.883333,13-04-2011,87.6,53.6,2.7,11.400001,23.21,10.92,54.4
-30.86013889,29.07125,13-04-2011,86.3,53.6,2.7,10.7,23.42,11.23,54.2
-24.925278,29.324444,14-04-2011,107.6,154.4,7.7,39.8,27.869999,13.4,107.6
-27.00222,28.76528,14-04-2011,91.4,114.7,5.7,29.7,22.609999,7.66,91.4
-27.02314,28.59389,14-04-2011,92.0,107.0,5.4,21.9,22.84,7.77,92.0
-30.160091,27.40124,14-04-2011,83.200005,85.4,4.3,7.9,21.85,8.0199995,81.700005
-30.336111,27.359444,14-04-2011,83.4,86.0,4.3,9.0,21.859999,7.91,82.1
-30.830556,26.921389,15-04-2011,87.5,68.60000000000001,3.4000000000000004,0.4,22.3,7.47,65.200005
-27.902778,24.615556,15-04-2011,106.200005,73.2,3.7,0.4,26.55,9.98,69.5
-34.031944,22.053333,15-04-2011,89.3,18.1,0.9,1.1,23.49,12.38,17.2
-29.803611,30.516111,15-04-2011,82.700005,70.8,3.5,47.4,24.47,13.34,74.700005
-22.43772222,31.07805556,16-04-2011,95.5,20.1,1.0,0.5,30.21,14.17,19.1
-25.99136,27.84208,18-04-2011,84.5,63.0,3.1,31.2,21.789999,6.41,75.4
-34.039722,22.133333,18-04-2011,75.200005,20.8,1.0,1.9,23.58,12.809999,19.9
-28.735556,29.820556,19-04-2011,75.1,71.8,3.6,7.3,23.81,7.95,69.5
-27.802778,28.768333,19-04-2011,74.1,105.80000000000001,15.200000000000001,31.300001,19.71,3.82,74.1
-33.38056,19.30167,19-04-2011,61.2,48.0,2.4000000000000004,3.6000001,21.18,8.91,45.9
-33.31388889,19.07472222,19-04-2011,61.2,51.1,2.6,4.8,23.72,11.599999,48.9
-27.356667,27.286389,19-04-2011,79.0,71.2,3.6,10.3,21.4,5.87,71.8
-28.068333,31.55,19-04-2011,76.200005,33.2,1.7000000000000002,3.1000001,26.24,14.28,31.7
-27.398611,26.614722,20-04-2011,83.0,92.2,4.6000000000000005,7.5,22.769999,7.04,83.0
-29.160278,26.573333,20-04-2011,72.6,90.2,4.5,18.6,20.619999,5.24,72.6
-30.830556,26.921389,21-04-2011,69.6,83.0,4.1000000000000005,9.7,19.84,5.99,69.6
-27.363611,31.783333,21-04-2011,78.200005,45.900000000000006,2.3000000000000003,31.300001,27.49,13.88,53.600002
-27.044444,27.005,21-04-2011,82.4,74.60000000000001,3.7,13.0,21.949999,6.25,75.6
-27.902778,24.615556,21-04-2011,90.6,71.60000000000001,3.6,0.3,24.609999,8.0,68.1
-28.760833,17.730278,25-04-2011,108.700005,2.5,0.1,0.0,29.46,15.759999,2.4
-26.861111,28.884722,25-04-2011,79.0,70.10000000000001,3.5,23.9,20.56,3.9499998,71.9
-26.970278,27.211111,25-04-2011,82.1,66.7,3.3000000000000003,14.900001,21.859999,6.14,72.5
-26.45,28.085833,25-04-2011,80.4,64.3,3.2,16.2,21.09,5.21,68.700005
-27.01011111,26.69808333,26-04-2011,83.6,71.8,3.6,4.8,22.4,6.85,69.3
-25.127778,27.628889,26-04-2011,90.700005,49.400000000000006,2.5,17.1,25.3,7.9199996,53.7
-25.20639,27.558,26-04-2011,90.5,51.0,2.5,21.0,25.21,7.96,61.100002
-24.69514,27.40906,26-04-2011,91.1,42.6,2.1,17.9,25.09,8.01,46.2
-27.169444,29.233889,26-04-2011,78.1,58.0,2.9000000000000004,13.6,20.23,4.18,64.6
-26.98472222,26.63227778,26-04-2011,84.200005,76.5,3.8000000000000003,7.3,22.51,7.04,76.0
-27.398611,26.614722,26-04-2011,83.0,92.2,4.6000000000000005,7.5,22.769999,7.04,83.0
-27.495556,26.074722,26-04-2011,82.4,106.30000000000001,5.300000000000001,19.0,22.58,6.68,82.4
-34.065833,20.404167,27-04-2011,68.3,24.8,1.2000000000000002,1.6,24.189999,11.219999,23.6
-28.75,30.442778,27-04-2011,78.4,77.4,3.9000000000000004,7.9,25.609999,11.57,74.4
-29.161667,30.629722,27-04-2011,68.4,132.70000000000002,50.300000000000004,70.6,21.17,9.84,68.4
-26.880278,26.965,27-04-2011,83.0,67.3,3.4000000000000004,12.400001,22.06,6.27,72.6
-33.897778,20.012778,28-04-2011,64.1,29.900000000000002,1.5,1.2,23.8,10.42,28.4
-25.99136,27.84208,02-05-2011,84.5,63.0,3.1,31.2,21.789999,6.41,75.4
-29.380556,30.2775,03-05-2011,69.8,90.5,4.5,63.600002,21.99,8.33,69.8
-26.45,28.085833,03-05-2011,80.4,64.3,3.2,16.2,21.09,5.21,68.700005
-27.902778,24.615556,03-05-2011,90.6,71.60000000000001,3.6,0.3,24.609999,8.0,68.1
-25.45963889,28.26430556,03-05-2011,89.6,37.9,1.9000000000000001,18.0,25.07,7.8999996,50.5
-25.57877778,29.12747222,03-05-2011,90.200005,39.5,2.0,18.5,24.91,6.99,68.9
-25.81048333,27.90955222,04-05-2011,87.200005,64.7,3.2,32.8,23.15,7.39,77.700005
-26.006389,29.253889,04-05-2011,84.700005,33.1,1.7000000000000002,21.5,22.43,5.5699997,64.3
-28.404444,30.013056,04-05-2011,82.700005,73.2,3.7,7.5,23.609999,7.8999996,71.1
-27.802778,28.768333,04-05-2011,74.1,105.80000000000001,15.200000000000001,31.300001,19.71,3.82,74.1
-27.356667,27.286389,04-05-2011,79.0,71.2,3.6,10.3,21.4,5.87,71.8
-27.937778,31.209444,05-05-2011,77.5,22.3,1.1,3.9,24.84,12.28,21.4
-27.5275,30.858056,05-05-2011,76.1,39.1,2.0,32.3,23.3,9.2699995,57.100002
-27.3,28.586944,05-05-2011,77.4,89.60000000000001,4.5,34.0,20.539999,3.6499999,77.4
-27.398611,26.614722,05-05-2011,83.0,92.2,4.6000000000000005,7.5,22.769999,7.04,83.0
-27.00222,28.76528,06-05-2011,78.8,78.2,3.9000000000000004,27.7,20.609999,3.77,76.4
-27.02314,28.59389,06-05-2011,80.200005,80.4,4.0,20.5,21.24,4.33,77.700005
-26.648056,27.089444,06-05-2011,83.5,63.300000000000004,3.2,12.2,21.92,5.92,70.5
-26.970278,27.211111,06-05-2011,82.1,66.7,3.3000000000000003,14.900001,21.859999,6.14,72.5
-28.760833,17.730278,08-05-2011,108.700005,2.5,0.1,0.0,29.46,15.759999,2.4
-29.7775,29.470833,09-05-2011,68.5,81.9,12.700000000000001,42.9,20.42,5.62,68.5
-29.744167,29.905833,09-05-2011,71.8,60.6,3.0,33.8,22.58,8.09,63.100002
-26.861111,28.884722,09-05-2011,79.0,70.10000000000001,3.5,23.9,20.56,3.9499998,71.9
-26.970278,27.211111,09-05-2011,82.1,66.7,3.3000000000000003,14.900001,21.859999,6.14,72.5
-31.104278,29.399722,09-05-2011,75.1,107.9,5.4,41.0,23.08,11.94,75.1
-25.127778,27.628889,10-05-2011,90.700005,49.400000000000006,2.5,17.1,25.3,7.9199996,53.7
-25.20639,27.558,10-05-2011,90.5,51.0,2.5,21.0,25.21,7.96,61.100002
-24.69514,27.40906,10-05-2011,91.1,42.6,2.1,17.9,25.09,8.01,46.2
-24.058889,31.237222,10-05-2011,83.8,27.200000000000003,1.4000000000000001,1.5,28.75,13.429999,25.800001
-24.034167,31.123611,10-05-2011,84.0,29.8,1.5,1.4,28.359999,13.33,28.4
-28.747778,31.745833,10-05-2011,73.5,90.9,4.5,27.4,25.56,15.339999,73.5
-30.733889,29.828333,10-05-2011,71.8,100.7,5.0,41.2,22.869999,11.41,71.8
-26.98472222,26.63227778,10-05-2011,84.200005,76.5,3.8000000000000003,7.3,22.51,7.04,76.0
-27.398611,26.614722,10-05-2011,83.0,92.2,4.6000000000000005,7.5,22.769999,7.04,83.0
-29.160278,26.573333,10-05-2011,72.6,90.2,4.5,18.6,20.619999,5.24,72.6
-31.396,29.2651,10-05-2011,81.8,107.7,5.4,31.1,24.68,14.469999,81.8
-33.501667,21.624167,10-05-2011,77.0,16.3,0.8,0.1,23.18,8.76,15.5
-32.502778,19.535833,10-05-2011,80.3,24.0,1.2000000000000002,0.6,24.56,9.73,22.800001
-31.5653,18.3306,10-05-2011,90.5,19.6,1.0,0.3,25.689999,12.36,18.6
-27.495556,26.074722,10-05-2011,82.4,106.30000000000001,5.300000000000001,19.0,22.58,6.68,82.4
-24.183889,30.823889,11-05-2011,88.200005,27.5,1.4000000000000001,17.0,28.81,13.15,30.9
-28.801278,31.955389,11-05-2011,75.1,138.8,33.300000000000004,67.8,25.67,16.06,75.1
-30.398056,30.601944,11-05-2011,81.700005,140.8,7.0,81.0,25.22,16.68,81.700005
-30.27402,30.69602,11-05-2011,80.8,153.9,27.1,80.3,24.91,16.24,80.8
-27.00222,28.76528,11-05-2011,78.8,78.2,3.9000000000000004,27.7,20.609999,3.77,76.4
-27.02314,28.59389,11-05-2011,80.200005,80.4,4.0,20.5,21.24,4.33,77.700005
-27.273889,28.49,11-05-2011,77.9,90.30000000000001,4.5,37.0,20.58,3.6999998,77.9
-27.4275,28.525833,11-05-2011,76.6,98.60000000000001,9.8,36.100002,20.279999,3.57,76.6
-27.044444,27.005,11-05-2011,82.4,74.60000000000001,3.7,13.0,21.949999,6.25,75.6
-22.225556,29.990556,24-11-2014,151.40001,115.0,5.800000000000001,0.2,33.01,21.64,109.3
-30.568333,29.422778,11-05-2011,66.700005,82.0,4.1000000000000005,26.6,20.4,6.5499997,66.700005
-30.570833,29.150556,11-05-2011,67.1,83.0,4.1000000000000005,21.6,19.98,6.5699997,67.1
-32.595833,19.009444,11-05-2011,73.200005,31.1,1.6,2.3,24.769999,10.88,29.7
-29.140556,31.391944,12-05-2011,74.200005,71.60000000000001,3.6,9.6,25.21,15.309999,68.9
-29.641944,30.6875,12-05-2011,74.0,145.5,40.5,84.200005,25.019999,13.639999,74.0
-24.679167,30.8025,12-05-2011,78.200005,42.2,2.1,101.700005,22.67,8.29,64.200005
-30.830556,26.921389,12-05-2011,69.6,83.0,4.1000000000000005,9.7,19.84,5.99,69.6
-30.13573889,30.67422222,12-05-2011,78.200005,155.70000000000002,34.4,80.1,25.269999,16.1,78.200005
-26.73806,27.59194,12-05-2011,81.0,66.4,3.3000000000000003,23.7,21.08,5.42,73.4
-31.000833,26.353056,12-05-2011,70.4,89.10000000000001,4.5,14.5,19.32,4.91,70.4
-22.225556,29.990556,30-07-2015,116.200005,0.0,0.0,0.2,30.029999,11.389999,0.0
-22.225556,29.990556,03-08-2015,116.200005,0.0,0.0,0.2,30.029999,11.389999,0.0
-30.679722,26.7125,12-05-2011,72.5,83.2,4.2,6.9,20.23,5.87,72.5
-31.031389,28.883333,12-05-2011,73.1,74.2,3.7,10.900001,22.43,9.66,71.0
-30.86013889,29.07125,12-05-2011,71.0,79.5,4.0,15.2,22.519999,9.79,71.0
-30.77586667,29.03221667,12-05-2011,71.3,85.80000000000001,4.3,20.4,22.25,9.45,71.3
-24.925278,29.324444,13-05-2011,91.6,31.1,1.6,15.3,26.74,8.429999,54.0
-29.658056,25.973333,13-05-2011,74.3,92.30000000000001,4.6000000000000005,13.5,20.369999,5.71,74.3
-30.534167,24.961944,13-05-2011,78.6,70.5,3.5,0.0,21.0,6.85,67.0
-29.803611,30.516111,13-05-2011,72.6,118.2,9.3,83.8,23.56,11.29,72.6
-25.447222,30.711667,13-05-2011,86.700005,38.6,1.9000000000000001,61.9,25.269999,10.33,56.2
-25.99136,27.84208,16-05-2011,84.5,63.0,3.1,31.2,21.789999,6.41,75.4
-25.513889,31.224444,16-05-2011,82.8,42.7,2.1,71.200005,25.539999,11.719999,62.8
-26.861111,28.884722,16-05-2011,79.0,70.10000000000001,3.5,23.9,20.56,3.9499998,71.9
-26.970278,27.211111,16-05-2011,82.1,66.7,3.3000000000000003,14.900001,21.859999,6.14,72.5
-34.031944,22.053333,16-05-2011,74.1,20.6,1.0,1.1,23.49,12.4,19.6
-34.039722,22.133333,16-05-2011,75.200005,20.8,1.0,1.9,23.58,12.809999,19.9
-33.38056,19.30167,16-05-2011,61.2,48.0,2.4000000000000004,3.6000001,21.18,8.91,45.9
-33.31388889,19.07472222,16-05-2011,61.2,51.1,2.6,4.8,23.72,11.599999,48.9
-27.01011111,26.69808333,17-05-2011,75.8,33.800000000000004,1.7000000000000002,4.1,19.08,0.76,32.9
-25.436111,31.982222,17-05-2011,74.200005,9.9,0.5,29.2,27.5,9.69,18.6
-25.681111,31.783333,17-05-2011,78.0,9.700000000000001,0.5,22.4,26.9,9.91,14.400001
-25.67386,31.57527,17-05-2011,74.5,11.3,0.6000000000000001,26.5,26.529999,9.3,19.0
-26.98472222,26.63227778,17-05-2011,76.200005,33.9,1.7000000000000002,5.7000003,19.199999,0.85999995,33.9
-27.398611,26.614722,17-05-2011,74.700005,43.7,2.2,5.7000003,19.289999,0.53,43.2
-25.45963889,28.26430556,17-05-2011,82.700005,13.700000000000001,0.7000000000000001,13.0,22.55,2.56,18.0
-28.338333,31.373611,17-05-2011,66.6,39.7,2.0,4.2000003,22.58,8.86,38.100002
-28.068333,31.55,17-05-2011,65.700005,38.5,1.9000000000000001,3.0,23.81,9.57,36.8
-25.81048333,27.90955222,18-05-2011,78.9,17.5,0.9,16.800001,20.449999,1.77,32.600002
-24.768889,31.39,18-05-2011,74.0,10.100000000000001,0.5,29.4,25.75,8.58,22.1
-26.880278,26.965,18-05-2011,76.9,26.400000000000002,1.3,8.6,19.13,0.39999998,28.800001
-28.801278,31.955389,19-05-2011,66.700005,41.6,2.1,50.600002,23.64,11.139999,56.7
-27.169444,29.233889,19-05-2011,67.5,21.700000000000003,1.1,10.0,16.89,-2.2,24.300001
-25.447222,30.711667,19-05-2011,81.0,10.8,0.5,42.5,23.4,5.93,29.7
-22.548889,28.898056,20-05-2011,86.4,2.0,0.1,0.2,26.06,5.74,1.9
-22.43772222,31.07805556,20-05-2011,83.8,1.5,0.1,0.5,28.38,10.17,1.4
-27.902778,24.615556,20-05-2011,71.700005,24.200000000000003,1.2000000000000002,0.3,20.199999,1.06,23.0
-28.760833,17.730278,22-05-2011,87.8,6.300000000000001,0.30000000000000004,0.0,22.92,9.059999,5.9
-25.49037,30.6986,23-05-2011,81.1,11.0,0.6000000000000001,50.3,23.029999,5.65,35.600002
-28.75,30.442778,23-05-2011,69.9,20.8,1.0,6.6,22.82,5.91,21.0
-26.73806,27.59194,23-05-2011,75.0,22.6,1.1,13.1,18.08,-0.32,32.100002
-26.45,28.085833,23-05-2011,77.700005,23.8,1.2000000000000002,11.5,18.34,-0.55,27.2
-27.356667,27.286389,23-05-2011,74.5,29.5,1.5,7.5,18.34,-0.25,30.9
-22.935,28.004167,24-05-2011,87.0,3.2,0.2,0.3,25.68,5.89,3.1000001
-33.980556,21.653333,24-05-2011,56.9,98.30000000000001,10.9,31.6,20.3,6.91,56.9
-25.127778,27.628889,24-05-2011,80.0,22.900000000000002,1.1,13.400001,22.609999,2.3,25.4
-25.20639,27.558,24-05-2011,80.200005,27.700000000000003,1.4000000000000001,15.6,22.449999,2.34,31.7
-24.69514,27.40906,24-05-2011,79.6,29.5,1.5,14.6,22.64,2.73,31.4
-27.363611,31.783333,24-05-2011,69.8,20.0,1.0,24.2,25.33,9.32,26.1
-27.169444,29.233889,24-05-2011,67.5,21.700000000000003,1.1,10.0,16.89,-2.2,24.300001
-27.802778,28.768333,24-05-2011,66.1,31.3,1.6,11.5,16.289999,-2.6499999,49.600002
-28.141944,26.417778,24-05-2011,68.5,27.3,1.4000000000000001,8.5,17.56,-1.06,35.0
-28.116667,26.725278,24-05-2011,70.3,27.5,1.4000000000000001,8.5,17.75,-0.29999998,35.9
-27.398611,26.614722,24-05-2011,74.700005,43.7,2.2,5.7000003,19.289999,0.53,43.2
-27.671111,27.236944,24-05-2011,75.6,31.700000000000003,1.6,6.8,18.59,0.03,32.8
-28.69485,28.23487,24-05-2011,63.4,42.800000000000004,2.1,13.0,15.45,-1.5999999,55.100002
-34.092222,21.295278,24-05-2011,55.0,105.80000000000001,18.2,34.8,20.09,6.17,55.0
-27.495556,26.074722,24-05-2011,69.5,39.5,2.0,9.400001,18.21,-0.84,47.100002
-34.065833,20.404167,25-05-2011,51.600002,86.10000000000001,4.3,31.800001,19.89,6.95,51.600002
-23.23572222,27.717,25-05-2011,84.0,4.3,0.2,0.5,25.26,4.5499997,4.1
-28.75,30.442778,25-05-2011,69.9,20.8,1.0,6.6,22.82,5.91,21.0
-29.161667,30.629722,25-05-2011,60.9,24.900000000000002,1.2000000000000002,47.100002,18.279999,4.45,47.2
-26.648056,27.089444,25-05-2011,77.0,25.200000000000003,1.3,8.8,19.01,0.12,27.4
-27.273889,28.49,25-05-2011,69.4,35.1,1.8,15.8,17.33,-2.83,54.7
-27.4275,28.525833,25-05-2011,68.200005,32.0,1.6,13.3,17.039999,-2.8899999,53.2
-27.3,28.586944,25-05-2011,68.4,31.1,1.6,14.5,17.199999,-2.86,49.0
-27.398611,26.614722,25-05-2011,74.700005,43.7,2.2,5.7000003,19.289999,0.53,43.2
-27.044444,27.005,25-05-2011,76.3,31.1,1.6,8.8,18.93,0.35,33.7
-30.679722,26.7125,25-05-2011,59.8,44.900000000000006,2.2,5.1,15.74,-0.61,44.4
-34.250556,20.9925,25-05-2011,54.8,108.7,5.4,51.8,19.93,7.21,54.8
-33.818056,19.694722,25-05-2011,54.5,103.80000000000001,12.5,39.5,18.46,6.19,54.5
-34.075556,20.145556,25-05-2011,51.7,85.2,4.3,31.2,19.02,6.69,51.7
-30.398056,30.601944,26-05-2011,78.4,136.1,57.6,81.1,22.82,12.11,78.4
-30.27402,30.69602,26-05-2011,75.6,131.5,55.900000000000006,80.3,22.51,11.559999,75.6
-27.00222,28.76528,26-05-2011,70.0,26.400000000000002,1.3,15.6,17.38,-2.55,37.100002
-27.02314,28.59389,26-05-2011,72.4,27.0,1.3,13.5,17.869999,-2.26,32.600002
-27.671111,27.236944,26-05-2011,75.6,31.700000000000003,1.6,6.8,18.59,0.03,32.8
-27.356667,27.286389,26-05-2011,74.5,29.5,1.5,7.5,18.34,-0.25,30.9
-33.897778,20.012778,26-05-2011,54.8,85.0,4.2,27.2,19.24,6.19,54.8
-27.902778,24.615556,27-05-2011,71.700005,24.200000000000003,1.2000000000000002,0.3,20.199999,1.06,23.0
-22.91028,29.61111,28-05-2011,84.8,2.0,0.1,1.4,25.15,6.74,2.0
-25.99136,27.84208,30-05-2011,77.6,21.1,1.1,16.0,18.96,0.93,35.2
-26.861111,28.884722,30-05-2011,70.8,22.3,1.1,15.2,17.4,-2.28,29.9
-26.970278,27.211111,30-05-2011,76.8,24.8,1.2000000000000002,9.8,18.73,0.14,28.7
-26.45,28.085833,30-05-2011,77.700005,23.8,1.2000000000000002,11.5,18.34,-0.55,27.2
-27.01011111,26.69808333,31-05-2011,75.8,33.800000000000004,1.7000000000000002,4.1,19.08,0.76,32.9
-29.380556,30.2775,31-05-2011,62.8,35.0,1.7000000000000002,47.100002,19.15,2.5,49.8
-27.802778,28.768333,31-05-2011,66.1,31.3,1.6,11.5,16.289999,-2.6499999,49.600002
-26.98472222,26.63227778,31-05-2011,76.200005,33.9,1.7000000000000002,5.7000003,19.199999,0.85999995,33.9
-27.398611,26.614722,31-05-2011,74.700005,43.7,2.2,5.7000003,19.289999,0.53,43.2
-29.160278,26.573333,31-05-2011,64.3,25.5,1.3,8.3,16.65,-1.8199999,34.5
-25.45963889,28.26430556,31-05-2011,82.700005,13.700000000000001,0.7000000000000001,13.0,22.55,2.56,18.0
-25.81048333,27.90955222,01-06-2011,78.9,17.5,0.9,16.800001,20.449999,1.77,32.600002
-28.404444,30.013056,01-06-2011,70.5,26.200000000000003,1.3,6.4,20.52,2.02,26.0
-27.00222,28.76528,01-06-2011,70.0,26.400000000000002,1.3,15.6,17.38,-2.55,37.100002
-27.02314,28.59389,01-06-2011,72.4,27.0,1.3,13.5,17.869999,-2.26,32.600002
-26.648056,27.089444,01-06-2011,77.0,25.200000000000003,1.3,8.8,19.01,0.12,27.4
-27.3,28.586944,01-06-2011,68.4,31.1,1.6,14.5,17.199999,-2.86,49.0
-27.044444,27.005,01-06-2011,76.3,31.1,1.6,8.8,18.93,0.35,33.7
-28.058889,30.373611,01-06-2011,70.6,31.900000000000002,1.6,8.5,19.689999,2.25,32.100002
-27.937778,31.209444,02-06-2011,68.1,37.2,1.9000000000000001,3.8,22.08,7.3399997,35.5
-27.5275,30.858056,02-06-2011,71.700005,28.0,1.4000000000000001,20.7,20.52,4.11,38.2
-30.568333,29.422778,04-06-2011,64.1,93.10000000000001,4.7,50.9,16.97,0.55,64.1
-28.760833,17.730278,05-06-2011,87.8,6.300000000000001,0.30000000000000004,0.0,22.92,9.059999,5.9
-29.7775,29.470833,06-06-2011,61.3,63.5,3.2,42.3,16.23,-1.5,60.9
-29.987778,29.851667,06-06-2011,63.4,76.3,3.8000000000000003,54.8,19.26,2.3999999,63.4
-29.744167,29.905833,06-06-2011,63.600002,64.0,3.2,32.9,19.74,2.49,61.8
-26.73806,27.59194,06-06-2011,75.0,22.6,1.1,13.1,18.08,-0.32,32.100002
-31.104278,29.399722,06-06-2011,72.4,135.70000000000002,47.1,57.2,19.49,6.54,72.4
-31.396,29.2651,06-06-2011,80.9,134.4,35.0,49.600002,21.43,9.55,80.9
-31.554722,29.245556,06-06-2011,90.4,137.70000000000002,21.900000000000002,50.5,21.82,10.07,90.4
-25.57877778,29.12747222,06-06-2011,85.6,13.8,0.7000000000000001,12.8,22.82,1.93,18.800001
-25.127778,27.628889,07-06-2011,80.0,22.900000000000002,1.1,13.400001,22.609999,2.3,25.4
-25.20639,27.558,07-06-2011,80.200005,27.700000000000003,1.4000000000000001,15.6,22.449999,2.34,31.7
-24.69514,27.40906,07-06-2011,79.6,29.5,1.5,14.6,22.64,2.73,31.4
-23.658056,31.05,07-06-2011,76.6,2.2,0.1,1.3000001,26.65,8.9,2.1000001
-26.006389,29.253889,07-06-2011,84.1,17.400000000000002,0.9,14.7,20.109999,0.48999998,23.4
-28.747778,31.745833,07-06-2011,65.5,45.400000000000006,2.3000000000000003,19.5,23.64,10.51,51.0
-30.733889,29.828333,07-06-2011,69.1,128.0,30.6,69.4,19.27,6.02,69.1
-27.169444,29.233889,07-06-2011,67.5,21.700000000000003,1.1,10.0,16.89,-2.2,24.300001
-27.398611,26.614722,07-06-2011,74.700005,43.7,2.2,5.7000003,19.289999,0.53,43.2
-30.86013889,29.07125,07-06-2011,69.200005,96.80000000000001,4.800000000000001,37.9,19.0,4.37,69.200005
-30.570833,29.150556,07-06-2011,63.2,78.2,3.9000000000000004,32.600002,15.92,0.39999998,63.2
-30.77586667,29.03221667,07-06-2011,68.6,91.10000000000001,4.6000000000000005,38.3,18.779999,4.12,68.6
-27.495556,26.074722,07-06-2011,69.5,39.5,2.0,9.400001,18.21,-0.84,47.100002
-30.830556,26.921389,08-06-2011,57.0,54.1,2.7,8.0,14.589999,-0.94,53.100002
-22.769722,30.886944,08-06-2011,79.5,2.2,0.1,8.400001,26.51,10.219999,2.9
-30.398056,30.601944,08-06-2011,78.4,136.1,57.6,81.1,22.82,12.11,78.4
-30.27402,30.69602,08-06-2011,75.6,131.5,55.900000000000006,80.3,22.51,11.559999,75.6
-27.02314,28.59389,08-06-2011,72.4,27.0,1.3,13.5,17.869999,-2.26,32.600002
-26.880278,26.965,08-06-2011,76.9,26.400000000000002,1.3,8.6,19.13,0.39999998,28.800001
-29.140556,31.391944,09-06-2011,66.0,30.8,1.5,8.400001,22.99,10.48,30.5
-24.925278,29.324444,09-06-2011,83.8,6.300000000000001,0.30000000000000004,10.6,24.519999,3.26,10.7
-27.902778,24.615556,10-06-2011,71.700005,24.200000000000003,1.2000000000000002,0.3,20.199999,1.06,23.0
-29.803611,30.516111,10-06-2011,64.200005,55.6,2.8000000000000003,76.6,20.539999,5.2,60.0
-31.5653,18.3306,12-06-2011,68.700005,49.7,2.5,0.3,20.26,8.25,47.2
-25.99136,27.84208,13-06-2011,77.6,21.1,1.1,16.0,18.96,0.93,35.2
-27.671111,27.236944,13-06-2011,75.6,31.700000000000003,1.6,6.8,18.59,0.03,32.8
-27.356667,27.286389,13-06-2011,74.5,29.5,1.5,7.5,18.34,-0.25,30.9
-31.860278,18.6875,14-06-2011,68.5,63.0,3.1,0.90000004,19.73,7.22,59.8
-24.679167,30.8025,14-06-2011,71.8,18.900000000000002,0.9,71.9,20.73,4.0899997,47.8
-28.735556,29.820556,14-06-2011,68.8,20.700000000000003,1.0,6.2000003,20.88,1.79,20.800001
-26.861111,28.884722,14-06-2011,70.8,22.3,1.1,15.2,17.4,-2.28,29.9
-27.00222,28.76528,14-06-2011,70.0,26.400000000000002,1.3,15.6,17.38,-2.55,37.100002
-26.45,28.085833,14-06-2011,77.700005,23.8,1.2000000000000002,11.5,18.34,-0.55,27.2
-27.398611,26.614722,14-06-2011,74.700005,43.7,2.2,5.7000003,19.289999,0.53,43.2
-34.031944,22.053333,14-06-2011,63.100002,112.2,5.6000000000000005,44.600002,20.31,8.66,63.100002
-25.45963889,28.26430556,14-06-2011,82.700005,13.700000000000001,0.7000000000000001,13.0,22.55,2.56,18.0
-28.338333,31.373611,14-06-2011,66.6,39.7,2.0,4.2000003,22.58,8.86,38.100002
-28.068333,31.55,14-06-2011,65.700005,38.5,1.9000000000000001,3.0,23.81,9.57,36.8
-25.81048333,27.90955222,15-06-2011,78.9,17.5,0.9,16.800001,20.449999,1.77,32.600002
-30.830556,26.921389,15-06-2011,57.0,54.1,2.7,8.0,14.589999,-0.94,53.100002
-24.058889,31.237222,15-06-2011,76.8,3.5,0.2,1.5,26.849998,9.16,3.3
-24.034167,31.123611,15-06-2011,76.5,4.2,0.2,1.3000001,26.449999,9.16,4.0
-27.3,28.586944,15-06-2011,68.4,31.1,1.6,14.5,17.199999,-2.86,49.0
-33.501667,21.624167,15-06-2011,63.5,63.5,3.2,0.1,18.369999,4.38,60.3
-27.602222,29.942778,16-06-2011,75.700005,2.4000000000000004,0.1,6.7000003,20.119999,1.39,3.3
-30.679722,26.7125,16-06-2011,53.7,22.900000000000002,1.1,4.1,15.44,-1.3299999,22.800001
-28.760833,17.730278,19-06-2011,104.0,3.3000000000000003,0.2,0.0,22.66,8.74,3.1000001
-27.602222,29.942778,20-06-2011,75.700005,2.4000000000000004,0.1,6.7000003,20.119999,1.39,3.3
-28.883333,27.89,20-06-2011,57.8,6.4,0.30000000000000004,8.7,14.679999,-2.73,11.400001
-25.436111,31.982222,21-06-2011,82.3,5.5,0.30000000000000004,23.7,26.76,9.41,10.8
-25.127778,27.628889,21-06-2011,85.1,1.3,0.1,11.1,21.81,1.8299999,3.5
-25.20639,27.558,21-06-2011,84.1,1.3,0.1,12.5,21.539999,1.76,4.3
-24.69514,27.40906,21-06-2011,83.9,1.7000000000000002,0.1,12.3,21.25,2.1699998,3.9
-25.681111,31.783333,21-06-2011,85.6,4.800000000000001,0.2,18.9,26.41,9.639999,8.1
-26.970278,27.211111,21-06-2011,75.0,1.6,0.1,7.5,18.07,-0.51,3.9
-26.73806,27.59194,21-06-2011,72.8,1.5,0.1,9.400001,17.449999,-0.98999995,5.1
-34.039722,22.133333,21-06-2011,61.100002,70.0,8.9,46.9,20.06,8.139999,61.100002
-33.38056,19.30167,21-06-2011,46.3,34.300000000000004,1.7000000000000002,39.5,16.56,3.6299999,40.7
-33.31388889,19.07472222,21-06-2011,45.5,33.9,1.7000000000000002,43.7,19.109999,6.0299997,39.2
-27.356667,27.286389,21-06-2011,73.6,2.4000000000000004,0.1,5.9,17.72,-0.74,3.8
-29.161667,23.696389,22-06-2011,67.4,0.6000000000000001,0.0,0.1,18.449999,0.04,0.6
-27.01011111,26.69808333,22-06-2011,75.700005,1.4000000000000001,0.1,3.5,18.449999,0.26999998,1.9
-25.14944444,31.94055556,22-06-2011,83.1,5.800000000000001,0.30000000000000004,15.7,26.56,9.389999,7.9
-24.9675,31.516667,22-06-2011,73.3,6.800000000000001,0.30000000000000004,18.5,23.779999,7.0499997,10.2
-28.75,30.442778,22-06-2011,65.1,4.5,0.2,5.7000003,22.0,5.54,5.2000003
-29.161667,30.629722,22-06-2011,64.1,13.200000000000001,0.7000000000000001,24.2,17.27,4.27,35.5
-27.169444,29.233889,22-06-2011,65.6,2.6,0.1,7.9,16.35,-2.62,4.5
-27.02314,28.59389,22-06-2011,72.8,2.9000000000000004,0.1,10.3,17.51,-2.82,6.0
-26.98472222,26.63227778,22-06-2011,75.8,1.4000000000000001,0.1,4.7000003,18.279999,0.19999999,2.3
-27.398611,26.614722,22-06-2011,76.200005,2.8000000000000003,0.1,4.7000003,18.96,0.19999999,3.7
-29.042222,24.6,22-06-2011,69.700005,1.4000000000000001,0.1,0.1,18.6,-0.39,1.3000001
-34.092222,21.295278,22-06-2011,46.600002,62.1,15.5,34.8,19.47,5.06,46.600002
-27.495556,26.074722,22-06-2011,72.9,2.4000000000000004,0.1,6.6,16.93,-1.99,5.0
-30.27402,30.69602,23-06-2011,75.8,119.5,43.7,80.3,21.199999,10.88,75.8
-26.648056,27.089444,23-06-2011,75.9,1.1,0.1,6.9,18.359999,-0.45,2.9
-26.880278,26.965,23-06-2011,75.0,1.6,0.1,6.7000003,18.56,-0.02,3.5
-27.044444,27.005,23-06-2011,74.4,1.7000000000000002,0.1,6.8,18.41,-0.07,3.7
-28.376944,24.303056,23-06-2011,71.3,0.8,0.0,0.3,19.47,0.24,0.8
-29.028629,24.638389,23-06-2011,70.5,1.4000000000000001,0.1,0.1,18.72,-0.26999998,1.3000001
-28.69485,28.23487,23-06-2011,61.5,6.0,0.30000000000000004,8.1,15.099999,-1.8499999,10.6
-25.398889,31.610556,24-06-2011,81.5,5.7,0.30000000000000004,21.0,26.06,8.28,10.0
-27.573056,24.746389,24-06-2011,73.200005,0.8,0.0,0.4,18.97,0.04,0.7
-27.902778,24.615556,24-06-2011,73.6,1.0,0.0,0.3,19.57,0.76,0.90000004
-26.861111,28.884722,27-06-2011,72.200005,2.9000000000000004,0.1,11.400001,17.05,-2.72,6.5
-27.02314,28.59389,27-06-2011,72.8,2.9000000000000004,0.1,10.3,17.51,-2.82,6.0
-26.45,28.085833,27-06-2011,74.700005,1.2000000000000002,0.1,9.0,17.99,-0.95,3.6000001
-31.396,29.2651,27-06-2011,71.5,133.6,62.1,49.600002,20.38,8.88,71.5
-24.670833,28.560833,28-06-2011,82.1,1.3,0.1,13.1,21.5,1.9699999,4.8
-29.380556,30.2775,28-06-2011,63.4,13.5,0.7000000000000001,25.6,18.51,2.4099998,34.2
-31.104278,29.399722,28-06-2011,65.0,106.80000000000001,41.800000000000004,57.2,18.619999,5.8599997,65.0
-33.818056,19.694722,28-06-2011,48.9,45.900000000000006,2.3000000000000003,36.2,18.64,5.08,46.9
-29.161667,23.696389,29-06-2011,67.4,0.6000000000000001,0.0,0.1,18.449999,0.04,0.6
-25.81048333,27.90955222,29-06-2011,80.0,0.4,0.0,11.900001,20.06,1.39,5.3
-24.282222,28.090278,29-06-2011,82.9,3.0,0.1,13.3,21.869999,0.72999996,6.5
-23.23572222,27.717,29-06-2011,90.200005,2.2,0.1,0.5,24.34,3.56,2.1000001
-26.03611,30.99778,29-06-2011,78.3,5.6000000000000005,0.30000000000000004,39.9,20.82,5.44,27.7
-27.937778,31.209444,29-06-2011,69.5,0.1,0.0,3.6000001,21.539999,7.21,0.3
-28.404444,30.013056,29-06-2011,64.3,4.0,0.2,5.6,19.97,1.73,4.7000003
-27.02314,28.59389,29-06-2011,72.8,2.9000000000000004,0.1,10.3,17.51,-2.82,6.0
-28.141944,26.417778,29-06-2011,66.5,4.800000000000001,0.2,6.0,16.85,-1.8499999,7.0
-28.1175,26.719444,29-06-2011,69.5,4.1000000000000005,0.2,6.0,17.21,-0.88,6.5
-29.033333,23.983333,29-06-2011,68.5,0.8,0.0,0.2,18.52,-0.34,0.8
-30.568333,29.422778,29-06-2011,60.2,53.900000000000006,2.7,46.0,16.27,0.16,56.2
-25.447222,30.711667,29-06-2011,82.8,5.0,0.30000000000000004,32.8,22.109999,5.08,14.5
-27.01011111,26.69808333,30-06-2011,75.700005,1.4000000000000001,0.1,3.5,18.449999,0.26999998,1.9
-22.935,28.004167,30-06-2011,91.4,1.4000000000000001,0.1,0.3,24.63,4.74,1.3000001
-22.91028,29.61111,30-06-2011,85.0,2.1,0.1,1.4,24.17,6.0899997,2.1000001
-27.5275,30.858056,30-06-2011,68.8,1.1,0.1,15.6,19.9,3.79,6.2000003
-26.648056,27.089444,30-06-2011,75.9,1.1,0.1,6.9,18.359999,-0.45,2.9
-26.970278,27.211111,30-06-2011,75.0,1.6,0.1,7.5,18.07,-0.51,3.9
-26.880278,26.965,30-06-2011,75.0,1.6,0.1,6.7000003,18.56,-0.02,3.5
-27.38972222,26.46388889,30-06-2011,75.0,2.8000000000000003,0.1,5.3,18.77,-0.26999998,4.1
-26.98472222,26.63227778,30-06-2011,75.8,1.4000000000000001,0.1,4.7000003,18.279999,0.19999999,2.3
-34.065833,20.404167,10-01-2012,194.90001,7.800000000000001,0.4,5.4,32.43,18.84,8.3
-34.065833,20.404167,01-02-2012,157.3,14.0,0.7000000000000001,4.8,30.689999,17.91,13.900001
-34.065833,20.404167,29-02-2012,134.2,28.6,1.4000000000000001,4.3,29.55,17.33,27.7
-27.398611,26.614722,30-06-2011,76.200005,2.8000000000000003,0.1,4.7000003,18.96,0.19999999,3.7
-31.031389,28.883333,30-06-2011,62.0,63.7,3.2,24.0,18.21,3.7099998,61.0
-30.86013889,29.07125,30-06-2011,61.600002,62.0,3.1,36.5,18.31,3.8799999,60.3
-30.77586667,29.03221667,30-06-2011,61.2,59.7,3.0,35.9,18.14,3.6899998,59.2
-27.356667,27.286389,30-06-2011,73.6,2.4000000000000004,0.1,5.9,17.72,-0.74,3.8
-33.897778,20.012778,30-06-2011,43.600002,41.6,2.1,25.0,19.289999,5.22,41.7
-22.43772222,31.07805556,02-07-2011,87.5,1.5,0.1,0.5,27.23,9.45,1.4
-28.760833,17.730278,03-07-2011,104.0,3.3000000000000003,0.2,0.0,22.66,8.74,3.1000001
-29.7775,29.470833,04-07-2011,58.600002,26.6,1.3,21.4,15.58,-2.3799999,46.2
-29.987778,29.851667,04-07-2011,63.9,38.5,1.9000000000000001,41.8,18.42,2.1299999,49.7
-29.744167,29.905833,04-07-2011,65.6,28.700000000000003,1.4000000000000001,21.7,19.119999,2.29,38.4
-26.73806,27.59194,04-07-2011,72.8,1.5,0.1,9.400001,17.449999,-0.98999995,5.1
-30.830556,26.921389,05-07-2011,51.600002,28.1,1.4000000000000001,5.9,14.13,-1.91,28.800001
-25.127778,27.628889,05-07-2011,85.1,1.3,0.1,11.1,21.81,1.8299999,3.5
-25.20639,27.558,05-07-2011,84.1,1.3,0.1,12.5,21.539999,1.76,4.3
-24.69514,27.40906,05-07-2011,83.9,1.7000000000000002,0.1,12.3,21.25,2.1699998,3.9
-23.658056,31.05,05-07-2011,79.3,4.4,0.2,1.3000001,25.5,8.53,4.2000003
-30.733889,29.828333,05-07-2011,64.700005,76.3,11.600000000000001,69.4,18.67,5.42,64.700005
-27.169444,29.233889,05-07-2011,65.6,2.6,0.1,7.9,16.35,-2.62,4.5
-34.065833,20.404167,21-01-2014,159.8,8.9,0.4,3.0,31.679998,19.359999,8.6
-34.065833,20.404167,11-02-2014,159.8,8.9,0.4,3.0,31.679998,19.359999,8.6
-34.065833,20.404167,11-03-2014,132.5,37.1,1.9000000000000001,2.8,28.01,16.14,35.4
-27.671111,27.236944,05-07-2011,78.3,2.7,0.1,5.4,18.16,-0.39999998,4.0
-28.69485,28.23487,05-07-2011,61.5,6.0,0.30000000000000004,8.1,15.099999,-1.8499999,10.6
-28.883333,27.89,05-07-2011,57.8,6.4,0.30000000000000004,8.7,14.679999,-2.73,11.400001
-29.161667,23.696389,06-07-2011,67.4,0.6000000000000001,0.0,0.1,18.449999,0.04,0.6
-30.27402,30.69602,06-07-2011,75.8,119.5,43.7,80.3,21.199999,10.88,75.8
-27.00222,28.76528,06-07-2011,70.0,2.9000000000000004,0.1,11.3,17.08,-3.06,7.1
-27.02314,28.59389,06-07-2011,72.8,2.9000000000000004,0.1,10.3,17.51,-2.82,6.0
-27.398611,26.614722,06-07-2011,76.200005,2.8000000000000003,0.1,4.7000003,18.96,0.19999999,3.7
-34.065833,20.404167,24-02-2015,141.8,4.0,0.2,1.6,30.26,17.1,3.9
-27.044444,27.005,06-07-2011,74.4,1.7000000000000002,0.1,6.8,18.41,-0.07,3.7
-34.405833,19.600556,06-07-2011,46.5,51.7,5.2,55.8,16.94,7.0,46.5
-27.495556,26.074722,06-07-2011,72.9,2.4000000000000004,0.1,6.6,16.93,-1.99,5.0
-28.376944,24.303056,07-07-2011,71.3,0.8,0.0,0.3,19.47,0.24,0.8
-34.065833,20.404167,27-10-2015,154.0,36.0,1.8,5.1,27.47,14.099999,34.9
-27.573056,24.746389,08-07-2011,73.200005,0.8,0.0,0.4,18.97,0.04,0.7
-27.902778,24.615556,08-07-2011,73.6,1.0,0.0,0.3,19.57,0.76,0.90000004
-28.460833,21.248889,08-07-2011,84.6,0.4,0.0,0.0,20.71,2.6499999,0.4
-29.803611,30.516111,08-07-2011,65.8,31.900000000000002,1.6,55.3,19.789999,5.18,51.600002
-28.96362,19.15486,09-07-2011,92.200005,3.6,0.2,0.0,21.109999,5.3199997,3.4
-25.99136,27.84208,11-07-2011,76.8,0.5,0.0,11.400001,18.66,0.69,5.1
-26.45,28.085833,11-07-2011,74.700005,1.2000000000000002,0.1,9.0,17.99,-0.95,3.6000001
-26.98472222,26.63227778,11-07-2011,75.8,1.4000000000000001,0.1,4.7000003,18.279999,0.19999999,2.3
-29.160278,26.573333,11-07-2011,63.0,7.7,0.4,5.8,16.609999,-2.6,9.900001
-23.281,30.54305556,12-07-2011,80.8,4.9,0.2,9.6,24.3,8.71,5.9
-27.02314,28.59389,12-07-2011,72.8,2.9000000000000004,0.1,10.3,17.51,-2.82,6.0
-26.648056,27.089444,12-07-2011,75.9,1.1,0.1,6.9,18.359999,-0.45,2.9
-26.970278,27.211111,12-07-2011,75.0,1.6,0.1,7.5,18.07,-0.51,3.9
-26.880278,26.965,12-07-2011,75.0,1.6,0.1,6.7000003,18.56,-0.02,3.5
-27.044444,27.005,12-07-2011,74.4,1.7000000000000002,0.1,6.8,18.41,-0.07,3.7
-29.160278,26.573333,12-07-2011,63.0,7.7,0.4,5.8,16.609999,-2.6,9.900001
-30.160091,27.40124,12-07-2011,52.5,16.400000000000002,0.8,9.6,14.12,-1.16,21.9
-28.883333,27.89,12-07-2011,57.8,6.4,0.30000000000000004,8.7,14.679999,-2.73,11.400001
-34.039722,22.133333,12-07-2011,61.100002,70.0,8.9,46.9,20.06,8.139999,61.100002
-32.502778,19.535833,12-07-2011,56.4,15.700000000000001,0.8,1.8000001,18.869999,3.81,15.1
-31.5653,18.3306,12-07-2011,73.9,13.600000000000001,0.7000000000000001,0.3,20.09,7.3599997,12.900001
-34.005833,22.351111,12-07-2011,59.600002,83.2,23.6,51.600002,19.43,8.5199995,59.600002
-25.45963889,28.26430556,12-07-2011,85.1,0.7000000000000001,0.0,10.2,22.0,2.24,3.4
-29.161667,23.696389,13-07-2011,67.4,0.6000000000000001,0.0,0.1,18.449999,0.04,0.6
-25.81048333,27.90955222,13-07-2011,80.0,0.4,0.0,11.900001,20.06,1.39,5.3
-29.641944,30.6875,13-07-2011,68.200005,24.1,1.2000000000000002,35.3,21.59,7.94,45.4
-22.769722,30.886944,13-07-2011,84.8,3.2,0.2,7.7000003,25.5,10.0199995,3.7
-29.033333,23.983333,13-07-2011,68.5,0.8,0.0,0.2,18.52,-0.34,0.8
-34.02861,22.22222,13-07-2011,61.2,75.3,14.100000000000001,48.8,19.81,8.23,61.2
-31.860278,18.6875,14-07-2011,73.0,14.9,0.7000000000000001,0.90000004,19.68,6.5099998,14.1
-27.602222,29.942778,14-07-2011,75.700005,2.4000000000000004,0.1,6.7000003,20.119999,1.39,3.3
-27.3,28.586944,14-07-2011,69.1,2.9000000000000004,0.1,10.1,16.98,-3.51,7.1
-27.573056,24.746389,14-07-2011,73.200005,0.8,0.0,0.4,18.97,0.04,0.7
-29.033333,23.983333,14-07-2011,68.5,0.8,0.0,0.2,18.52,-0.34,0.8
-30.160091,27.40124,14-07-2011,52.5,16.400000000000002,0.8,9.6,14.12,-1.16,21.9
-30.336111,27.359444,14-07-2011,51.7,20.0,1.0,11.400001,13.79,-1.63,31.300001
-34.250556,20.9925,14-07-2011,49.2,63.900000000000006,3.2,63.3,19.41,6.14,49.2
-25.362222,31.956667,15-07-2011,83.0,5.7,0.30000000000000004,21.0,26.92,9.36,9.7
-25.14944444,31.94055556,15-07-2011,83.1,5.800000000000001,0.30000000000000004,15.7,26.56,9.389999,7.9
-29.658056,25.973333,15-07-2011,56.8,7.2,0.4,5.0,14.679999,-2.76,8.900001
-31.000833,26.353056,15-07-2011,51.3,26.900000000000002,1.3,4.6,13.929999,-2.84,27.6
-30.534167,24.961944,15-07-2011,47.8,6.9,0.30000000000000004,0.0,12.66,-3.03,6.6
-28.760833,17.730278,17-07-2011,127.6,4.5,0.2,0.0,25.46,10.38,4.3
-26.861111,28.884722,18-07-2011,96.3,21.0,1.1,9.1,21.01,0.24,22.2
-26.73806,27.59194,18-07-2011,106.3,9.4,0.5,7.4,22.05,2.44,10.900001
-28.69485,28.23487,18-07-2011,88.6,11.600000000000001,0.6000000000000001,6.0,19.109999,0.78999996,13.1
-25.127778,27.628889,19-07-2011,109.200005,16.2,0.8,9.5,25.779999,5.18,17.0
-25.20639,27.558,19-07-2011,109.700005,12.8,0.6000000000000001,10.5,25.529999,4.92,14.2
-24.69514,27.40906,19-07-2011,109.3,14.0,0.7000000000000001,10.7,25.47,5.95,15.0
-27.169444,29.233889,19-07-2011,91.6,27.3,1.4000000000000001,6.6,20.47,0.29,27.2
-33.38056,19.30167,19-07-2011,73.6,62.800000000000004,3.1,32.100002,17.6,4.11,67.0
-33.31388889,19.07472222,19-07-2011,76.1,60.900000000000006,3.0,35.100002,19.98,6.56,66.5
-27.495556,26.074722,19-07-2011,110.700005,2.4000000000000004,0.1,5.2000003,23.1,2.12,3.8
-29.161667,23.696389,20-07-2011,117.5,2.4000000000000004,0.1,0.1,23.41,3.61,2.3
-27.01011111,26.69808333,20-07-2011,111.5,5.6000000000000005,0.30000000000000004,3.1000001,22.67,3.02,5.7000003
-28.75,30.442778,20-07-2011,94.8,23.6,1.2000000000000002,5.0,24.81,7.1099997,23.1
-29.161667,30.629722,20-07-2011,85.5,24.3,1.2000000000000002,17.2,21.02,6.2999997,30.1
-30.534167,24.961944,20-07-2011,95.8,1.6,0.1,0.0,18.6,0.45,1.5
-34.092222,21.295278,20-07-2011,71.9,51.900000000000006,2.6,20.5,20.83,5.67,63.600002
-33.13083,18.86278,20-07-2011,72.3,50.7,2.5,16.0,20.08,7.16,55.4
-31.000833,26.353056,21-07-2011,93.5,5.300000000000001,0.30000000000000004,3.6000001,18.75,0.32999998,6.1
-33.7075,18.97444444,21-07-2011,77.200005,76.60000000000001,3.8000000000000003,64.5,19.779999,6.8799996,75.5
-25.99136,27.84208,25-07-2011,104.0,11.600000000000001,0.6000000000000001,8.900001,22.67,3.82,13.5
-26.861111,28.884722,25-07-2011,96.3,21.0,1.1,9.1,21.01,0.24,22.2
-26.006389,29.253889,26-07-2011,103.1,22.6,1.1,9.3,22.72,2.47,23.6
-29.380556,30.2775,26-07-2011,87.8,18.5,0.9,18.4,21.6,4.47,24.800001
-26.648056,27.089444,26-07-2011,108.200005,10.9,0.5,5.7000003,22.609999,2.6799998,11.5
-26.880278,26.965,26-07-2011,110.1,8.8,0.4,5.5,22.609999,2.6799998,9.5
-26.98472222,26.63227778,26-07-2011,112.200005,5.6000000000000005,0.30000000000000004,4.0,22.869999,3.4199998,6.0
-28.141944,26.417778,26-07-2011,107.6,2.8000000000000003,0.1,4.7000003,22.08,1.56,4.0
-27.044444,27.005,26-07-2011,109.5,8.9,0.4,5.6,22.56,2.52,9.7
-33.501667,21.624167,26-07-2011,88.200005,28.8,1.4000000000000001,0.1,19.99,4.48,27.300001
-25.45963889,28.26430556,26-07-2011,108.8,17.1,0.9,8.5,25.72,4.93,18.0
-29.161667,23.696389,27-07-2011,117.5,2.4000000000000004,0.1,0.1,23.41,3.61,2.3
-25.81048333,27.90955222,27-07-2011,105.3,10.600000000000001,0.5,9.400001,23.93,4.52,12.7
-34.065833,20.404167,27-07-2011,74.4,47.6,2.4000000000000004,16.7,21.039999,6.7999997,59.8
-23.23572222,27.717,27-07-2011,115.9,10.5,0.5,0.5,27.289999,6.48,10.0
-27.4275,28.525833,27-07-2011,94.6,22.700000000000003,1.1,7.1,20.91,-0.44,23.7
-27.935,26.126667,27-07-2011,109.200005,2.8000000000000003,0.1,3.0,22.529999,1.15,3.0
-29.033333,23.983333,27-07-2011,116.5,2.0,0.1,0.2,23.369999,2.9099998,1.9
-34.075556,20.145556,27-07-2011,71.4,51.7,2.6,19.1,20.22,6.42,60.5
-22.91028,29.61111,28-07-2011,108.700005,10.8,0.5,1.3000001,26.06,7.87,10.3
-24.925278,29.324444,28-07-2011,105.4,20.5,1.0,6.7000003,26.789999,5.22,21.0
-26.905,32.324722,28-07-2011,94.1,23.200000000000003,1.2000000000000002,13.8,27.519999,11.5,23.800001
-27.38972222,26.46388889,28-07-2011,113.0,3.9000000000000004,0.2,4.4,23.32,2.33,4.6
-27.398611,26.614722,28-07-2011,113.9,4.4,0.2,4.0,23.43,2.54,4.8
-27.671111,27.236944,28-07-2011,110.0,7.4,0.4,4.4,22.89,2.1299999,8.0
-28.404444,30.013056,29-07-2011,96.1,31.1,1.6,4.9,23.64,4.44,30.2
-28.058889,30.373611,29-07-2011,94.6,40.2,2.0,6.3,22.83,4.52,39.100002
-28.760833,17.730278,31-07-2011,127.6,4.5,0.2,0.0,25.46,10.38,4.3
-29.7775,29.470833,01-08-2011,85.6,4.3,0.2,13.0,19.21,0.37,12.5
-29.987778,29.851667,01-08-2011,89.9,5.6000000000000005,0.30000000000000004,25.4,21.71,3.9499998,21.7
-29.744167,29.905833,01-08-2011,92.0,5.300000000000001,0.30000000000000004,16.5,22.16,3.9499998,10.2
-27.169444,29.233889,01-08-2011,91.6,27.3,1.4000000000000001,6.6,20.47,0.29,27.2
-26.45,28.085833,01-08-2011,101.6,12.100000000000001,0.6000000000000001,7.5,22.23,2.53,13.1
-27.4,26.624722,01-08-2011,113.9,4.4,0.2,4.0,23.43,2.54,4.8
-25.127778,27.628889,02-08-2011,109.200005,16.2,0.8,9.5,25.779999,5.18,17.0
-25.20639,27.558,02-08-2011,109.700005,12.8,0.6000000000000001,10.5,25.529999,4.92,14.2
-24.69514,27.40906,02-08-2011,109.3,14.0,0.7000000000000001,10.7,25.47,5.95,15.0
-30.733889,29.828333,02-08-2011,93.700005,9.600000000000001,0.5,25.5,21.98,7.48,53.0
-27.802778,28.768333,02-08-2011,91.0,21.5,1.1,6.2000003,20.109999,-0.31,22.2
-30.160091,27.40124,02-08-2011,90.200005,3.3000000000000003,0.2,7.0,19.49,2.07,5.7000003
-30.336111,27.359444,02-08-2011,89.9,4.2,0.2,8.0,19.4,1.8299999,7.4
-34.405833,19.600556,02-08-2011,70.4,66.2,3.3000000000000003,51.100002,17.779999,7.24,67.6
-27.01011111,26.69808333,03-08-2011,111.5,5.6000000000000005,0.30000000000000004,3.1000001,22.67,3.02,5.7000003
-30.830556,26.921389,03-08-2011,91.200005,5.1000000000000005,0.30000000000000004,4.7000003,19.15,1.18,6.1
-30.398056,30.601944,03-08-2011,91.9,19.8,1.0,34.9,22.98,12.099999,65.0
-27.00222,28.76528,03-08-2011,95.5,22.6,1.1,9.0,21.08,-0.03,23.800001
-27.02314,28.59389,03-08-2011,98.8,21.400000000000002,1.1,8.3,21.75,0.42999998,22.300001
-26.970278,27.211111,03-08-2011,110.200005,10.0,0.5,6.1,22.689999,2.6499999,10.900001
-27.4275,28.525833,03-08-2011,94.6,22.700000000000003,1.1,7.1,20.91,-0.44,23.7
-27.3,28.586944,03-08-2011,95.700005,25.0,1.3,7.8,21.16,-0.29,26.0
-27.398611,26.614722,03-08-2011,113.9,4.4,0.2,4.0,23.43,2.54,4.8
-30.679722,26.7125,03-08-2011,94.0,4.1000000000000005,0.2,3.5,19.789999,1.1999999,4.5
-27.495556,26.074722,03-08-2011,110.700005,2.4000000000000004,0.1,5.2000003,23.1,2.12,3.8
-29.803611,30.516111,05-08-2011,88.8,3.8000000000000003,0.2,28.6,22.63,7.0899997,30.300001
-26.73806,27.59194,07-08-2011,106.3,9.4,0.5,7.4,22.05,2.44,10.900001
-25.99136,27.84208,08-08-2011,104.0,11.600000000000001,0.6000000000000001,8.900001,22.67,3.82,13.5
-26.861111,28.884722,08-08-2011,96.3,21.0,1.1,9.1,21.01,0.24,22.2
-26.45,28.085833,08-08-2011,101.6,12.100000000000001,0.6000000000000001,7.5,22.23,2.53,13.1
-29.160278,26.573333,08-08-2011,101.3,1.7000000000000002,0.1,4.5,21.06,0.32,2.9
-27.01011111,26.69808333,09-08-2011,111.5,5.6000000000000005,0.30000000000000004,3.1000001,22.67,3.02,5.7000003
-27.00222,28.76528,09-08-2011,95.5,22.6,1.1,9.0,21.08,-0.03,23.800001
-26.880278,26.965,09-08-2011,110.1,8.8,0.4,5.5,22.609999,2.6799998,9.5
-26.98472222,26.63227778,09-08-2011,112.200005,5.6000000000000005,0.30000000000000004,4.0,22.869999,3.4199998,6.0
-28.69485,28.23487,09-08-2011,88.6,11.600000000000001,0.6000000000000001,6.0,19.109999,0.78999996,13.1
-29.615556,27.065278,09-08-2011,95.1,1.8,0.1,4.8,19.869999,0.91999996,3.1000001
-28.883333,27.89,09-08-2011,88.5,8.1,0.4,6.5,19.109999,0.39,9.900001
-25.45963889,28.26430556,09-08-2011,108.8,17.1,0.9,8.5,25.72,4.93,18.0
-29.161667,23.696389,10-08-2011,117.5,2.4000000000000004,0.1,0.1,23.41,3.61,2.3
-25.81048333,27.90955222,10-08-2011,105.3,10.600000000000001,0.5,9.400001,23.93,4.52,12.7
-29.641944,30.6875,10-08-2011,89.0,6.6000000000000005,0.30000000000000004,23.2,23.5,8.96,18.300001
-27.602222,29.942778,10-08-2011,97.5,40.6,2.0,6.0,23.51,3.8799999,39.3
-31.554722,29.245556,10-08-2011,101.5,16.2,0.8,18.6,22.57,10.15,47.3
-34.039722,22.133333,10-08-2011,78.6,53.5,2.7,29.4,20.68,8.28,68.4
-32.502778,19.535833,10-08-2011,82.9,31.3,1.6,1.6,20.949999,4.91,29.800001
-31.5653,18.3306,10-08-2011,90.5,34.0,1.7000000000000002,0.3,21.55,8.28,32.3
-31.860278,18.6875,11-08-2011,91.5,36.1,1.8,0.90000004,21.51,7.08,34.3
-30.830556,26.921389,11-08-2011,91.200005,5.1000000000000005,0.30000000000000004,4.7000003,19.15,1.18,6.1
-22.43772222,31.07805556,11-08-2011,107.1,12.8,0.6000000000000001,0.5,28.75,10.599999,12.2
-28.735556,29.820556,11-08-2011,93.9,21.700000000000003,1.1,4.7000003,23.92,3.9299998,21.2
-31.000833,26.353056,11-08-2011,93.5,5.300000000000001,0.30000000000000004,3.6000001,18.75,0.32999998,6.1
-30.679722,26.7125,11-08-2011,94.0,4.1000000000000005,0.2,3.5,19.789999,1.1999999,4.5
-30.160091,27.40124,11-08-2011,90.200005,3.3000000000000003,0.2,7.0,19.49,2.07,5.7000003
-30.336111,27.359444,11-08-2011,89.9,4.2,0.2,8.0,19.4,1.8299999,7.4
-30.568333,29.422778,11-08-2011,90.1,5.800000000000001,0.30000000000000004,22.1,19.869999,2.24,29.4
-30.570833,29.150556,11-08-2011,92.1,4.800000000000001,0.2,15.7,19.789999,2.34,15.8
-31.104278,29.399722,11-08-2011,90.9,11.100000000000001,0.6000000000000001,21.1,21.88,7.89,46.7
-34.250556,20.9925,11-08-2011,75.200005,53.0,2.6,47.600002,20.64,6.6499996,66.1
-27.573056,24.746389,12-08-2011,119.0,1.4000000000000001,0.1,0.4,24.21,3.26,1.3000001
-29.658056,25.973333,12-08-2011,103.1,0.7000000000000001,0.0,3.9,20.699999,1.17,1.8000001
-30.534167,24.961944,12-08-2011,95.8,1.6,0.1,0.0,18.6,0.45,1.5
-28.460833,21.248889,12-08-2011,130.8,5.800000000000001,0.30000000000000004,0.0,24.73,5.17,5.5
-30.86013889,29.07125,12-08-2011,94.700005,6.5,0.30000000000000004,18.0,21.55,5.44,24.7
-30.77586667,29.03221667,12-08-2011,95.9,5.9,0.30000000000000004,17.2,21.449999,5.23,24.300001
-23.838611,31.640833,13-08-2011,98.8,13.200000000000001,0.7000000000000001,1.0,27.9,9.889999,12.6
-28.760833,17.730278,14-08-2011,127.6,4.5,0.2,0.0,25.46,10.38,4.3
-26.970278,27.211111,15-08-2011,110.200005,10.0,0.5,6.1,22.689999,2.6499999,10.900001
-26.73806,27.59194,15-08-2011,106.3,9.4,0.5,7.4,22.05,2.44,10.900001
-27.044444,27.005,15-08-2011,109.5,8.9,0.4,5.6,22.56,2.52,9.7
-24.679167,30.8025,16-08-2011,94.9,35.2,1.8,30.6,22.02,5.31,45.9
-25.127778,27.628889,16-08-2011,109.200005,16.2,0.8,9.5,25.779999,5.18,17.0
-25.20639,27.558,16-08-2011,109.700005,12.8,0.6000000000000001,10.5,25.529999,4.92,14.2
-24.69514,27.40906,16-08-2011,109.3,14.0,0.7000000000000001,10.7,25.47,5.95,15.0
-27.169444,29.233889,16-08-2011,91.6,27.3,1.4000000000000001,6.6,20.47,0.29,27.2
-26.648056,27.089444,16-08-2011,108.200005,10.9,0.5,5.7000003,22.609999,2.6799998,11.5
-29.160278,26.573333,16-08-2011,101.3,1.7000000000000002,0.1,4.5,21.06,0.32,2.9
-33.38056,19.30167,16-08-2011,73.6,62.800000000000004,3.1,32.100002,17.6,4.11,67.0
-33.31388889,19.07472222,16-08-2011,76.1,60.900000000000006,3.0,35.100002,19.98,6.56,66.5
-27.495556,26.074722,16-08-2011,110.700005,2.4000000000000004,0.1,5.2000003,23.1,2.12,3.8
-29.161667,23.696389,17-08-2011,145.6,0.0,0.0,0.1,27.51,6.96,0.0
-22.769722,30.886944,17-08-2011,140.7,1.8,0.1,6.6,31.369999,14.45,2.3
-24.058889,31.237222,17-08-2011,131.2,1.2000000000000002,0.1,1.4,31.33,14.2,1.2
-28.75,30.442778,17-08-2011,125.9,2.0,0.1,4.5,28.71,11.66,2.5
-29.161667,30.629722,17-08-2011,110.700005,29.6,1.5,13.5,24.539999,9.5,31.800001
-27.802778,28.768333,17-08-2011,129.6,0.8,0.0,5.1,24.96,4.74,1.9
-29.033333,23.983333,17-08-2011,150.0,0.0,0.0,0.2,27.5,6.33,0.0
-33.980556,21.653333,06-04-2011,89.5,18.8,0.9,1.1,24.609999,11.58,17.9
-33.980556,21.653333,17-08-2011,94.3,5.9,0.30000000000000004,9.0,21.859999,8.41,10.6
-33.980556,21.653333,27-09-2011,123.0,17.7,0.9,6.7000003,23.289999,10.96,19.0
-33.980556,21.653333,25-10-2011,134.8,45.0,2.3000000000000003,5.4,23.74,11.32,44.100002
-33.980556,21.653333,29-11-2011,164.5,15.8,0.8,4.6,26.83,14.37,15.8
-33.980556,21.653333,15-02-2012,140.3,21.3,1.1,3.5,28.07,16.06,20.7
-33.980556,21.653333,18-04-2012,63.2,8.700000000000001,0.4,2.6000001,22.73,9.15,8.5
-33.980556,21.653333,16-05-2012,63.2,8.700000000000001,0.4,2.6000001,22.73,9.15,8.5
-33.980556,21.653333,12-06-2012,51.3,50.2,2.5,2.4,20.699999,7.21,47.9
-33.980556,21.653333,05-07-2012,52.4,66.2,3.3000000000000003,12.900001,18.71,4.37,52.4
-33.980556,21.653333,07-08-2012,70.9,42.900000000000006,2.1,8.6,19.59,6.16,45.100002
-33.980556,21.653333,05-09-2012,90.700005,11.3,0.6000000000000001,6.5,20.75,7.5699997,12.7
-33.980556,21.653333,03-10-2012,107.200005,56.5,2.8000000000000003,5.3,22.17,11.07,54.9
-33.980556,21.653333,06-11-2012,147.0,17.8,0.9,4.5,25.47,12.95,17.800001
-33.980556,21.653333,03-12-2012,157.40001,12.9,0.6000000000000001,3.9,27.789999,15.48,12.8
-33.980556,21.653333,29-01-2013,142.6,32.2,1.6,3.1000001,28.66,16.23,31.0
-33.980556,21.653333,28-02-2013,132.1,12.9,0.6000000000000001,2.8,28.68,15.04,12.6
-33.980556,21.653333,10-03-2013,132.1,12.9,0.6000000000000001,2.8,28.68,15.04,12.6
-33.980556,21.653333,19-03-2013,86.4,22.900000000000002,1.1,2.6000001,25.109999,10.48,22.0
-33.980556,21.653333,15-05-2013,64.0,15.600000000000001,0.8,2.4,23.75,9.71,15.0
-33.980556,21.653333,12-06-2013,57.2,28.8,1.4000000000000001,2.2,20.38,5.83,27.6
-33.980556,21.653333,18-07-2013,75.200005,53.900000000000006,2.7,1.9,19.939999,6.23,51.3
-33.980556,21.653333,14-08-2013,75.200005,53.900000000000006,2.7,1.9,19.939999,6.23,51.3
-33.980556,21.653333,11-09-2013,92.5,10.700000000000001,0.5,1.8000001,20.31,7.02,10.3
-33.980556,21.653333,08-10-2013,113.8,63.900000000000006,3.2,1.7,23.1,11.33,60.8
-34.092222,21.295278,17-08-2011,94.4,7.2,0.4,11.400001,21.84,8.2,16.0
-33.980556,21.653333,05-12-2013,164.6,10.0,0.5,1.5,27.47,15.19,9.6
-33.980556,21.653333,07-01-2014,162.6,55.6,2.8000000000000003,1.5,29.119999,17.07,52.9
-33.980556,21.653333,18-02-2014,121.0,30.1,1.5,1.3000001,26.21,14.549999,28.7
-33.980556,21.653333,11-03-2014,121.0,30.1,1.5,1.3000001,26.21,14.549999,28.7
-33.980556,21.653333,10-04-2014,78.9,60.5,3.0,1.3000001,25.779999,12.05,57.600002
-33.980556,21.653333,13-05-2014,73.4,21.1,1.1,1.2,23.619999,10.36,20.1
-33.980556,21.653333,10-06-2014,63.5,27.200000000000003,1.4000000000000001,1.2,21.33,6.33,25.9
-33.980556,21.653333,08-07-2014,58.0,14.5,0.7000000000000001,1.1,20.619999,6.24,13.8
-33.980556,21.653333,21-08-2014,94.6,28.3,1.4000000000000001,1.1,23.119999,9.08,27.0
-33.980556,21.653333,11-09-2014,94.6,28.3,1.4000000000000001,1.1,23.119999,9.08,27.0
-33.980556,21.653333,14-10-2014,131.2,4.800000000000001,0.2,1.0,25.26,11.78,4.6
-33.980556,21.653333,11-11-2014,137.8,53.1,2.7,1.0,24.46,12.7,50.5
-33.980556,21.653333,02-12-2014,161.40001,13.100000000000001,0.7000000000000001,1.0,27.5,14.679999,12.5
-33.980556,21.653333,15-01-2015,181.3,15.3,0.8,0.90000004,29.72,15.95,14.5
-33.980556,21.653333,17-02-2015,127.6,13.0,0.7000000000000001,0.90000004,28.24,15.48,12.400001
-33.980556,21.653333,10-03-2015,127.6,13.0,0.7000000000000001,0.90000004,28.24,15.48,12.400001
-33.980556,21.653333,14-04-2015,82.3,31.1,1.6,0.90000004,24.68,11.49,29.6
-33.980556,21.653333,19-05-2015,50.0,49.5,2.5,0.8,20.67,6.95,47.100002
-33.980556,21.653333,18-08-2015,88.5,51.2,2.6,0.8,22.32,9.429999,48.600002
-33.980556,21.653333,15-09-2015,88.5,51.2,2.6,0.8,22.32,9.429999,48.600002
-33.980556,21.653333,20-10-2015,141.2,44.300000000000004,2.2,0.7,24.859999,12.34,42.100002
-33.980556,21.653333,17-11-2015,166.7,11.100000000000001,0.6000000000000001,0.7,28.8,15.86,10.6
-33.980556,21.653333,09-12-2015,166.7,11.100000000000001,0.6000000000000001,0.7,28.8,15.86,10.6
-24.183889,30.823889,18-08-2011,137.2,0.9,0.0,9.3,31.01,13.48,2.1000001
-23.281,30.54305556,18-08-2011,133.40001,1.7000000000000002,0.1,7.8,30.41,13.889999,2.4
-27.671111,27.236944,18-08-2011,149.0,0.30000000000000004,0.0,3.8,27.48,7.25,1.0
-27.902778,24.615556,18-08-2011,159.0,0.0,0.0,0.3,29.76,7.83,0.0
-28.376944,24.303056,18-08-2011,158.0,0.0,0.0,0.3,29.49,6.73,0.0
-29.658056,25.973333,18-08-2011,139.1,0.1,0.0,3.3,24.949999,5.12,0.8
-30.534167,24.961944,18-08-2011,136.1,0.4,0.0,0.0,24.5,5.7599998,0.4
-22.225556,29.990556,22-08-2011,152.5,0.8,0.0,0.2,32.44,14.719999,0.8
-24.282222,28.090278,22-08-2011,148.3,0.5,0.0,9.400001,30.25,9.57,2.1000001
-25.99136,27.84208,22-08-2011,147.8,0.7000000000000001,0.0,7.4,28.189999,8.849999,2.2
-29.380556,30.2775,22-08-2011,111.1,4.4,0.2,14.5,24.619999,8.37,8.1
-26.861111,28.884722,22-08-2011,134.0,0.9,0.0,7.7000003,26.039999,5.56,2.3
-26.45,28.085833,22-08-2011,145.40001,0.8,0.0,6.4,27.289999,7.81,1.8000001
-30.830556,26.921389,23-08-2011,126.3,2.4000000000000004,0.1,4.0,23.42,5.3399997,3.1000001
-25.73411,27.21422,23-08-2011,153.5,0.6000000000000001,0.0,7.4,28.96,8.639999,2.1000001
-29.380556,30.2775,23-08-2011,111.1,4.4,0.2,14.5,24.619999,8.37,8.1
-28.141944,26.417778,23-08-2011,148.2,0.1,0.0,3.8,27.01,6.3999996,0.90000004
-30.679722,26.7125,23-08-2011,127.8,2.1,0.1,3.0,24.07,5.47,2.5
-33.501667,21.624167,23-08-2011,106.1,4.3,0.2,0.1,21.65,6.0099998,4.1
-25.57877778,29.12747222,23-08-2011,150.6,0.9,0.0,6.9,30.8,9.98,2.1000001
-29.161667,23.696389,24-08-2011,145.6,0.0,0.0,0.1,27.51,6.96,0.0
-34.065833,20.404167,24-08-2011,92.1,9.700000000000001,0.5,11.5,22.51,9.25,14.400001
-23.23572222,27.717,24-08-2011,153.2,0.2,0.0,0.5,32.77,11.96,0.2
-28.404444,30.013056,24-08-2011,129.0,1.7000000000000002,0.1,4.4,27.71,9.15,2.1000001
-27.38972222,26.46388889,24-08-2011,155.8,0.2,0.0,3.8,28.439999,7.6499996,0.8
-27.398611,26.614722,24-08-2011,155.5,0.2,0.0,3.4,28.31,7.71,0.7
-27.044444,27.005,24-08-2011,151.7,0.4,0.0,4.7000003,27.769999,7.72,1.2
-29.033333,23.983333,24-08-2011,150.0,0.0,0.0,0.2,27.5,6.33,0.0
-33.818056,19.694722,24-08-2011,102.5,18.0,0.9,13.2,21.949999,8.32,28.4
-34.075556,20.145556,24-08-2011,90.0,11.9,0.6000000000000001,12.2,21.88,8.74,18.2
-28.058889,30.373611,24-08-2011,126.200005,2.0,0.1,5.6,26.58,8.62,2.6000001
-27.4,26.624722,24-08-2011,155.5,0.2,0.0,3.4,28.31,7.71,0.7
-27.01011111,26.69808333,25-08-2011,152.8,0.30000000000000004,0.0,2.8,27.82,8.0199995,0.6
-22.225556,29.990556,25-08-2011,152.5,0.8,0.0,0.2,32.44,14.719999,0.8
-22.91028,29.61111,25-08-2011,146.6,0.6000000000000001,0.0,1.3000001,30.4,12.179999,0.6
-24.925278,29.324444,25-08-2011,149.0,0.8,0.0,5.7000003,31.73,10.44,1.8000001
-30.398056,30.601944,25-08-2011,103.9,8.3,0.4,22.7,24.57,15.179999,20.0
-30.27402,30.69602,25-08-2011,102.9,7.9,0.4,22.1,24.59,14.82,19.1
-26.648056,27.089444,25-08-2011,151.6,0.5,0.0,4.9,27.84,7.68,1.3000001
-26.970278,27.211111,25-08-2011,152.40001,0.5,0.0,5.1,27.699999,7.69,1.4
-26.880278,26.965,25-08-2011,152.40001,0.4,0.0,4.7000003,27.83,7.89,1.2
-27.38972222,26.46388889,25-08-2011,155.8,0.2,0.0,3.8,28.439999,7.6499996,0.8
-23.763056,27.908611,25-07-2014,127.0,3.8000000000000003,0.2,1.5,27.16,7.3599997,3.6000001
-23.763056,27.908611,13-08-2014,127.0,3.8000000000000003,0.2,1.5,27.16,7.3599997,3.6000001
-26.98472222,26.63227778,25-08-2011,153.1,0.30000000000000004,0.0,3.4,27.92,8.21,0.8
-29.028629,24.638389,25-08-2011,153.5,0.0,0.0,0.1,27.99,6.35,0.0
-23.763056,27.908611,22-12-2014,179.0,42.7,2.1,9.7,31.98,18.56,42.5
-33.897778,20.012778,25-08-2011,95.4,12.3,0.6000000000000001,8.900001,22.56,8.49,15.400001
-29.641944,30.6875,26-08-2011,108.200005,45.800000000000004,2.3000000000000003,17.6,25.74,12.639999,49.100002
-27.937778,31.209444,26-08-2011,119.9,2.0,0.1,3.3,27.789999,12.19,2.0
-27.671111,27.236944,26-08-2011,149.0,0.30000000000000004,0.0,3.8,27.48,7.25,1.0
-27.573056,24.746389,26-08-2011,158.0,0.0,0.0,0.4,29.349998,7.5499997,0.0
-23.763056,27.908611,19-08-2015,151.40001,15.200000000000001,0.8,4.3,29.91,12.13,14.8
-23.763056,27.908611,09-09-2015,151.40001,15.200000000000001,0.8,4.3,29.91,12.13,14.8
-28.460833,21.248889,26-08-2011,150.8,0.0,0.0,0.0,29.59,7.8999996,0.0
-28.760833,17.730278,28-08-2011,146.40001,0.2,0.0,0.0,30.019999,12.679999,0.2
-27.169444,29.233889,29-08-2011,132.3,1.1,0.1,5.7000003,25.66,5.5,2.0
-26.73806,27.59194,29-08-2011,149.1,0.6000000000000001,0.0,6.2000003,27.24,7.56,1.9
-25.127778,27.628889,30-08-2011,156.40001,0.4,0.0,8.3,31.359999,11.12,1.6
-25.20639,27.558,30-08-2011,157.1,0.4,0.0,9.1,31.109999,10.94,1.8000001
-24.69514,27.40906,30-08-2011,155.7,0.4,0.0,9.400001,31.189999,12.33,1.6
-27.00222,28.76528,30-08-2011,133.3,0.9,0.0,7.5,26.16,5.44,2.4
-34.405833,19.600556,30-08-2011,85.6,21.700000000000003,1.1,20.5,18.63,9.4,51.2
-27.495556,26.074722,30-08-2011,153.5,0.1,0.0,4.3,27.8,6.96,1.0
-29.161667,23.696389,31-08-2011,145.6,0.0,0.0,0.1,27.51,6.96,0.0
-34.329722,18.990278,31-08-2011,84.3,31.900000000000002,1.6,60.3,17.94,9.559999,64.4
-25.447222,30.711667,31-08-2011,133.0,1.5,0.1,22.800001,28.13,10.79,5.5
-29.161667,23.696389,01-09-2011,145.6,0.0,0.0,0.1,27.51,6.96,0.0
-27.902778,24.615556,02-09-2011,159.0,0.0,0.0,0.3,29.76,7.83,0.0
-25.99136,27.84208,05-09-2011,147.8,0.7000000000000001,0.0,7.4,28.189999,8.849999,2.2
-26.861111,28.884722,05-09-2011,134.0,0.9,0.0,7.7000003,26.039999,5.56,2.3
-26.45,28.085833,05-09-2011,145.40001,0.8,0.0,6.4,27.289999,7.81,1.8000001
-29.160278,26.573333,05-09-2011,142.8,0.2,0.0,3.7,25.97,5.15,1.0
-28.768056,20.720556,05-09-2011,146.40001,0.1,0.0,0.0,29.15,7.81,0.1
-25.73411,27.21422,06-09-2011,153.5,0.6000000000000001,0.0,7.4,28.96,8.639999,2.1000001
-29.380556,30.2775,06-09-2011,111.1,4.4,0.2,14.5,24.619999,8.37,8.1
-27.398611,26.614722,06-09-2011,155.5,0.2,0.0,3.4,28.31,7.71,0.7
-27.671111,27.236944,06-09-2011,149.0,0.30000000000000004,0.0,3.8,27.48,7.25,1.0
-28.69485,28.23487,06-09-2011,126.6,0.6000000000000001,0.0,4.8,23.58,5.92,1.7
-29.615556,27.065278,06-09-2011,134.90001,0.6000000000000001,0.0,3.9,24.51,5.52,1.4
-28.883333,27.89,06-09-2011,127.3,0.6000000000000001,0.0,5.2000003,23.9,6.46,1.8000001
-31.104278,29.399722,06-09-2011,111.3,6.1000000000000005,0.30000000000000004,14.6,24.06,11.4,12.3
-31.396,29.2651,06-09-2011,111.1,7.800000000000001,0.4,12.6,24.22,13.059999,13.1
-31.554722,29.245556,06-09-2011,111.9,9.1,0.5,12.900001,23.539999,12.48,14.400001
-34.039722,22.133333,06-09-2011,94.1,6.2,0.30000000000000004,15.7,21.289999,10.01,19.6
-25.81048333,27.90955222,07-09-2011,148.1,0.6000000000000001,0.0,7.7000003,29.38,9.75,2.2
-29.641944,30.6875,07-09-2011,108.200005,45.800000000000004,2.3000000000000003,17.6,25.74,12.639999,49.100002
-31.860278,18.6875,07-09-2011,117.9,5.0,0.2,0.90000004,24.269999,8.08,4.7000003
-27.602222,29.942778,07-09-2011,138.3,1.6,0.1,5.4,27.75,8.34,2.1000001
-27.02314,28.59389,07-09-2011,135.90001,0.9,0.0,7.0,26.57,5.83,2.2
-27.4275,28.525833,07-09-2011,132.7,0.9,0.0,5.8,25.72,4.92,2.2
-27.3,28.586944,07-09-2011,132.7,1.0,0.0,6.4,26.01,5.16,2.3
-27.044444,27.005,07-09-2011,151.7,0.4,0.0,4.7000003,27.769999,7.72,1.2
-29.033333,23.983333,07-09-2011,150.0,0.0,0.0,0.2,27.5,6.33,0.0
-30.160091,27.40124,07-09-2011,128.0,1.7000000000000002,0.1,5.6,23.75,6.18,3.0
-30.336111,27.359444,07-09-2011,127.700005,2.3000000000000003,0.1,6.2000003,23.529999,5.92,3.9
-30.568333,29.422778,07-09-2011,113.8,3.9000000000000004,0.2,15.5,23.43,6.5699997,10.3
-30.86013889,29.07125,07-09-2011,113.3,4.3,0.2,12.7,24.14,9.2699995,9.400001
-30.77586667,29.03221667,07-09-2011,114.700005,3.9000000000000004,0.2,12.1,23.97,8.91,8.8
-34.02861,22.22222,07-09-2011,94.200005,6.7,0.30000000000000004,16.9,20.83,9.86,23.2
-30.830556,26.921389,08-09-2011,126.3,2.4000000000000004,0.1,4.0,23.42,5.3399997,3.1000001
-30.398056,30.601944,08-09-2011,103.9,8.3,0.4,22.7,24.57,15.179999,20.0
-30.27402,30.69602,08-09-2011,102.9,7.9,0.4,22.1,24.59,14.82,19.1
-29.033333,23.983333,08-09-2011,150.0,0.0,0.0,0.2,27.5,6.33,0.0
-30.679722,26.7125,08-09-2011,127.8,2.1,0.1,3.0,24.07,5.47,2.5
-31.031389,28.883333,08-09-2011,114.5,4.7,0.2,11.8,23.779999,8.9,8.3
-34.031944,22.053333,08-09-2011,95.700005,5.9,0.30000000000000004,14.8,21.3,9.61,17.800001
-29.658056,25.973333,09-09-2011,139.1,0.1,0.0,3.3,24.949999,5.12,0.8
-31.000833,26.353056,09-09-2011,125.1,2.1,0.1,3.0,22.97,4.0099998,2.6000001
-28.760833,17.730278,10-09-2011,146.40001,0.2,0.0,0.0,30.019999,12.679999,0.2
-26.970278,27.211111,12-09-2011,152.40001,0.5,0.0,5.1,27.699999,7.69,1.4
-27.01011111,26.69808333,13-09-2011,152.8,0.30000000000000004,0.0,2.8,27.82,8.0199995,0.6
-24.679167,30.8025,13-09-2011,131.3,1.7000000000000002,0.1,24.0,26.91,9.48,8.2
-24.183889,30.823889,13-09-2011,137.2,0.9,0.0,9.3,31.01,13.48,2.1000001
-25.127778,27.628889,13-09-2011,156.40001,0.4,0.0,8.3,31.359999,11.12,1.6
-25.20639,27.558,13-09-2011,157.1,0.4,0.0,9.1,31.109999,10.94,1.8000001
-24.69514,27.40906,13-09-2011,155.7,0.4,0.0,9.400001,31.189999,12.33,1.6
-24.925278,29.324444,13-09-2011,149.0,0.8,0.0,5.7000003,31.73,10.44,1.8000001
-29.161667,30.629722,13-09-2011,110.700005,29.6,1.5,13.5,24.539999,9.5,31.800001
-26.648056,27.089444,13-09-2011,151.6,0.5,0.0,4.9,27.84,7.68,1.3000001
-26.880278,26.965,13-09-2011,152.40001,0.4,0.0,4.7000003,27.83,7.89,1.2
-27.802778,28.768333,13-09-2011,129.6,0.8,0.0,5.1,24.96,4.74,1.9
-26.98472222,26.63227778,13-09-2011,153.1,0.30000000000000004,0.0,3.4,27.92,8.21,0.8
-29.033333,23.983333,13-09-2011,150.0,0.0,0.0,0.2,27.5,6.33,0.0
-30.679722,26.7125,13-09-2011,127.8,2.1,0.1,3.0,24.07,5.47,2.5
-31.396,29.2651,13-09-2011,111.1,7.800000000000001,0.4,12.6,24.22,13.059999,13.1
-33.38056,19.30167,13-09-2011,95.0,17.400000000000002,0.9,17.5,19.779999,5.92,31.2
-33.31388889,19.07472222,13-09-2011,91.700005,19.0,1.0,20.9,22.119999,8.349999,32.2
-27.495556,26.074722,13-09-2011,153.5,0.1,0.0,4.3,27.8,6.96,1.0
-24.058889,31.237222,14-09-2011,131.2,1.2000000000000002,0.1,1.4,31.33,14.2,1.2
-28.75,30.442778,14-09-2011,125.9,2.0,0.1,4.5,28.71,11.66,2.5
-29.380556,30.2775,14-09-2011,111.1,4.4,0.2,14.5,24.619999,8.37,8.1
-26.73806,27.59194,14-09-2011,149.1,0.6000000000000001,0.0,6.2000003,27.24,7.56,1.9
-27.4275,28.525833,14-09-2011,132.7,0.9,0.0,5.8,25.72,4.92,2.2
-27.3,28.586944,14-09-2011,132.7,1.0,0.0,6.4,26.01,5.16,2.3
-29.042222,24.6,14-09-2011,154.2,0.0,0.0,0.1,28.039999,6.31,0.0
-29.028629,24.638389,14-09-2011,153.5,0.0,0.0,0.1,27.99,6.35,0.0
-30.160091,27.40124,14-09-2011,128.0,1.7000000000000002,0.1,5.6,23.75,6.18,3.0
-34.250556,20.9925,14-09-2011,95.0,8.6,0.4,22.5,21.65,9.17,33.3
-33.7075,18.97444444,14-09-2011,93.0,28.200000000000003,1.4000000000000001,26.6,21.68,9.139999,64.700005
-29.161667,23.696389,15-09-2011,145.6,0.0,0.0,0.1,27.51,6.96,0.0
-30.398056,30.601944,15-09-2011,103.9,8.3,0.4,22.7,24.57,15.179999,20.0
-27.169444,29.233889,15-09-2011,132.3,1.1,0.1,5.7000003,25.66,5.5,2.0
-27.00222,28.76528,15-09-2011,133.3,0.9,0.0,7.5,26.16,5.44,2.4
-27.902778,24.615556,16-09-2011,211.90001,8.200000000000001,0.4,0.3,31.789999,10.889999,7.8
-28.460833,21.248889,16-09-2011,214.1,1.3,0.1,0.0,30.92,11.28,1.2
-30.27402,30.69602,19-09-2011,121.9,47.900000000000006,2.4000000000000004,16.800001,25.21,15.53,50.8
-26.861111,28.884722,19-09-2011,161.8,54.5,2.7,6.6,27.199999,8.49,52.9
-26.970278,27.211111,19-09-2011,185.8,35.4,1.8,4.4,29.16,10.45,34.3
-27.01011111,26.69808333,20-09-2011,192.90001,33.0,1.6,2.6000001,29.66,10.7,31.6
-24.058889,31.237222,20-09-2011,144.90001,48.400000000000006,2.4000000000000004,1.4,31.59,16.34,46.0
-27.937778,31.209444,20-09-2011,139.90001,47.5,2.4000000000000004,3.1000001,27.73,12.84,45.3
-29.380556,30.2775,20-09-2011,130.0,29.5,1.5,12.0,25.019999,9.26,30.6
-27.00222,28.76528,20-09-2011,162.0,60.6,3.0,6.4,27.5,8.58,58.600002
-26.648056,27.089444,20-09-2011,187.7,35.800000000000004,1.8,4.3,29.3,10.51,34.600002
-26.880278,26.965,20-09-2011,190.40001,35.0,1.7000000000000002,4.1,29.55,10.73,33.8
-26.98472222,26.63227778,20-09-2011,193.7,32.800000000000004,1.6,3.1000001,29.89,11.04,31.6
-33.501667,21.624167,20-09-2011,141.5,13.4,0.7000000000000001,0.1,23.58,8.28,12.7
-28.058889,30.373611,20-09-2011,150.90001,45.0,2.2,5.0,27.789999,10.59,43.3
-25.57877778,29.12747222,20-09-2011,178.5,65.10000000000001,3.3000000000000003,6.1,30.98,12.05,62.7
-29.161667,23.696389,21-09-2011,203.90001,2.3000000000000003,0.1,0.1,30.47,10.42,2.2
-25.81048333,27.90955222,21-09-2011,180.3,46.6,2.3000000000000003,6.6,29.91,12.23,45.4
-34.065833,20.404167,21-09-2011,131.0,13.200000000000001,0.7000000000000001,8.900001,24.769999,12.099999,15.1
-27.5275,30.858056,21-09-2011,141.7,56.400000000000006,2.8000000000000003,9.2,27.41,11.44,55.0
-28.404444,30.013056,21-09-2011,150.7,34.6,1.7000000000000002,4.0,28.13,10.57,33.3
-28.141944,26.417778,21-09-2011,189.6,14.700000000000001,0.7000000000000001,3.3,28.92,9.25,14.6
-29.033333,23.983333,21-09-2011,202.1,3.0,0.1,0.2,30.199999,9.63,2.8
-33.818056,19.694722,21-09-2011,140.7,15.3,0.8,9.400001,24.619999,10.86,18.2
-34.075556,20.145556,21-09-2011,128.6,13.4,0.7000000000000001,9.2,24.24,11.28,15.8
-29.161667,23.696389,22-09-2011,203.90001,2.3000000000000003,0.1,0.1,30.47,10.42,2.2
-27.38972222,26.46388889,22-09-2011,191.6,27.900000000000002,1.4000000000000001,3.3,29.75,10.29,27.0
-27.398611,26.614722,22-09-2011,190.5,30.900000000000002,1.5,3.1000001,29.82,10.36,29.800001
-33.897778,20.012778,22-09-2011,137.2,12.8,0.6000000000000001,7.0,24.88,11.0199995,14.1
-29.641944,30.6875,23-09-2011,130.0,23.3,1.2000000000000002,14.3,26.33,13.83,25.5
-28.760833,17.730278,24-09-2011,192.40001,3.4000000000000004,0.2,0.0,30.07,14.599999,3.2
-29.641944,30.6875,24-09-2011,130.0,23.3,1.2000000000000002,14.3,26.33,13.83,25.5
-25.513889,31.224444,26-09-2011,145.1,59.0,2.9000000000000004,17.0,29.08,14.32,59.0
-29.7775,29.470833,26-09-2011,131.90001,24.3,1.2000000000000002,7.7000003,23.85,7.02,25.0
-29.987778,29.851667,26-09-2011,130.40001,29.400000000000002,1.5,15.0,25.119999,9.17,31.7
-29.744167,29.905833,26-09-2011,135.1,26.700000000000003,1.3,11.3,26.05,9.96,27.5
-27.169444,29.233889,26-09-2011,157.1,54.2,2.7,5.0,26.99,8.2699995,52.2
-26.73806,27.59194,26-09-2011,179.40001,39.5,2.0,5.3,28.34,10.179999,38.5
-26.45,28.085833,26-09-2011,172.90001,45.300000000000004,2.3000000000000003,5.6,27.91,10.01,43.9
-31.396,29.2651,26-09-2011,132.6,48.400000000000006,2.4000000000000004,9.8,25.3,14.23,48.8
-31.554722,29.245556,26-09-2011,127.4,51.5,2.6,10.0,24.48,13.54,51.8
-24.282222,28.090278,27-09-2011,183.40001,59.2,3.0,8.3,31.9,12.94,57.4
-25.127778,27.628889,27-09-2011,191.6,42.2,2.1,7.4,32.59,13.98,41.0
-25.20639,27.558,27-09-2011,190.0,42.800000000000004,2.1,8.0,32.35,13.719999,41.7
-23.281,30.54305556,27-09-2011,147.8,80.60000000000001,4.0,7.2000003,31.179998,16.119999,77.200005
-28.747778,31.745833,27-09-2011,133.7,43.800000000000004,2.2,8.2,28.279999,15.49,42.9
-30.733889,29.828333,27-09-2011,126.9,39.6,2.0,13.7,25.01,11.71,41.600002
-27.273889,28.49,27-09-2011,163.7,76.0,3.8000000000000003,5.8,27.349998,8.48,73.3
-27.3,28.586944,27-09-2011,163.40001,69.5,3.5,5.5,27.42,8.47,67.0
-30.568333,29.422778,27-09-2011,134.2,28.700000000000003,1.4000000000000001,12.1,24.35,8.19,30.6
-31.104278,29.399722,27-09-2011,131.8,41.1,2.1,11.3,25.189999,12.719999,42.3
-34.092222,21.295278,27-09-2011,125.200005,20.200000000000003,1.0,8.2,23.49,11.139999,22.300001
-34.405833,19.600556,27-09-2011,115.700005,18.400000000000002,0.9,14.2,20.96,11.259999,23.800001
-29.161667,23.696389,28-09-2011,203.90001,2.3000000000000003,0.1,0.1,30.47,10.42,2.2
-22.935,28.004167,28-09-2011,187.0,40.6,2.0,0.3,33.899998,16.31,38.600002
-23.763056,27.908611,28-09-2011,189.5,52.400000000000006,2.6,6.7000003,33.43,15.089999,50.600002
-24.768889,31.39,28-09-2011,143.40001,47.400000000000006,2.4000000000000004,14.0,31.09,15.799999,47.100002
-28.801278,31.955389,28-09-2011,129.6,44.400000000000006,2.2,17.4,27.74,15.65,50.100002
-30.27402,30.69602,28-09-2011,121.9,47.900000000000006,2.4000000000000004,16.800001,25.21,15.53,50.8
-27.802778,28.768333,28-09-2011,154.5,41.7,2.1,4.3,26.23,7.45,40.3
-27.398611,26.614722,28-09-2011,190.5,30.900000000000002,1.5,3.1000001,29.82,10.36,29.800001
-31.031389,28.883333,28-09-2011,136.90001,30.0,1.5,9.6,25.22,10.5,30.7
-30.86013889,29.07125,28-09-2011,138.0,28.8,1.4000000000000001,9.900001,25.609999,10.95,30.1
-30.77586667,29.03221667,28-09-2011,140.0,26.900000000000002,1.3,9.400001,25.57,10.58,28.2
-27.495556,26.074722,28-09-2011,197.0,19.5,1.0,3.7,30.21,10.0199995,19.2
-24.99328,30.81444,29-09-2011,131.90001,98.5,4.9,30.7,25.519999,9.08,101.9
-30.13573889,30.67422222,29-09-2011,123.4,41.7,2.1,16.300001,25.58,15.469999,44.5
-27.573056,24.746389,30-09-2011,205.2,11.4,0.6000000000000001,0.4,31.38,10.7699995,10.8
-27.902778,24.615556,30-09-2011,211.90001,8.200000000000001,0.4,0.3,31.789999,10.889999,7.8
-29.803611,30.516111,30-09-2011,128.6,27.200000000000003,1.4000000000000001,15.900001,25.57,12.19,30.2
-26.861111,28.884722,03-10-2011,161.8,54.5,2.7,6.6,27.199999,8.49,52.9
-29.160278,26.573333,03-10-2011,183.8,12.3,0.6000000000000001,3.2,28.15,8.2,12.3
-26.03611,30.99778,04-10-2011,146.5,75.4,3.8000000000000003,20.300001,28.73,13.78,75.5
-27.398611,26.614722,04-10-2011,190.5,30.900000000000002,1.5,3.1000001,29.82,10.36,29.800001
-27.671111,27.236944,04-10-2011,185.8,24.1,1.2000000000000002,3.3,29.26,9.99,23.4
-30.160091,27.40124,04-10-2011,171.3,17.400000000000002,0.9,4.7000003,26.55,9.04,17.5
-30.336111,27.359444,04-10-2011,172.0,18.8,0.9,5.1,26.349998,8.61,18.9
-28.69485,28.23487,04-10-2011,157.2,22.3,1.1,4.1,25.17,8.08,21.9
-28.883333,27.89,04-10-2011,162.7,19.200000000000003,1.0,4.4,25.939999,8.69,19.1
-31.5653,18.3306,04-10-2011,157.7,7.5,0.4,0.3,25.5,11.37,7.1
-25.45963889,28.26430556,04-10-2011,185.7,52.2,2.6,6.4,31.66,12.74,50.5
-28.338333,31.373611,04-10-2011,135.7,50.7,2.5,3.3,27.599998,13.13,48.3
-28.068333,31.55,04-10-2011,141.6,45.7,2.3000000000000003,2.5,29.449999,15.179999,43.5
-27.4,26.624722,04-10-2011,190.5,30.900000000000002,1.5,3.1000001,29.82,10.36,29.800001
-29.161667,23.696389,05-10-2011,203.90001,2.3000000000000003,0.1,0.1,30.47,10.42,2.2
-25.81048333,27.90955222,05-10-2011,180.3,46.6,2.3000000000000003,6.6,29.91,12.23,45.4
-29.641944,30.6875,05-10-2011,130.0,23.3,1.2000000000000002,14.3,26.33,13.83,25.5
-31.860278,18.6875,05-10-2011,157.0,8.6,0.4,0.90000004,25.859999,10.49,8.2
-27.00222,28.76528,05-10-2011,162.0,60.6,3.0,6.4,27.5,8.58,58.600002
-27.02314,28.59389,05-10-2011,165.8,64.10000000000001,3.2,6.1,27.99,9.059999,61.8
-27.273889,28.49,05-10-2011,163.7,76.0,3.8000000000000003,5.8,27.349998,8.48,73.3
-27.4275,28.525833,05-10-2011,161.3,62.300000000000004,3.1,5.0,27.029999,8.09,60.100002
-27.3,28.586944,05-10-2011,163.40001,69.5,3.5,5.5,27.42,8.47,67.0
-30.830556,26.921389,06-10-2011,170.1,14.9,0.7000000000000001,3.4,26.279999,7.7599998,14.7
-30.679722,26.7125,06-10-2011,173.90001,12.700000000000001,0.6000000000000001,2.6000001,27.019999,7.93,12.5
-30.160091,27.40124,06-10-2011,171.3,17.400000000000002,0.9,4.7000003,26.55,9.04,17.5
-30.336111,27.359444,06-10-2011,172.0,18.8,0.9,5.1,26.349998,8.61,18.9
-31.000833,26.353056,07-10-2011,170.3,9.200000000000001,0.5,2.5,25.97,6.8199997,9.2
-28.460833,21.248889,07-10-2011,214.1,1.3,0.1,0.0,30.92,11.28,1.2
-28.760833,17.730278,08-10-2011,192.40001,3.4000000000000004,0.2,0.0,30.07,14.599999,3.2
-27.602222,29.942778,08-10-2011,162.0,55.6,2.8000000000000003,4.9,28.359999,10.2,53.3
-27.169444,29.233889,10-10-2011,157.1,54.2,2.7,5.0,26.99,8.2699995,52.2
-27.01011111,26.69808333,11-10-2011,192.90001,33.0,1.6,2.6000001,29.66,10.7,31.6
-24.183889,30.823889,11-10-2011,150.2,52.7,2.6,8.3,31.97,16.289999,51.0
-25.127778,27.628889,11-10-2011,191.6,42.2,2.1,7.4,32.59,13.98,41.0
-25.20639,27.558,11-10-2011,190.0,42.800000000000004,2.1,8.0,32.35,13.719999,41.7
-24.69514,27.40906,11-10-2011,193.8,48.6,2.4000000000000004,8.400001,32.98,15.589999,47.100002
-25.73411,27.21422,11-10-2011,189.0,41.400000000000006,2.1,6.3,29.929998,11.219999,40.4
-27.363611,31.783333,11-10-2011,137.90001,37.0,1.8,13.0,29.97,14.969999,36.8
-26.648056,27.089444,11-10-2011,187.7,35.800000000000004,1.8,4.3,29.3,10.51,34.600002
-26.970278,27.211111,11-10-2011,185.8,35.4,1.8,4.4,29.16,10.45,34.3
-26.880278,26.965,11-10-2011,190.40001,35.0,1.7000000000000002,4.1,29.55,10.73,33.8
-26.98472222,26.63227778,11-10-2011,193.7,32.800000000000004,1.6,3.1000001,29.89,11.04,31.6
-27.573056,24.746389,11-10-2011,205.2,11.4,0.6000000000000001,0.4,31.38,10.7699995,10.8
-29.028629,24.638389,11-10-2011,202.90001,4.2,0.2,0.1,30.179998,9.389999,4.0
-30.160091,27.40124,11-10-2011,171.3,17.400000000000002,0.9,4.7000003,26.55,9.04,17.5
-33.31388889,19.07472222,11-10-2011,138.0,14.3,0.7000000000000001,15.400001,24.57,10.889999,19.2
-29.161667,23.696389,12-10-2011,203.90001,2.3000000000000003,0.1,0.1,30.47,10.42,2.2
-24.058889,31.237222,12-10-2011,144.90001,48.400000000000006,2.4000000000000004,1.4,31.59,16.34,46.0
-26.905,32.324722,12-10-2011,138.6,28.400000000000002,1.4000000000000001,11.2,31.199999,15.799999,28.1
-26.73806,27.59194,12-10-2011,179.40001,39.5,2.0,5.3,28.34,10.179999,38.5
-31.000833,26.353056,12-10-2011,170.3,9.200000000000001,0.5,2.5,25.97,6.8199997,9.2
-30.679722,26.7125,12-10-2011,173.90001,12.700000000000001,0.6000000000000001,2.6000001,27.019999,7.93,12.5
-33.7075,18.97444444,12-10-2011,133.8,18.6,0.9,18.4,24.5,11.53,25.800001
-24.679167,30.8025,13-10-2011,143.0,98.80000000000001,4.9,19.800001,27.64,11.349999,98.1
-34.250556,20.9925,13-10-2011,126.5,18.1,0.9,15.7,23.46,12.0199995,23.9
-34.031944,22.053333,13-10-2011,121.3,18.2,0.9,10.7,22.33,11.599999,21.4
-34.039722,22.133333,13-10-2011,120.200005,19.0,1.0,11.2,22.3,11.88,22.5
-34.02861,22.22222,14-10-2011,118.200005,21.900000000000002,1.1,12.0,21.859999,11.639999,25.7
-27.01011111,26.69808333,17-10-2011,191.7,44.300000000000004,2.2,2.3,30.09,12.559999,42.3
-25.99136,27.84208,17-10-2011,173.7,56.0,2.8000000000000003,5.5,28.619999,13.12,54.0
-26.861111,28.884722,17-10-2011,167.0,63.800000000000004,3.2,5.9,27.539999,10.75,61.4
-26.73806,27.59194,17-10-2011,178.3,54.0,2.7,4.6,28.51,11.95,51.9
-26.98472222,26.63227778,17-10-2011,192.0,44.300000000000004,2.2,2.7,30.16,12.74,42.4
-29.042222,24.6,17-10-2011,217.6,20.900000000000002,1.0,0.1,31.279999,11.0199995,19.800001
-29.380556,30.2775,18-10-2011,125.6,80.60000000000001,4.0,10.3,25.34,10.63,78.3
-27.00222,28.76528,18-10-2011,168.6,61.2,3.1,5.6,27.73,10.51,58.9
-26.648056,27.089444,18-10-2011,183.90001,50.0,2.5,3.8,29.38,12.21,47.9
-26.970278,27.211111,18-10-2011,185.40001,49.300000000000004,2.5,3.9,29.56,12.179999,47.4
-26.880278,26.965,18-10-2011,187.8,47.800000000000004,2.4000000000000004,3.7,29.84,12.429999,45.9
-28.141944,26.417778,18-10-2011,198.40001,36.5,1.8,2.9,30.189999,11.13,35.100002
-31.436944,20.474722,18-10-2011,199.3,10.100000000000001,0.5,0.0,27.519999,9.13,9.6
-33.501667,21.624167,18-10-2011,153.8,36.4,1.8,0.1,24.31,8.86,34.600002
-33.818056,19.694722,18-10-2011,166.0,41.400000000000006,2.1,7.4,26.01,11.86,41.3
-25.45963889,28.26430556,18-10-2011,182.8,54.2,2.7,5.7000003,31.4,14.759999,52.2
-28.7115,24.07288889,19-10-2011,220.5,19.6,1.0,0.3,32.27,11.49,18.6
-25.81048333,27.90955222,19-10-2011,179.1,53.800000000000004,2.7,5.8,29.84,14.41,52.0
-26.006389,29.253889,19-10-2011,159.90001,74.3,3.7,6.1,27.519999,11.38,71.4
-29.1825,23.575556,19-10-2011,220.5,13.4,0.7000000000000001,0.1,31.71,11.79,12.7
-34.075556,20.145556,19-10-2011,151.0,41.300000000000004,2.1,7.4,25.57,12.28,41.0
-27.5275,30.858056,20-10-2011,141.7,112.9,5.6000000000000005,8.1,27.279999,12.82,108.4
-28.404444,30.013056,20-10-2011,157.3,61.300000000000004,3.1,3.7,29.05,12.0,58.5
-27.38972222,26.46388889,20-10-2011,198.2,43.6,2.2,2.9,30.76,12.2699995,41.8
-29.028629,24.638389,20-10-2011,216.90001,21.700000000000003,1.1,0.1,31.199999,11.0199995,20.6
-28.058889,30.373611,20-10-2011,153.1,74.3,3.7,4.6,28.099998,11.66,71.1
-25.57877778,29.12747222,20-10-2011,176.2,65.4,3.3000000000000003,5.4,30.349998,13.679999,62.8
-27.937778,31.209444,21-10-2011,137.2,100.9,5.0,3.0,28.09,14.46,96.0
-28.760833,17.730278,22-10-2011,231.1,5.4,0.30000000000000004,0.0,33.329998,16.44,5.2000003
-24.058889,31.237222,24-10-2011,148.90001,52.5,2.6,1.4,32.45,18.88,49.9
-29.7775,29.470833,24-10-2011,134.90001,106.5,5.300000000000001,6.4,24.529999,9.11,102.5
-29.987778,29.851667,24-10-2011,126.6,111.60000000000001,5.6000000000000005,12.6,25.019999,10.679999,108.5
-29.744167,29.905833,24-10-2011,132.90001,98.7,4.9,9.8,26.019999,11.3,95.3
-27.169444,29.233889,24-10-2011,161.0,62.5,3.1,4.4,27.029999,10.099999,59.9
-26.73806,27.59194,24-10-2011,178.3,54.0,2.7,4.6,28.51,11.95,51.9
-26.45,28.085833,24-10-2011,172.3,59.7,3.0,5.0,28.01,11.71,57.3
-34.065833,20.404167,25-10-2011,147.5,39.1,2.0,7.3,26.199999,13.16,38.7
-25.127778,27.628889,25-10-2011,194.6,51.900000000000006,2.6,6.7000003,32.82,16.21,50.0
-25.20639,27.558,25-10-2011,194.2,52.300000000000004,2.6,7.1,32.649998,15.929999,50.5
-24.69514,27.40906,25-10-2011,198.0,53.7,2.7,7.6,33.219997,17.609999,51.8
-25.73411,27.21422,25-10-2011,182.5,56.2,2.8000000000000003,5.6,29.99,12.88,54.2
-22.769722,30.886944,25-10-2011,157.0,49.7,2.5,5.8,32.94,19.289999,47.600002
-28.747778,31.745833,25-10-2011,126.8,115.7,5.800000000000001,7.2000003,29.21,17.02,110.9
-30.733889,29.828333,25-10-2011,119.1,157.3,7.9,44.100002,24.789999,12.83,119.1
-31.104278,29.399722,25-10-2011,125.6,163.10000000000002,8.200000000000001,40.600002,25.14,13.62,125.6
-30.77586667,29.03221667,25-10-2011,137.3,117.80000000000001,5.9,7.8,25.56,11.559999,113.6
-31.396,29.2651,25-10-2011,125.5,175.9,10.600000000000001,49.600002,25.3,15.03,125.5
-31.554722,29.245556,25-10-2011,117.3,189.10000000000002,31.200000000000003,50.5,24.32,14.349999,117.3
-34.092222,21.295278,25-10-2011,138.0,55.800000000000004,2.8000000000000003,6.5,24.17,11.67,54.7
-27.495556,26.074722,25-10-2011,199.90001,38.7,1.9000000000000001,3.2,30.56,11.7,37.2
-30.398056,30.601944,26-10-2011,115.0,162.8,8.1,56.8,25.75,16.68,115.0
-30.27402,30.69602,26-10-2011,114.200005,145.4,7.300000000000001,40.8,25.71,16.63,114.200005
-30.568333,29.422778,26-10-2011,129.6,120.4,6.0,10.0,24.32,9.26,116.5
-30.86013889,29.07125,26-10-2011,135.0,125.2,6.300000000000001,8.2,25.55,12.0,120.6
-30.570833,29.150556,26-10-2011,134.6,109.4,5.5,7.6,24.269999,8.97,105.5
-33.897778,20.012778,26-10-2011,160.6,39.6,2.0,5.8,26.25,12.04,38.9
-25.447222,30.711667,26-10-2011,145.90001,91.9,4.6000000000000005,17.6,28.82,15.2,89.6
-30.13573889,30.67422222,27-10-2011,115.6,120.2,6.0,16.0,26.039999,16.529999,114.4
-31.031389,28.883333,27-10-2011,134.0,128.20000000000002,6.4,8.1,25.05,11.45,123.3
-34.405833,19.600556,27-10-2011,129.3,50.400000000000006,2.5,11.0,21.59,11.66,51.100002
-27.398611,26.614722,28-10-2011,197.40001,45.2,2.3000000000000003,2.7,30.63,12.32,43.2
-27.902778,24.615556,28-10-2011,222.2,30.400000000000002,1.5,0.3,32.67,12.639999,28.9
-29.803611,30.516111,28-10-2011,118.1,79.7,4.0,13.2,25.63,13.429999,78.4
-25.99136,27.84208,31-10-2011,173.7,56.0,2.8000000000000003,5.5,28.619999,13.12,54.0
-26.861111,28.884722,31-10-2011,167.0,63.800000000000004,3.2,5.9,27.539999,10.75,61.4
-26.45,28.085833,31-10-2011,172.3,59.7,3.0,5.0,28.01,11.71,57.3
-32.502778,19.535833,31-10-2011,197.6,11.3,0.6000000000000001,1.3000001,28.599998,11.16,10.8
-31.860278,18.6875,01-11-2011,196.1,12.100000000000001,0.6000000000000001,0.8,28.08,11.639999,11.5
-28.735556,29.820556,01-11-2011,155.8,54.1,2.7,3.5,29.09,12.5,51.7
-27.00222,28.76528,01-11-2011,168.6,61.2,3.1,5.6,27.73,10.51,58.9
-26.880278,26.965,01-11-2011,187.8,47.800000000000004,2.4000000000000004,3.7,29.84,12.429999,45.9
-27.38972222,26.46388889,01-11-2011,198.2,43.6,2.2,2.9,30.76,12.2699995,41.8
-29.160278,26.573333,01-11-2011,199.1,29.5,1.5,2.7,29.3,9.62,28.4
-30.679722,26.7125,01-11-2011,185.7,47.400000000000006,2.4000000000000004,2.3,28.15,8.75,45.3
-25.45963889,28.26430556,01-11-2011,182.8,54.2,2.7,5.7000003,31.4,14.759999,52.2
-28.338333,31.373611,01-11-2011,129.3,110.2,5.5,3.1000001,28.22,14.78,104.9
-25.81048333,27.90955222,02-11-2011,179.1,53.800000000000004,2.7,5.8,29.84,14.41,52.0
-29.641944,30.6875,02-11-2011,119.4,52.300000000000004,2.6,12.1,26.5,15.08,51.9
-28.69485,28.23487,02-11-2011,169.8,45.7,2.3000000000000003,3.5,26.199999,9.42,43.9
-29.615556,27.065278,02-11-2011,186.2,38.1,1.9000000000000001,2.9,27.97,9.45,36.600002
-29.161667,23.696389,03-11-2011,219.90001,14.600000000000001,0.7000000000000001,0.1,31.82,11.65,13.900001
-28.44555556,32.325,03-11-2011,119.5,120.10000000000001,6.0,23.6,27.849998,17.57,115.6
-27.602222,29.942778,03-11-2011,169.2,70.0,3.5,4.5,29.13,12.13,66.9
-30.160091,27.40124,03-11-2011,181.3,53.5,2.7,4.0,27.23,9.679999,51.5
-30.336111,27.359444,03-11-2011,177.2,57.800000000000004,2.9000000000000004,4.4,27.09,9.26,55.7
-28.883333,27.89,03-11-2011,175.6,40.800000000000004,2.0,3.8,27.019999,9.78,39.4
-29.1825,23.575556,03-11-2011,220.5,13.4,0.7000000000000001,0.1,31.71,11.79,12.7
-32.595833,19.009444,03-11-2011,186.1,15.8,0.8,6.8,28.71,11.759999,16.0
-28.7115,24.07288889,04-11-2011,220.5,19.6,1.0,0.3,32.27,11.49,18.6
-30.830556,26.921389,04-11-2011,182.8,52.1,2.6,3.0,27.26,8.49,49.9
-27.573056,24.746389,04-11-2011,213.2,33.9,1.7000000000000002,0.4,32.29,12.54,32.2
-30.679722,26.7125,04-11-2011,185.7,47.400000000000006,2.4000000000000004,2.3,28.15,8.75,45.3
-28.69485,28.23487,04-11-2011,169.8,45.7,2.3000000000000003,3.5,26.199999,9.42,43.9
-28.760833,17.730278,05-11-2011,231.1,5.4,0.30000000000000004,0.0,33.329998,16.44,5.2000003
-29.658056,25.973333,05-11-2011,202.3,21.400000000000002,1.1,2.4,28.71,9.3,20.7
-31.000833,26.353056,05-11-2011,182.8,33.0,1.7000000000000002,2.2,26.72,7.7,31.7
-27.169444,29.233889,07-11-2011,161.0,62.5,3.1,4.4,27.029999,10.099999,59.9
-26.73806,27.59194,07-11-2011,178.3,54.0,2.7,4.6,28.51,11.95,51.9
-27.01011111,26.69808333,08-11-2011,191.7,44.300000000000004,2.2,2.3,30.09,12.559999,42.3
-24.679167,30.8025,08-11-2011,143.1,90.7,4.5,16.9,27.779999,13.88,89.0
-24.183889,30.823889,08-11-2011,151.5,53.400000000000006,2.7,7.6,32.16,18.14,51.5
-25.127778,27.628889,08-11-2011,194.6,51.900000000000006,2.6,6.7000003,32.82,16.21,50.0
-25.20639,27.558,08-11-2011,194.2,52.300000000000004,2.6,7.1,32.649998,15.929999,50.5
-24.69514,27.40906,08-11-2011,198.0,53.7,2.7,7.6,33.219997,17.609999,51.8
-27.363611,31.783333,08-11-2011,139.0,83.5,4.2,11.7,30.359999,17.0,80.6
-29.380556,30.2775,08-11-2011,125.6,80.60000000000001,4.0,10.3,25.34,10.63,78.3
-26.98472222,26.63227778,08-11-2011,192.0,44.300000000000004,2.2,2.7,30.16,12.74,42.4
-27.398611,26.614722,08-11-2011,197.40001,45.2,2.3000000000000003,2.7,30.63,12.32,43.2
-27.671111,27.236944,08-11-2011,192.1,42.2,2.1,2.9,30.029999,11.679999,40.5
-27.495556,26.074722,08-11-2011,199.90001,38.7,1.9000000000000001,3.2,30.56,11.7,37.2
-24.058889,31.237222,09-11-2011,148.90001,52.5,2.6,1.4,32.45,18.88,49.9
-27.02314,28.59389,09-11-2011,170.5,60.1,3.0,5.4,27.88,10.63,57.8
-26.648056,27.089444,09-11-2011,183.90001,50.0,2.5,3.8,29.38,12.21,47.9
-27.273889,28.49,09-11-2011,171.90001,56.400000000000006,2.8000000000000003,5.0,27.81,10.19,54.3
-27.4275,28.525833,09-11-2011,168.6,55.5,2.8000000000000003,4.3,27.58,9.95,53.4
-27.3,28.586944,09-11-2011,168.90001,57.2,2.9000000000000004,4.8,27.66,10.15,55.0
-29.161667,30.629722,10-11-2011,125.6,83.30000000000001,4.2,9.5,25.73,11.8,80.8
-33.38056,19.30167,10-11-2011,165.2,31.700000000000003,1.6,9.900001,24.06,9.63,32.8
-33.31388889,19.07472222,10-11-2011,171.1,28.5,1.4000000000000001,12.2,26.71,12.09,30.2
-33.13083,18.86278,10-11-2011,174.6,22.5,1.1,8.6,27.449999,12.71,22.9
-33.7075,18.97444444,10-11-2011,168.0,39.1,2.0,14.3,26.099998,12.55,41.3
-28.75,30.442778,11-11-2011,150.7,58.5,2.9000000000000004,3.7,29.89,14.509999,55.9
-30.733889,29.828333,11-11-2011,119.1,157.3,7.9,44.100002,24.789999,12.83,119.1
-27.5275,30.858056,12-11-2011,141.7,112.9,5.6000000000000005,8.1,27.279999,12.82,108.4
-24.670833,28.560833,14-11-2011,180.5,60.900000000000006,3.0,7.3,31.539999,15.24,58.7
-25.99136,27.84208,14-11-2011,173.7,56.0,2.8000000000000003,5.5,28.619999,13.12,54.0
-24.925278,29.324444,14-11-2011,182.0,54.800000000000004,2.7,4.4,32.45,16.58,52.600002
-24.282222,28.090278,15-11-2011,175.8,51.2,2.6,7.4,31.57,15.54,49.600002
-29.380556,30.2775,15-11-2011,125.6,80.60000000000001,4.0,10.3,25.34,10.63,78.3
-27.00222,28.76528,15-11-2011,168.6,61.2,3.1,5.6,27.73,10.51,58.9
-26.648056,27.089444,15-11-2011,183.90001,50.0,2.5,3.8,29.38,12.21,47.9
-34.031944,22.053333,15-11-2011,127.700005,49.0,2.5,8.400001,22.63,11.849999,48.8
-34.039722,22.133333,15-11-2011,126.200005,51.7,2.6,8.8,22.529999,12.139999,51.5
-25.45963889,28.26430556,15-11-2011,182.8,54.2,2.7,5.7000003,31.4,14.759999,52.2
-29.161667,23.696389,16-11-2011,223.1,35.6,1.8,0.1,33.57,16.69,33.9
-25.81048333,27.90955222,16-11-2011,164.1,100.5,5.0,5.1,28.97,16.56,96.1
-22.935,28.004167,16-11-2011,164.0,81.80000000000001,4.1000000000000005,0.3,32.6,19.21,77.700005
-34.065833,20.404167,16-11-2011,179.3,12.700000000000001,0.6000000000000001,6.2000003,29.189999,15.91,13.2
-27.937778,31.209444,16-11-2011,154.3,82.30000000000001,4.1000000000000005,2.9,28.3,17.25,78.3
-28.404444,30.013056,16-11-2011,160.6,99.7,5.0,3.4,29.06,15.54,95.0
-28.141944,26.417778,16-11-2011,192.90001,83.30000000000001,4.2,2.5,29.789999,14.54,79.5
-30.160091,27.40124,16-11-2011,171.3,84.5,4.2,3.6000001,27.289999,12.719999,80.700005
-34.02861,22.22222,16-11-2011,152.8,23.3,1.2000000000000002,7.7000003,24.699999,14.87,23.800001
-33.818056,19.694722,16-11-2011,201.8,12.3,0.6000000000000001,6.2000003,28.73,14.099999,12.900001
-34.075556,20.145556,16-11-2011,183.2,13.3,0.7000000000000001,6.2000003,28.57,14.969999,13.8
-34.005833,22.351111,16-11-2011,149.3,27.6,1.4000000000000001,8.3,24.119999,14.889999,28.0
-28.058889,30.373611,16-11-2011,158.0,99.60000000000001,5.0,4.2000003,28.029999,14.679999,95.0
-22.91028,29.61111,17-11-2011,151.90001,112.60000000000001,5.6000000000000005,1.2,30.48,18.59,107.0
-27.38972222,26.46388889,17-11-2011,193.3,83.7,4.2,2.6000001,30.07,15.54,79.8
-27.398611,26.614722,17-11-2011,191.90001,84.9,4.2,2.5,29.939999,15.61,80.9
-27.671111,27.236944,17-11-2011,182.90001,94.2,4.7,2.7,29.48,15.049999,89.8
-33.897778,20.012778,17-11-2011,196.1,11.0,0.5,4.9,29.26,14.559999,11.3
-27.902778,24.615556,18-11-2011,208.0,70.8,3.5,0.3,32.02,15.94,67.200005
-28.760833,17.730278,19-11-2011,257.5,1.3,0.1,0.0,34.98,19.64,1.2
-29.161667,23.696389,21-11-2011,223.1,35.6,1.8,0.1,33.57,16.69,33.9
-27.01011111,26.69808333,21-11-2011,183.5,90.9,4.5,2.2,29.289999,15.61,86.6
-29.7775,29.470833,21-11-2011,138.3,148.1,7.4,8.900001,24.17,11.82,138.3
-29.744167,29.905833,21-11-2011,141.6,126.30000000000001,6.300000000000001,8.7,26.31,14.46,121.1
-26.861111,28.884722,21-11-2011,161.0,89.0,4.5,5.2000003,27.43,14.009999,85.200005
-26.45,28.085833,21-11-2011,162.5,90.0,4.5,4.5,27.789999,14.849999,86.0
-26.98472222,26.63227778,21-11-2011,181.40001,91.80000000000001,4.6000000000000005,2.5,29.349998,15.679999,87.4
-31.554722,29.245556,21-11-2011,123.700005,106.2,5.300000000000001,36.100002,24.68,16.57,115.3
-25.127778,27.628889,22-11-2011,169.3,112.2,5.6000000000000005,6.1,31.17,17.97,107.1
-25.20639,27.558,22-11-2011,170.0,112.9,5.6000000000000005,6.5,31.109999,17.91,108.0
-24.69514,27.40906,22-11-2011,172.90001,121.0,6.0,7.0,31.609999,18.789999,115.6
-29.987778,29.851667,22-11-2011,136.0,127.0,6.4,10.8,25.42,13.759999,122.4
-27.169444,29.233889,22-11-2011,157.3,90.0,4.5,4.0,26.93,13.59,86.0
-26.970278,27.211111,22-11-2011,173.90001,96.2,4.800000000000001,3.5,28.859999,15.42,91.8
-26.880278,26.965,22-11-2011,175.5,93.9,4.7,3.3,29.15,15.61,89.6
-31.394444,20.947222,22-11-2011,242.40001,8.700000000000001,0.4,0.0,30.929998,13.62,8.2
-29.651389,22.746389,22-11-2011,243.6,29.700000000000003,1.5,0.0,33.69,17.6,28.2
-27.495556,26.074722,22-11-2011,194.2,79.9,4.0,2.8,29.939999,14.9,76.3
-23.658056,31.05,23-11-2011,156.40001,65.4,3.3000000000000003,1.2,31.859999,20.039999,62.2
-28.747778,31.745833,23-11-2011,152.90001,97.7,4.9,6.4,29.599998,19.8,93.6
-28.801278,31.955389,23-11-2011,150.2,89.60000000000001,4.5,11.0,28.939999,19.64,87.6
-30.398056,30.601944,23-11-2011,134.7,125.4,6.300000000000001,49.0,26.41,19.43,127.0
-30.27402,30.69602,23-11-2011,134.40001,124.0,6.2,34.100002,26.349998,19.369999,124.4
-28.69485,28.23487,23-11-2011,160.7,103.4,5.2,3.1000001,25.769999,12.639999,98.6
-30.568333,29.422778,23-11-2011,137.7,105.30000000000001,5.300000000000001,8.5,24.699999,12.12,101.5
-30.13573889,30.67422222,24-11-2011,136.5,119.10000000000001,6.0,13.1,26.74,19.369999,116.0
-27.573056,24.746389,24-11-2011,208.40001,75.2,3.8000000000000003,0.4,31.66,15.66,71.5
-31.031389,28.883333,24-11-2011,138.90001,102.10000000000001,5.1000000000000005,7.0,25.63,14.299999,98.0
-30.86013889,29.07125,24-11-2011,140.6,101.60000000000001,5.1000000000000005,7.0,26.07,14.799999,97.700005
-30.77586667,29.03221667,24-11-2011,141.5,104.30000000000001,5.2,6.6,26.0,14.53,100.200005
-27.902778,24.615556,25-11-2011,208.0,70.8,3.5,0.3,32.02,15.94,67.200005
-29.803611,30.516111,25-11-2011,134.2,120.7,6.0,11.3,26.14,16.369999,116.5
-25.99136,27.84208,28-11-2011,161.1,98.5,4.9,4.9,28.039999,15.62,94.200005
-30.398056,30.601944,28-11-2011,134.7,125.4,6.300000000000001,49.0,26.41,19.43,127.0
-30.27402,30.69602,28-11-2011,134.40001,124.0,6.2,34.100002,26.349998,19.369999,124.4
-27.169444,29.233889,28-11-2011,157.3,90.0,4.5,4.0,26.93,13.59,86.0
-26.861111,28.884722,28-11-2011,161.0,89.0,4.5,5.2000003,27.43,14.009999,85.200005
-26.73806,27.59194,28-11-2011,168.1,96.30000000000001,4.800000000000001,4.1,28.13,15.17,92.0
-29.160278,26.573333,28-11-2011,190.1,84.30000000000001,4.2,2.4,28.949999,13.07,80.4
-28.735556,29.820556,29-11-2011,157.90001,104.9,5.2,3.2,29.14,15.839999,99.9
-30.679722,26.7125,29-11-2011,180.90001,68.10000000000001,3.4000000000000004,2.1000001,28.599998,12.28,64.9
-28.69485,28.23487,29-11-2011,160.7,103.4,5.2,3.1000001,25.769999,12.639999,98.6
-29.615556,27.065278,29-11-2011,178.7,87.60000000000001,4.4,2.6000001,27.769999,12.5199995,83.5
-28.883333,27.89,29-11-2011,164.2,105.80000000000001,5.300000000000001,3.3,26.349998,12.929999,101.0
-25.45963889,28.26430556,29-11-2011,164.5,104.7,5.2,5.1,29.849998,16.63,100.0
-25.81048333,27.90955222,30-11-2011,164.1,100.5,5.0,5.1,28.97,16.56,96.1
-29.641944,30.6875,30-11-2011,139.7,111.0,5.6000000000000005,10.400001,27.15,18.08,107.1
-27.602222,29.942778,30-11-2011,165.8,98.7,4.9,4.1,29.22,15.29,94.1
-27.02314,28.59389,30-11-2011,163.1,97.60000000000001,4.9,4.8,27.8,14.2,93.3
-27.273889,28.49,30-11-2011,164.3,104.7,5.2,4.4,27.599998,14.009999,100.1
-27.4275,28.525833,30-11-2011,163.6,107.7,5.4,3.8,27.46,13.75,102.8
-27.3,28.586944,30-11-2011,163.40001,103.80000000000001,5.2,4.2000003,27.63,13.929999,99.1
-30.160091,27.40124,30-11-2011,171.3,84.5,4.2,3.6000001,27.289999,12.719999,80.700005
-30.336111,27.359444,30-11-2011,171.90001,82.9,4.1000000000000005,3.8,27.3,12.259999,79.3
-25.447222,30.711667,30-11-2011,146.6,120.30000000000001,6.0,15.8,27.359999,16.32,116.0
-30.830556,26.921389,01-12-2011,175.90001,68.9,3.4000000000000004,2.7,27.859999,11.849999,65.8
-27.398611,26.614722,01-12-2011,191.90001,84.9,4.2,2.5,29.939999,15.61,80.9
-31.000833,26.353056,01-12-2011,181.2,53.800000000000004,2.7,2.0,27.609999,11.16,51.4
-29.658056,25.973333,02-12-2011,186.90001,71.0,3.6,2.2,28.289999,12.61,67.700005
-28.760833,17.730278,03-12-2011,257.5,1.3,0.1,0.0,34.98,19.64,1.2
-28.96362,19.15486,03-12-2011,269.7,2.7,0.1,0.0,35.84,17.57,2.5
-24.679167,30.8025,06-12-2011,143.3,149.0,7.4,16.7,25.99,15.07,141.7
-24.183889,30.823889,06-12-2011,152.3,94.10000000000001,4.7,7.0,30.939999,19.23,90.0
-25.127778,27.628889,06-12-2011,169.3,112.2,5.6000000000000005,6.1,31.17,17.97,107.1
-25.20639,27.558,06-12-2011,170.0,112.9,5.6000000000000005,6.5,31.109999,17.91,108.0
-24.69514,27.40906,06-12-2011,172.90001,121.0,6.0,7.0,31.609999,18.789999,115.6
-24.39619444,27.08983333,09-04-2014,112.6,40.800000000000004,2.0,2.3,28.689999,12.55,38.9
-29.380556,30.2775,06-12-2011,134.90001,117.4,5.9,9.0,25.3,13.86,112.8
-27.671111,27.236944,06-12-2011,182.90001,94.2,4.7,2.7,29.48,15.049999,89.8
-29.658056,25.973333,06-12-2011,186.90001,71.0,3.6,2.2,28.289999,12.61,67.700005
-33.501667,21.624167,06-12-2011,189.1,13.0,0.7000000000000001,0.1,27.64,11.98,12.400001
-29.161667,23.696389,07-12-2011,223.1,35.6,1.8,0.1,33.57,16.69,33.9
-27.01011111,26.69808333,07-12-2011,183.5,90.9,4.5,2.2,29.289999,15.61,86.6
-29.641944,30.6875,07-12-2011,139.7,111.0,5.6000000000000005,10.400001,27.15,18.08,107.1
-24.282222,28.090278,07-12-2011,155.40001,99.0,4.9,6.6,29.25,16.48,94.8
-24.058889,31.237222,07-12-2011,154.6,63.300000000000004,3.2,1.4,31.59,19.869999,60.100002
-26.45,28.085833,07-12-2011,162.5,90.0,4.5,4.5,27.789999,14.849999,86.0
-26.98472222,26.63227778,07-12-2011,181.40001,91.80000000000001,4.6000000000000005,2.5,29.349998,15.679999,87.4
-27.398611,26.614722,07-12-2011,191.90001,84.9,4.2,2.5,29.939999,15.61,80.9
-28.69485,28.23487,07-12-2011,160.7,103.4,5.2,3.1000001,25.769999,12.639999,98.6
-29.1825,23.575556,07-12-2011,227.90001,34.800000000000004,1.7000000000000002,0.1,33.489998,16.73,33.0
-27.4,26.624722,07-12-2011,191.90001,84.9,4.2,2.5,29.939999,15.61,80.9
-27.00222,28.76528,08-12-2011,161.6,95.4,4.800000000000001,5.0,27.63,14.11,91.200005
-26.648056,27.089444,08-12-2011,170.90001,93.9,4.7,3.4,28.599998,15.219999,89.6
-26.970278,27.211111,08-12-2011,173.90001,96.2,4.800000000000001,3.5,28.859999,15.42,91.8
-26.880278,26.965,08-12-2011,175.5,93.9,4.7,3.3,29.15,15.61,89.6
-27.902778,24.615556,09-12-2011,208.0,70.8,3.5,0.3,32.02,15.94,67.200005
-28.768056,20.720556,09-12-2011,257.0,31.700000000000003,1.6,0.0,34.57,16.94,30.1
-27.01011111,26.69808333,12-12-2011,183.5,90.9,4.5,2.2,29.289999,15.61,86.6
-25.99136,27.84208,12-12-2011,161.1,98.5,4.9,4.9,28.039999,15.62,94.200005
-24.058889,31.237222,12-12-2011,154.6,63.300000000000004,3.2,1.4,31.59,19.869999,60.100002
-29.380556,30.2775,12-12-2011,134.90001,117.4,5.9,9.0,25.3,13.86,112.8
-26.861111,28.884722,12-12-2011,161.0,89.0,4.5,5.2000003,27.43,14.009999,85.200005
-26.73806,27.59194,12-12-2011,168.1,96.30000000000001,4.800000000000001,4.1,28.13,15.17,92.0
-26.45,28.085833,12-12-2011,162.5,90.0,4.5,4.5,27.789999,14.849999,86.0
-26.98472222,26.63227778,12-12-2011,181.40001,91.80000000000001,4.6000000000000005,2.5,29.349998,15.679999,87.4
-24.925278,29.324444,13-12-2011,162.40001,109.5,5.5,4.0,30.97,17.51,104.5
-27.169444,29.233889,13-12-2011,157.3,90.0,4.5,4.0,26.93,13.59,86.0
-26.648056,27.089444,13-12-2011,170.90001,93.9,4.7,3.4,28.599998,15.219999,89.6
-26.970278,27.211111,13-12-2011,173.90001,96.2,4.800000000000001,3.5,28.859999,15.42,91.8
-26.880278,26.965,13-12-2011,175.5,93.9,4.7,3.3,29.15,15.61,89.6
-29.615556,27.065278,13-12-2011,178.7,87.60000000000001,4.4,2.6000001,27.769999,12.5199995,83.5
-31.396,29.2651,13-12-2011,134.5,98.7,4.9,23.9,25.96,17.63,119.5
-33.38056,19.30167,13-12-2011,194.3,13.4,0.7000000000000001,8.2,26.59,11.87,14.400001
-33.31388889,19.07472222,13-12-2011,205.90001,13.8,0.7000000000000001,10.2,29.13,14.309999,15.1
-29.161667,23.696389,14-12-2011,223.1,35.6,1.8,0.1,33.57,16.69,33.9
-25.81048333,27.90955222,14-12-2011,164.1,100.5,5.0,5.1,28.97,16.56,96.1
-27.937778,31.209444,14-12-2011,154.3,82.30000000000001,4.1000000000000005,2.9,28.3,17.25,78.3
-28.141944,26.417778,14-12-2011,192.90001,83.30000000000001,4.2,2.5,29.789999,14.54,79.5
-28.1175,26.719444,14-12-2011,188.7,84.0,4.2,2.5,29.539999,15.009999,80.1
-30.568333,29.422778,14-12-2011,137.7,105.30000000000001,5.300000000000001,8.5,24.699999,12.12,101.5
-31.104278,29.399722,14-12-2011,134.1,101.80000000000001,5.1000000000000005,21.6,25.75,16.289999,115.700005
-28.058889,30.373611,14-12-2011,158.0,99.60000000000001,5.0,4.2000003,28.029999,14.679999,95.0
-25.447222,30.711667,14-12-2011,146.6,120.30000000000001,6.0,15.8,27.359999,16.32,116.0
-27.5275,30.858056,15-12-2011,150.3,107.2,5.4,7.2000003,27.09,15.63,102.700005
-27.398611,26.614722,15-12-2011,191.90001,84.9,4.2,2.5,29.939999,15.61,80.9
-27.671111,27.236944,15-12-2011,182.90001,94.2,4.7,2.7,29.48,15.049999,89.8
-31.031389,28.883333,15-12-2011,138.90001,102.10000000000001,5.1000000000000005,7.0,25.63,14.299999,98.0
-30.86013889,29.07125,15-12-2011,140.6,101.60000000000001,5.1000000000000005,7.0,26.07,14.799999,97.700005
-32.502778,19.535833,19-12-2011,229.8,2.2,0.1,1.2,34.87,17.039999,2.2
-29.161667,23.696389,20-12-2011,226.6,33.1,1.7000000000000002,0.1,36.809998,17.97,31.4
-29.160278,26.573333,20-12-2011,200.0,55.6,2.8000000000000003,2.2,33.16,15.32,53.100002
-32.595833,19.009444,20-12-2011,231.3,2.3000000000000003,0.1,5.5,34.62,17.34,2.8
-33.13083,18.86278,20-12-2011,210.1,3.4000000000000004,0.2,6.7000003,33.37,18.369999,4.1
-28.69485,28.23487,21-12-2011,165.0,72.60000000000001,3.6,2.8,28.76,13.599999,69.3
-28.883333,27.89,21-12-2011,170.6,73.7,3.7,3.0,29.869999,14.219999,70.4
-29.1825,23.575556,21-12-2011,226.2,31.5,1.6,0.1,36.76,18.18,29.9
-33.7075,18.97444444,21-12-2011,212.8,5.2,0.30000000000000004,10.0,32.05,18.16,6.7000003
-27.573056,24.746389,22-12-2011,215.5,46.1,2.3000000000000003,0.4,35.42,17.34,43.8
-30.160091,27.40124,22-12-2011,181.7,61.5,3.1,3.2,31.189999,14.969999,58.9
-30.336111,27.359444,22-12-2011,182.7,58.5,2.9000000000000004,3.4,31.13,14.58,56.0
-30.830556,26.921389,23-12-2011,190.3,44.1,2.2,2.4,31.8,14.36,42.100002
-29.658056,25.973333,23-12-2011,201.6,45.6,2.3000000000000003,1.9,33.12,15.2,43.5
-31.000833,26.353056,23-12-2011,196.2,38.900000000000006,1.9000000000000001,1.8000001,31.48,13.88,37.100002
-25.362222,31.956667,26-12-2011,156.6,87.30000000000001,4.4,10.6,32.44,19.26,83.8
-25.14944444,31.94055556,26-12-2011,159.7,84.7,4.2,8.900001,32.6,19.63,81.200005
-28.735556,29.820556,27-12-2011,164.1,91.7,4.6000000000000005,3.0,31.519999,16.41,87.3
-29.641944,30.6875,28-12-2011,148.0,123.5,6.2,9.2,30.06,19.51,118.5
-29.758889,30.935278,28-12-2011,146.8,132.4,6.6000000000000005,8.900001,29.67,20.76,126.9
-27.602222,29.942778,29-12-2011,167.3,90.5,4.5,3.8,29.97,15.089999,86.3
-30.398056,30.601944,29-12-2011,148.3,58.2,2.9000000000000004,26.800001,29.439999,21.31,77.5
-30.27402,30.69602,29-12-2011,148.0,59.7,3.0,22.300001,29.38,21.119999,68.6
-28.760833,17.730278,03-01-2012,249.8,0.4,0.0,0.0,37.14,21.439999,0.4
-25.99136,27.84208,03-01-2012,173.1,73.3,3.7,4.4,30.16,16.039999,70.1
-26.861111,28.884722,03-01-2012,164.90001,69.8,3.5,4.7000003,28.96,13.759999,66.8
-26.73806,27.59194,03-01-2012,174.5,59.300000000000004,3.0,3.7,30.199999,15.29,56.7
-26.45,28.085833,03-01-2012,170.6,65.2,3.3000000000000003,4.1,29.74,14.88,62.4
-27.671111,27.236944,03-01-2012,188.3,52.400000000000006,2.6,2.4,31.789999,15.45,50.0
-27.01011111,26.69808333,04-01-2012,189.3,46.800000000000004,2.3000000000000003,2.0,32.01,16.199999,44.600002
-25.127778,27.628889,04-01-2012,187.5,56.5,2.8000000000000003,5.6,33.51,18.449999,54.2
-25.20639,27.558,04-01-2012,185.90001,55.7,2.8000000000000003,5.9,33.239998,18.26,53.4
-24.69514,27.40906,04-01-2012,187.7,54.800000000000004,2.7,6.4,33.57,19.47,52.600002
-27.169444,29.233889,04-01-2012,162.0,70.5,3.5,3.6000001,28.599998,13.41,67.3
-26.880278,26.965,04-01-2012,182.1,50.0,2.5,3.0,31.41,15.87,47.8
-26.98472222,26.63227778,04-01-2012,188.5,47.300000000000004,2.4000000000000004,2.3,32.17,16.449999,45.100002
-27.398611,26.614722,04-01-2012,195.8,46.800000000000004,2.3000000000000003,2.3,32.61,16.47,44.7
-25.45963889,28.26430556,04-01-2012,177.0,70.0,3.5,4.7000003,31.91,17.05,67.0
-27.495556,26.074722,04-01-2012,200.7,43.800000000000004,2.2,2.6000001,32.829998,16.029999,41.9
-27.4,26.624722,04-01-2012,195.8,46.800000000000004,2.3000000000000003,2.3,32.61,16.47,44.7
-25.81048333,27.90955222,05-01-2012,176.0,72.10000000000001,3.6,4.6,31.07,17.01,69.0
-29.161667,30.629722,05-01-2012,144.3,118.5,5.9,7.4,28.01,16.109999,113.5
-27.00222,28.76528,05-01-2012,166.1,67.3,3.4000000000000004,4.5,29.289999,13.94,64.4
-27.02314,28.59389,05-01-2012,168.3,66.10000000000001,3.3000000000000003,4.4,29.64,14.24,63.2
-26.648056,27.089444,05-01-2012,179.7,51.400000000000006,2.6,3.1000001,30.83,15.46,49.100002
-26.970278,27.211111,05-01-2012,181.3,53.1,2.7,3.2,31.05,15.639999,50.8
-27.273889,28.49,05-01-2012,168.40001,65.5,3.3000000000000003,4.0,29.609999,14.24,62.600002
-27.4275,28.525833,05-01-2012,167.7,65.7,3.3000000000000003,3.5,29.519999,13.969999,62.8
-27.3,28.586944,05-01-2012,168.1,66.3,3.3000000000000003,3.8,29.55,14.099999,63.4
-28.376944,24.303056,05-01-2012,220.8,46.6,2.3000000000000003,0.3,36.329998,17.51,44.3
-29.744167,29.905833,06-01-2012,150.0,68.9,3.4000000000000004,7.8,29.099998,15.889999,66.4
-29.7775,29.470833,09-01-2012,144.7,94.80000000000001,4.7,7.2000003,26.75,13.2699995,91.700005
-29.987778,29.851667,09-01-2012,144.90001,66.8,3.3000000000000003,9.5,28.16,15.29,64.8
-29.744167,29.905833,09-01-2012,150.0,68.9,3.4000000000000004,7.8,29.099998,15.889999,66.4
-26.970278,27.211111,09-01-2012,181.3,53.1,2.7,3.2,31.05,15.639999,50.8
-30.733889,29.828333,10-01-2012,142.2,55.300000000000004,2.8000000000000003,20.5,28.449999,17.699999,65.1
-26.880278,26.965,10-01-2012,182.1,50.0,2.5,3.0,31.41,15.87,47.8
-26.98472222,26.63227778,10-01-2012,188.5,47.300000000000004,2.4000000000000004,2.3,32.17,16.449999,45.100002
-33.501667,21.624167,10-01-2012,193.40001,12.4,0.6000000000000001,0.1,30.84,14.75,11.8
-30.27402,30.69602,11-01-2012,148.0,59.7,3.0,22.300001,29.38,21.119999,68.6
-33.818056,19.694722,11-01-2012,212.1,6.300000000000001,0.30000000000000004,5.3,32.1,17.22,6.8
-30.13573889,30.67422222,12-01-2012,148.7,72.9,3.6,11.1,29.699999,21.119999,71.3
-34.075556,20.145556,12-01-2012,197.40001,7.9,0.4,5.4,31.73,18.109999,8.3
-29.803611,30.516111,13-01-2012,143.8,96.9,4.800000000000001,9.8,28.98,17.949999,93.4
-24.670833,28.560833,16-01-2012,173.6,63.5,3.2,6.0,31.769999,17.02,60.9
-26.73806,27.59194,16-01-2012,174.5,59.300000000000004,3.0,3.7,30.199999,15.29,56.7
-26.45,28.085833,16-01-2012,170.6,65.2,3.3000000000000003,4.1,29.74,14.88,62.4
-27.044444,27.005,16-01-2012,184.5,50.7,2.5,3.0,31.51,15.95,48.5
-31.396,29.2651,16-01-2012,149.90001,49.2,2.5,14.8,29.22,19.869999,55.9
-31.554722,29.245556,16-01-2012,142.40001,50.5,2.5,17.7,27.9,18.779999,66.5
-25.73411,27.21422,29-03-2011,96.4,147.5,7.4,45.9,24.369999,10.349999,96.4
-27.01011111,26.69808333,17-01-2012,144.5,64.60000000000001,3.2,1.9,30.3,16.119999,61.5
-25.81048333,27.90955222,17-01-2012,144.8,46.5,2.3000000000000003,4.2000003,31.369999,16.75,44.600002
-24.679167,30.8025,17-01-2012,130.90001,78.2,3.9000000000000004,13.0,28.41,15.57,75.9
-24.183889,30.823889,17-01-2012,144.6,41.300000000000004,2.1,6.0,34.469997,19.939999,39.7
-24.282222,28.090278,17-01-2012,151.5,42.2,2.1,5.5,32.399998,17.27,40.600002
-25.99136,27.84208,17-01-2012,139.90001,50.5,2.5,4.0,30.05,15.639999,48.4
-25.20639,27.558,17-01-2012,157.5,46.0,2.3000000000000003,5.4,33.42,18.18,44.100002
-27.169444,29.233889,17-01-2012,131.40001,54.900000000000006,2.7,3.4,28.019999,13.179999,52.5
-27.00222,28.76528,17-01-2012,133.40001,56.800000000000004,2.8000000000000003,4.1,28.88,13.719999,54.4
-26.648056,27.089444,17-01-2012,141.3,59.5,3.0,2.9,29.89,15.37,56.8
-26.880278,26.965,17-01-2012,142.5,60.400000000000006,3.0,2.7,30.16,15.87,57.600002
-25.73411,27.21422,12-02-2013,155.3,46.300000000000004,2.3000000000000003,2.0,31.849998,15.33,44.0
-27.38972222,26.46388889,17-01-2012,146.6,67.10000000000001,3.4000000000000004,2.2,30.84,16.55,63.9
-29.042222,24.6,17-01-2012,160.6,79.0,4.0,0.1,32.38,16.529999,75.1
-30.679722,26.7125,17-01-2012,145.6,99.7,5.0,1.8000001,29.8,14.309999,94.9
-30.160091,27.40124,17-01-2012,144.3,98.80000000000001,4.9,2.9,28.75,14.25,94.1
-31.104278,29.399722,17-01-2012,117.4,141.1,7.1000000000000005,31.4,28.019999,17.99,117.4
-32.502778,19.535833,17-01-2012,190.0,4.0,0.2,1.1,33.71,16.06,3.9
-29.161667,23.696389,18-01-2012,171.90001,77.80000000000001,3.9000000000000004,0.1,33.42,17.32,73.9
-22.935,28.004167,18-01-2012,165.6,31.3,1.6,0.3,35.02,19.939999,29.800001
-30.830556,26.921389,18-01-2012,150.2,106.4,5.300000000000001,2.2,29.109999,13.719999,101.3
-23.23572222,27.717,18-01-2012,168.1,33.300000000000004,1.7000000000000002,0.5,35.25,19.689999,31.6
-25.127778,27.628889,18-01-2012,158.40001,45.5,2.3000000000000003,5.2000003,33.73,18.449999,43.600002
-24.69514,27.40906,18-01-2012,163.5,48.1,2.4000000000000004,6.0,34.11,19.32,46.2
-27.4275,28.525833,18-01-2012,133.0,58.6,2.9000000000000004,3.1000001,28.88,13.78,56.0
-25.73411,27.21422,11-02-2014,136.1,194.4,20.0,47.8,28.859999,16.539999,136.1
-28.141944,26.417778,18-01-2012,146.8,62.5,3.1,2.1000001,30.3,15.9,59.600002
-25.73411,27.21422,13-03-2014,112.5,55.2,2.8000000000000003,17.6,27.17,14.469999,82.6
-27.671111,27.236944,18-01-2012,140.6,60.6,3.0,2.2,29.869999,15.33,57.7
-25.73411,27.21422,04-06-2014,81.700005,0.0,0.0,7.7000003,21.55,1.9499999,1.7
-25.73411,27.21422,09-07-2014,83.1,0.0,0.0,6.6,20.73,1.3399999,1.2
-30.336111,27.359444,18-01-2012,141.5,107.80000000000001,5.4,3.1000001,28.74,13.849999,102.700005
-32.595833,19.009444,18-01-2012,192.40001,3.1,0.2,5.0,33.51,16.35,3.4
-25.73411,27.21422,02-09-2014,155.8,0.8,0.0,5.1,28.849998,8.83,1.4
-25.45963889,28.26430556,18-01-2012,148.1,43.7,2.2,4.3,32.62,16.97,41.9
-27.356667,27.286389,18-01-2012,139.8,57.5,2.9000000000000004,2.5,29.779999,15.41,54.9
-22.548889,28.898056,19-01-2012,158.8,27.0,1.4000000000000001,0.1,34.38,19.15,25.7
-22.91028,29.61111,19-01-2012,147.1,36.6,1.8,1.2,33.13,18.69,34.8
-27.398611,26.614722,19-01-2012,145.3,65.60000000000001,3.3000000000000003,2.1000001,30.71,16.4,62.5
-30.679722,26.7125,19-01-2012,145.6,99.7,5.0,1.8000001,29.8,14.309999,94.9
-27.356667,27.286389,19-01-2012,139.8,57.5,2.9000000000000004,2.5,29.779999,15.41,54.9
-23.658056,31.05,20-01-2012,144.2,35.6,1.8,1.2,34.77,20.359999,33.8
-30.27402,30.69602,20-01-2012,122.4,139.9,7.0,32.8,28.99,20.9,122.4
-27.671111,27.236944,20-01-2012,140.6,60.6,3.0,2.2,29.869999,15.33,57.7
-27.573056,24.746389,20-01-2012,162.3,86.7,4.3,0.4,32.489998,17.09,82.4
-27.902778,24.615556,20-01-2012,164.1,85.30000000000001,4.3,0.3,32.85,17.32,81.0
-28.760833,17.730278,22-01-2012,206.5,10.3,0.5,0.0,36.2,21.09,9.7
-27.044444,27.005,23-01-2012,141.8,60.5,3.0,2.7,30.109999,15.78,57.8
-29.161667,23.696389,24-01-2012,171.90001,77.80000000000001,3.9000000000000004,0.1,33.42,17.32,73.9
-27.01011111,26.69808333,24-01-2012,144.5,64.60000000000001,3.2,1.9,30.3,16.119999,61.5
-26.880278,26.965,24-01-2012,142.5,60.400000000000006,3.0,2.7,30.16,15.87,57.600002
-27.273889,28.49,24-01-2012,134.40001,57.300000000000004,2.9000000000000004,3.6000001,29.119999,13.969999,54.8
-27.4275,28.525833,24-01-2012,133.0,58.6,2.9000000000000004,3.1000001,28.88,13.78,56.0
-25.73411,27.21422,24-06-2015,86.6,13.100000000000001,0.7000000000000001,2.4,21.63,3.74,12.5
-25.73411,27.21422,07-07-2015,86.6,13.100000000000001,0.7000000000000001,2.4,21.63,3.74,12.5
-27.3,28.586944,24-01-2012,133.6,56.7,2.8000000000000003,3.5,28.91,13.74,54.2
-31.031389,28.883333,24-01-2012,121.0,138.8,6.9,17.0,27.66,15.849999,121.0
-30.86013889,29.07125,24-01-2012,121.4,130.70000000000002,6.5,8.900001,28.029999,16.33,121.4
-33.31388889,19.07472222,24-01-2012,179.8,6.2,0.30000000000000004,7.7000003,31.699999,16.97,7.0
-25.45963889,28.26430556,24-01-2012,148.1,43.7,2.2,4.3,32.62,16.97,41.9
-29.161667,23.696389,25-01-2012,171.90001,77.80000000000001,3.9000000000000004,0.1,33.42,17.32,73.9
-29.042222,24.6,25-01-2012,160.6,79.0,4.0,0.1,32.38,16.529999,75.1
-29.028629,24.638389,25-01-2012,160.90001,79.0,3.9000000000000004,0.1,32.37,16.41,75.0
-30.568333,29.422778,25-01-2012,116.700005,122.5,6.1000000000000005,7.4,26.51,13.349999,116.4
-33.38056,19.30167,25-01-2012,169.40001,7.7,0.4,6.1,29.34,14.44,8.2
-33.13083,18.86278,25-01-2012,178.8,4.4,0.2,6.0,32.219997,17.5,4.8
-29.758889,30.935278,26-01-2012,123.3,98.2,4.9,7.9,29.49,20.529999,94.200005
-29.161667,30.629722,26-01-2012,120.9,82.80000000000001,4.1000000000000005,6.7000003,27.849998,15.98,79.4
-34.031944,22.053333,26-01-2012,129.8,24.700000000000003,1.2000000000000002,5.2000003,26.529999,16.52,24.300001
-34.039722,22.133333,26-01-2012,127.8,25.8,1.3,5.5,26.33,16.82,25.300001
-34.02861,22.22222,26-01-2012,125.1,27.6,1.4000000000000001,5.8,25.82,16.609999,27.1
-30.398056,30.601944,27-01-2012,123.3,146.6,7.300000000000001,42.8,29.099998,21.15,123.3
-30.27402,30.69602,27-01-2012,122.4,139.9,7.0,32.8,28.99,20.9,122.4
-25.447222,30.711667,27-01-2012,138.5,53.0,2.7,13.1,30.949999,17.109999,51.600002
-29.641944,30.6875,28-01-2012,124.200005,83.80000000000001,4.2,8.3,29.71,19.279999,80.5
-29.380556,30.2775,28-01-2012,117.9,92.30000000000001,4.6000000000000005,7.2000003,27.42,14.73,88.5
-25.127778,27.628889,30-01-2012,158.40001,45.5,2.3000000000000003,5.2000003,33.73,18.449999,43.600002
-25.20639,27.558,30-01-2012,157.5,46.0,2.3000000000000003,5.4,33.42,18.18,44.100002
-24.69514,27.40906,30-01-2012,163.5,48.1,2.4000000000000004,6.0,34.11,19.32,46.2
-27.169444,29.233889,30-01-2012,131.40001,54.900000000000006,2.7,3.4,28.019999,13.179999,52.5
-26.861111,28.884722,30-01-2012,133.90001,55.6,2.8000000000000003,4.3,28.73,13.549999,53.2
-26.970278,27.211111,30-01-2012,140.5,58.0,2.9000000000000004,2.9,29.9,15.589999,55.4
-26.73806,27.59194,30-01-2012,137.7,53.5,2.7,3.4,29.38,15.009999,51.100002
-26.45,28.085833,30-01-2012,135.3,53.300000000000004,2.7,3.7,29.269999,14.61,51.0
-27.00222,28.76528,31-01-2012,133.40001,56.800000000000004,2.8000000000000003,4.1,28.88,13.719999,54.4
-27.273889,28.49,31-01-2012,134.40001,57.300000000000004,2.9000000000000004,3.6000001,29.119999,13.969999,54.8
-26.98472222,26.63227778,31-01-2012,145.0,65.4,3.3000000000000003,2.1000001,30.49,16.4,62.3
-29.160278,26.573333,31-01-2012,147.90001,75.10000000000001,3.8000000000000003,2.0,30.06,14.82,71.5
-33.818056,19.694722,31-01-2012,169.90001,9.9,0.5,4.6,30.58,16.48,10.1
-27.3,28.586944,01-02-2012,133.6,56.7,2.8000000000000003,3.5,28.91,13.74,54.2
-28.69485,28.23487,01-02-2012,131.90001,75.0,3.7,2.5,27.46,13.58,71.5
-29.615556,27.065278,01-02-2012,144.90001,87.10000000000001,4.4,2.1000001,29.029999,14.41,83.0
-28.883333,27.89,01-02-2012,133.8,77.80000000000001,3.9000000000000004,2.7,27.76,14.0199995,74.200005
-34.075556,20.145556,01-02-2012,156.7,13.5,0.7000000000000001,4.7000003,30.039999,17.09,13.5
-24.925278,29.324444,02-02-2012,153.0,36.5,1.8,3.3,34.11,18.08,35.0
-30.336111,27.359444,02-02-2012,141.5,107.80000000000001,5.4,3.1000001,28.74,13.849999,102.700005
-27.573056,24.746389,03-02-2012,162.3,86.7,4.3,0.4,32.489998,17.09,82.4
-27.902778,24.615556,03-02-2012,164.1,85.30000000000001,4.3,0.3,32.85,17.32,81.0
-29.658056,25.973333,03-02-2012,149.90001,64.0,3.2,1.8000001,29.599998,14.42,60.9
-31.000833,26.353056,03-02-2012,151.0,94.60000000000001,4.7,1.6,28.789999,12.9,90.0
-30.679722,26.7125,03-02-2012,145.6,99.7,5.0,1.8000001,29.8,14.309999,94.9
-28.760833,17.730278,05-02-2012,206.5,10.3,0.5,0.0,36.2,21.09,9.7
-25.99136,27.84208,06-02-2012,139.90001,50.5,2.5,4.0,30.05,15.639999,48.4
-29.987778,29.851667,06-02-2012,117.1,130.1,6.5,16.0,27.439999,14.83,117.1
-26.45,28.085833,06-02-2012,135.3,53.300000000000004,2.7,3.7,29.269999,14.61,51.0
-27.398611,26.614722,06-02-2012,145.3,65.60000000000001,3.3000000000000003,2.1000001,30.71,16.4,62.5
-27.671111,27.236944,06-02-2012,140.6,60.6,3.0,2.2,29.869999,15.33,57.7
-29.042222,24.6,06-02-2012,160.6,79.0,4.0,0.1,32.38,16.529999,75.1
-27.356667,27.286389,06-02-2012,139.8,57.5,2.9000000000000004,2.5,29.779999,15.41,54.9
-27.01011111,26.69808333,07-02-2012,144.5,64.60000000000001,3.2,1.9,30.3,16.119999,61.5
-30.830556,26.921389,07-02-2012,150.2,106.4,5.300000000000001,2.2,29.109999,13.719999,101.3
-30.733889,29.828333,07-02-2012,116.3,129.5,6.5,27.2,27.75,17.449999,116.3
-29.380556,30.2775,07-02-2012,117.9,92.30000000000001,4.6000000000000005,7.2000003,27.42,14.73,88.5
-26.98472222,26.63227778,07-02-2012,145.0,65.4,3.3000000000000003,2.1000001,30.49,16.4,62.3
-25.45963889,28.26430556,07-02-2012,148.1,43.7,2.2,4.3,32.62,16.97,41.9
-25.57877778,29.12747222,07-02-2012,145.3,41.800000000000004,2.1,4.0,32.07,16.02,40.100002
-27.4,26.624722,07-02-2012,145.3,65.60000000000001,3.3000000000000003,2.1000001,30.71,16.4,62.5
-25.81048333,27.90955222,08-02-2012,144.8,46.5,2.3000000000000003,4.2000003,31.369999,16.75,44.600002
-27.937778,31.209444,08-02-2012,132.6,59.900000000000006,3.0,2.7,30.449999,17.529999,57.0
-30.398056,30.601944,08-02-2012,123.3,146.6,7.300000000000001,42.8,29.099998,21.15,123.3
-30.27402,30.69602,08-02-2012,122.4,139.9,7.0,32.8,28.99,20.9,122.4
-27.00222,28.76528,08-02-2012,133.40001,56.800000000000004,2.8000000000000003,4.1,28.88,13.719999,54.4
-27.02314,28.59389,08-02-2012,134.5,56.2,2.8000000000000003,4.0,29.21,13.99,53.8
-26.648056,27.089444,08-02-2012,141.3,59.5,3.0,2.9,29.89,15.37,56.8
-26.970278,27.211111,08-02-2012,140.5,58.0,2.9000000000000004,2.9,29.9,15.589999,55.4
-26.880278,26.965,08-02-2012,142.5,60.400000000000006,3.0,2.7,30.16,15.87,57.600002
-27.273889,28.49,08-02-2012,134.40001,57.300000000000004,2.9000000000000004,3.6000001,29.119999,13.969999,54.8
-27.4275,28.525833,08-02-2012,133.0,58.6,2.9000000000000004,3.1000001,28.88,13.78,56.0
-27.3,28.586944,08-02-2012,133.6,56.7,2.8000000000000003,3.5,28.91,13.74,54.2
-27.044444,27.005,08-02-2012,141.8,60.5,3.0,2.7,30.109999,15.78,57.8
-29.028629,24.638389,08-02-2012,160.90001,79.0,3.9000000000000004,0.1,32.37,16.41,75.0
-34.329722,18.990278,08-02-2012,132.8,11.9,0.6000000000000001,12.6,24.81,15.67,13.5
-27.5275,30.858056,09-02-2012,133.0,61.900000000000006,3.1,6.0,29.59,16.1,59.3
-30.13573889,30.67422222,09-02-2012,123.6,125.4,6.300000000000001,10.5,29.359999,20.83,119.700005
-29.803611,30.516111,10-02-2012,120.8,103.30000000000001,5.2,8.8,28.57,17.77,99.200005
-28.44555556,32.325,12-02-2012,133.7,126.30000000000001,6.300000000000001,11.400001,31.39,21.359999,122.3
-29.161667,30.629722,12-02-2012,120.9,82.80000000000001,4.1000000000000005,6.7000003,27.849998,15.98,79.4
-26.73806,27.59194,13-02-2012,137.7,53.5,2.7,3.4,29.38,15.009999,51.100002
-31.396,29.2651,13-02-2012,119.0,148.5,7.4,36.9,28.289999,19.359999,119.0
-31.554722,29.245556,13-02-2012,112.8,157.4,11.700000000000001,50.5,27.05,18.23,112.8
-25.127778,27.628889,14-02-2012,158.40001,45.5,2.3000000000000003,5.2000003,33.73,18.449999,43.600002
-25.20639,27.558,14-02-2012,157.5,46.0,2.3000000000000003,5.4,33.42,18.18,44.100002
-27.169444,29.233889,14-02-2012,131.40001,54.900000000000006,2.7,3.4,28.019999,13.179999,52.5
-30.568333,29.422778,14-02-2012,116.700005,122.5,6.1000000000000005,7.4,26.51,13.349999,116.4
-30.570833,29.150556,14-02-2012,118.4,125.30000000000001,6.300000000000001,6.4,26.019999,12.98,118.4
-31.104278,29.399722,14-02-2012,117.4,141.1,7.1000000000000005,31.4,28.019999,17.99,117.4
-32.595833,19.009444,14-02-2012,192.40001,3.1,0.2,5.0,33.51,16.35,3.4
-28.141944,26.417778,15-02-2012,146.8,62.5,3.1,2.1000001,30.3,15.9,59.600002
-28.1175,26.719444,15-02-2012,146.2,63.5,3.2,2.1000001,30.25,16.029999,60.5
-31.031389,28.883333,15-02-2012,121.0,138.8,6.9,17.0,27.66,15.849999,121.0
-30.86013889,29.07125,15-02-2012,121.4,130.70000000000002,6.5,8.900001,28.029999,16.33,121.4
-30.77586667,29.03221667,15-02-2012,123.1,128.4,6.4,5.7000003,27.88,15.88,122.1
-24.69514,27.40906,16-02-2012,169.90001,61.7,3.1,5.6,32.88,17.01,59.0
-27.398611,26.614722,16-02-2012,152.5,41.6,2.1,2.0,30.32,13.86,39.7
-27.671111,27.236944,16-02-2012,145.5,39.800000000000004,2.0,2.0,29.41,12.84,38.0
-28.376944,24.303056,16-02-2012,170.0,31.900000000000002,1.6,0.3,32.649998,14.13,30.300001
-29.615556,27.065278,16-02-2012,136.5,39.800000000000004,2.0,1.9,28.09,11.849999,38.0
-27.356667,27.286389,16-02-2012,145.0,45.1,2.3000000000000003,2.3,29.41,12.889999,43.0
-27.4,26.624722,16-02-2012,152.5,41.6,2.1,2.0,30.32,13.86,39.7
-22.43772222,31.07805556,17-02-2012,165.8,46.400000000000006,2.3000000000000003,0.5,34.55,19.56,44.100002
-27.902778,24.615556,17-02-2012,169.6,35.6,1.8,0.3,32.46,14.71,33.8
-34.250556,20.9925,17-02-2012,125.9,35.0,1.8,6.7000003,27.98,17.039999,34.100002
-28.760833,17.730278,19-02-2012,203.3,12.600000000000001,0.6000000000000001,0.0,36.41,21.55,12.0
-27.01011111,26.69808333,20-02-2012,149.8,48.6,2.4000000000000004,1.8000001,29.65,13.559999,46.3
-26.45,28.085833,20-02-2012,141.2,60.300000000000004,3.0,3.5,28.289999,11.969999,57.5
-26.98472222,26.63227778,20-02-2012,150.7,49.900000000000006,2.5,2.0,29.83,13.83,47.600002
-33.501667,21.624167,20-02-2012,131.90001,31.700000000000003,1.6,0.1,28.369999,13.7699995,30.2
-33.31388889,19.07472222,20-02-2012,154.6,23.1,1.2000000000000002,6.9,30.83,16.42,22.800001
-24.679167,30.8025,21-02-2012,130.5,126.7,6.300000000000001,12.0,26.47,13.03,121.4
-30.830556,26.921389,21-02-2012,135.40001,69.0,3.5,2.0,28.09,12.059999,65.8
-24.670833,28.560833,21-02-2012,156.7,58.6,2.9000000000000004,5.1,31.22,14.37,56.100002
-28.735556,29.820556,21-02-2012,131.5,56.2,2.8000000000000003,2.6000001,30.109999,14.25,53.5
-26.648056,27.089444,21-02-2012,146.0,52.900000000000006,2.6,2.7,29.08,12.78,50.5
-26.970278,27.211111,21-02-2012,146.8,48.400000000000006,2.4000000000000004,2.7,29.34,13.059999,46.2
-26.880278,26.965,21-02-2012,147.5,49.800000000000004,2.5,2.5,29.439999,13.259999,47.600002
-27.044444,27.005,21-02-2012,147.3,47.400000000000006,2.4000000000000004,2.5,29.449999,13.17,45.3
-25.45963889,28.26430556,21-02-2012,154.0,63.2,3.2,4.0,31.439999,14.679999,60.4
-28.068333,31.55,21-02-2012,134.5,92.2,4.6000000000000005,2.1000001,31.789999,18.52,87.6
-29.161667,23.696389,22-02-2012,174.1,30.900000000000002,1.5,0.1,32.67,14.33,29.4
-29.641944,30.6875,22-02-2012,122.8,40.1,2.0,7.5,29.369999,17.55,38.8
-27.38972222,26.46388889,22-02-2012,153.8,42.300000000000004,2.1,2.0,30.519999,13.96,40.3
-30.679722,26.7125,22-02-2012,136.90001,64.8,3.2,1.7,28.75,12.32,61.600002
-29.1825,23.575556,22-02-2012,176.5,30.0,1.5,0.1,32.69,14.58,28.5
-28.7115,24.07288889,23-02-2012,171.5,31.1,1.6,0.3,32.62,14.12,29.5
-27.602222,29.942778,23-02-2012,138.5,62.900000000000006,3.1,3.3,28.91,12.87,59.9
-28.75,30.442778,23-02-2012,134.3,57.6,2.9000000000000004,2.7,30.83,16.029999,54.9
-29.380556,30.2775,23-02-2012,116.0,71.2,3.6,6.6,26.92,13.2,68.3
-27.398611,26.614722,23-02-2012,152.5,41.6,2.1,2.0,30.32,13.86,39.7
-29.758889,30.935278,24-02-2012,120.0,70.3,3.5,7.2000003,28.98,18.81,67.6
-27.573056,24.746389,24-02-2012,169.6,39.7,2.0,0.4,32.059998,14.599999,37.7
-34.031944,22.053333,24-02-2012,117.1,39.0,1.9000000000000001,4.7000003,26.269999,16.02,37.600002
-34.039722,22.133333,24-02-2012,114.700005,40.400000000000006,2.0,4.9,26.09,16.33,39.0
-30.398056,30.601944,25-02-2012,122.3,127.30000000000001,6.4,42.2,28.8,19.76,121.5
-30.27402,30.69602,25-02-2012,120.6,115.4,5.800000000000001,29.1,28.689999,19.39,113.3
-27.169444,29.233889,27-02-2012,132.7,53.6,2.7,3.1000001,27.18,10.719999,51.2
-26.861111,28.884722,27-02-2012,138.2,57.400000000000006,2.9000000000000004,4.0,27.869999,11.099999,54.9
-26.73806,27.59194,27-02-2012,142.5,50.1,2.5,3.1000001,28.599998,12.21,47.9
-25.127778,27.628889,28-02-2012,164.5,56.1,2.8000000000000003,4.8,32.61,16.039999,53.7
-25.20639,27.558,28-02-2012,159.90001,56.400000000000006,2.8000000000000003,5.0,32.38,15.809999,54.0
-24.69514,27.40906,28-02-2012,169.90001,61.7,3.1,5.6,32.88,17.01,59.0
-27.00222,28.76528,28-02-2012,137.40001,56.7,2.8000000000000003,3.8,28.06,11.19,54.2
-33.818056,19.694722,28-02-2012,145.0,29.1,1.5,4.1,29.66,15.969999,28.2
-29.161667,23.696389,29-02-2012,174.1,30.900000000000002,1.5,0.1,32.67,14.33,29.4
-22.769722,30.886944,29-02-2012,153.0,71.8,3.6,4.7000003,32.12,18.34,68.4
-23.281,30.54305556,29-02-2012,151.40001,99.5,5.0,5.1,31.539999,18.46,94.8
-26.905,32.324722,29-02-2012,139.6,67.10000000000001,3.4000000000000004,7.7000003,33.38,18.82,64.3
-28.69485,28.23487,29-02-2012,127.4,39.6,2.0,2.3,26.67,10.71,37.9
-28.883333,27.89,29-02-2012,128.90001,38.5,1.9000000000000001,2.5,26.88,11.139999,36.8
-34.075556,20.145556,29-02-2012,132.7,29.0,1.5,4.2000003,28.99,16.63,28.1
-24.925278,29.324444,01-03-2012,160.7,60.300000000000004,3.0,3.1000001,32.37,15.599999,57.600002
-27.573056,24.746389,01-03-2012,169.6,39.7,2.0,0.4,32.059998,14.599999,37.7
-30.160091,27.40124,01-03-2012,131.1,54.300000000000004,2.7,2.6000001,27.71,12.2,51.9
-30.336111,27.359444,01-03-2012,130.90001,60.1,3.0,2.8,27.73,12.009999,57.4
-29.615556,27.065278,01-03-2012,136.5,39.800000000000004,2.0,1.9,28.09,11.849999,38.0
-30.830556,26.921389,02-03-2012,135.40001,69.0,3.5,2.0,28.09,12.059999,65.8
-23.658056,31.05,02-03-2012,152.90001,66.8,3.3000000000000003,1.1,32.98,19.02,63.5
-27.902778,24.615556,02-03-2012,169.6,35.6,1.8,0.3,32.46,14.71,33.8
-29.658056,25.973333,02-03-2012,148.1,31.0,1.6,1.6,29.09,12.03,29.6
-29.028629,24.638389,02-03-2012,170.2,31.6,1.6,0.1,31.63,13.84,30.0
-31.000833,26.353056,02-03-2012,138.3,74.4,3.7,1.5,27.63,11.3,70.8
-30.679722,26.7125,02-03-2012,136.90001,64.8,3.2,1.7,28.75,12.32,61.600002
-28.760833,17.730278,04-03-2012,203.3,12.600000000000001,0.6000000000000001,0.0,36.41,21.55,12.0
-25.99136,27.84208,05-03-2012,142.1,64.8,3.2,3.7,29.05,12.88,61.8
-24.058889,31.237222,05-03-2012,152.8,70.0,3.5,1.3000001,32.95,18.9,66.5
-29.987778,29.851667,05-03-2012,117.0,91.4,4.6000000000000005,13.2,27.119999,13.15,89.6
-29.744167,29.905833,05-03-2012,120.3,77.7,3.9000000000000004,6.7000003,27.689999,13.429999,74.5
-26.861111,28.884722,05-03-2012,138.2,57.400000000000006,2.9000000000000004,4.0,27.869999,11.099999,54.9
-26.45,28.085833,05-03-2012,141.2,60.300000000000004,3.0,3.5,28.289999,11.969999,57.5
-28.768056,20.720556,05-03-2012,189.2,12.600000000000001,0.6000000000000001,0.0,34.32,16.98,12.0
-30.733889,29.828333,06-03-2012,118.5,119.30000000000001,6.0,25.6,27.74,16.13,115.0
-29.380556,30.2775,06-03-2012,116.0,71.2,3.6,6.6,26.92,13.2,68.3
-27.398611,26.614722,06-03-2012,152.5,41.6,2.1,2.0,30.32,13.86,39.7
-27.671111,27.236944,06-03-2012,145.5,39.800000000000004,2.0,2.0,29.41,12.84,38.0
-29.042222,24.6,06-03-2012,169.8,31.6,1.6,0.1,31.699999,13.83,30.0
-30.336111,27.359444,06-03-2012,130.90001,60.1,3.0,2.8,27.73,12.009999,57.4
-27.4,26.624722,06-03-2012,152.5,41.6,2.1,2.0,30.32,13.86,39.7
-29.161667,23.696389,07-03-2012,174.1,30.900000000000002,1.5,0.1,32.67,14.33,29.4
-24.925278,29.324444,18-10-2011,182.0,54.800000000000004,2.7,4.4,32.45,16.58,52.600002
-28.7115,24.07288889,07-03-2012,171.5,31.1,1.6,0.3,32.62,14.12,29.5
-25.81048333,27.90955222,07-03-2012,147.8,61.400000000000006,3.1,3.9,30.359999,14.179999,58.7
-27.937778,31.209444,07-03-2012,129.6,80.9,4.0,2.6000001,29.47,15.63,77.0
-28.404444,30.013056,07-03-2012,133.2,58.900000000000006,2.9000000000000004,2.8,29.279999,13.809999,56.100002
-30.398056,30.601944,07-03-2012,122.3,127.30000000000001,6.4,42.2,28.8,19.76,121.5
-24.925278,29.324444,07-06-2012,81.3,0.4,0.0,2.5,25.119999,3.9599998,0.5
-24.925278,29.324444,09-08-2012,116.5,0.0,0.0,2.2,28.019999,6.95,0.1
-24.925278,29.324444,05-10-2012,163.8,70.60000000000001,3.5,2.0,31.519999,14.91,67.200005
-30.27402,30.69602,07-03-2012,120.6,115.4,5.800000000000001,29.1,28.689999,19.39,113.3
-27.02314,28.59389,07-03-2012,139.7,57.900000000000006,2.9000000000000004,3.7,28.41,11.44,55.3
-27.273889,28.49,07-03-2012,138.90001,58.0,2.9000000000000004,3.3,28.34,11.29,55.4
-24.925278,29.324444,02-07-2013,86.6,0.4,0.0,1.4,24.92,3.4299998,0.5
-24.925278,29.324444,22-08-2013,151.6,2.2,0.1,1.3000001,32.059998,10.07,2.1000001
-24.925278,29.324444,16-09-2013,175.7,32.5,1.6,1.3000001,32.21,13.23,30.9
-27.4275,28.525833,07-03-2012,135.2,54.5,2.7,2.9,27.949999,11.04,52.100002
-24.925278,29.324444,20-01-2014,148.5,91.10000000000001,4.6000000000000005,1.1,31.429998,18.5,86.5
-27.3,28.586944,07-03-2012,137.2,57.1,2.9000000000000004,3.2,28.15,11.11,54.5
-29.1825,23.575556,07-03-2012,176.5,30.0,1.5,0.1,32.69,14.58,28.5
-24.925278,29.324444,10-06-2014,81.5,0.0,0.0,1.0,25.269999,3.4399998,0.0
-24.925278,29.324444,18-07-2014,114.200005,0.9,0.0,1.0,27.269999,6.33,0.90000004
-34.329722,18.990278,07-03-2012,117.4,41.0,2.1,11.1,24.18,15.42,40.5
-24.925278,29.324444,05-09-2014,149.0,0.5,0.0,0.90000004,31.33,10.5199995,0.5
-28.058889,30.373611,07-03-2012,130.8,67.2,3.4000000000000004,3.4,28.15,13.13,64.0
-27.5275,30.858056,08-03-2012,129.8,88.60000000000001,4.4,5.5,28.279999,13.79,84.6
-27.38972222,26.46388889,08-03-2012,153.8,42.300000000000004,2.1,2.0,30.519999,13.96,40.3
-27.398611,26.614722,08-03-2012,152.5,41.6,2.1,2.0,30.32,13.86,39.7
-30.679722,26.7125,08-03-2012,136.90001,64.8,3.2,1.7,28.75,12.32,61.600002
-29.803611,30.516111,09-03-2012,120.3,55.800000000000004,2.8000000000000003,7.9,28.43,16.18,53.9
-27.01011111,26.69808333,12-03-2012,149.8,48.6,2.4000000000000004,1.8000001,29.65,13.559999,46.3
-32.595833,19.009444,12-03-2012,163.90001,12.0,0.6000000000000001,4.6,32.2,16.18,11.8
-25.127778,27.628889,13-03-2012,164.5,56.1,2.8000000000000003,4.8,32.61,16.039999,53.7
-25.20639,27.558,13-03-2012,159.90001,56.400000000000006,2.8000000000000003,5.0,32.38,15.809999,54.0
-24.69514,27.40906,13-03-2012,169.90001,61.7,3.1,5.6,32.88,17.01,59.0
-28.747778,31.745833,13-03-2012,130.5,154.8,7.7,21.9,31.0,18.92,130.5
-27.169444,29.233889,13-03-2012,132.7,53.6,2.7,3.1000001,27.18,10.719999,51.2
-27.00222,28.76528,13-03-2012,137.40001,56.7,2.8000000000000003,3.8,28.06,11.19,54.2
-26.648056,27.089444,13-03-2012,146.0,52.900000000000006,2.6,2.7,29.08,12.78,50.5
-26.970278,27.211111,13-03-2012,146.8,48.400000000000006,2.4000000000000004,2.7,29.34,13.059999,46.2
-26.880278,26.965,13-03-2012,147.5,49.800000000000004,2.5,2.5,29.439999,13.259999,47.600002
-26.98472222,26.63227778,13-03-2012,150.7,49.900000000000006,2.5,2.0,29.83,13.83,47.600002
-31.104278,29.399722,13-03-2012,117.8,133.70000000000002,6.7,40.600002,27.64,16.68,117.8
-31.396,29.2651,13-03-2012,119.700005,150.5,18.0,49.600002,27.92,18.25,119.700005
-33.501667,21.624167,13-03-2012,131.90001,31.700000000000003,1.6,0.1,28.369999,13.7699995,30.2
-29.161667,23.696389,14-03-2012,174.1,30.900000000000002,1.5,0.1,32.67,14.33,29.4
-28.801278,31.955389,14-03-2012,130.0,152.70000000000002,7.6000000000000005,23.300001,30.88,19.22,130.0
-28.141944,26.417778,14-03-2012,150.90001,32.5,1.6,1.9,29.859999,13.009999,31.0
-28.1175,26.719444,14-03-2012,149.2,32.800000000000004,1.6,1.9,29.72,13.42,31.300001
-29.033333,23.983333,14-03-2012,170.7,31.400000000000002,1.6,0.2,32.309998,13.91,29.9
-29.161667,30.629722,15-03-2012,117.0,78.80000000000001,3.9000000000000004,6.1,26.93,13.99,75.5
-27.398611,26.614722,15-03-2012,152.5,41.6,2.1,2.0,30.32,13.86,39.7
-27.671111,27.236944,15-03-2012,145.5,39.800000000000004,2.0,2.0,29.41,12.84,38.0
-27.902778,24.615556,15-03-2012,169.6,35.6,1.8,0.3,32.46,14.71,33.8
-27.573056,24.746389,16-03-2012,169.6,39.7,2.0,0.4,32.059998,14.599999,37.7
-31.031389,28.883333,16-03-2012,118.700005,115.80000000000001,5.800000000000001,14.8,27.3,14.429999,112.3
-30.86013889,29.07125,16-03-2012,119.5,106.5,5.300000000000001,7.5,27.689999,14.88,102.6
-30.77586667,29.03221667,16-03-2012,119.6,100.4,5.0,5.0,27.529999,14.38,96.0
-28.760833,17.730278,17-03-2012,158.0,7.300000000000001,0.4,0.0,32.579998,17.31,6.9
-28.96362,19.15486,17-03-2012,147.3,16.8,0.8,0.0,31.449999,13.469999,16.0
-27.01011111,26.69808333,19-03-2012,116.1,10.200000000000001,0.5,1.7,25.42,7.99,9.8
-26.861111,28.884722,19-03-2012,105.6,6.0,0.30000000000000004,3.7,24.13,5.74,6.0
-24.679167,30.8025,20-03-2012,97.1,6.0,0.30000000000000004,10.900001,24.09,9.11,6.8
-26.970278,27.211111,20-03-2012,110.200005,9.9,0.5,2.5,25.1,7.5499997,9.6
-33.38056,19.30167,20-03-2012,103.3,46.0,2.3000000000000003,4.9,24.16,9.41,44.3
-33.31388889,19.07472222,20-03-2012,106.200005,50.300000000000004,2.5,6.2000003,26.63,12.42,48.5
-28.068333,31.55,20-03-2012,103.1,7.4,0.4,2.0,28.67,14.34,7.1
-29.161667,23.696389,21-03-2012,118.9,36.800000000000004,1.8,0.1,26.65,8.92,34.9
-24.183889,30.823889,21-03-2012,113.3,2.5,0.1,5.2000003,30.14,14.349999,2.7
-28.44555556,32.325,21-03-2012,98.8,20.400000000000002,1.0,17.2,27.92,16.109999,25.800001
-27.602222,29.942778,21-03-2012,108.6,5.6000000000000005,0.30000000000000004,3.2,25.82,7.71,5.6
-33.13083,18.86278,21-03-2012,108.1,47.800000000000004,2.4000000000000004,5.0,27.25,13.45,45.9
-30.398056,30.601944,23-03-2012,99.4,17.7,0.9,25.1,26.5,15.059999,33.9
-30.27402,30.69602,23-03-2012,97.200005,17.5,0.9,20.300001,26.34,14.719999,25.4
-29.641944,30.6875,26-03-2012,95.700005,14.3,0.7000000000000001,6.9,26.58,12.74,14.2
-25.99136,27.84208,26-03-2012,106.5,8.200000000000001,0.4,3.4,24.619999,8.15,8.0
-29.987778,29.851667,26-03-2012,95.5,13.3,0.7000000000000001,11.3,24.369999,7.77,14.5
-29.758889,30.935278,26-03-2012,94.6,15.5,0.8,6.6,26.68,14.46,15.3
-26.98472222,26.63227778,26-03-2012,115.8,10.3,0.5,1.8000001,25.59,8.179999,10.0
-33.818056,19.694722,26-03-2012,101.0,48.800000000000004,2.4000000000000004,3.7,25.84,11.25,46.8
-25.127778,27.628889,27-03-2012,121.3,4.3,0.2,4.5,28.699999,10.559999,4.4
-25.20639,27.558,27-03-2012,119.5,4.800000000000001,0.2,4.7000003,28.519999,10.49,4.9
-24.69514,27.40906,27-03-2012,128.8,4.0,0.2,5.2000003,29.31,11.45,4.1
-27.363611,31.783333,27-03-2012,101.700005,7.4,0.4,7.8,29.31,14.0,7.6
-26.648056,27.089444,27-03-2012,109.1,8.700000000000001,0.4,2.5,24.9,7.48,8.400001
-26.880278,26.965,27-03-2012,110.9,9.700000000000001,0.5,2.4,25.24,7.81,9.400001
-27.573056,24.746389,27-03-2012,121.9,20.0,1.0,0.4,27.369999,8.71,19.0
-28.768056,20.720556,27-03-2012,142.40001,47.2,2.4000000000000004,0.0,29.929998,12.45,44.8
-34.031944,22.053333,27-03-2012,89.6,37.4,1.9000000000000001,4.2000003,24.5,11.25,35.9
-34.039722,22.133333,27-03-2012,88.1,37.6,1.9000000000000001,4.4,24.41,11.639999,36.2
-34.075556,20.145556,27-03-2012,93.5,49.400000000000006,2.5,3.8,25.599998,11.62,47.4
-25.45963889,28.26430556,27-03-2012,117.6,4.6000000000000005,0.2,3.7,27.9,9.78,4.7000003
-25.81048333,27.90955222,28-03-2012,111.700005,7.800000000000001,0.4,3.6000001,25.96,9.3,7.7000003
-29.380556,30.2775,28-03-2012,90.9,11.8,0.6000000000000001,6.1,24.369999,8.04,11.7
-30.398056,30.601944,28-03-2012,99.4,17.7,0.9,25.1,26.5,15.059999,33.9
-30.27402,30.69602,28-03-2012,97.200005,17.5,0.9,20.300001,26.34,14.719999,25.4
-26.73806,27.59194,28-03-2012,106.0,8.6,0.4,2.9,24.14,6.94,8.400001
-26.45,28.085833,28-03-2012,106.9,6.4,0.30000000000000004,3.2,24.06,6.67,6.4
-30.679722,26.7125,28-03-2012,101.1,21.900000000000002,1.1,1.5,24.08,5.66,20.9
-28.69485,28.23487,28-03-2012,97.5,15.0,0.7000000000000001,2.1000001,22.57,4.8599997,14.400001
-29.615556,27.065278,28-03-2012,99.9,24.5,1.2000000000000002,1.8000001,23.24,5.6,23.4
-28.883333,27.89,28-03-2012,97.9,18.0,0.9,2.3,22.74,5.5299997,17.300001
-34.02861,22.22222,28-03-2012,88.0,37.7,1.9000000000000001,4.6,24.039999,11.45,36.4
-25.447222,30.711667,28-03-2012,108.3,5.5,0.30000000000000004,11.3,26.76,11.19,6.1
-27.273889,28.49,29-03-2012,104.9,8.8,0.4,3.1000001,24.01,5.17,8.7
-27.3,28.586944,29-03-2012,104.200005,8.6,0.4,2.9,23.859999,5.14,8.400001
-28.376944,24.303056,29-03-2012,121.200005,28.6,1.4000000000000001,0.3,27.47,8.4,27.1
-30.160091,27.40124,29-03-2012,98.0,22.400000000000002,1.1,2.4,23.21,6.18,21.5
-30.336111,27.359444,29-03-2012,97.5,23.400000000000002,1.2000000000000002,2.6000001,23.22,6.0899997,22.5
-27.4275,28.525833,30-03-2012,103.4,9.200000000000001,0.5,2.7,23.66,4.92,8.900001
-27.902778,24.615556,30-03-2012,122.5,23.3,1.2000000000000002,0.3,27.55,8.87,22.1
-31.000833,26.353056,30-03-2012,99.8,20.6,1.0,1.4,23.24,4.52,19.7
-30.679722,26.7125,30-03-2012,101.1,21.900000000000002,1.1,1.5,24.08,5.66,20.9
-28.760833,17.730278,01-04-2012,158.0,7.300000000000001,0.4,0.0,32.579998,17.31,6.9
-25.99136,27.84208,02-04-2012,106.5,8.200000000000001,0.4,3.4,24.619999,8.15,8.0
-28.735556,29.820556,02-04-2012,102.8,8.8,0.4,2.5,26.48,8.559999,8.5
-29.380556,30.2775,02-04-2012,90.9,11.8,0.6000000000000001,6.1,24.369999,8.04,11.7
-30.398056,30.601944,02-04-2012,99.4,17.7,0.9,25.1,26.5,15.059999,33.9
-33.897778,20.012778,02-04-2012,98.5,47.0,2.3000000000000003,3.1000001,26.14,11.38,44.9
-34.065833,20.404167,03-04-2012,93.200005,46.800000000000004,2.3000000000000003,3.9,26.279999,11.969999,44.9
-23.658056,31.05,03-04-2012,109.4,3.8000000000000003,0.2,1.1,29.88,14.74,3.6000001
-27.398611,26.614722,03-04-2012,118.6,12.100000000000001,0.6000000000000001,1.8000001,25.98,8.0199995,11.7
-27.671111,27.236944,03-04-2012,112.8,12.3,0.6000000000000001,1.9,25.199999,7.25,11.8
-25.45963889,28.26430556,03-04-2012,117.6,4.6000000000000005,0.2,3.7,27.9,9.78,4.7000003
-27.4,26.624722,03-04-2012,118.6,12.100000000000001,0.6000000000000001,1.8000001,25.98,8.0199995,11.7
-29.161667,23.696389,04-04-2012,118.9,36.800000000000004,1.8,0.1,26.65,8.92,34.9
-25.81048333,27.90955222,04-04-2012,111.700005,7.800000000000001,0.4,3.6000001,25.96,9.3,7.7000003
-27.937778,31.209444,04-04-2012,99.9,7.7,0.4,2.5,26.42,11.48,7.4
-28.404444,30.013056,04-04-2012,104.700005,8.0,0.4,2.6000001,26.119999,8.24,7.7000003
-27.02314,28.59389,04-04-2012,106.6,6.9,0.30000000000000004,3.4,24.35,5.71,6.8
-26.880278,26.965,04-04-2012,110.9,9.700000000000001,0.5,2.4,25.24,7.81,9.400001
-27.273889,28.49,04-04-2012,104.9,8.8,0.4,3.1000001,24.01,5.17,8.7
-27.4275,28.525833,04-04-2012,103.4,9.200000000000001,0.5,2.7,23.66,4.92,8.900001
-27.3,28.586944,04-04-2012,104.200005,8.6,0.4,2.9,23.859999,5.14,8.400001
-29.615556,27.065278,04-04-2012,99.9,24.5,1.2000000000000002,1.8000001,23.24,5.6,23.4
-25.57877778,29.12747222,04-04-2012,116.5,4.4,0.2,3.4,27.689999,8.9,4.4
-27.5275,30.858056,05-04-2012,97.8,9.1,0.5,5.1,25.41,9.5199995,9.1
-27.01011111,26.69808333,10-04-2012,116.1,10.200000000000001,0.5,1.7,25.42,7.99,9.8
-25.127778,27.628889,10-04-2012,121.3,4.3,0.2,4.5,28.699999,10.559999,4.4
-25.20639,27.558,10-04-2012,119.5,4.800000000000001,0.2,4.7000003,28.519999,10.49,4.9
-24.69514,27.40906,10-04-2012,128.8,4.0,0.2,5.2000003,29.31,11.45,4.1
-26.861111,28.884722,10-04-2012,105.6,6.0,0.30000000000000004,3.7,24.13,5.74,6.0
-26.73806,27.59194,10-04-2012,106.0,8.6,0.4,2.9,24.14,6.94,8.400001
-26.98472222,26.63227778,10-04-2012,115.8,10.3,0.5,1.8000001,25.59,8.179999,10.0
-29.161667,23.696389,11-04-2012,118.9,36.800000000000004,1.8,0.1,26.65,8.92,34.9
-26.03611,30.99778,11-04-2012,110.0,7.4,0.4,10.6,26.59,11.61,8.0
-28.747778,31.745833,11-04-2012,98.200005,13.0,0.6000000000000001,15.5,28.13,14.91,18.7
-27.00222,28.76528,11-04-2012,105.9,7.0,0.4,3.5,24.15,5.6099997,6.9
-26.648056,27.089444,11-04-2012,109.1,8.700000000000001,0.4,2.5,24.9,7.48,8.400001
-26.970278,27.211111,11-04-2012,110.200005,9.9,0.5,2.5,25.1,7.5499997,9.6
-28.141944,26.417778,11-04-2012,111.9,16.1,0.8,1.8000001,25.14,6.96,15.5
-28.116667,26.725278,11-04-2012,110.5,15.5,0.8,1.8000001,24.98,7.46,14.900001
-29.615556,27.065278,11-04-2012,99.9,24.5,1.2000000000000002,1.8000001,23.24,5.6,23.4
-34.250556,20.9925,11-04-2012,98.3,47.0,2.3000000000000003,6.0,25.699999,11.67,45.3
-28.7115,24.07288889,12-04-2012,120.1,32.6,1.6,0.3,27.18,8.599999,31.0
-28.801278,31.955389,12-04-2012,99.0,16.6,0.8,16.5,28.05,15.32,22.6
-28.75,30.442778,12-04-2012,103.3,7.800000000000001,0.4,2.6000001,27.63,10.99,7.6
-29.161667,30.629722,12-04-2012,90.9,12.5,0.6000000000000001,5.6,24.0,9.25,12.400001
-27.38972222,26.46388889,12-04-2012,119.1,12.4,0.6000000000000001,1.9,26.099998,8.05,11.900001
-28.1175,26.719444,12-04-2012,110.5,15.5,0.8,1.8000001,24.98,7.46,14.900001
-28.116667,26.725278,12-04-2012,110.5,15.5,0.8,1.8000001,24.98,7.46,14.900001
-27.398611,26.614722,12-04-2012,118.6,12.100000000000001,0.6000000000000001,1.8000001,25.98,8.0199995,11.7
-27.671111,27.236944,12-04-2012,112.8,12.3,0.6000000000000001,1.9,25.199999,7.25,11.8
-28.376944,24.303056,12-04-2012,121.200005,28.6,1.4000000000000001,0.3,27.47,8.4,27.1
-29.615556,27.065278,12-04-2012,99.9,24.5,1.2000000000000002,1.8000001,23.24,5.6,23.4
-33.31388889,19.07472222,12-04-2012,106.200005,50.300000000000004,2.5,6.2000003,26.63,12.42,48.5
-25.49037,30.6986,13-04-2012,106.700005,5.7,0.30000000000000004,12.1,26.269999,10.49,6.4
-27.573056,24.746389,13-04-2012,121.9,20.0,1.0,0.4,27.369999,8.71,19.0
-27.902778,24.615556,13-04-2012,122.5,23.3,1.2000000000000002,0.3,27.55,8.87,22.1
-33.7075,18.97444444,13-04-2012,104.1,58.7,2.9000000000000004,7.0,25.939999,12.469999,56.600002
-28.760833,17.730278,15-04-2012,158.0,7.300000000000001,0.4,0.0,32.579998,17.31,6.9
-25.99136,27.84208,16-04-2012,86.1,0.0,0.0,3.2,23.58,4.72,0.2
-22.935,28.004167,17-04-2012,106.8,0.0,0.0,0.3,29.5,9.55,0.0
-22.91028,29.61111,17-04-2012,101.700005,0.0,0.0,1.1,28.599998,10.099999,0.1
-24.058889,31.237222,17-04-2012,84.6,2.4000000000000004,0.1,1.3000001,29.949999,12.4,2.3
-25.681111,31.783333,17-04-2012,82.6,3.4000000000000004,0.2,7.5,30.51,12.95,3.7
-25.67386,31.57527,17-04-2012,83.200005,2.8000000000000003,0.1,7.8,29.929998,12.349999,3.2
-28.735556,29.820556,17-04-2012,69.700005,0.30000000000000004,0.0,2.3,25.32,5.8799996,0.4
-26.861111,28.884722,17-04-2012,79.8,0.2,0.0,3.4,22.42,2.1299999,0.4
-26.45,28.085833,17-04-2012,81.6,0.1,0.0,3.0,22.92,3.3899999,0.3
-28.69485,28.23487,17-04-2012,73.8,0.2,0.0,1.9,21.17,2.1599998,0.3
-28.883333,27.89,17-04-2012,71.6,0.5,0.0,2.1000001,20.91,2.53,0.6
-31.396,29.2651,17-04-2012,81.5,10.9,0.5,12.6,25.09,12.7,16.0
-31.554722,29.245556,17-04-2012,88.9,11.600000000000001,0.6000000000000001,12.900001,24.9,12.71,16.7
-25.45963889,28.26430556,17-04-2012,89.8,0.0,0.0,3.5,26.82,6.47,0.2
-28.338333,31.373611,17-04-2012,71.4,4.2,0.2,2.4,26.21,11.42,4.1
-29.161667,23.696389,18-04-2012,84.3,1.1,0.1,0.1,24.59,5.87,1.1
-27.01011111,26.69808333,18-04-2012,88.200005,0.2,0.0,1.6,24.289999,4.8399997,0.3
-25.81048333,27.90955222,18-04-2012,88.200005,0.0,0.0,3.3,24.93,5.77,0.3
-24.282222,28.090278,18-04-2012,93.8,0.0,0.0,4.5,26.59,5.41,0.3
-24.768889,31.39,18-04-2012,81.1,3.8000000000000003,0.2,7.5,29.189999,12.059999,4.1
-24.9675,31.516667,18-04-2012,79.5,3.4000000000000004,0.2,7.1,28.869999,11.62,3.7
-27.00222,28.76528,18-04-2012,80.3,0.2,0.0,3.2,22.46,1.87,0.4
-26.648056,27.089444,18-04-2012,87.1,0.1,0.0,2.3,23.789999,4.04,0.2
-26.970278,27.211111,18-04-2012,85.9,0.1,0.0,2.3,23.81,4.15,0.3
-26.880278,26.965,18-04-2012,87.3,0.1,0.0,2.2,23.97,4.31,0.3
-27.38972222,26.46388889,18-04-2012,88.0,0.4,0.0,1.8000001,24.689999,4.8599997,0.5
-26.98472222,26.63227778,18-04-2012,88.8,0.2,0.0,1.7,24.39,5.0499997,0.3
-30.568333,29.422778,18-04-2012,67.8,4.5,0.2,5.4,21.33,4.69,4.8
-30.570833,29.150556,18-04-2012,67.700005,4.1000000000000005,0.2,4.5,20.91,4.64,4.4
-27.602222,29.942778,19-04-2012,79.6,0.4,0.0,3.0,25.51,5.41,0.5
-27.671111,27.236944,19-04-2012,84.5,0.2,0.0,1.8000001,23.779999,3.99,0.3
-31.031389,28.883333,19-04-2012,71.6,5.2,0.30000000000000004,9.3,23.109999,7.77,7.0
-30.86013889,29.07125,19-04-2012,70.3,5.1000000000000005,0.30000000000000004,5.7000003,23.31,7.8999996,5.6
-33.13083,18.86278,19-04-2012,61.4,23.6,1.2000000000000002,4.6,22.359999,10.49,22.800001
-29.140556,31.391944,20-04-2012,76.1,4.3,0.2,13.3,26.48,13.54,7.7000003
-27.573056,24.746389,22-04-2012,90.200005,0.6000000000000001,0.0,0.4,25.359999,5.56,0.5
-29.7775,29.470833,23-04-2012,69.5,2.1,0.1,9.0,21.66,3.57,4.9
-29.987778,29.851667,23-04-2012,70.1,2.5,0.1,9.900001,23.46,6.0099998,3.8
-29.744167,29.905833,23-04-2012,72.0,1.7000000000000002,0.1,5.7000003,23.75,6.1099997,2.0
-26.73806,27.59194,23-04-2012,83.8,0.1,0.0,2.7,22.98,3.53,0.3
-29.160278,26.573333,23-04-2012,76.8,0.7000000000000001,0.0,1.6,22.58,2.73,0.8
-29.1825,23.575556,23-04-2012,84.9,1.1,0.1,0.1,24.58,6.02,1.1
-33.501667,21.624167,23-04-2012,73.9,6.300000000000001,0.30000000000000004,0.1,21.89,6.7,5.9
-33.818056,19.694722,23-04-2012,65.4,25.0,1.3,3.4,21.49,8.62,24.1
-28.7115,24.07288889,24-04-2012,86.5,1.1,0.1,0.3,24.91,5.68,1.0
-24.679167,30.8025,24-04-2012,80.3,2.3000000000000003,0.1,10.0,24.039999,7.1099997,3.1000001
-25.127778,27.628889,24-04-2012,92.200005,0.0,0.0,4.2000003,26.9,6.42,0.3
-25.20639,27.558,24-04-2012,92.0,0.0,0.0,4.4,26.81,6.44,0.3
-24.69514,27.40906,24-04-2012,94.200005,0.0,0.0,4.9,26.71,6.64,0.3
-27.363611,31.783333,24-04-2012,75.0,3.8000000000000003,0.2,7.3,28.89,12.15,4.1
-30.733889,29.828333,24-04-2012,73.0,7.0,0.30000000000000004,13.7,23.68,9.61,10.6
-26.880278,26.965,24-04-2012,87.3,0.1,0.0,2.2,23.97,4.31,0.3
-29.615556,27.065278,24-04-2012,74.200005,1.3,0.1,1.7,21.41,2.95,1.3000001
-28.883333,27.89,24-04-2012,71.6,0.5,0.0,2.1000001,20.91,2.53,0.6
-29.161667,23.696389,25-04-2012,84.3,1.1,0.1,0.1,24.59,5.87,1.1
-24.183889,30.823889,25-04-2012,89.8,1.5,0.1,4.9,30.099998,12.059999,1.7
-22.769722,30.886944,25-04-2012,94.1,2.2,0.1,4.3,29.41,12.83,2.3
-27.937778,31.209444,25-04-2012,74.6,3.4000000000000004,0.2,2.4,26.39,10.48,3.3
-26.905,32.324722,25-04-2012,79.1,4.7,0.2,6.8,29.939999,13.509999,4.9
-27.935,26.126667,25-04-2012,85.1,0.4,0.0,1.5,23.949999,3.47,0.5
-34.075556,20.145556,25-04-2012,59.3,16.6,0.8,3.5,21.779999,8.929999,16.1
-30.398056,30.601944,26-04-2012,85.200005,10.200000000000001,0.5,18.4,26.16,14.95,16.4
-30.27402,30.69602,26-04-2012,84.4,9.0,0.4,15.7,25.9,14.53,13.0
-30.679722,26.7125,26-04-2012,73.8,2.8000000000000003,0.1,1.4,21.17,3.6499999,2.7
-30.160091,27.40124,26-04-2012,71.6,1.8,0.1,2.2,21.039999,3.85,1.9
-34.005833,22.351111,26-04-2012,73.4,10.3,0.5,4.5,22.039999,10.9,10.2
-29.803611,30.516111,27-04-2012,74.3,1.9000000000000001,0.1,6.6,24.65,9.41,2.4
-29.758889,30.935278,28-04-2012,78.1,1.6,0.1,6.1,26.17,13.759999,2.1000001
-28.760833,17.730278,29-04-2012,112.5,0.30000000000000004,0.0,0.0,27.76,12.559999,0.3
-25.99136,27.84208,30-04-2012,86.1,0.0,0.0,3.2,23.58,4.72,0.2
-29.380556,30.2775,30-04-2012,68.9,1.0,0.1,5.6,23.16,6.2999997,1.4
-34.065833,20.404167,01-05-2012,65.3,14.200000000000001,0.7000000000000001,3.6000001,22.609999,9.349999,13.8
-26.006389,29.253889,01-05-2012,83.700005,0.30000000000000004,0.0,3.6000001,24.22,4.06,0.5
-25.45963889,28.26430556,01-05-2012,89.8,0.0,0.0,3.5,26.82,6.47,0.2
-33.897778,20.012778,01-05-2012,62.600002,17.2,0.9,2.9,22.17,8.61,16.6
-29.161667,23.696389,02-05-2012,84.3,1.1,0.1,0.1,24.59,5.87,1.1
-25.81048333,27.90955222,02-05-2012,88.200005,0.0,0.0,3.3,24.93,5.77,0.3
-26.861111,28.884722,02-05-2012,79.8,0.2,0.0,3.4,22.42,2.1299999,0.4
-29.033333,23.983333,02-05-2012,84.0,1.2000000000000002,0.1,0.2,24.58,5.52,1.1
-28.058889,30.373611,02-05-2012,76.5,0.8,0.0,3.0,24.55,5.92,0.90000004
-24.925278,29.324444,03-05-2012,92.6,0.30000000000000004,0.0,2.7,28.359999,7.21,0.5
-27.00222,28.76528,03-05-2012,80.3,0.2,0.0,3.2,22.46,1.87,0.4
-27.398611,26.614722,03-05-2012,87.700005,0.30000000000000004,0.0,1.7,24.67,4.92,0.4
-27.671111,27.236944,03-05-2012,84.5,0.2,0.0,1.8000001,23.779999,3.99,0.3
-27.4,26.624722,03-05-2012,87.700005,0.30000000000000004,0.0,1.7,24.67,4.92,0.4
-26.648056,27.089444,04-05-2012,87.1,0.1,0.0,2.3,23.789999,4.04,0.2
-26.970278,27.211111,04-05-2012,85.9,0.1,0.0,2.3,23.81,4.15,0.3
-26.880278,26.965,04-05-2012,87.3,0.1,0.0,2.2,23.97,4.31,0.3
-27.01011111,26.69808333,07-05-2012,88.200005,0.2,0.0,1.6,24.289999,4.8399997,0.3
-26.73806,27.59194,07-05-2012,83.8,0.1,0.0,2.7,22.98,3.53,0.3
-26.45,28.085833,07-05-2012,81.6,0.1,0.0,3.0,22.92,3.3899999,0.3
-26.98472222,26.63227778,07-05-2012,88.8,0.2,0.0,1.7,24.39,5.0499997,0.3
-32.502778,19.535833,07-05-2012,76.9,8.0,0.4,1.0,22.689999,7.41,7.7000003
-29.161667,23.696389,08-05-2012,84.3,1.1,0.1,0.1,24.59,5.87,1.1
-25.127778,27.628889,08-05-2012,92.200005,0.0,0.0,4.2000003,26.9,6.42,0.3
-25.20639,27.558,08-05-2012,92.0,0.0,0.0,4.4,26.81,6.44,0.3
-24.69514,27.40906,08-05-2012,94.200005,0.0,0.0,4.9,26.71,6.64,0.3
-28.747778,31.745833,08-05-2012,73.5,4.6000000000000005,0.2,12.1,26.869999,13.54,7.7000003
-27.169444,29.233889,08-05-2012,77.700005,0.1,0.0,2.7,22.029999,2.21,0.3
-26.648056,27.089444,08-05-2012,87.1,0.1,0.0,2.3,23.789999,4.04,0.2
-26.970278,27.211111,08-05-2012,85.9,0.1,0.0,2.3,23.81,4.15,0.3
-26.880278,26.965,08-05-2012,87.3,0.1,0.0,2.2,23.97,4.31,0.3
-28.141944,26.417778,08-05-2012,83.200005,0.4,0.0,1.6,23.64,3.9099998,0.5
-28.116667,26.725278,08-05-2012,83.4,0.4,0.0,1.6,23.59,4.31,0.5
-29.042222,24.6,08-05-2012,84.6,1.2000000000000002,0.1,0.1,24.279999,5.16,1.2
-28.460833,21.248889,08-05-2012,102.0,0.30000000000000004,0.0,0.0,26.05,7.6,0.3
-31.396,29.2651,08-05-2012,81.5,10.9,0.5,12.6,25.09,12.7,16.0
-25.57877778,29.12747222,08-05-2012,89.6,0.4,0.0,3.2,26.66,5.6299996,0.6
-29.161667,23.696389,09-05-2012,84.3,1.1,0.1,0.1,24.59,5.87,1.1
-25.49037,30.6986,09-05-2012,85.700005,2.0,0.1,11.3,26.26,8.47,2.7
-28.801278,31.955389,09-05-2012,76.4,12.200000000000001,0.6000000000000001,12.900001,27.01,14.299999,15.1
-27.273889,28.49,09-05-2012,80.4,0.2,0.0,2.8,22.49,1.6999999,0.4
-27.4275,28.525833,09-05-2012,79.200005,0.2,0.0,2.5,22.189999,1.53,0.4
-27.3,28.586944,09-05-2012,79.5,0.2,0.0,2.7,22.41,1.64,0.4
-27.398611,26.614722,09-05-2012,87.700005,0.30000000000000004,0.0,1.7,24.67,4.92,0.4
-29.028629,24.638389,09-05-2012,84.9,1.3,0.1,0.1,24.35,5.2,1.2
-29.1825,23.575556,09-05-2012,84.9,1.1,0.1,0.1,24.58,6.02,1.1
-30.570833,29.150556,09-05-2012,67.700005,4.1000000000000005,0.2,4.5,20.91,4.64,4.4
-31.104278,29.399722,09-05-2012,75.6,9.3,0.5,14.1,23.689999,10.139999,14.7
-33.31388889,19.07472222,09-05-2012,57.3,27.0,1.4000000000000001,5.7000003,21.77,9.67,26.2
-28.7115,24.07288889,10-05-2012,86.5,1.1,0.1,0.3,24.91,5.68,1.0
-29.140556,31.391944,10-05-2012,76.1,4.3,0.2,13.3,26.48,13.54,7.7000003
-28.75,30.442778,10-05-2012,73.700005,0.5,0.0,2.4,27.099998,9.67,0.6
-29.161667,30.629722,10-05-2012,67.700005,1.0,0.1,5.1,22.369999,7.8399997,1.4
-27.38972222,26.46388889,10-05-2012,88.0,0.4,0.0,1.8000001,24.689999,4.8599997,0.5
-27.935,26.126667,10-05-2012,85.1,0.4,0.0,1.5,23.949999,3.47,0.5
-27.671111,27.236944,10-05-2012,84.5,0.2,0.0,1.8000001,23.779999,3.99,0.3
-28.376944,24.303056,10-05-2012,88.200005,0.9,0.0,0.3,24.9,5.68,0.90000004
-31.031389,28.883333,10-05-2012,71.6,5.2,0.30000000000000004,9.3,23.109999,7.77,7.0
-30.86013889,29.07125,10-05-2012,70.3,5.1000000000000005,0.30000000000000004,5.7000003,23.31,7.8999996,5.6
-30.77586667,29.03221667,10-05-2012,70.700005,5.0,0.2,4.1,23.09,7.52,5.1
-33.7075,18.97444444,10-05-2012,63.7,41.7,2.1,6.3,21.46,9.5199995,40.2
-33.72266667,18.61691667,10-05-2012,65.5,38.6,1.9000000000000001,5.2000003,20.9,10.08,37.100002
-27.902778,24.615556,11-05-2012,91.200005,0.7000000000000001,0.0,0.3,25.41,5.89,0.7
-28.44555556,32.325,19-04-2012,78.200005,26.400000000000002,1.3,13.7,27.449999,15.599999,28.6
-31.554722,29.245556,12-05-2012,88.9,11.600000000000001,0.6000000000000001,12.900001,24.9,12.71,16.7
-28.760833,17.730278,13-05-2012,112.5,0.30000000000000004,0.0,0.0,27.76,12.559999,0.3
-25.99136,27.84208,14-05-2012,86.1,0.0,0.0,3.2,23.58,4.72,0.2
-26.861111,28.884722,14-05-2012,79.8,0.2,0.0,3.4,22.42,2.1299999,0.4
-26.45,28.085833,14-05-2012,81.6,0.1,0.0,3.0,22.92,3.3899999,0.3
-25.681111,31.783333,15-05-2012,82.6,3.4000000000000004,0.2,7.5,30.51,12.95,3.7
-25.398889,31.610556,15-05-2012,83.3,3.0,0.1,7.8,30.32,12.21,3.3
-27.00222,28.76528,15-05-2012,80.3,0.2,0.0,3.2,22.46,1.87,0.4
-26.648056,27.089444,15-05-2012,87.1,0.1,0.0,2.3,23.789999,4.04,0.2
-33.38056,19.30167,15-05-2012,58.2,25.5,1.3,4.5,19.27,6.99,24.7
-25.45963889,28.26430556,15-05-2012,89.8,0.0,0.0,3.5,26.82,6.47,0.2
-28.068333,31.55,15-05-2012,73.6,6.0,0.30000000000000004,2.0,27.699999,12.48,5.8
-25.81048333,27.90955222,16-05-2012,88.200005,0.0,0.0,3.3,24.93,5.77,0.3
-24.768889,31.39,16-05-2012,81.1,3.8000000000000003,0.2,7.5,29.189999,12.059999,4.1
-29.033333,23.983333,16-05-2012,84.0,1.2000000000000002,0.1,0.2,24.58,5.52,1.1
-34.092222,21.295278,16-05-2012,66.3,10.100000000000001,0.5,3.0,22.71,8.55,9.900001
-33.13083,18.86278,16-05-2012,61.4,23.6,1.2000000000000002,4.6,22.359999,10.49,22.800001
-24.99328,30.81444,17-05-2012,70.6,1.6,0.1,14.6,21.08,4.47,3.1000001
-33.970833,22.548333,17-05-2012,61.7,74.2,3.7,13.400001,19.529999,9.889999,61.7
-25.436111,31.982222,18-05-2012,73.1,1.3,0.1,8.0,28.23,10.49,1.7
-25.14944444,31.94055556,18-05-2012,73.6,1.4000000000000001,0.1,6.6,28.17,10.58,1.7
-29.7775,29.470833,21-05-2012,59.0,34.5,1.7000000000000002,7.3,16.88,-0.65,34.5
-29.987778,29.851667,21-05-2012,61.5,37.7,1.9000000000000001,8.8,20.01,3.25,36.9
-29.744167,29.905833,21-05-2012,61.4,33.9,1.7000000000000002,5.3,20.439999,3.3899999,32.600002
-30.27402,30.69602,21-05-2012,75.0,55.6,2.8000000000000003,12.900001,23.39,12.44,55.600002
-26.73806,27.59194,21-05-2012,71.200005,8.8,0.4,2.5,18.58,0.61,8.5
-33.818056,19.694722,21-05-2012,50.2,70.9,3.5,20.6,18.92,6.27,50.2
-27.01011111,26.69808333,22-05-2012,75.1,18.6,0.9,1.5,19.57,1.77,17.800001
-34.065833,20.404167,22-05-2012,46.7,49.6,2.5,4.0,20.32,7.14,46.7
-24.679167,30.8025,22-05-2012,69.8,1.7000000000000002,0.1,9.3,21.34,4.79,2.4
-24.183889,30.823889,22-05-2012,80.200005,0.5,0.0,4.7000003,27.859999,9.599999,0.8
-25.127778,27.628889,22-05-2012,79.8,4.1000000000000005,0.2,4.0,23.25,3.22,4.2000003
-25.20639,27.558,22-05-2012,79.9,5.5,0.30000000000000004,4.1,23.09,3.27,5.5
-24.69514,27.40906,22-05-2012,80.9,6.800000000000001,0.30000000000000004,4.6,23.13,3.4199998,6.8
-27.363611,31.783333,22-05-2012,69.4,1.2000000000000002,0.1,6.9,26.289999,10.41,1.6
-30.733889,29.828333,22-05-2012,65.200005,50.7,2.5,11.3,19.99,6.74,50.7
-27.169444,29.233889,22-05-2012,63.8,6.5,0.30000000000000004,2.5,17.67,-1.1999999,6.4
-26.880278,26.965,22-05-2012,74.9,13.100000000000001,0.7000000000000001,2.1000001,19.609999,1.39,12.6
-26.98472222,26.63227778,22-05-2012,75.6,18.5,0.9,1.6,19.67,1.8499999,17.7
-29.160278,26.573333,22-05-2012,63.4,36.800000000000004,1.8,1.5,17.06,-0.83,35.100002
-30.336111,27.359444,22-05-2012,55.7,54.5,2.7,2.2,14.849999,0.11,52.0
-33.501667,21.624167,22-05-2012,57.4,34.9,1.7000000000000002,0.1,18.779999,4.63,33.100002
-34.075556,20.145556,22-05-2012,47.0,51.400000000000006,2.6,5.3,19.439999,6.8599997,47.0
-33.897778,20.012778,22-05-2012,50.0,53.1,2.7,3.3,19.689999,6.3399997,50.0
-24.058889,31.237222,23-05-2012,74.0,0.5,0.0,1.3000001,27.449999,9.76,0.5
-30.398056,30.601944,23-05-2012,77.0,52.800000000000004,2.6,14.7,23.67,12.96,53.9
-30.160091,27.40124,23-05-2012,56.8,56.900000000000006,2.8000000000000003,2.1000001,15.179999,0.44,54.2
-28.69485,28.23487,23-05-2012,60.600002,36.0,1.8,1.8000001,16.039999,-0.59999996,34.4
-28.883333,27.89,23-05-2012,57.2,37.7,1.9000000000000001,1.9,15.65,-1.41,36.0
-34.005833,22.351111,23-05-2012,61.5,67.5,3.4000000000000004,7.1,20.039999,9.809999,61.5
-29.641944,30.6875,24-05-2012,65.200005,53.2,2.7,5.9,23.16,9.179999,51.0
-30.830556,26.921389,24-05-2012,56.100002,51.300000000000004,2.6,1.7,15.089999,-0.22999999,48.9
-29.380556,30.2775,24-05-2012,61.100002,21.8,1.1,5.2000003,19.92,3.47,21.1
-30.679722,26.7125,24-05-2012,59.3,49.900000000000006,2.5,1.4,16.23,0.099999994,47.5
-29.615556,27.065278,24-05-2012,60.2,48.7,2.4000000000000004,1.5,15.96,-0.089999996,46.4
-34.031944,22.053333,24-05-2012,58.4,57.2,2.9000000000000004,3.5,20.64,8.96,54.600002
-34.039722,22.133333,24-05-2012,58.8,59.7,3.0,3.8,20.74,9.48,56.9
-30.398056,30.601944,25-05-2012,77.0,52.800000000000004,2.6,14.7,23.67,12.96,53.9
-30.27402,30.69602,25-05-2012,75.0,55.6,2.8000000000000003,12.900001,23.39,12.44,55.600002
-29.658056,25.973333,25-05-2012,59.5,34.7,1.7000000000000002,1.3000001,15.61,-1.0799999,33.100002
-31.000833,26.353056,25-05-2012,57.5,49.2,2.5,1.2,15.13,-1.11,46.8
-28.460833,21.248889,25-05-2012,81.4,21.6,1.1,0.0,21.449999,4.11,20.5
-29.803611,30.516111,25-05-2012,63.0,52.300000000000004,2.6,6.1,21.3,6.0899997,50.2
-29.758889,30.935278,26-05-2012,69.1,51.400000000000006,2.6,5.6,23.48,11.809999,49.2
-28.760833,17.730278,27-05-2012,82.9,7.300000000000001,0.4,0.0,23.619999,9.55,7.0
-25.99136,27.84208,28-05-2012,74.200005,4.5,0.2,3.0,19.57,1.93,4.5
-26.861111,28.884722,28-05-2012,66.200005,5.800000000000001,0.30000000000000004,3.2,18.14,-1.23,5.8
-26.970278,27.211111,28-05-2012,74.1,12.3,0.6000000000000001,2.2,19.23,1.18,11.8
-26.45,28.085833,28-05-2012,73.200005,6.5,0.30000000000000004,2.8,18.92,0.44,6.4
-27.01011111,26.69808333,29-05-2012,75.1,18.6,0.9,1.5,19.57,1.77,17.800001
-29.380556,30.2775,29-05-2012,61.100002,21.8,1.1,5.2000003,19.92,3.47,21.1
-27.00222,28.76528,29-05-2012,65.4,8.8,0.4,3.0,18.07,-1.51,8.6
-26.648056,27.089444,29-05-2012,74.5,10.8,0.5,2.2,19.49,1.1,10.400001
-26.880278,26.965,29-05-2012,74.9,13.100000000000001,0.7000000000000001,2.1000001,19.609999,1.39,12.6
-26.98472222,26.63227778,29-05-2012,75.6,18.5,0.9,1.6,19.67,1.8499999,17.7
-31.000833,26.353056,29-05-2012,57.5,49.2,2.5,1.2,15.13,-1.11,46.8
-25.45963889,28.26430556,29-05-2012,79.700005,1.1,0.1,3.2,23.199999,3.4499998,1.3000001
-29.161667,23.696389,30-05-2012,70.200005,27.400000000000002,1.4000000000000001,0.1,19.8,1.5699999,26.1
-24.282222,28.090278,30-05-2012,81.700005,1.6,0.1,4.2000003,23.25,1.87,1.8000001
-27.937778,31.209444,30-05-2012,66.700005,1.6,0.1,2.4,22.92,8.34,1.6
-28.404444,30.013056,30-05-2012,68.1,13.0,0.6000000000000001,2.3,21.32,3.06,12.5
-28.1175,26.719444,30-05-2012,69.4,26.8,1.3,1.5,18.24,0.85999995,25.6
-28.44555556,32.325,12-05-2012,78.200005,26.400000000000002,1.3,13.7,27.449999,15.599999,28.6
-24.670833,28.560833,31-05-2012,79.700005,0.8,0.0,4.1,23.119999,3.1599998,1.0
-27.573056,24.746389,31-05-2012,73.700005,19.900000000000002,1.0,0.4,20.34,1.64,19.0
-30.679722,26.7125,31-05-2012,59.3,49.900000000000006,2.5,1.4,16.23,0.099999994,47.5
-28.44555556,32.325,12-07-2012,66.8,2.4000000000000004,0.1,9.8,22.89,12.679999,3.9
-33.38056,19.30167,31-05-2012,45.4,74.9,3.7,30.300001,16.75,4.7999997,45.4
-33.13083,18.86278,31-05-2012,50.8,71.10000000000001,3.6,21.300001,19.369999,8.389999,50.8
-29.161667,23.696389,01-06-2012,70.200005,27.400000000000002,1.4000000000000001,0.1,19.8,1.5699999,26.1
-28.7115,24.07288889,01-06-2012,71.3,24.900000000000002,1.2000000000000002,0.3,20.25,1.49,23.7
-27.5275,30.858056,01-06-2012,69.3,1.1,0.1,4.5,21.38,5.16,1.3000001
-29.1825,23.575556,01-06-2012,70.1,27.400000000000002,1.4000000000000001,0.1,19.83,1.8299999,26.0
-26.73806,27.59194,04-06-2012,71.200005,8.8,0.4,2.5,18.58,0.61,8.5
-32.502778,19.535833,04-06-2012,54.5,48.5,2.4000000000000004,0.90000004,19.31,4.99,46.100002
-25.127778,27.628889,05-06-2012,79.8,4.1000000000000005,0.2,4.0,23.25,3.22,4.2000003
-25.20639,27.558,05-06-2012,79.9,5.5,0.30000000000000004,4.1,23.09,3.27,5.5
-24.69514,27.40906,05-06-2012,80.9,6.800000000000001,0.30000000000000004,4.6,23.13,3.4199998,6.8
-26.006389,29.253889,05-06-2012,78.9,1.6,0.1,3.4,20.85,1.48,1.8000001
-28.747778,31.745833,05-06-2012,66.4,3.1,0.2,10.0,24.539999,11.5199995,5.1
-27.169444,29.233889,05-06-2012,63.8,6.5,0.30000000000000004,2.5,17.67,-1.1999999,6.4
-34.250556,20.9925,05-06-2012,52.100002,57.6,2.9000000000000004,8.1,20.289999,7.41,52.100002
-25.57877778,29.12747222,05-06-2012,81.1,0.8,0.0,3.0,23.529999,2.82,1.0
-23.658056,31.05,06-06-2012,73.700005,0.30000000000000004,0.0,1.1,27.23,9.5,0.3
-28.801278,31.955389,06-06-2012,67.6,4.4,0.2,10.7,24.58,12.179999,6.4
-27.02314,28.59389,06-06-2012,67.8,9.700000000000001,0.5,3.0,18.529999,-1.23,9.400001
-27.4275,28.525833,06-06-2012,64.5,16.0,0.8,2.3,17.64,-1.89,15.3
-27.3,28.586944,06-06-2012,64.3,14.100000000000001,0.7000000000000001,2.5,17.8,-1.86,13.6
-28.141944,26.417778,06-06-2012,67.6,28.200000000000003,1.4000000000000001,1.5,17.89,0.0,26.9
-28.1175,26.719444,06-06-2012,69.4,26.8,1.3,1.5,18.24,0.85999995,25.6
-28.44555556,32.325,08-08-2012,90.6,0.0,0.0,8.6,25.21,14.849999,1.2
-33.7075,18.97444444,06-06-2012,48.5,103.60000000000001,5.2,56.3,18.74,7.5699997,48.5
-33.72266667,18.61691667,06-06-2012,46.600002,86.10000000000001,4.3,40.3,18.32,8.47,46.600002
-29.140556,31.391944,07-06-2012,65.8,2.1,0.1,11.0,23.85,11.46,4.3
-23.838611,31.640833,07-06-2012,73.9,0.9,0.0,1.0,28.64,9.99,0.90000004
-28.44555556,32.325,12-09-2012,95.3,309.90000000000003,148.4,74.8,24.449999,14.69,95.3
-28.75,30.442778,07-06-2012,68.5,10.600000000000001,0.5,2.3,23.6,6.8799996,10.2
-29.161667,30.629722,07-06-2012,59.9,23.900000000000002,1.2000000000000002,4.8,19.16,5.46,23.0
-27.398611,26.614722,07-06-2012,74.4,29.1,1.5,1.6,19.81,1.5999999,27.7
-27.671111,27.236944,07-06-2012,73.0,21.400000000000002,1.1,1.7,19.01,1.05,20.4
-27.5275,30.858056,25-08-2011,118.8,1.9000000000000001,0.1,10.6,26.68,9.55,3.8
-27.4,26.624722,07-06-2012,74.4,29.1,1.5,1.6,19.81,1.5999999,27.7
-25.99136,27.84208,11-06-2012,74.200005,4.5,0.2,3.0,19.57,1.93,4.5
-26.861111,28.884722,11-06-2012,66.200005,5.800000000000001,0.30000000000000004,3.2,18.14,-1.23,5.8
-27.671111,27.236944,11-06-2012,73.0,21.400000000000002,1.1,1.7,19.01,1.05,20.4
-31.554722,29.245556,11-06-2012,86.5,47.900000000000006,2.4000000000000004,10.0,22.56,10.639999,48.4
-33.818056,19.694722,11-06-2012,50.2,70.9,3.5,20.6,18.92,6.27,50.2
-27.935,26.126667,12-06-2012,68.9,24.1,1.2000000000000002,1.4,18.47,-0.76,22.9
-28.141944,26.417778,12-06-2012,67.6,28.200000000000003,1.4000000000000001,1.5,17.89,0.0,26.9
-29.658056,25.973333,12-06-2012,59.5,34.7,1.7000000000000002,1.3000001,15.61,-1.0799999,33.100002
-31.000833,26.353056,12-06-2012,57.5,49.2,2.5,1.2,15.13,-1.11,46.8
-30.534167,24.961944,12-06-2012,52.7,33.2,1.7000000000000002,0.0,13.889999,-1.26,31.5
-31.104278,29.399722,12-06-2012,69.200005,48.800000000000004,2.4000000000000004,11.0,20.26,7.24,49.5
-34.075556,20.145556,12-06-2012,47.0,51.400000000000006,2.6,5.3,19.439999,6.8599997,47.0
-25.45963889,28.26430556,12-06-2012,79.700005,1.1,0.1,3.2,23.199999,3.4499998,1.3000001
-28.068333,31.55,12-06-2012,65.4,2.4000000000000004,0.1,1.9,24.67,10.61,2.4
-29.161667,23.696389,13-06-2012,70.200005,27.400000000000002,1.4000000000000001,0.1,19.8,1.5699999,26.1
-25.81048333,27.90955222,13-06-2012,75.700005,3.1,0.2,3.1000001,21.07,2.77,3.2
-27.00222,28.76528,13-06-2012,65.4,8.8,0.4,3.0,18.07,-1.51,8.6
-28.1175,26.719444,13-06-2012,69.4,26.8,1.3,1.5,18.24,0.85999995,25.6
-30.534167,24.961944,13-06-2012,52.7,33.2,1.7000000000000002,0.0,13.889999,-1.26,31.5
-30.568333,29.422778,13-06-2012,61.4,40.300000000000004,2.0,4.9,17.71,1.31,38.7
-30.570833,29.150556,13-06-2012,60.9,35.0,1.7000000000000002,4.1,16.619999,1.15,33.600002
-29.161667,23.696389,14-06-2012,70.200005,27.400000000000002,1.4000000000000001,0.1,19.8,1.5699999,26.1
-26.905,32.324722,14-06-2012,70.9,1.4000000000000001,0.1,6.5,27.32,11.87,1.7
-27.602222,29.942778,14-06-2012,78.1,7.7,0.4,2.8,21.72,3.05,7.4
-27.935,26.126667,14-06-2012,68.9,24.1,1.2000000000000002,1.4,18.47,-0.76,22.9
-28.1175,26.719444,14-06-2012,69.4,26.8,1.3,1.5,18.24,0.85999995,25.6
-31.000833,26.353056,14-06-2012,57.5,49.2,2.5,1.2,15.13,-1.11,46.8
-30.679722,26.7125,14-06-2012,59.3,49.900000000000006,2.5,1.4,16.23,0.099999994,47.5
-30.160091,27.40124,14-06-2012,56.8,56.900000000000006,2.8000000000000003,2.1000001,15.179999,0.44,54.2
-30.86013889,29.07125,14-06-2012,65.9,40.0,2.0,5.1,19.66,5.04,38.600002
-28.7115,24.07288889,15-06-2012,71.3,24.900000000000002,1.2000000000000002,0.3,20.25,1.49,23.7
-27.01011111,26.69808333,15-06-2012,75.1,18.6,0.9,1.5,19.57,1.77,17.800001
-29.641944,30.6875,15-06-2012,65.200005,53.2,2.7,5.9,23.16,9.179999,51.0
-26.648056,27.089444,15-06-2012,74.5,10.8,0.5,2.2,19.49,1.1,10.400001
-26.970278,27.211111,15-06-2012,74.1,12.3,0.6000000000000001,2.2,19.23,1.18,11.8
-26.880278,26.965,15-06-2012,74.9,13.100000000000001,0.7000000000000001,2.1000001,19.609999,1.39,12.6
-26.98472222,26.63227778,15-06-2012,75.6,18.5,0.9,1.6,19.67,1.8499999,17.7
-27.398611,26.614722,15-06-2012,74.4,29.1,1.5,1.6,19.81,1.5999999,27.7
-29.1825,23.575556,15-06-2012,70.1,27.400000000000002,1.4000000000000001,0.1,19.83,1.8299999,26.0
-22.91028,29.61111,18-06-2012,84.700005,0.0,0.0,1.0,25.21,7.5299997,0.0
-29.7775,29.470833,18-06-2012,61.8,13.200000000000001,0.7000000000000001,6.2000003,16.55,-1.53,13.7
-29.744167,29.905833,18-06-2012,69.6,13.200000000000001,0.7000000000000001,4.9,20.05,3.07,12.900001
-26.861111,28.884722,18-06-2012,72.700005,1.6,0.1,3.0,18.24,-0.85999995,1.7
-26.73806,27.59194,18-06-2012,74.200005,1.3,0.1,2.3,18.6,0.78999996,1.4
-26.45,28.085833,18-06-2012,75.5,0.8,0.0,2.7,19.09,0.96999997,0.90000004
-34.065833,20.404167,19-06-2012,50.2,64.5,3.2,15.1,18.44,5.12,50.2
-25.127778,27.628889,19-06-2012,84.8,0.0,0.0,3.7,22.58,3.56,0.2
-25.20639,27.558,19-06-2012,84.0,0.0,0.0,3.9,22.34,3.53,0.2
-24.69514,27.40906,19-06-2012,82.5,0.0,0.0,4.4,21.88,3.74,0.2
-27.363611,31.783333,19-06-2012,68.8,0.30000000000000004,0.0,6.5,25.4,10.389999,0.7
-30.733889,29.828333,19-06-2012,70.0,23.900000000000002,1.2000000000000002,9.6,19.39,5.71,24.4
-27.169444,29.233889,19-06-2012,67.0,1.5,0.1,2.4,17.71,-0.64,1.5
-27.00222,28.76528,19-06-2012,70.8,2.0,0.1,2.9,18.21,-1.27,2.1000001
-29.160278,26.573333,19-06-2012,66.5,9.8,0.5,1.4,16.8,-2.11,9.400001
-29.028629,24.638389,19-06-2012,73.200005,10.3,0.5,0.1,18.83,0.14999999,9.8
-29.161667,23.696389,20-06-2012,69.700005,8.9,0.4,0.1,18.42,0.26,8.400001
-24.282222,28.090278,20-06-2012,79.200005,0.0,0.0,3.9,22.289999,2.11,0.2
-25.681111,31.783333,20-06-2012,81.200005,0.4,0.0,6.7000003,27.8,11.34,0.8
-25.398889,31.610556,20-06-2012,77.200005,0.5,0.0,7.0,27.449999,10.03,0.90000004
-30.398056,30.601944,20-06-2012,82.9,40.1,2.0,12.2,22.34,11.94,40.600002
-30.27402,30.69602,20-06-2012,80.4,40.0,2.0,11.0,21.949999,11.34,39.9
-29.615556,27.065278,20-06-2012,64.0,12.5,0.6000000000000001,1.5,15.679999,-1.5899999,12.0
-28.883333,27.89,20-06-2012,60.600002,7.5,0.4,1.8000001,15.299999,-1.8199999,7.2000003
-34.405833,19.600556,20-06-2012,47.600002,93.2,16.2,55.8,15.799999,6.3999996,47.600002
-24.670833,28.560833,21-06-2012,79.9,0.0,0.0,3.9,22.15,3.51,0.2
-24.99328,30.81444,21-06-2012,72.6,0.4,0.0,13.3,20.38,4.91,1.7
-24.768889,31.39,21-06-2012,73.200005,0.8,0.0,6.6,25.57,9.719999,1.2
-27.802778,28.768333,21-06-2012,64.700005,3.9000000000000004,0.2,1.9,16.88,-1.54,3.8
-27.935,26.126667,21-06-2012,75.700005,5.5,0.30000000000000004,1.3000001,18.49,-1.09,5.3
-28.1175,26.719444,21-06-2012,72.1,5.9,0.30000000000000004,1.4,17.789999,0.14999999,5.7000003
-30.679722,26.7125,21-06-2012,60.7,21.1,1.1,1.3000001,15.38,-1.6899999,20.1
-30.160091,27.40124,21-06-2012,58.4,13.3,0.7000000000000001,1.9,14.389999,-0.94,12.8
-30.336111,27.359444,21-06-2012,57.100002,16.0,0.8,2.1000001,14.0,-1.53,15.400001
-33.501667,21.624167,21-06-2012,60.9,43.2,2.2,0.1,16.47,1.65,41.100002
-34.329722,18.990278,21-06-2012,48.0,123.10000000000001,38.900000000000006,94.4,15.25,7.45,48.0
-25.436111,31.982222,22-06-2012,76.4,0.6000000000000001,0.0,7.5,28.109999,11.059999,1.0
-25.14944444,31.94055556,22-06-2012,76.8,0.7000000000000001,0.0,6.3,27.91,11.05,1.0
-29.658056,25.973333,22-06-2012,59.3,11.3,0.6000000000000001,1.2,14.65,-2.61,10.900001
-31.000833,26.353056,22-06-2012,56.600002,26.900000000000002,1.3,1.1,13.66,-3.55,25.6
-29.803611,30.516111,22-06-2012,69.1,18.400000000000002,0.9,5.7000003,20.59,5.79,17.9
-27.363611,31.783333,24-11-2015,170.5,16.8,0.8,7.6,33.2,20.109999,16.5
-28.760833,17.730278,24-06-2012,90.3,4.800000000000001,0.2,0.0,23.13,8.599999,4.6
-24.679167,30.8025,25-06-2012,73.4,0.4,0.0,8.6,20.74,5.3599997,1.1
-25.99136,27.84208,25-06-2012,77.8,0.2,0.0,2.8,19.73,2.71,0.4
-25.362222,31.956667,25-06-2012,76.9,0.6000000000000001,0.0,7.2000003,28.279999,11.03,1.0
-25.14944444,31.94055556,25-06-2012,76.8,0.7000000000000001,0.0,6.3,27.91,11.05,1.0
-27.01011111,26.69808333,26-06-2012,78.1,1.4000000000000001,0.1,1.4,19.38,1.7099999,1.4
-24.183889,30.823889,26-06-2012,80.3,0.1,0.0,4.4,26.84,9.969999,0.4
-29.758889,30.935278,26-06-2012,71.8,24.900000000000002,1.2000000000000002,5.2000003,22.109999,10.809999,24.0
-29.380556,30.2775,26-06-2012,66.8,7.9,0.4,4.9,19.56,3.3799999,7.9
-26.861111,28.884722,26-06-2012,72.700005,1.6,0.1,3.0,18.24,-0.85999995,1.7
-26.880278,26.965,26-06-2012,77.200005,1.5,0.1,1.9,19.57,1.52,1.5
-26.45,28.085833,26-06-2012,75.5,0.8,0.0,2.7,19.09,0.96999997,0.90000004
-26.98472222,26.63227778,26-06-2012,78.3,1.4000000000000001,0.1,1.5,19.22,1.66,1.4
-34.039722,22.133333,26-06-2012,61.4,79.7,4.0,18.1,18.96,6.31,61.4
-33.7075,18.97444444,26-06-2012,48.2,108.80000000000001,44.2,72.700005,17.09,5.64,48.2
-33.72266667,18.61691667,26-06-2012,46.5,92.60000000000001,25.3,61.2,16.949999,6.2799997,46.5
-25.45963889,28.26430556,26-06-2012,84.6,0.1,0.0,3.1000001,22.8,3.97,0.3
-29.161667,23.696389,27-06-2012,69.700005,8.9,0.4,0.1,18.42,0.26,8.400001
-25.81048333,27.90955222,27-06-2012,80.9,0.1,0.0,2.9,21.06,3.3799999,0.3
-30.830556,26.921389,27-06-2012,57.600002,23.8,1.2000000000000002,1.6,14.13,-2.23,22.7
-24.058889,31.237222,27-06-2012,74.3,0.5,0.0,1.2,26.699999,10.34,0.5
-28.404444,30.013056,27-06-2012,68.200005,3.4000000000000004,0.2,2.2,21.4,3.52,3.3
-27.4275,28.525833,27-06-2012,68.9,2.9000000000000004,0.1,2.2,17.76,-1.91,2.9
-34.031944,22.053333,27-06-2012,62.100002,76.2,3.8000000000000003,13.8,18.82,5.87,62.100002
-32.595833,19.009444,27-06-2012,47.4,37.7,1.9000000000000001,8.8,17.529999,4.0099998,37.5
-28.058889,30.373611,27-06-2012,67.3,2.5,0.1,2.7,20.33,3.72,2.5
-25.447222,30.711667,27-06-2012,81.6,0.2,0.0,9.3,23.529999,7.06,0.7
-29.161667,23.696389,28-06-2012,69.700005,8.9,0.4,0.1,18.42,0.26,8.400001
-29.641944,30.6875,28-06-2012,71.9,20.6,1.0,5.5,22.41,8.599999,19.9
-31.860278,18.6875,28-06-2012,63.100002,23.1,1.2000000000000002,0.7,18.02,5.17,22.0
-27.5275,30.858056,28-06-2012,68.700005,0.2,0.0,4.2000003,21.48,5.99,0.4
-29.380556,30.2775,28-06-2012,66.8,7.9,0.4,4.9,19.56,3.3799999,7.9
-27.00222,28.76528,28-06-2012,70.8,2.0,0.1,2.9,18.21,-1.27,2.1000001
-26.648056,27.089444,28-06-2012,78.0,0.9,0.0,2.0,19.48,1.26,0.90000004
-29.028629,24.638389,28-06-2012,73.200005,10.3,0.5,0.1,18.83,0.14999999,9.8
-29.1825,23.575556,28-06-2012,70.1,11.3,0.6000000000000001,0.1,18.42,0.58,10.7
-25.49037,30.6986,29-06-2012,81.9,0.2,0.0,9.900001,23.26,6.8399997,0.8
-30.398056,30.601944,29-06-2012,82.9,40.1,2.0,12.2,22.34,11.94,40.600002
-30.27402,30.69602,29-06-2012,80.4,40.0,2.0,11.0,21.949999,11.34,39.9
-27.935,26.126667,29-06-2012,75.700005,5.5,0.30000000000000004,1.3000001,18.49,-1.09,5.3
-28.1175,26.719444,29-06-2012,72.1,5.9,0.30000000000000004,1.4,17.789999,0.14999999,5.7000003
-25.127778,27.628889,03-07-2012,84.8,0.0,0.0,3.7,22.58,3.56,0.2
-25.20639,27.558,03-07-2012,84.0,0.0,0.0,3.9,22.34,3.53,0.2
-24.69514,27.40906,03-07-2012,82.5,0.0,0.0,4.4,21.88,3.74,0.2
-28.747778,31.745833,03-07-2012,70.200005,0.1,0.0,8.5,23.13,10.49,1.5
-31.5653,18.3306,03-07-2012,63.8,17.6,0.9,0.2,18.789999,6.21,16.7
-24.39619444,27.08983333,04-07-2012,82.5,0.0,0.0,5.1,22.4,3.6399999,0.3
-28.801278,31.955389,04-07-2012,67.700005,0.6000000000000001,0.0,9.1,23.019999,10.98,2.1000001
-27.935,26.126667,04-07-2012,75.700005,5.5,0.30000000000000004,1.3000001,18.49,-1.09,5.3
-28.141944,26.417778,04-07-2012,68.9,7.2,0.4,1.4,17.39,-0.87,6.9
-28.1175,26.719444,04-07-2012,72.1,5.9,0.30000000000000004,1.4,17.789999,0.14999999,5.7000003
-28.75,30.442778,05-07-2012,68.1,3.3000000000000003,0.2,2.2,23.17,6.95,3.3
-29.161667,30.629722,05-07-2012,66.200005,7.5,0.4,4.5,18.25,5.2799997,7.4
-28.460833,21.248889,05-07-2012,76.8,14.200000000000001,0.7000000000000001,0.0,19.73,2.08,13.5
-34.092222,21.295278,05-07-2012,51.100002,73.4,3.7,23.4,18.46,3.75,51.100002
-33.38056,19.30167,05-07-2012,46.3,70.3,3.5,50.8,14.809999,2.6699998,46.3
-27.4,26.624722,05-07-2012,78.6,3.6,0.2,1.5,19.81,1.48,3.5
-27.573056,24.746389,06-07-2012,76.6,3.3000000000000003,0.2,0.4,19.58,0.91999996,3.2
-28.760833,17.730278,08-07-2012,90.3,4.800000000000001,0.2,0.0,23.13,8.599999,4.6
-29.028629,24.638389,09-07-2012,73.200005,10.3,0.5,0.1,18.83,0.14999999,9.8
-33.818056,19.694722,09-07-2012,50.100002,82.4,13.4,39.5,17.119999,4.15,50.100002
-26.861111,28.884722,10-07-2012,72.700005,1.6,0.1,3.0,18.24,-0.85999995,1.7
-26.880278,26.965,10-07-2012,77.200005,1.5,0.1,1.9,19.57,1.52,1.5
-26.45,28.085833,10-07-2012,75.5,0.8,0.0,2.7,19.09,0.96999997,0.90000004
-26.98472222,26.63227778,10-07-2012,78.3,1.4000000000000001,0.1,1.5,19.22,1.66,1.4
-27.935,26.126667,10-07-2012,75.700005,5.5,0.30000000000000004,1.3000001,18.49,-1.09,5.3
-28.1175,26.719444,10-07-2012,72.1,5.9,0.30000000000000004,1.4,17.789999,0.14999999,5.7000003
-28.69485,28.23487,10-07-2012,64.1,7.5,0.4,1.7,15.889999,-0.69,7.3
-31.104278,29.399722,10-07-2012,71.3,30.8,1.5,9.1,19.32,6.0499997,31.2
-31.396,29.2651,10-07-2012,79.700005,49.1,2.5,8.0,21.06,9.0,48.4
-34.075556,20.145556,10-07-2012,48.8,66.10000000000001,3.3000000000000003,19.300001,17.73,4.8399997,48.8
-25.45963889,28.26430556,10-07-2012,84.6,0.1,0.0,3.1000001,22.8,3.97,0.3
-28.338333,31.373611,10-07-2012,69.6,0.4,0.0,2.2,22.56,9.55,0.4
-28.068333,31.55,10-07-2012,65.4,0.5,0.0,1.9,23.609999,10.11,0.5
-28.760833,17.730278,11-07-2012,90.3,4.800000000000001,0.2,0.0,23.13,8.599999,4.6
-29.161667,23.696389,11-07-2012,69.700005,8.9,0.4,0.1,18.42,0.26,8.400001
-25.81048333,27.90955222,11-07-2012,80.9,0.1,0.0,2.9,21.06,3.3799999,0.3
-29.641944,30.6875,11-07-2012,71.9,20.6,1.0,5.5,22.41,8.599999,19.9
-28.883333,27.89,11-07-2012,60.600002,7.5,0.4,1.8000001,15.299999,-1.8199999,7.2000003
-30.568333,29.422778,11-07-2012,65.5,18.6,0.9,4.6,17.029999,0.56,18.0
-30.86013889,29.07125,11-07-2012,69.5,21.6,1.1,4.6,19.02,4.15,21.0
-30.570833,29.150556,11-07-2012,64.4,17.7,0.9,3.8,16.49,0.62,17.1
-30.77586667,29.03221667,11-07-2012,69.200005,20.6,1.0,3.5,18.859999,3.99,19.9
-34.250556,20.9925,11-07-2012,51.600002,78.7,3.9000000000000004,31.2,18.47,5.1,51.600002
-28.44555556,32.325,09-10-2012,108.0,374.5,266.5,74.8,25.96,16.91,108.0
-26.648056,27.089444,12-07-2012,78.0,0.9,0.0,2.0,19.48,1.26,0.90000004
-27.902778,24.615556,12-07-2012,77.4,5.800000000000001,0.30000000000000004,0.3,20.09,1.56,5.5
-28.768056,20.720556,12-07-2012,75.200005,13.4,0.7000000000000001,0.0,19.51,2.78,12.7
-31.031389,28.883333,12-07-2012,70.8,26.8,1.3,6.8,18.92,3.9399998,26.5
-29.7775,29.470833,16-07-2012,61.8,13.200000000000001,0.7000000000000001,6.2000003,16.55,-1.53,13.7
-29.987778,29.851667,16-07-2012,68.1,15.9,0.8,7.9,19.3,2.82,16.0
-29.744167,29.905833,16-07-2012,69.6,13.200000000000001,0.7000000000000001,4.9,20.05,3.07,12.900001
-33.897778,20.012778,16-07-2012,48.2,64.7,3.2,16.6,17.92,4.23,48.2
-27.01011111,26.69808333,17-07-2012,122.9,0.0,0.0,1.3000001,23.21,4.21,0.1
-34.065833,20.404167,17-07-2012,71.3,55.6,2.8000000000000003,10.8,19.26,6.72,57.2
-25.127778,27.628889,17-07-2012,121.200005,0.0,0.0,3.6000001,26.75,6.6299996,0.2
-25.20639,27.558,17-07-2012,121.4,0.0,0.0,3.7,26.47,6.35,0.2
-24.69514,27.40906,17-07-2012,121.4,0.0,0.0,4.2000003,26.48,7.41,0.2
-25.73411,27.21422,17-07-2012,119.9,0.0,0.0,2.7,24.3,5.0699997,0.2
-27.363611,31.783333,17-07-2012,100.4,0.0,0.0,6.1,27.5,12.219999,0.3
-30.733889,29.828333,17-07-2012,98.1,8.8,0.4,8.3,22.58,8.679999,9.5
-26.648056,27.089444,17-07-2012,118.6,0.0,0.0,1.9,23.26,3.98,0.1
-26.970278,27.211111,17-07-2012,120.3,0.0,0.0,1.9,23.34,4.0,0.1
-26.45,28.085833,17-07-2012,109.200005,0.0,0.0,2.5,22.949999,3.9299998,0.1
-26.98472222,26.63227778,17-07-2012,123.8,0.0,0.0,1.4,23.4,4.5899997,0.1
-27.935,26.126667,17-07-2012,120.6,0.0,0.0,1.3000001,22.93,2.18,0.1
-29.160278,26.573333,17-07-2012,109.9,0.2,0.0,1.3000001,21.24,1.37,0.2
-33.870833,20.003333,17-07-2012,68.700005,64.8,3.2,24.4,18.93,5.94,65.5
-29.161667,23.696389,18-07-2012,121.5,0.1,0.0,0.1,22.949999,3.56,0.1
-24.39619444,27.08983333,18-07-2012,125.9,0.0,0.0,4.8,27.39,7.75,0.3
-26.905,32.324722,18-07-2012,100.6,0.0,0.0,5.8,28.39,13.599999,0.3
-30.398056,30.601944,18-07-2012,94.700005,18.2,0.9,10.5,23.529999,13.32,19.0
-30.27402,30.69602,18-07-2012,91.9,15.3,0.8,9.6,23.34,12.929999,16.0
-27.169444,29.233889,18-07-2012,98.3,0.0,0.0,2.3,21.38,1.89,0.1
-26.861111,28.884722,18-07-2012,102.200005,0.0,0.0,2.9,21.96,1.8299999,0.2
-28.69485,28.23487,18-07-2012,96.5,0.0,0.0,1.6,19.619999,2.19,0.1
-29.615556,27.065278,18-07-2012,104.3,0.7000000000000001,0.0,1.4,20.06,2.01,0.8
-28.883333,27.89,18-07-2012,96.6,0.2,0.0,1.7,19.619999,1.7199999,0.3
-34.02861,22.22222,18-07-2012,75.700005,49.7,2.5,14.7,19.189999,8.01,56.600002
-34.405833,19.600556,18-07-2012,62.3,87.80000000000001,25.5,55.8,15.759999,7.3999996,62.3
-30.160091,27.40124,19-07-2012,101.1,2.4000000000000004,0.1,1.8000001,19.71,3.11,2.4
-30.336111,27.359444,19-07-2012,100.5,3.3000000000000003,0.2,1.9,19.55,2.75,3.3
-30.830556,26.921389,20-07-2012,100.200005,4.1000000000000005,0.2,1.5,19.109999,1.8299999,4.0
-29.658056,25.973333,20-07-2012,110.5,0.2,0.0,1.2,20.66,1.89,0.3
-31.000833,26.353056,20-07-2012,101.0,4.2,0.2,1.0,18.699999,0.88,4.0
-30.679722,26.7125,20-07-2012,103.3,3.1,0.2,1.2,19.81,1.9,3.1000001
-28.460833,21.248889,20-07-2012,124.3,0.9,0.0,0.0,23.33,4.71,0.8
-29.803611,30.516111,20-07-2012,91.9,3.5,0.2,5.3,23.23,8.42,3.7
-31.5653,18.3306,21-07-2012,81.0,58.1,2.9000000000000004,0.2,19.58,7.49,55.2
-24.679167,30.8025,23-07-2012,101.8,0.0,0.0,8.0,23.34,7.2,0.6
-25.99136,27.84208,23-07-2012,113.1,0.0,0.0,2.6000001,23.46,5.16,0.2
-26.880278,26.965,23-07-2012,120.5,0.0,0.0,1.8000001,23.21,3.9399998,0.1
-26.98472222,26.63227778,23-07-2012,123.8,0.0,0.0,1.4,23.4,4.5899997,0.1
-33.31388889,19.07472222,23-07-2012,68.4,95.60000000000001,21.700000000000003,67.8,17.65,6.3399997,68.4
-24.183889,30.823889,24-07-2012,110.1,0.0,0.0,4.2000003,28.26,11.969999,0.2
-26.861111,28.884722,24-07-2012,102.200005,0.0,0.0,2.9,21.96,1.8299999,0.2
-26.970278,27.211111,24-07-2012,120.3,0.0,0.0,1.9,23.34,4.0,0.1
-27.802778,28.768333,24-07-2012,97.3,0.0,0.0,1.8000001,20.73,1.1,0.1
-28.69485,28.23487,24-07-2012,96.5,0.0,0.0,1.6,19.619999,2.19,0.1
-33.501667,21.624167,24-07-2012,86.6,28.400000000000002,1.4000000000000001,0.1,18.609999,4.18,27.0
-29.161667,23.696389,25-07-2012,121.5,0.1,0.0,0.1,22.949999,3.56,0.1
-25.81048333,27.90955222,25-07-2012,115.4,0.0,0.0,2.7,24.8,5.8799996,0.2
-24.034167,31.123611,25-07-2012,102.3,0.1,0.0,1.1,27.93,12.73,0.1
-29.380556,30.2775,25-07-2012,93.1,1.4000000000000001,0.1,4.6,22.269999,5.87,1.6
-28.058889,30.373611,25-07-2012,103.700005,0.0,0.0,2.5,23.73,6.22,0.1
-29.641944,30.6875,26-07-2012,92.0,0.7000000000000001,0.0,5.1,24.119999,10.29,1.0
-31.860278,18.6875,26-07-2012,81.9,61.7,3.1,0.7,19.48,6.33,58.600002
-27.5275,30.858056,26-07-2012,100.3,0.0,0.0,4.0,23.83,7.71,0.2
-29.380556,30.2775,26-07-2012,93.1,1.4000000000000001,0.1,4.6,22.269999,5.87,1.6
-27.00222,28.76528,26-07-2012,101.200005,0.0,0.0,2.7,21.93,1.52,0.2
-26.648056,27.089444,26-07-2012,118.6,0.0,0.0,1.9,23.26,3.98,0.1
-29.758889,30.935278,27-07-2012,88.8,0.5,0.0,4.9,23.97,12.66,0.8
-30.27402,30.69602,28-07-2012,91.9,15.3,0.8,9.6,23.34,12.929999,16.0
-27.01011111,26.69808333,30-07-2012,122.9,0.0,0.0,1.3000001,23.21,4.21,0.1
-26.648056,27.089444,30-07-2012,118.6,0.0,0.0,1.9,23.26,3.98,0.1
-26.880278,26.965,30-07-2012,120.5,0.0,0.0,1.8000001,23.21,3.9399998,0.1
-26.98472222,26.63227778,30-07-2012,123.8,0.0,0.0,1.4,23.4,4.5899997,0.1
-31.554722,29.245556,30-07-2012,106.5,14.600000000000001,0.7000000000000001,7.0,22.84,11.059999,15.1
-33.38056,19.30167,30-07-2012,67.0,96.2,27.1,52.8,15.349999,3.9199998,67.0
-25.127778,27.628889,31-07-2012,121.200005,0.0,0.0,3.6000001,26.75,6.6299996,0.2
-25.20639,27.558,31-07-2012,121.4,0.0,0.0,3.7,26.47,6.35,0.2
-26.861111,28.884722,31-07-2012,102.200005,0.0,0.0,2.9,21.96,1.8299999,0.2
-26.970278,27.211111,31-07-2012,120.3,0.0,0.0,1.9,23.34,4.0,0.1
-26.73806,27.59194,31-07-2012,115.0,0.0,0.0,2.2,22.75,3.84,0.1
-26.45,28.085833,31-07-2012,109.200005,0.0,0.0,2.5,22.949999,3.9299998,0.1
-31.104278,29.399722,31-07-2012,96.3,10.200000000000001,0.5,7.8,22.3,9.0,11.0
-24.39619444,27.08983333,01-08-2012,125.9,0.0,0.0,4.8,27.39,7.75,0.3
-27.169444,29.233889,01-08-2012,98.3,0.0,0.0,2.3,21.38,1.89,0.1
-28.141944,26.417778,01-08-2012,118.200005,0.0,0.0,1.4,22.48,2.69,0.1
-28.1175,26.719444,01-08-2012,117.700005,0.0,0.0,1.3000001,22.47,3.3,0.1
-33.13083,18.86278,01-08-2012,64.6,81.5,4.1000000000000005,47.8,17.74,6.8999996,64.6
-28.75,30.442778,02-08-2012,102.8,0.0,0.0,2.1000001,25.599998,8.639999,0.1
-29.161667,30.629722,02-08-2012,89.700005,0.0,0.0,4.2000003,21.74,7.74,0.3
-27.00222,28.76528,02-08-2012,101.200005,0.0,0.0,2.7,21.93,1.52,0.2
-26.648056,27.089444,02-08-2012,118.6,0.0,0.0,1.9,23.26,3.98,0.1
-27.398611,26.614722,02-08-2012,126.200005,0.0,0.0,1.4,23.949999,3.76,0.1
-28.376944,24.303056,02-08-2012,127.9,0.0,0.0,0.3,23.99,3.12,0.0
-27.671111,27.236944,03-08-2012,120.1,0.0,0.0,1.5,23.4,3.34,0.1
-28.735556,29.820556,04-08-2012,104.4,0.0,0.0,2.0,24.64,5.43,0.1
-28.760833,17.730278,05-08-2012,119.0,6.7,0.30000000000000004,0.0,23.67,9.179999,6.3
-25.99136,27.84208,06-08-2012,113.1,0.0,0.0,2.6000001,23.46,5.16,0.2
-26.970278,27.211111,06-08-2012,120.3,0.0,0.0,1.9,23.34,4.0,0.1
-33.818056,19.694722,06-08-2012,73.1,86.7,13.600000000000001,39.5,17.85,5.8199997,73.1
-27.01011111,26.69808333,07-08-2012,122.9,0.0,0.0,1.3000001,23.21,4.21,0.1
-29.641944,30.6875,07-08-2012,92.0,0.7000000000000001,0.0,5.1,24.119999,10.29,1.0
-28.735556,29.820556,07-08-2012,104.4,0.0,0.0,2.0,24.64,5.43,0.1
-26.880278,26.965,07-08-2012,120.5,0.0,0.0,1.8000001,23.21,3.9399998,0.1
-26.98472222,26.63227778,07-08-2012,123.8,0.0,0.0,1.4,23.4,4.5899997,0.1
-27.398611,26.614722,07-08-2012,126.200005,0.0,0.0,1.4,23.949999,3.76,0.1
-34.075556,20.145556,07-08-2012,68.4,63.7,3.2,16.5,18.35,6.37,63.4
-25.45963889,28.26430556,07-08-2012,119.3,0.0,0.0,2.9,26.869999,6.49,0.2
-28.338333,31.373611,07-08-2012,98.1,0.0,0.0,2.1000001,24.98,10.91,0.1
-28.068333,31.55,07-08-2012,97.0,0.0,0.0,1.8000001,26.539999,12.34,0.1
-25.57877778,29.12747222,07-08-2012,117.4,0.0,0.0,2.7,26.689999,6.1,0.2
-25.81048333,27.90955222,08-08-2012,115.4,0.0,0.0,2.7,24.8,5.8799996,0.2
-28.44555556,32.325,31-10-2012,124.9,34.800000000000004,1.7000000000000002,27.5,27.68,18.0,80.3
-26.861111,28.884722,08-08-2012,102.200005,0.0,0.0,2.9,21.96,1.8299999,0.2
-26.45,28.085833,08-08-2012,109.200005,0.0,0.0,2.5,22.949999,3.9299998,0.1
-27.273889,28.49,09-08-2012,101.8,0.0,0.0,2.3,21.9,1.16,0.1
-27.802778,28.768333,09-08-2012,97.3,0.0,0.0,1.8000001,20.73,1.1,0.1
-27.00222,28.76528,10-08-2012,101.200005,0.0,0.0,2.7,21.93,1.52,0.2
-27.02314,28.59389,10-08-2012,105.0,0.0,0.0,2.7,22.529999,1.93,0.2
-26.648056,27.089444,10-08-2012,118.6,0.0,0.0,1.9,23.26,3.98,0.1
-27.573056,24.746389,10-08-2012,130.90001,0.0,0.0,0.4,24.16,3.72,0.0
-34.065833,20.404167,12-08-2012,71.3,55.6,2.8000000000000003,10.8,19.26,6.72,57.2
-27.01011111,26.69808333,13-08-2012,122.9,0.0,0.0,1.3000001,23.21,4.21,0.1
-29.7775,29.470833,13-08-2012,91.5,3.8000000000000003,0.2,5.3,19.75,1.76,4.4
-29.987778,29.851667,13-08-2012,95.3,5.1000000000000005,0.30000000000000004,7.2000003,22.269999,5.2599998,5.6
-29.744167,29.905833,13-08-2012,97.700005,4.1000000000000005,0.2,4.6,22.76,5.35,4.2000003
-26.880278,26.965,13-08-2012,120.5,0.0,0.0,1.8000001,23.21,3.9399998,0.1
-26.98472222,26.63227778,13-08-2012,123.8,0.0,0.0,1.4,23.4,4.5899997,0.1
-25.127778,27.628889,14-08-2012,121.200005,0.0,0.0,3.6000001,26.75,6.6299996,0.2
-24.39619444,27.08983333,14-08-2012,125.9,0.0,0.0,4.8,27.39,7.75,0.3
-24.69514,27.40906,14-08-2012,121.4,0.0,0.0,4.2000003,26.48,7.41,0.2
-25.73411,27.21422,14-08-2012,119.9,0.0,0.0,2.7,24.3,5.0699997,0.2
-26.03611,30.99778,14-08-2012,107.200005,0.0,0.0,8.1,24.939999,9.309999,0.5
-27.363611,31.783333,14-08-2012,100.4,0.0,0.0,6.1,27.5,12.219999,0.3
-26.73806,27.59194,14-08-2012,115.0,0.0,0.0,2.2,22.75,3.84,0.1
-26.45,28.085833,14-08-2012,109.200005,0.0,0.0,2.5,22.949999,3.9299998,0.1
-27.273889,28.49,14-08-2012,101.8,0.0,0.0,2.3,21.9,1.16,0.1
-29.160278,26.573333,14-08-2012,109.9,0.2,0.0,1.3000001,21.24,1.37,0.2
-34.250556,20.9925,14-08-2012,70.700005,53.7,2.7,23.5,19.08,6.56,58.7
-33.897778,20.012778,14-08-2012,73.5,64.4,3.2,12.1,18.73,5.94,65.700005
-25.20639,27.558,15-08-2012,121.4,0.0,0.0,3.7,26.47,6.35,0.2
-25.49037,30.6986,15-08-2012,108.8,0.0,0.0,9.400001,25.4,8.3,0.6
-30.398056,30.601944,15-08-2012,94.700005,18.2,0.9,10.5,23.529999,13.32,19.0
-30.27402,30.69602,15-08-2012,91.9,15.3,0.8,9.6,23.34,12.929999,16.0
-27.169444,29.233889,15-08-2012,98.3,0.0,0.0,2.3,21.38,1.89,0.1
-27.3,28.586944,15-08-2012,101.700005,0.0,0.0,2.3,21.85,1.1899999,0.1
-29.033333,23.983333,15-08-2012,121.4,0.0,0.0,0.2,23.029999,2.95,0.0
-28.69485,28.23487,15-08-2012,96.5,0.0,0.0,1.6,19.619999,2.19,0.1
-29.615556,27.065278,15-08-2012,104.3,0.7000000000000001,0.0,1.4,20.06,2.01,0.8
-28.883333,27.89,15-08-2012,96.6,0.2,0.0,1.7,19.619999,1.7199999,0.3
-34.405833,19.600556,15-08-2012,62.3,87.80000000000001,25.5,55.8,15.759999,7.3999996,62.3
-25.447222,30.711667,15-08-2012,108.1,0.0,0.0,8.8,25.58,8.679999,0.5
-30.13573889,30.67422222,16-08-2012,91.1,11.4,0.6000000000000001,5.8,23.56,12.75,11.3
-26.648056,27.089444,16-08-2012,118.6,0.0,0.0,1.9,23.26,3.98,0.1
-27.902778,24.615556,16-08-2012,131.7,0.0,0.0,0.3,24.38,3.9199998,0.0
-30.160091,27.40124,16-08-2012,101.1,2.4000000000000004,0.1,1.8000001,19.71,3.11,2.4
-30.336111,27.359444,16-08-2012,100.5,3.3000000000000003,0.2,1.9,19.55,2.75,3.3
-30.830556,26.921389,17-08-2012,119.4,16.7,0.8,1.4,21.9,4.14,15.900001
-29.658056,25.973333,17-08-2012,133.5,7.300000000000001,0.4,1.1,23.07,3.6499999,7.0
-31.000833,26.353056,17-08-2012,119.5,12.600000000000001,0.6000000000000001,1.0,21.439999,2.84,12.0
-30.679722,26.7125,17-08-2012,121.0,14.600000000000001,0.7000000000000001,1.1,22.55,4.25,14.0
-29.803611,30.516111,17-08-2012,100.6,34.2,1.7000000000000002,5.0,23.42,9.94,32.8
-28.760833,17.730278,18-08-2012,139.1,3.0,0.2,0.0,27.23,11.78,2.9
-22.43772222,31.07805556,19-08-2012,139.40001,23.400000000000002,1.2000000000000002,0.5,30.83,14.78,22.2
-24.679167,30.8025,20-08-2012,118.6,66.5,3.3000000000000003,7.5,24.279999,8.97,63.7
-25.99136,27.84208,20-08-2012,140.90001,34.300000000000004,1.7000000000000002,2.5,25.49,7.75,32.8
-30.27402,30.69602,20-08-2012,95.700005,66.2,3.3000000000000003,8.5,22.99,13.7,64.0
-26.880278,26.965,20-08-2012,147.40001,22.5,1.1,1.7,25.32,6.54,21.5
-26.98472222,26.63227778,20-08-2012,149.5,18.400000000000002,0.9,1.4,25.43,6.87,17.5
-33.7075,18.97444444,20-08-2012,85.6,67.3,3.4000000000000004,59.0,20.65,8.59,77.6
-24.183889,30.823889,21-08-2012,126.1,30.3,1.5,4.0,28.619999,13.32,29.0
-29.380556,30.2775,21-08-2012,104.1,70.60000000000001,3.5,4.3,22.85,7.2,67.4
-26.45,28.085833,21-08-2012,137.2,38.5,1.9000000000000001,2.4,24.65,6.64,36.7
-33.464444,18.740556,21-08-2012,85.8,56.1,2.8000000000000003,36.8,19.8,8.26,73.8
-25.45963889,28.26430556,21-08-2012,146.40001,31.3,1.6,2.7,28.33,9.32,29.9
-25.81048333,27.90955222,22-08-2012,142.1,29.1,1.5,2.6000001,26.68,8.7,27.800001
-24.058889,31.237222,22-08-2012,121.200005,38.2,1.9000000000000001,1.2,28.96,14.13,36.3
-27.169444,29.233889,22-08-2012,121.3,53.5,2.7,2.2,23.24,4.4,50.9
-27.273889,28.49,22-08-2012,124.8,46.2,2.3000000000000003,2.2,23.71,3.98,44.0
-27.802778,28.768333,22-08-2012,118.6,41.400000000000006,2.1,1.7,22.609999,3.4399998,39.4
-28.058889,30.373611,22-08-2012,115.4,113.60000000000001,5.7,2.4,24.41,7.48,108.0
-29.161667,23.696389,23-08-2012,142.90001,1.9000000000000001,0.1,0.1,25.26,5.5,1.8000001
-28.7115,24.07288889,23-08-2012,146.3,3.0,0.2,0.2,26.39,5.06,2.9
-31.860278,18.6875,23-08-2012,106.6,19.200000000000003,1.0,0.7,22.25,7.6699996,18.2
-27.937778,31.209444,23-08-2012,110.0,155.8,7.800000000000001,40.2,25.66,11.24,110.0
-26.648056,27.089444,23-08-2012,146.0,26.3,1.3,1.8000001,25.24,6.3399997,25.1
-29.1825,23.575556,23-08-2012,141.40001,1.7000000000000002,0.1,0.1,25.369999,5.77,1.6
-34.031944,22.053333,23-08-2012,91.0,10.5,0.5,8.1,20.199999,8.73,12.0
-34.02861,22.22222,23-08-2012,88.9,11.5,0.6000000000000001,10.900001,19.74,8.96,14.7
-23.838611,31.640833,24-08-2012,125.4,31.700000000000003,1.6,1.0,29.89,13.66,30.1
-32.502778,19.535833,24-08-2012,109.4,13.4,0.7000000000000001,0.8,22.3,6.0899997,12.7
-29.380556,30.2775,26-08-2012,104.1,70.60000000000001,3.5,4.3,22.85,7.2,67.4
-29.641944,30.6875,27-08-2012,101.5,48.1,2.4000000000000004,4.8,24.0,11.5199995,46.0
-29.758889,30.935278,27-08-2012,95.4,111.7,5.6000000000000005,15.6,23.74,13.469999,95.4
-27.01011111,26.69808333,28-08-2012,149.0,18.5,0.9,1.3000001,25.33,6.66,17.7
-25.127778,27.628889,28-08-2012,153.7,19.400000000000002,1.0,3.4,28.72,10.23,18.6
-25.20639,27.558,28-08-2012,154.0,19.200000000000003,1.0,3.5,28.46,10.04,18.4
-24.69514,27.40906,28-08-2012,156.3,15.600000000000001,0.8,4.0,28.64,11.48,15.0
-28.747778,31.745833,28-08-2012,102.200005,253.60000000000002,95.60000000000001,63.3,25.98,13.889999,102.200005
-26.970278,27.211111,28-08-2012,146.6,25.3,1.3,1.8000001,25.189999,6.3399997,24.1
-26.880278,26.965,28-08-2012,147.40001,22.5,1.1,1.7,25.32,6.54,21.5
-26.45,28.085833,28-08-2012,137.2,38.5,1.9000000000000001,2.4,24.65,6.64,36.7
-26.98472222,26.63227778,28-08-2012,149.5,18.400000000000002,0.9,1.4,25.43,6.87,17.5
-30.86013889,29.07125,28-08-2012,108.700005,36.9,1.8,3.9,22.85,8.01,35.4
-31.104278,29.399722,28-08-2012,107.700005,56.300000000000004,2.8000000000000003,6.8,22.82,10.34,54.5
-31.396,29.2651,28-08-2012,106.9,67.7,3.4000000000000004,6.0,22.96,12.04,65.200005
-31.554722,29.245556,28-08-2012,106.6,70.9,3.5,6.1,22.21,11.42,68.3
-33.501667,21.624167,28-08-2012,102.8,8.8,0.4,0.1,20.359999,5.17,8.3
-31.5653,18.3306,28-08-2012,103.9,18.400000000000002,0.9,0.2,22.38,8.65,17.5
-29.161667,23.696389,29-08-2012,142.90001,1.9000000000000001,0.1,0.1,25.26,5.5,1.8000001
-28.801278,31.955389,29-08-2012,99.4,276.90000000000003,117.7,67.8,25.32,14.059999,99.4
-28.141944,26.417778,29-08-2012,144.7,9.8,0.5,1.3000001,24.789999,4.8599997,9.400001
-28.1175,26.719444,29-08-2012,146.40001,11.5,0.6000000000000001,1.3000001,24.89,5.52,11.0
-30.568333,29.422778,29-08-2012,108.8,32.4,1.6,4.0,22.029999,5.35,31.0
-30.77586667,29.03221667,29-08-2012,109.5,34.2,1.7000000000000002,3.1000001,22.67,7.62,32.7
-33.13083,18.86278,29-08-2012,82.6,40.1,2.0,23.9,20.98,8.53,61.9
-24.282222,28.090278,30-08-2012,148.3,15.100000000000001,0.8,3.5,27.869999,9.09,14.5
-28.75,30.442778,30-08-2012,116.9,81.30000000000001,4.1000000000000005,2.0,26.769999,10.46,77.4
-29.161667,30.629722,30-08-2012,103.1,109.9,5.5,5.5,22.64,8.3,103.1
-27.00222,28.76528,30-08-2012,123.5,45.900000000000006,2.3000000000000003,2.5,23.71,4.29,43.8
-27.398611,26.614722,30-08-2012,152.1,14.4,0.7000000000000001,1.4,25.89,6.27,13.8
-27.671111,27.236944,30-08-2012,143.7,19.400000000000002,1.0,1.4,25.26,5.8599997,18.5
-33.38056,19.30167,30-08-2012,88.200005,43.400000000000006,2.2,23.1,18.57,5.4,70.9
-27.902778,24.615556,31-08-2012,154.3,5.4,0.30000000000000004,0.3,27.349998,6.17,5.1
-28.760833,17.730278,02-09-2012,139.1,3.0,0.2,0.0,27.23,11.78,2.9
-25.99136,27.84208,03-09-2012,140.90001,34.300000000000004,1.7000000000000002,2.5,25.49,7.75,32.8
-22.43772222,31.07805556,03-09-2012,139.40001,23.400000000000002,1.2000000000000002,0.5,30.83,14.78,22.2
-26.970278,27.211111,03-09-2012,146.6,25.3,1.3,1.8000001,25.189999,6.3399997,24.1
-27.3,28.586944,03-09-2012,122.8,46.6,2.3000000000000003,2.1000001,23.529999,3.9199998,44.4
-31.031389,28.883333,03-09-2012,110.0,36.800000000000004,1.8,5.4,22.49,7.69,35.5
-33.818056,19.694722,03-09-2012,96.700005,42.2,2.1,14.5,20.88,7.64,65.1
-27.01011111,26.69808333,04-09-2012,149.0,18.5,0.9,1.3000001,25.33,6.66,17.7
-26.880278,26.965,04-09-2012,147.40001,22.5,1.1,1.7,25.32,6.54,21.5
-26.98472222,26.63227778,04-09-2012,149.5,18.400000000000002,0.9,1.4,25.43,6.87,17.5
-27.671111,27.236944,04-09-2012,143.7,19.400000000000002,1.0,1.4,25.26,5.8599997,18.5
-34.075556,20.145556,04-09-2012,87.1,27.3,1.4000000000000001,11.2,20.81,8.04,31.2
-25.45963889,28.26430556,04-09-2012,146.40001,31.3,1.6,2.7,28.33,9.32,29.9
-28.338333,31.373611,04-09-2012,109.3,196.60000000000002,27.700000000000003,61.7,25.68,11.82,109.3
-28.068333,31.55,04-09-2012,106.9,196.9,26.5,65.3,26.949999,13.469999,106.9
-27.4,26.624722,04-09-2012,152.1,14.4,0.7000000000000001,1.4,25.89,6.27,13.8
-29.161667,23.696389,05-09-2012,142.90001,1.9000000000000001,0.1,0.1,25.26,5.5,1.8000001
-25.81048333,27.90955222,05-09-2012,142.1,29.1,1.5,2.6000001,26.68,8.7,27.800001
-27.602222,29.942778,05-09-2012,126.6,82.10000000000001,4.1000000000000005,2.4,25.519999,7.3199997,78.1
-27.169444,29.233889,05-09-2012,121.3,53.5,2.7,2.2,23.24,4.4,50.9
-26.73806,27.59194,05-09-2012,141.7,31.900000000000002,1.6,2.1000001,24.64,6.24,30.4
-26.45,28.085833,05-09-2012,137.2,38.5,1.9000000000000001,2.4,24.65,6.64,36.7
-29.641944,30.6875,06-09-2012,101.5,48.1,2.4000000000000004,4.8,24.0,11.5199995,46.0
-29.161667,23.696389,07-09-2012,142.90001,1.9000000000000001,0.1,0.1,25.26,5.5,1.8000001
-28.7115,24.07288889,07-09-2012,146.3,3.0,0.2,0.2,26.39,5.06,2.9
-27.02314,28.59389,07-09-2012,126.6,45.2,2.3000000000000003,2.5,24.109999,4.65,43.100002
-27.273889,28.49,07-09-2012,124.8,46.2,2.3000000000000003,2.2,23.71,3.98,44.0
-29.1825,23.575556,07-09-2012,141.40001,1.7000000000000002,0.1,0.1,25.369999,5.77,1.6
-29.028629,24.638389,08-09-2012,149.6,3.9000000000000004,0.2,0.1,25.88,4.62,3.7
-27.01011111,26.69808333,10-09-2012,149.0,18.5,0.9,1.3000001,25.33,6.66,17.7
-29.987778,29.851667,10-09-2012,105.9,34.6,1.7000000000000002,6.6,23.26,6.8399997,33.5
-29.744167,29.905833,10-09-2012,105.5,32.300000000000004,1.6,4.4,23.74,7.19,30.9
-26.98472222,26.63227778,10-09-2012,149.5,18.400000000000002,0.9,1.4,25.43,6.87,17.5
-29.160278,26.573333,10-09-2012,137.5,10.5,0.5,1.2,24.0,3.6699998,10.0
-34.065833,20.404167,11-09-2012,89.3,21.8,1.1,8.5,21.449999,8.559999,23.0
-25.127778,27.628889,11-09-2012,153.7,19.400000000000002,1.0,3.4,28.72,10.23,18.6
-24.39619444,27.08983333,11-09-2012,164.2,13.8,0.7000000000000001,4.5,30.019999,12.15,13.3
-24.69514,27.40906,11-09-2012,156.3,15.600000000000001,0.8,4.0,28.64,11.48,15.0
-27.363611,31.783333,11-09-2012,106.8,139.4,7.0,31.7,27.38,13.29,106.8
-30.733889,29.828333,11-09-2012,106.700005,48.1,2.4000000000000004,7.4,22.85,9.58,46.600002
-26.970278,27.211111,11-09-2012,146.6,25.3,1.3,1.8000001,25.189999,6.3399997,24.1
-26.45,28.085833,11-09-2012,137.2,38.5,1.9000000000000001,2.4,24.65,6.64,36.7
-28.69485,28.23487,11-09-2012,117.700005,25.6,1.3,1.5,21.56,4.52,24.4
-29.615556,27.065278,11-09-2012,126.9,13.0,0.6000000000000001,1.3000001,22.64,4.0899997,12.400001
-28.883333,27.89,11-09-2012,119.6,22.200000000000003,1.1,1.6,22.0,5.12,21.2
-33.897778,20.012778,11-09-2012,91.5,28.5,1.4000000000000001,8.7,21.449999,7.79,30.5
-29.161667,23.696389,12-09-2012,142.90001,1.9000000000000001,0.1,0.1,25.26,5.5,1.8000001
-25.20639,27.558,12-09-2012,154.0,19.200000000000003,1.0,3.5,28.46,10.04,18.4
-22.769722,30.886944,12-09-2012,132.1,26.900000000000002,1.3,3.6000001,29.24,14.639999,25.7
-28.44555556,32.325,24-01-2013,141.7,48.800000000000004,2.4000000000000004,27.5,32.309998,20.439999,93.6
-26.905,32.324722,12-09-2012,107.700005,138.4,6.9,29.6,28.289999,14.12,107.700005
-30.398056,30.601944,12-09-2012,97.1,73.10000000000001,3.7,9.2,23.029999,14.049999,70.700005
-30.27402,30.69602,12-09-2012,95.700005,66.2,3.3000000000000003,8.5,22.99,13.7,64.0
-30.160091,27.40124,12-09-2012,118.9,16.8,0.8,1.7,22.109999,4.94,16.1
-30.336111,27.359444,12-09-2012,119.4,18.6,0.9,1.8000001,21.96,4.7,17.800001
-28.768056,20.720556,12-09-2012,142.6,1.6,0.1,0.0,26.16,7.21,1.5
-34.405833,19.600556,12-09-2012,81.1,50.0,2.5,34.600002,17.72,8.72,68.700005
-30.830556,26.921389,13-09-2012,119.4,16.7,0.8,1.4,21.9,4.14,15.900001
-27.00222,28.76528,13-09-2012,123.5,45.900000000000006,2.3000000000000003,2.5,23.71,4.29,43.8
-26.648056,27.089444,13-09-2012,146.0,26.3,1.3,1.8000001,25.24,6.3399997,25.1
-31.000833,26.353056,13-09-2012,119.5,12.600000000000001,0.6000000000000001,1.0,21.439999,2.84,12.0
-30.679722,26.7125,13-09-2012,121.0,14.600000000000001,0.7000000000000001,1.1,22.55,4.25,14.0
-34.329722,18.990278,13-09-2012,79.6,74.3,3.7,88.700005,17.13,8.95,76.3
-27.573056,24.746389,14-09-2012,153.0,6.0,0.30000000000000004,0.4,26.81,5.97,5.7000003
-29.658056,25.973333,14-09-2012,133.5,7.300000000000001,0.4,1.1,23.07,3.6499999,7.0
-29.803611,30.516111,14-09-2012,100.6,34.2,1.7000000000000002,5.0,23.42,9.94,32.8
-29.161667,23.696389,17-09-2012,192.8,29.5,1.5,0.1,30.109999,10.76,28.1
-25.99136,27.84208,17-09-2012,159.1,55.7,2.8000000000000003,2.3,27.43,11.7,53.100002
-26.73806,27.59194,17-09-2012,167.0,51.2,2.6,2.0,27.43,10.82,48.7
-26.45,28.085833,17-09-2012,159.40001,60.6,3.0,2.3,26.869999,10.639999,57.7
-27.935,26.126667,17-09-2012,187.5,44.0,2.2,1.1,28.859999,9.36,41.9
-29.1825,23.575556,17-09-2012,192.6,28.900000000000002,1.4000000000000001,0.1,30.039999,10.86,27.5
-33.31388889,19.07472222,17-09-2012,138.40001,27.8,1.4000000000000001,22.9,24.039999,11.33,47.0
-27.01011111,26.69808333,18-09-2012,184.0,47.1,2.4000000000000004,1.2,28.84,11.219999,44.8
-22.91028,29.61111,18-09-2012,153.5,62.400000000000006,3.1,1.0,30.3,16.42,59.3
-27.5275,30.858056,18-09-2012,125.5,250.20000000000002,74.7,72.8,26.47,12.33,125.5
-29.380556,30.2775,18-09-2012,109.700005,132.0,6.6000000000000005,20.0,23.82,9.76,109.700005
-27.169444,29.233889,18-09-2012,141.6,106.30000000000001,5.300000000000001,2.0,25.98,8.96,101.1
-26.648056,27.089444,18-09-2012,176.40001,43.6,2.2,1.7,28.41,11.04,41.5
-26.970278,27.211111,18-09-2012,174.8,49.900000000000006,2.5,1.7,28.31,11.0,47.5
-26.880278,26.965,18-09-2012,180.0,46.900000000000006,2.3000000000000003,1.7,28.68,11.24,44.7
-27.802778,28.768333,18-09-2012,140.1,87.7,4.4,1.6,25.32,8.05,83.4
-33.7075,18.97444444,18-09-2012,132.8,44.1,2.2,26.2,23.779999,11.99,74.700005
-25.45963889,28.26430556,18-09-2012,169.2,60.400000000000006,3.0,2.6000001,30.31,13.349999,57.5
-29.161667,23.696389,19-09-2012,192.8,29.5,1.5,0.1,30.109999,10.76,28.1
-25.81048333,27.90955222,19-09-2012,165.7,53.400000000000006,2.7,2.5,28.76,12.9,50.9
-23.763056,27.908611,19-09-2012,180.2,47.0,2.4000000000000004,2.9,32.2,15.96,44.8
-27.00222,28.76528,19-09-2012,147.6,102.4,5.1000000000000005,2.4,26.5,9.23,97.4
-27.273889,28.49,19-09-2012,149.7,125.10000000000001,6.300000000000001,2.1000001,26.359999,9.08,119.0
-34.039722,22.133333,19-09-2012,103.200005,64.10000000000001,3.2,7.7000003,21.07,11.9,62.600002
-32.595833,19.009444,19-09-2012,151.90001,12.5,0.6000000000000001,6.2000003,25.769999,10.599999,12.6
-34.005833,22.351111,19-09-2012,100.1,93.9,4.7,12.6,20.13,11.66,92.0
-31.860278,18.6875,20-09-2012,163.1,7.0,0.30000000000000004,0.7,25.82,10.71,6.6
-29.744167,29.905833,27-12-2013,155.1,57.0,2.8000000000000003,29.1,28.789999,16.39,104.200005
-24.282222,28.090278,20-09-2012,170.1,56.6,2.8000000000000003,3.4,30.63,13.73,54.0
-23.838611,31.640833,20-09-2012,134.3,79.2,4.0,0.90000004,31.83,17.63,75.3
-24.670833,28.560833,21-09-2012,167.1,67.5,3.4000000000000004,3.3,30.59,13.61,64.3
-32.502778,19.535833,21-09-2012,163.1,6.9,0.30000000000000004,0.8,25.89,9.809999,6.6
-24.183889,30.823889,25-09-2012,136.90001,79.80000000000001,4.0,3.8,30.769999,17.39,76.0
-25.127778,27.628889,25-09-2012,175.6,41.6,2.1,3.2,31.42,14.71,39.7
-25.20639,27.558,25-09-2012,174.0,42.0,2.1,3.3,31.189999,14.44,40.0
-24.69514,27.40906,25-09-2012,179.40001,45.1,2.3000000000000003,3.8,31.73,16.279999,43.100002
-25.73411,27.21422,25-09-2012,175.2,41.6,2.1,2.4,28.93,11.83,39.7
-26.45,28.085833,25-09-2012,159.40001,60.6,3.0,2.3,26.869999,10.639999,57.7
-31.396,29.2651,25-09-2012,110.200005,178.60000000000002,24.700000000000003,49.600002,23.73,14.389999,110.200005
-31.554722,29.245556,25-09-2012,105.5,191.3,41.400000000000006,50.5,22.949999,13.7699995,105.5
-33.501667,21.624167,25-09-2012,127.0,40.800000000000004,2.0,0.1,22.6,8.4,38.7
-33.38056,19.30167,25-09-2012,132.5,28.5,1.4000000000000001,14.900001,21.52,8.72,35.3
-29.161667,23.696389,26-09-2012,192.8,29.5,1.5,0.1,30.109999,10.76,28.1
-27.01011111,26.69808333,26-09-2012,184.0,47.1,2.4000000000000004,1.2,28.84,11.219999,44.8
-24.39619444,27.08983333,26-09-2012,189.90001,41.1,2.1,4.3,32.93,17.06,39.3
-29.380556,30.2775,26-09-2012,109.700005,132.0,6.6000000000000005,20.0,23.82,9.76,109.700005
-26.648056,27.089444,26-09-2012,176.40001,43.6,2.2,1.7,28.41,11.04,41.5
-26.880278,26.965,26-09-2012,180.0,46.900000000000006,2.3000000000000003,1.7,28.68,11.24,44.7
-27.802778,28.768333,26-09-2012,140.1,87.7,4.4,1.6,25.32,8.05,83.4
-26.98472222,26.63227778,26-09-2012,185.0,45.6,2.3000000000000003,1.3000001,29.08,11.559999,43.4
-28.141944,26.417778,26-09-2012,183.1,44.900000000000006,2.2,1.2,28.359999,9.87,42.8
-28.1175,26.719444,26-09-2012,178.40001,46.900000000000006,2.3000000000000003,1.2,28.21,10.45,44.600002
-30.568333,29.422778,26-09-2012,115.5,109.2,5.5,3.7,23.019999,8.57,104.0
-30.570833,29.150556,26-09-2012,116.9,102.4,5.1000000000000005,3.1000001,22.779999,8.01,97.5
-31.104278,29.399722,26-09-2012,110.8,151.8,7.6000000000000005,40.2,23.66,12.9,110.8
-31.5653,18.3306,26-09-2012,165.40001,4.4,0.2,0.2,25.58,11.57,4.2000003
-29.641944,30.6875,27-09-2012,108.4,118.10000000000001,5.9,8.6,25.06,14.34,108.4
-24.679167,30.8025,27-09-2012,128.0,180.5,9.0,51.0,26.46,12.32,128.0
-28.747778,31.745833,27-09-2012,115.8,321.40000000000003,205.60000000000002,63.3,27.38,16.289999,115.8
-28.801278,31.955389,27-09-2012,112.0,326.70000000000005,214.70000000000002,67.8,26.83,16.49,112.0
-28.75,30.442778,27-09-2012,127.9,128.70000000000002,6.4,1.9,28.14,13.36,122.3
-29.758889,30.935278,27-09-2012,100.9,199.10000000000002,34.1,79.700005,24.449999,15.759999,100.9
-29.161667,30.629722,27-09-2012,113.4,192.5,13.9,70.6,24.38,11.33,113.4
-27.00222,28.76528,27-09-2012,147.6,102.4,5.1000000000000005,2.4,26.5,9.23,97.4
-27.38972222,26.46388889,27-09-2012,184.8,51.900000000000006,2.6,1.3000001,29.07,10.84,49.4
-27.398611,26.614722,27-09-2012,183.1,57.1,2.9000000000000004,1.3000001,29.099998,10.9,54.3
-27.671111,27.236944,27-09-2012,176.3,50.1,2.5,1.3000001,28.47,10.59,47.7
-31.031389,28.883333,27-09-2012,117.9,114.0,5.7,4.9,23.75,10.76,108.8
-30.86013889,29.07125,27-09-2012,119.0,109.30000000000001,5.5,3.6000001,24.18,11.219999,104.1
-30.77586667,29.03221667,27-09-2012,121.3,102.9,5.1000000000000005,2.9,24.16,10.87,98.0
-33.13083,18.86278,27-09-2012,143.3,20.5,1.0,16.300001,24.88,12.0199995,27.1
-30.27402,30.69602,28-09-2012,100.3,182.0,9.9,80.3,23.9,16.01,100.3
-27.902778,24.615556,28-09-2012,207.2,31.1,1.6,0.3,31.34,11.28,29.5
-24.9675,31.516667,30-09-2012,128.0,123.2,6.2,5.4,29.9,17.16,117.3
-29.161667,23.696389,01-10-2012,192.8,29.5,1.5,0.1,30.109999,10.76,28.1
-26.861111,28.884722,01-10-2012,147.1,91.5,4.6000000000000005,2.6000001,26.18,9.17,87.1
-26.73806,27.59194,01-10-2012,167.0,51.2,2.6,2.0,27.43,10.82,48.7
-26.45,28.085833,01-10-2012,159.40001,60.6,3.0,2.3,26.869999,10.639999,57.7
-33.818056,19.694722,01-10-2012,131.90001,37.9,1.9000000000000001,10.1,23.81,11.17,40.5
-28.7115,24.07288889,02-10-2012,199.6,33.5,1.7000000000000002,0.2,30.83,10.42,31.800001
-23.658056,31.05,02-10-2012,135.3,74.10000000000001,3.7,1.0,30.75,17.44,70.4
-28.735556,29.820556,02-10-2012,132.2,110.10000000000001,5.5,1.8000001,27.38,11.309999,104.6
-27.169444,29.233889,02-10-2012,141.6,106.30000000000001,5.300000000000001,2.0,25.98,8.96,101.1
-27.802778,28.768333,02-10-2012,140.1,87.7,4.4,1.6,25.32,8.05,83.4
-27.398611,26.614722,02-10-2012,183.1,57.1,2.9000000000000004,1.3000001,29.099998,10.9,54.3
-27.671111,27.236944,02-10-2012,176.3,50.1,2.5,1.3000001,28.47,10.59,47.7
-29.1825,23.575556,02-10-2012,192.6,28.900000000000002,1.4000000000000001,0.1,30.039999,10.86,27.5
-34.075556,20.145556,02-10-2012,116.9,36.1,1.8,8.6,23.35,11.55,36.9
-25.45963889,28.26430556,02-10-2012,169.2,60.400000000000006,3.0,2.6000001,30.31,13.349999,57.5
-28.338333,31.373611,02-10-2012,117.700005,312.90000000000003,195.20000000000002,61.7,26.689999,13.94,117.700005
-28.068333,31.55,02-10-2012,125.9,293.1,167.20000000000002,65.3,28.55,16.05,125.9
-27.01011111,26.69808333,03-10-2012,184.0,47.1,2.4000000000000004,1.2,28.84,11.219999,44.8
-25.81048333,27.90955222,03-10-2012,165.7,53.400000000000006,2.7,2.5,28.76,12.9,50.9
-29.641944,30.6875,03-10-2012,108.4,118.10000000000001,5.9,8.6,25.06,14.34,108.4
-22.769722,30.886944,03-10-2012,145.8,73.5,3.7,3.5,31.84,18.09,69.9
-27.00222,28.76528,03-10-2012,147.6,102.4,5.1000000000000005,2.4,26.5,9.23,97.4
-27.02314,28.59389,03-10-2012,151.7,104.2,5.2,2.4,26.97,9.67,99.1
-26.648056,27.089444,03-10-2012,176.40001,43.6,2.2,1.7,28.41,11.04,41.5
-26.880278,26.965,03-10-2012,180.0,46.900000000000006,2.3000000000000003,1.7,28.68,11.24,44.7
-27.273889,28.49,03-10-2012,149.7,125.10000000000001,6.300000000000001,2.1000001,26.359999,9.08,119.0
-27.4275,28.525833,03-10-2012,147.5,110.80000000000001,5.5,1.8000001,26.08,8.7,105.3
-27.3,28.586944,03-10-2012,149.2,121.30000000000001,6.1000000000000005,2.0,26.439999,9.08,115.4
-34.092222,21.295278,03-10-2012,109.4,62.7,3.1,6.8,22.369999,11.2699995,61.5
-25.57877778,29.12747222,03-10-2012,162.90001,84.60000000000001,4.2,2.4,29.75,12.84,80.5
-27.602222,29.942778,04-10-2012,145.1,159.20000000000002,8.0,8.6,27.4,10.96,145.1
-27.573056,24.746389,05-10-2012,201.6,31.3,1.6,0.4,30.869999,11.15,29.7
-29.042222,24.6,05-10-2012,194.90001,35.6,1.8,0.1,29.75,9.7,33.8
-29.028629,24.638389,05-10-2012,194.3,36.0,1.8,0.1,29.679998,9.69,34.2
-29.7775,29.470833,08-10-2012,113.4,99.9,5.0,4.2000003,22.65,7.4199996,95.4
-29.744167,29.905833,08-10-2012,115.1,106.30000000000001,5.300000000000001,4.1,24.85,10.389999,101.200005
-26.45,28.085833,08-10-2012,159.40001,60.6,3.0,2.3,26.869999,10.639999,57.7
-33.897778,20.012778,08-10-2012,125.3,33.0,1.6,6.9,24.01,11.28,33.2
-27.01011111,26.69808333,09-10-2012,184.0,47.1,2.4000000000000004,1.2,28.84,11.219999,44.8
-34.065833,20.404167,09-10-2012,118.4,36.300000000000004,1.8,7.0,23.84,12.36,36.0
-25.127778,27.628889,09-10-2012,175.6,41.6,2.1,3.2,31.42,14.71,39.7
-24.39619444,27.08983333,09-10-2012,189.90001,41.1,2.1,4.3,32.93,17.06,39.3
-24.69514,27.40906,09-10-2012,179.40001,45.1,2.3000000000000003,3.8,31.73,16.279999,43.100002
-25.73411,27.21422,09-10-2012,175.2,41.6,2.1,2.4,28.93,11.83,39.7
-30.733889,29.828333,09-10-2012,107.4,148.70000000000002,7.4,41.3,23.71,12.099999,107.4
-26.648056,27.089444,09-10-2012,176.40001,43.6,2.2,1.7,28.41,11.04,41.5
-26.970278,27.211111,09-10-2012,174.8,49.900000000000006,2.5,1.7,28.31,11.0,47.5
-26.880278,26.965,09-10-2012,180.0,46.900000000000006,2.3000000000000003,1.7,28.68,11.24,44.7
-27.802778,28.768333,09-10-2012,140.1,87.7,4.4,1.6,25.32,8.05,83.4
-26.98472222,26.63227778,09-10-2012,185.0,45.6,2.3000000000000003,1.3000001,29.08,11.559999,43.4
-29.160278,26.573333,09-10-2012,176.3,57.400000000000006,2.9000000000000004,1.2,27.42,8.7699995,54.600002
-28.69485,28.23487,09-10-2012,144.3,61.800000000000004,3.1,1.4,24.199999,8.599999,58.8
-28.883333,27.89,09-10-2012,151.3,64.10000000000001,3.2,1.5,24.98,9.179999,61.0
-28.068333,31.55,09-10-2012,125.9,293.1,167.20000000000002,65.3,28.55,16.05,125.9
-30.830556,26.921389,10-10-2012,155.7,73.2,3.7,1.3000001,25.06,8.05,69.6
-25.20639,27.558,10-10-2012,174.0,42.0,2.1,3.3,31.189999,14.44,40.0
-30.398056,30.601944,10-10-2012,100.9,194.5,21.700000000000003,81.1,23.939999,16.15,100.9
-27.00222,28.76528,10-10-2012,147.6,102.4,5.1000000000000005,2.4,26.5,9.23,97.4
-31.000833,26.353056,10-10-2012,156.8,50.300000000000004,2.5,0.90000004,24.75,7.08,47.8
-28.768056,20.720556,10-10-2012,201.40001,6.9,0.30000000000000004,0.0,31.019999,11.88,6.6
-34.031944,22.053333,10-10-2012,104.6,60.7,3.0,6.8,21.109999,11.639999,59.0
-34.039722,22.133333,10-10-2012,103.200005,64.10000000000001,3.2,7.7000003,21.07,11.9,62.600002
-34.405833,19.600556,10-10-2012,105.5,50.300000000000004,2.5,18.6,20.08,11.63,63.8
-34.005833,22.351111,10-10-2012,100.1,93.9,4.7,12.6,20.13,11.66,92.0
-30.830556,26.921389,11-10-2012,155.7,73.2,3.7,1.3000001,25.06,8.05,69.6
-30.679722,26.7125,11-10-2012,161.3,66.2,3.3000000000000003,1.1,25.849998,8.24,63.0
-30.160091,27.40124,11-10-2012,159.8,85.60000000000001,4.3,1.6,25.4,9.41,81.4
-30.336111,27.359444,11-10-2012,158.8,91.10000000000001,4.6000000000000005,1.7,25.17,8.96,86.6
-28.404444,30.013056,12-10-2012,133.0,142.4,7.1000000000000005,4.3,27.14,11.259999,133.0
-27.902778,24.615556,12-10-2012,207.2,31.1,1.6,0.3,31.34,11.28,29.5
-29.658056,25.973333,12-10-2012,175.8,40.5,2.0,1.0,26.93,8.62,38.5
-31.000833,26.353056,12-10-2012,156.8,50.300000000000004,2.5,0.90000004,24.75,7.08,47.8
-29.803611,30.516111,12-10-2012,107.4,114.0,5.7,5.9,24.31,12.69,107.4
-25.99136,27.84208,15-10-2012,159.1,55.7,2.8000000000000003,2.3,27.43,11.7,53.100002
-26.45,28.085833,15-10-2012,159.40001,60.6,3.0,2.3,26.869999,10.639999,57.7
-33.31388889,19.07472222,15-10-2012,138.40001,27.8,1.4000000000000001,22.9,24.039999,11.33,47.0
-29.161667,23.696389,16-10-2012,192.8,29.5,1.5,0.1,30.109999,10.76,28.1
-27.01011111,26.69808333,16-10-2012,184.0,47.1,2.4000000000000004,1.2,28.84,11.219999,44.8
-25.681111,31.783333,16-10-2012,125.4,166.60000000000002,8.3,38.9,29.56,16.17,125.4
-29.380556,30.2775,16-10-2012,109.700005,132.0,6.6000000000000005,20.0,23.82,9.76,109.700005
-26.648056,27.089444,16-10-2012,176.40001,43.6,2.2,1.7,28.41,11.04,41.5
-26.970278,27.211111,16-10-2012,174.8,49.900000000000006,2.5,1.7,28.31,11.0,47.5
-26.880278,26.965,16-10-2012,180.0,46.900000000000006,2.3000000000000003,1.7,28.68,11.24,44.7
-26.98472222,26.63227778,16-10-2012,185.0,45.6,2.3000000000000003,1.3000001,29.08,11.559999,43.4
-27.935,26.126667,16-10-2012,187.5,44.0,2.2,1.1,28.859999,9.36,41.9
-29.160278,26.573333,16-10-2012,176.3,57.400000000000006,2.9000000000000004,1.2,27.42,8.7699995,54.600002
-29.1825,23.575556,16-10-2012,192.6,28.900000000000002,1.4000000000000001,0.1,30.039999,10.86,27.5
-34.250556,20.9925,16-10-2012,110.8,54.800000000000004,2.7,12.6,22.369999,12.219999,55.7
-33.7075,18.97444444,16-10-2012,132.8,44.1,2.2,26.2,23.779999,11.99,74.700005
-25.45963889,28.26430556,16-10-2012,169.2,60.400000000000006,3.0,2.6000001,30.31,13.349999,57.5
-29.161667,23.696389,17-10-2012,231.3,22.200000000000003,1.1,0.1,33.809998,14.12,21.1
-25.81048333,27.90955222,17-10-2012,173.7,88.7,4.4,2.3,29.99,14.92,84.4
-24.768889,31.39,17-10-2012,143.3,47.6,2.4000000000000004,5.4,30.21,17.83,45.5
-24.9675,31.516667,17-10-2012,142.7,39.0,2.0,5.2000003,30.359999,18.1,37.3
-27.937778,31.209444,17-10-2012,135.6,56.900000000000006,2.8000000000000003,28.800001,27.9,14.9,103.5
-27.169444,29.233889,17-10-2012,152.5,80.4,4.0,2.0,27.019999,10.95,76.5
-27.00222,28.76528,17-10-2012,160.1,86.60000000000001,4.3,2.3,27.779999,11.37,82.4
-27.802778,28.768333,17-10-2012,155.2,66.10000000000001,3.3000000000000003,1.5,27.0,10.55,62.9
-32.595833,19.009444,17-10-2012,195.3,6.9,0.30000000000000004,5.6,30.71,13.21,7.1
-28.058889,30.373611,17-10-2012,146.7,60.300000000000004,3.0,19.0,28.039999,12.45,81.5
-31.860278,18.6875,18-10-2012,206.2,9.9,0.5,0.7,29.98,13.13,9.400001
-27.273889,28.49,18-10-2012,163.5,78.30000000000001,3.9000000000000004,2.0,27.92,11.259999,74.5
-27.671111,27.236944,18-10-2012,189.0,41.900000000000006,2.1,1.3000001,30.429998,13.2699995,39.8
-25.14944444,31.94055556,19-10-2012,135.3,28.700000000000003,1.4000000000000001,11.2,30.22,17.16,28.4
-32.502778,19.535833,19-10-2012,208.1,4.3,0.2,0.8,30.65,12.63,4.1
-31.031389,28.883333,21-10-2012,139.7,21.1,1.1,4.5,25.869999,12.759999,20.5
-24.679167,30.8025,22-10-2012,142.1,83.0,4.2,34.0,26.84,13.87,95.8
-26.861111,28.884722,22-10-2012,158.90001,91.80000000000001,4.6000000000000005,2.5,27.529999,11.46,87.3
-26.45,28.085833,22-10-2012,166.7,93.10000000000001,4.7,2.2,28.269999,12.559999,88.6
-31.396,29.2651,22-10-2012,136.1,24.400000000000002,1.2000000000000002,18.300001,26.06,16.1,54.600002
-31.554722,29.245556,22-10-2012,129.2,25.5,1.3,18.6,25.15,15.389999,56.2
-27.01011111,26.69808333,23-10-2012,190.6,37.1,1.9000000000000001,1.2,30.599998,14.17,35.3
-24.183889,30.823889,23-10-2012,154.7,54.0,2.7,3.7,31.119999,18.14,51.5
-25.127778,27.628889,23-10-2012,190.40001,77.2,3.9000000000000004,3.1000001,33.03,16.51,73.5
-25.20639,27.558,23-10-2012,190.1,75.2,3.8000000000000003,3.2,32.91,16.279999,71.5
-24.69514,27.40906,23-10-2012,194.90001,68.5,3.4000000000000004,3.6000001,33.48,17.82,65.200005
-28.747778,31.745833,23-10-2012,131.8,33.6,1.7000000000000002,23.300001,29.119999,17.619999,71.9
-26.648056,27.089444,23-10-2012,180.40001,54.5,2.7,1.7,29.83,13.469999,51.9
-26.970278,27.211111,23-10-2012,181.7,55.300000000000004,2.8000000000000003,1.7,29.92,13.48,52.7
-26.880278,26.965,23-10-2012,185.1,47.6,2.4000000000000004,1.6,30.279999,13.849999,45.3
-27.802778,28.768333,23-10-2012,155.2,66.10000000000001,3.3000000000000003,1.5,27.0,10.55,62.9
-27.38972222,26.46388889,23-10-2012,199.1,33.800000000000004,1.7000000000000002,1.3000001,31.33,14.0199995,32.2
-26.98472222,26.63227778,23-10-2012,191.0,36.4,1.8,1.3000001,30.679998,14.34,34.600002
-28.69485,28.23487,23-10-2012,160.1,46.0,2.3000000000000003,1.3000001,26.5,10.84,43.8
-30.568333,29.422778,23-10-2012,133.1,21.900000000000002,1.1,3.5,24.89,10.38,21.0
-30.570833,29.150556,23-10-2012,136.40001,21.0,1.1,2.9,24.85,10.139999,20.2
-31.104278,29.399722,23-10-2012,133.8,24.3,1.2000000000000002,19.9,25.8,14.69,43.4
-33.501667,21.624167,23-10-2012,165.7,14.3,0.7000000000000001,0.1,26.15,10.59,13.6
-29.161667,23.696389,24-10-2012,231.3,22.200000000000003,1.1,0.1,33.809998,14.12,21.1
-24.39619444,27.08983333,24-10-2012,199.3,53.2,2.7,4.1,34.079998,18.119999,50.8
-24.058889,31.237222,24-10-2012,153.0,43.300000000000004,2.2,1.2,31.15,18.99,41.100002
-28.141944,26.417778,24-10-2012,199.8,29.0,1.5,1.2,30.89,13.15,27.6
-27.398611,26.614722,24-10-2012,197.8,36.6,1.8,1.2,31.17,14.059999,34.9
-27.671111,27.236944,24-10-2012,189.0,41.900000000000006,2.1,1.3000001,30.429998,13.2699995,39.8
-30.679722,26.7125,24-10-2012,188.5,22.200000000000003,1.1,1.0,29.42,10.7699995,21.2
-30.336111,27.359444,24-10-2012,174.2,24.6,1.2000000000000002,1.6,28.109999,11.11,23.4
-28.768056,20.720556,24-10-2012,239.1,19.200000000000003,1.0,0.0,35.17,14.69,18.2
-30.86013889,29.07125,24-10-2012,139.5,21.6,1.1,3.4,26.279999,13.23,20.800001
-30.77586667,29.03221667,24-10-2012,140.8,21.400000000000002,1.1,2.7,26.3,12.84,20.5
-33.13083,18.86278,24-10-2012,184.0,8.5,0.4,12.6,29.31,14.059999,11.8
-28.75,30.442778,25-10-2012,146.5,42.2,2.1,1.8000001,29.96,15.339999,40.2
-29.161667,30.629722,25-10-2012,126.5,40.7,2.0,26.0,25.9,12.67,83.4
-27.38972222,26.46388889,25-10-2012,199.1,33.800000000000004,1.7000000000000002,1.3000001,31.33,14.0199995,32.2
-27.671111,27.236944,28-10-2012,189.0,41.900000000000006,2.1,1.3000001,30.429998,13.2699995,39.8
-28.068333,31.55,28-10-2012,139.7,44.2,2.2,24.0,30.05,17.46,83.200005
-25.99136,27.84208,29-10-2012,168.6,89.80000000000001,4.5,2.2,28.859999,13.799999,85.4
-27.00222,28.76528,29-10-2012,160.1,86.60000000000001,4.3,2.3,27.779999,11.37,82.4
-26.45,28.085833,29-10-2012,166.7,93.10000000000001,4.7,2.2,28.269999,12.559999,88.6
-27.01011111,26.69808333,30-10-2012,190.6,37.1,1.9000000000000001,1.2,30.599998,14.17,35.3
-26.648056,27.089444,30-10-2012,180.40001,54.5,2.7,1.7,29.83,13.469999,51.9
-26.970278,27.211111,30-10-2012,181.7,55.300000000000004,2.8000000000000003,1.7,29.92,13.48,52.7
-26.880278,26.965,30-10-2012,185.1,47.6,2.4000000000000004,1.6,30.279999,13.849999,45.3
-26.98472222,26.63227778,30-10-2012,191.0,36.4,1.8,1.3000001,30.679998,14.34,34.600002
-29.160278,26.573333,30-10-2012,199.0,22.8,1.1,1.1,30.22,11.94,21.7
-25.45963889,28.26430556,30-10-2012,176.7,97.0,4.800000000000001,2.5,31.24,14.9,92.200005
-28.338333,31.373611,30-10-2012,130.6,50.7,2.5,22.7,28.09,15.33,87.1
-25.57877778,29.12747222,30-10-2012,170.7,104.80000000000001,5.2,2.3,30.14,13.71,99.700005
-29.161667,23.696389,31-10-2012,231.3,22.200000000000003,1.1,0.1,33.809998,14.12,21.1
-25.81048333,27.90955222,31-10-2012,173.7,88.7,4.4,2.3,29.99,14.92,84.4
-29.641944,30.6875,31-10-2012,123.4,26.0,1.3,7.7000003,26.789999,15.92,25.5
-22.769722,30.886944,31-10-2012,167.40001,49.7,2.5,3.4,31.63,19.56,47.3
-28.44555556,32.325,21-02-2013,128.7,131.20000000000002,6.6000000000000005,26.2,30.779999,20.029999,125.9
-26.73806,27.59194,31-10-2012,173.7,73.0,3.7,1.9,28.91,13.07,69.5
-23.658056,31.05,01-11-2012,158.40001,42.900000000000006,2.1,1.0,31.59,19.31,40.7
-29.161667,23.696389,02-11-2012,231.3,22.200000000000003,1.1,0.1,33.809998,14.12,21.1
-28.7115,24.07288889,02-11-2012,232.2,22.900000000000002,1.1,0.2,34.1,14.0,21.800001
-29.1825,23.575556,02-11-2012,231.5,21.1,1.1,0.1,33.73,14.24,20.0
-29.7775,29.470833,05-11-2012,132.3,29.0,1.4000000000000001,3.8,24.88,10.26,27.9
-29.987778,29.851667,05-11-2012,128.1,24.700000000000003,1.2000000000000002,6.1,25.41,11.75,23.9
-29.744167,29.905833,05-11-2012,132.6,25.8,1.3,3.9,26.349998,12.37,24.800001
-26.970278,27.211111,05-11-2012,181.7,55.300000000000004,2.8000000000000003,1.7,29.92,13.48,52.7
-26.45,28.085833,05-11-2012,166.7,93.10000000000001,4.7,2.2,28.269999,12.559999,88.6
-33.818056,19.694722,05-11-2012,177.0,12.0,0.6000000000000001,7.8,27.81,13.25,13.6
-33.897778,20.012778,05-11-2012,171.7,12.100000000000001,0.6000000000000001,5.7000003,28.029999,13.48,12.7
-34.065833,20.404167,06-11-2012,157.90001,12.8,0.6000000000000001,6.0,27.939999,14.63,13.2
-24.670833,28.560833,06-11-2012,176.90001,97.30000000000001,4.9,3.2,31.33,15.009999,92.5
-25.127778,27.628889,06-11-2012,190.40001,77.2,3.9000000000000004,3.1000001,33.03,16.51,73.5
-25.20639,27.558,06-11-2012,190.1,75.2,3.8000000000000003,3.2,32.91,16.279999,71.5
-24.39619444,27.08983333,06-11-2012,199.3,53.2,2.7,4.1,34.079998,18.119999,50.8
-24.69514,27.40906,06-11-2012,194.90001,68.5,3.4000000000000004,3.6000001,33.48,17.82,65.200005
-26.03611,30.99778,06-11-2012,147.5,82.2,4.1000000000000005,85.5,28.769999,15.63,119.5
-27.363611,31.783333,06-11-2012,135.6,37.800000000000004,1.9000000000000001,44.9,30.07,17.24,92.4
-30.733889,29.828333,06-11-2012,127.0,25.8,1.3,22.800001,25.46,13.99,43.0
-27.38972222,26.46388889,06-11-2012,199.1,33.800000000000004,1.7000000000000002,1.3000001,31.33,14.0199995,32.2
-27.398611,26.614722,06-11-2012,197.8,36.6,1.8,1.2,31.17,14.059999,34.9
-27.671111,27.236944,06-11-2012,189.0,41.900000000000006,2.1,1.3000001,30.429998,13.2699995,39.8
-29.160278,26.573333,06-11-2012,199.0,22.8,1.1,1.1,30.22,11.94,21.7
-28.69485,28.23487,06-11-2012,160.1,46.0,2.3000000000000003,1.3000001,26.5,10.84,43.8
-28.883333,27.89,06-11-2012,166.6,36.800000000000004,1.8,1.5,27.369999,11.349999,35.0
-34.092222,21.295278,06-11-2012,151.0,21.1,1.1,5.6,25.949999,13.349999,21.300001
-34.075556,20.145556,06-11-2012,162.0,13.100000000000001,0.7000000000000001,7.0,27.32,13.71,14.0
-29.161667,23.696389,07-11-2012,231.3,22.200000000000003,1.1,0.1,33.809998,14.12,21.1
-22.935,28.004167,07-11-2012,192.3,41.1,2.1,0.3,34.28,18.75,39.0
-26.905,32.324722,07-11-2012,139.40001,25.5,1.3,40.2,31.57,17.65,53.9
-30.398056,30.601944,07-11-2012,123.3,26.1,1.3,29.800001,26.18,17.529999,76.1
-30.27402,30.69602,07-11-2012,122.1,25.700000000000003,1.3,29.5,26.109999,17.44,75.1
-27.3,28.586944,07-11-2012,160.2,77.2,3.9000000000000004,1.9,27.769999,11.21,73.5
-29.615556,27.065278,07-11-2012,182.0,25.0,1.3,1.2,28.83,11.5,23.800001
-34.405833,19.600556,07-11-2012,141.90001,15.4,0.8,13.3,23.369999,13.059999,19.9
-27.01011111,26.69808333,08-11-2012,190.6,37.1,1.9000000000000001,1.2,30.599998,14.17,35.3
-30.830556,26.921389,08-11-2012,185.7,21.0,1.1,1.3000001,28.539999,10.42,20.0
-22.91028,29.61111,08-11-2012,167.7,50.6,2.5,1.0,30.539999,18.02,48.100002
-26.861111,28.884722,08-11-2012,158.90001,91.80000000000001,4.6000000000000005,2.5,27.529999,11.46,87.3
-27.00222,28.76528,08-11-2012,160.1,86.60000000000001,4.3,2.3,27.779999,11.37,82.4
-27.02314,28.59389,08-11-2012,162.3,86.10000000000001,4.3,2.3,27.96,11.53,81.9
-26.648056,27.089444,08-11-2012,180.40001,54.5,2.7,1.7,29.83,13.469999,51.9
-26.880278,26.965,08-11-2012,185.1,47.6,2.4000000000000004,1.6,30.279999,13.849999,45.3
-26.98472222,26.63227778,08-11-2012,191.0,36.4,1.8,1.3000001,30.679998,14.34,34.600002
-29.028629,24.638389,08-11-2012,227.7,22.6,1.1,0.1,32.96,13.65,21.5
-30.679722,26.7125,08-11-2012,188.5,22.200000000000003,1.1,1.0,29.42,10.7699995,21.2
-30.160091,27.40124,08-11-2012,176.5,25.200000000000003,1.3,1.5,28.17,11.53,24.0
-30.336111,27.359444,08-11-2012,174.2,24.6,1.2000000000000002,1.6,28.109999,11.11,23.4
-34.329722,18.990278,08-11-2012,142.40001,17.6,0.9,33.2,22.359999,12.96,52.5
-29.658056,25.973333,09-11-2012,206.2,19.3,1.0,1.0,30.01,11.83,18.4
-31.000833,26.353056,09-11-2012,188.2,16.1,0.8,0.90000004,28.109999,9.63,15.400001
-29.803611,30.516111,09-11-2012,122.3,25.400000000000002,1.3,5.5,25.99,14.32,24.6
-25.99136,27.84208,12-11-2012,168.6,89.80000000000001,4.5,2.2,28.859999,13.799999,85.4
-26.861111,28.884722,12-11-2012,158.90001,91.80000000000001,4.6000000000000005,2.5,27.529999,11.46,87.3
-26.45,28.085833,12-11-2012,166.7,93.10000000000001,4.7,2.2,28.269999,12.559999,88.6
-27.671111,27.236944,12-11-2012,189.0,41.900000000000006,2.1,1.3000001,30.429998,13.2699995,39.8
-33.38056,19.30167,12-11-2012,174.90001,10.4,0.5,11.2,25.939999,11.01,13.6
-32.502778,19.535833,12-11-2012,208.1,4.3,0.2,0.8,30.65,12.63,4.1
-27.01011111,26.69808333,13-11-2012,190.6,37.1,1.9000000000000001,1.2,30.599998,14.17,35.3
-31.860278,18.6875,13-11-2012,206.2,9.9,0.5,0.7,29.98,13.13,9.400001
-25.73411,27.21422,13-11-2012,178.8,69.4,3.5,2.3,30.39,13.67,66.1
-22.43772222,31.07805556,13-11-2012,182.1,37.300000000000004,1.9000000000000001,0.5,33.88,20.8,35.4
-29.380556,30.2775,13-11-2012,125.3,43.0,2.2,15.5,25.599998,11.559999,45.4
-27.169444,29.233889,13-11-2012,152.5,80.4,4.0,2.0,27.019999,10.95,76.5
-27.00222,28.76528,13-11-2012,160.1,86.60000000000001,4.3,2.3,27.779999,11.37,82.4
-26.970278,27.211111,13-11-2012,181.7,55.300000000000004,2.8000000000000003,1.7,29.92,13.48,52.7
-26.880278,26.965,13-11-2012,185.1,47.6,2.4000000000000004,1.6,30.279999,13.849999,45.3
-26.98472222,26.63227778,13-11-2012,191.0,36.4,1.8,1.3000001,30.679998,14.34,34.600002
-27.935,26.126667,13-11-2012,204.5,25.900000000000002,1.3,1.1,31.31,12.71,24.7
-32.595833,19.009444,13-11-2012,195.3,6.9,0.30000000000000004,5.6,30.71,13.21,7.1
-25.45963889,28.26430556,13-11-2012,176.7,97.0,4.800000000000001,2.5,31.24,14.9,92.200005
-29.161667,23.696389,14-11-2012,231.3,22.200000000000003,1.1,0.1,33.809998,14.12,21.1
-25.81048333,27.90955222,14-11-2012,173.7,88.7,4.4,2.3,29.99,14.92,84.4
-27.3,28.586944,14-11-2012,160.2,77.2,3.9000000000000004,1.9,27.769999,11.21,73.5
-33.31388889,19.07472222,14-11-2012,180.2,9.9,0.5,16.300001,28.56,13.44,16.0
-33.13083,18.86278,14-11-2012,184.0,8.5,0.4,12.6,29.31,14.059999,11.8
-27.5275,30.858056,15-11-2012,136.2,78.4,3.9000000000000004,33.8,27.07,13.25,113.5
-33.7075,18.97444444,15-11-2012,178.5,11.200000000000001,0.6000000000000001,18.300001,27.91,13.809999,18.5
-34.250556,20.9925,16-11-2012,174.5,13.100000000000001,0.7000000000000001,8.8,28.47,16.89,14.0
-24.679167,30.8025,19-11-2012,144.5,184.60000000000002,9.200000000000001,64.8,27.609999,14.559999,144.5
-26.45,28.085833,19-11-2012,155.90001,141.4,7.1000000000000005,2.1000001,27.42,13.79,134.40001
-28.116667,26.725278,19-11-2012,179.40001,136.20000000000002,6.800000000000001,1.1,29.26,15.5,129.40001
-29.160278,26.573333,19-11-2012,181.7,134.9,6.7,1.1,29.13,14.349999,128.2
-27.01011111,26.69808333,20-11-2012,175.6,139.5,7.0,1.1,28.98,15.53,132.5
-24.183889,30.823889,20-11-2012,154.2,111.0,5.6000000000000005,3.5,32.62,18.609999,105.6
-25.127778,27.628889,20-11-2012,176.6,122.4,6.1000000000000005,2.9,32.02,17.26,116.4
-25.20639,27.558,20-11-2012,177.0,124.5,6.2,3.0,31.91,17.21,118.5
-26.861111,28.884722,20-11-2012,151.0,134.5,6.7,2.3,26.9,12.91,127.9
-27.00222,28.76528,20-11-2012,150.40001,143.5,7.2,2.2,26.96,13.04,136.40001
-26.648056,27.089444,20-11-2012,165.40001,144.3,7.2,1.6,28.46,14.83,137.2
-26.970278,27.211111,20-11-2012,166.2,144.9,7.2,1.6,28.49,15.059999,137.7
-26.880278,26.965,20-11-2012,168.40001,142.70000000000002,7.1000000000000005,1.5,28.869999,15.36,135.6
-26.98472222,26.63227778,20-11-2012,174.1,140.20000000000002,7.0,1.2,29.09,15.62,133.3
-31.396,29.2651,20-11-2012,131.90001,118.9,5.9,12.6,26.46,18.4,118.6
-31.554722,29.245556,20-11-2012,122.9,121.7,6.1000000000000005,16.4,25.25,17.35,117.9
-34.031944,22.053333,20-11-2012,148.5,13.3,0.7000000000000001,5.1,26.3,15.9,13.3
-34.039722,22.133333,20-11-2012,146.6,13.4,0.7000000000000001,5.7000003,26.119999,16.22,13.5
-29.161667,23.696389,21-11-2012,204.3,74.60000000000001,3.7,0.1,33.17,16.65,70.9
-28.7115,24.07288889,21-11-2012,204.8,90.10000000000001,4.5,0.2,32.719997,16.43,85.6
-28.747778,31.745833,21-11-2012,147.8,158.20000000000002,7.9,25.800001,29.96,19.93,147.8
-28.141944,26.417778,21-11-2012,184.3,133.4,6.7,1.1,29.57,15.179999,126.8
-30.27402,30.69602,10-10-2012,100.3,182.0,9.9,80.3,23.9,16.01,100.3
-29.160278,26.573333,21-11-2012,181.7,134.9,6.7,1.1,29.13,14.349999,128.2
-30.570833,29.150556,21-11-2012,133.40001,164.8,8.200000000000001,26.0,24.73,12.66,133.40001
-31.104278,29.399722,21-11-2012,130.3,132.9,6.6000000000000005,18.7,26.14,17.06,127.4
-34.02861,22.22222,21-11-2012,143.1,14.200000000000001,0.7000000000000001,6.3,25.66,15.96,14.5
-34.005833,22.351111,21-11-2012,139.6,15.4,0.8,8.1,25.1,16.0,16.4
-29.140556,31.391944,22-11-2012,139.5,163.70000000000002,8.200000000000001,41.8,28.38,19.52,139.5
-24.39619444,27.08983333,22-11-2012,184.5,104.30000000000001,5.2,4.0,33.2,18.529999,99.3
-28.75,30.442778,22-11-2012,152.1,182.8,9.1,23.4,29.949999,17.42,152.1
-27.38972222,26.46388889,22-11-2012,184.3,132.4,6.6000000000000005,1.2,29.71,15.66,125.9
-27.671111,27.236944,22-11-2012,172.1,145.70000000000002,7.300000000000001,1.2,28.949999,15.0,138.5
-30.568333,29.422778,22-11-2012,132.2,158.10000000000002,7.9,21.5,24.92,12.809999,132.2
-31.031389,28.883333,22-11-2012,135.2,140.6,7.0,4.4,26.029999,15.08,133.7
-30.86013889,29.07125,22-11-2012,135.8,144.20000000000002,7.2,4.6,26.359999,15.589999,135.8
-30.77586667,29.03221667,22-11-2012,136.3,151.4,7.6000000000000005,10.2,26.25,15.309999,136.3
-25.99136,27.84208,26-11-2012,158.8,147.70000000000002,7.4,2.1000001,28.119999,14.75,140.40001
-26.73806,27.59194,26-11-2012,161.40001,147.0,7.300000000000001,1.8000001,27.859999,14.559999,139.7
-26.45,28.085833,26-11-2012,155.90001,141.4,7.1000000000000005,2.1000001,27.42,13.79,134.40001
-33.818056,19.694722,26-11-2012,199.7,11.9,0.6000000000000001,6.4,30.429998,15.95,12.7
-33.897778,20.012778,26-11-2012,193.5,11.0,0.5,4.9,30.769999,16.24,11.2
-34.065833,20.404167,27-11-2012,178.8,11.200000000000001,0.6000000000000001,5.3,30.529999,17.39,11.400001
-28.404444,30.013056,27-11-2012,150.2,184.3,9.200000000000001,28.9,28.74,15.19,150.2
-27.169444,29.233889,27-11-2012,145.40001,142.6,7.1000000000000005,1.9,26.349998,12.58,135.6
-26.861111,28.884722,27-11-2012,151.0,134.5,6.7,2.3,26.9,12.91,127.9
-27.3,28.586944,27-11-2012,150.5,156.9,7.800000000000001,1.8000001,26.849998,12.98,149.1
-29.042222,24.6,27-11-2012,203.3,91.10000000000001,4.6000000000000005,0.1,32.07,15.88,86.6
-29.028629,24.638389,27-11-2012,203.0,93.10000000000001,4.7,0.1,32.01,15.82,88.4
-33.501667,21.624167,27-11-2012,175.2,15.0,0.7000000000000001,0.1,28.5,13.059999,14.2
-34.075556,20.145556,27-11-2012,183.0,11.100000000000001,0.6000000000000001,6.0,30.0,16.57,11.6
-25.45963889,28.26430556,27-11-2012,167.0,126.9,6.300000000000001,2.4,30.599998,15.849999,120.700005
-28.338333,31.373611,27-11-2012,141.8,164.60000000000002,8.200000000000001,37.2,28.67,17.369999,141.8
-28.068333,31.55,27-11-2012,149.6,137.8,6.9,18.300001,30.9,19.73,136.7
-25.57877778,29.12747222,27-11-2012,161.7,125.9,6.300000000000001,2.2,30.109999,14.809999,119.700005
-29.161667,23.696389,28-11-2012,204.3,74.60000000000001,3.7,0.1,33.17,16.65,70.9
-27.01011111,26.69808333,28-11-2012,175.6,139.5,7.0,1.1,28.98,15.53,132.5
-25.81048333,27.90955222,28-11-2012,163.5,141.8,7.1000000000000005,2.2,29.289999,15.74,134.8
-26.648056,27.089444,28-11-2012,165.40001,144.3,7.2,1.6,28.46,14.83,137.2
-26.970278,27.211111,28-11-2012,166.2,144.9,7.2,1.6,28.49,15.059999,137.7
-26.880278,26.965,28-11-2012,168.40001,142.70000000000002,7.1000000000000005,1.5,28.869999,15.36,135.6
-27.802778,28.768333,28-11-2012,145.5,176.60000000000002,8.8,23.800001,26.18,12.429999,145.5
-26.98472222,26.63227778,28-11-2012,174.1,140.20000000000002,7.0,1.2,29.09,15.62,133.3
-34.405833,19.600556,28-11-2012,161.7,8.9,0.4,10.5,25.81,15.71,11.3
-29.641944,30.6875,29-11-2012,133.90001,241.4,31.1,84.200005,27.26,18.33,133.90001
-25.73411,27.21422,29-11-2012,165.6,151.20000000000002,7.6000000000000005,2.2,29.16,14.7,143.8
-24.925278,29.324444,29-11-2012,168.0,114.9,5.7,1.8000001,32.25,16.9,109.200005
-27.398611,26.614722,29-11-2012,182.6,134.0,6.7,1.2,29.529999,15.679999,127.4
-34.329722,18.990278,29-11-2012,163.0,7.2,0.4,23.4,25.1,15.71,16.7
-29.7775,29.470833,03-12-2012,131.0,267.7,97.60000000000001,42.9,24.21,12.259999,131.0
-29.987778,29.851667,03-12-2012,129.90001,219.5,11.600000000000001,84.1,25.56,14.2,129.90001
-29.744167,29.905833,03-12-2012,134.7,233.20000000000002,23.3,79.200005,26.369999,14.79,134.7
-26.970278,27.211111,03-12-2012,166.2,144.9,7.2,1.6,28.49,15.059999,137.7
-26.45,28.085833,03-12-2012,155.90001,141.4,7.1000000000000005,2.1000001,27.42,13.79,134.40001
-33.31388889,19.07472222,03-12-2012,206.90001,18.2,0.9,12.8,31.349998,16.74,20.800001
-25.127778,27.628889,04-12-2012,176.6,122.4,6.1000000000000005,2.9,32.02,17.26,116.4
-25.20639,27.558,04-12-2012,177.0,124.5,6.2,3.0,31.91,17.21,118.5
-24.39619444,27.08983333,04-12-2012,184.5,104.30000000000001,5.2,4.0,33.2,18.529999,99.3
-24.69514,27.40906,04-12-2012,185.0,115.5,5.800000000000001,3.5,32.829998,18.289999,109.9
-22.769722,30.886944,04-12-2012,169.40001,94.5,4.7,3.2,33.579998,19.23,89.9
-27.363611,31.783333,04-12-2012,144.5,111.60000000000001,5.6000000000000005,33.0,30.849998,18.9,117.9
-30.733889,29.828333,04-12-2012,127.4,161.20000000000002,8.1,48.5,25.68,16.35,127.4
-26.861111,28.884722,04-12-2012,151.0,134.5,6.7,2.3,26.9,12.91,127.9
-27.02314,28.59389,04-12-2012,152.0,145.9,7.300000000000001,2.2,27.15,13.17,138.7
-27.671111,27.236944,04-12-2012,172.1,145.70000000000002,7.300000000000001,1.2,28.949999,15.0,138.5
-28.69485,28.23487,04-12-2012,148.40001,191.20000000000002,16.7,27.4,25.47,12.88,148.40001
-29.615556,27.065278,04-12-2012,169.8,154.3,7.7,1.1,28.09,13.75,146.6
-34.092222,21.295278,04-12-2012,167.0,14.3,0.7000000000000001,4.7000003,28.38,16.029999,14.400001
-33.13083,18.86278,04-12-2012,209.40001,17.5,0.9,10.3,31.89,17.529999,18.9
-33.7075,18.97444444,04-12-2012,204.7,13.5,0.7000000000000001,14.2,30.619999,17.16,16.9
-29.161667,23.696389,05-12-2012,204.3,74.60000000000001,3.7,0.1,33.17,16.65,70.9
-27.01011111,26.69808333,05-12-2012,175.6,139.5,7.0,1.1,28.98,15.53,132.5
-30.398056,30.601944,05-12-2012,131.0,162.70000000000002,8.1,53.4,26.66,20.0,131.0
-27.00222,28.76528,05-12-2012,150.40001,143.5,7.2,2.2,26.96,13.04,136.40001
-26.648056,27.089444,05-12-2012,165.40001,144.3,7.2,1.6,28.46,14.83,137.2
-26.880278,26.965,05-12-2012,168.40001,142.70000000000002,7.1000000000000005,1.5,28.869999,15.36,135.6
-27.273889,28.49,05-12-2012,151.8,156.4,7.800000000000001,1.9,26.849998,13.09,148.7
-27.3,28.586944,05-12-2012,150.5,156.9,7.800000000000001,1.8000001,26.849998,12.98,149.1
-26.98472222,26.63227778,05-12-2012,174.1,140.20000000000002,7.0,1.2,29.09,15.62,133.3
-30.336111,27.359444,05-12-2012,164.1,137.1,6.9,1.5,27.81,13.349999,130.3
-28.768056,20.720556,05-12-2012,243.1,26.6,1.3,0.0,35.93,18.619999,25.300001
-34.039722,22.133333,05-12-2012,146.6,13.4,0.7000000000000001,5.7000003,26.119999,16.22,13.5
-32.595833,19.009444,05-12-2012,213.8,19.700000000000003,1.0,5.1,33.0,16.38,19.2
-31.860278,18.6875,06-12-2012,211.8,17.3,0.9,0.7,31.519999,16.07,16.4
-30.830556,26.921389,06-12-2012,167.0,100.9,5.0,1.2,28.529999,12.969999,95.9
-23.658056,31.05,06-12-2012,158.7,79.30000000000001,4.0,1.0,33.5,19.32,75.4
-26.905,32.324722,06-12-2012,149.0,92.0,4.6000000000000005,29.2,32.79,19.56,98.4
-26.98472222,26.63227778,06-12-2012,174.1,140.20000000000002,7.0,1.2,29.09,15.62,133.3
-31.000833,26.353056,06-12-2012,167.3,76.0,3.8000000000000003,0.8,28.31,12.28,72.3
-30.679722,26.7125,06-12-2012,170.8,100.9,5.0,1.0,29.279999,13.469999,95.9
-33.501667,21.624167,06-12-2012,175.2,15.0,0.7000000000000001,0.1,28.5,13.059999,14.2
-33.38056,19.30167,06-12-2012,193.8,18.5,0.9,9.1,28.68,14.16,19.800001
-29.803611,30.516111,06-12-2012,128.90001,240.3,33.1,83.8,26.26,16.67,128.90001
-29.658056,25.973333,07-12-2012,179.1,102.10000000000001,5.1000000000000005,0.90000004,28.939999,14.219999,97.1
-28.96362,19.15486,08-12-2012,243.6,8.5,0.4,0.0,36.88,19.34,8.1
-25.99136,27.84208,10-12-2012,158.8,147.70000000000002,7.4,2.1000001,28.119999,14.75,140.40001
-29.380556,30.2775,10-12-2012,128.5,219.8,29.400000000000002,77.4,25.26,14.0,128.5
-26.73806,27.59194,10-12-2012,161.40001,147.0,7.300000000000001,1.8000001,27.859999,14.559999,139.7
-26.45,28.085833,10-12-2012,155.90001,141.4,7.1000000000000005,2.1000001,27.42,13.79,134.40001
-27.671111,27.236944,10-12-2012,172.1,145.70000000000002,7.300000000000001,1.2,28.949999,15.0,138.5
-30.86013889,29.07125,10-12-2012,135.8,144.20000000000002,7.2,4.6,26.359999,15.589999,135.8
-31.104278,29.399722,10-12-2012,130.3,132.9,6.6000000000000005,18.7,26.14,17.06,127.4
-31.396,29.2651,10-12-2012,131.90001,118.9,5.9,12.6,26.46,18.4,118.6
-31.554722,29.245556,10-12-2012,122.9,121.7,6.1000000000000005,16.4,25.25,17.35,117.9
-34.005833,22.351111,10-12-2012,139.6,15.4,0.8,8.1,25.1,16.0,16.4
-27.01011111,26.69808333,11-12-2012,175.6,139.5,7.0,1.1,28.98,15.53,132.5
-26.861111,28.884722,11-12-2012,151.0,134.5,6.7,2.3,26.9,12.91,127.9
-27.00222,28.76528,11-12-2012,150.40001,143.5,7.2,2.2,26.96,13.04,136.40001
-26.970278,27.211111,11-12-2012,166.2,144.9,7.2,1.6,28.49,15.059999,137.7
-26.880278,26.965,11-12-2012,168.40001,142.70000000000002,7.1000000000000005,1.5,28.869999,15.36,135.6
-26.98472222,26.63227778,11-12-2012,174.1,140.20000000000002,7.0,1.2,29.09,15.62,133.3
-30.77586667,29.03221667,11-12-2012,136.3,151.4,7.6000000000000005,10.2,26.25,15.309999,136.3
-25.45963889,28.26430556,11-12-2012,167.0,126.9,6.300000000000001,2.4,30.599998,15.849999,120.700005
-25.81048333,27.90955222,12-12-2012,163.5,141.8,7.1000000000000005,2.2,29.289999,15.74,134.8
-27.5275,30.858056,12-12-2012,139.7,188.20000000000002,9.4,72.8,27.34,15.25,139.7
-28.141944,26.417778,12-12-2012,184.3,133.4,6.7,1.1,29.57,15.179999,126.8
-28.1175,26.719444,12-12-2012,179.40001,136.20000000000002,6.800000000000001,1.1,29.26,15.5,129.40001
-30.568333,29.422778,12-12-2012,132.2,158.10000000000002,7.9,21.5,24.92,12.809999,132.2
-31.031389,28.883333,12-12-2012,135.2,140.6,7.0,4.4,26.029999,15.08,133.7
-30.570833,29.150556,12-12-2012,133.40001,164.8,8.200000000000001,26.0,24.73,12.66,133.40001
-34.250556,20.9925,12-12-2012,174.5,13.100000000000001,0.7000000000000001,8.8,28.47,16.89,14.0
-24.670833,28.560833,13-12-2012,167.7,130.0,6.5,3.0,30.91,15.599999,123.6
-27.937778,31.209444,13-12-2012,145.2,150.70000000000002,7.5,28.2,28.72,17.16,143.8
-27.398611,26.614722,13-12-2012,182.6,134.0,6.7,1.2,29.529999,15.679999,127.4
-27.671111,27.236944,13-12-2012,172.1,145.70000000000002,7.300000000000001,1.2,28.949999,15.0,138.5
-22.43772222,31.07805556,14-12-2012,183.3,84.30000000000001,4.2,0.5,35.43,20.4,80.1
-28.96362,19.15486,15-12-2012,243.6,8.5,0.4,0.0,36.88,19.34,8.1
-28.735556,29.820556,17-12-2012,151.2,113.0,5.6000000000000005,15.900001,30.63,16.01,132.1
-28.7115,24.07288889,18-12-2012,236.0,40.6,2.0,0.2,36.219997,17.789999,38.600002
-25.127778,27.628889,18-12-2012,178.2,76.7,3.8000000000000003,2.8,33.01,18.27,73.0
-25.20639,27.558,18-12-2012,176.5,74.5,3.7,2.9,32.76,18.119999,70.9
-24.69514,27.40906,18-12-2012,178.7,85.10000000000001,4.3,3.3,33.05,19.23,81.0
-26.45,28.085833,18-12-2012,160.7,75.7,3.8000000000000003,2.0,29.349998,14.99,72.0
-29.1825,23.575556,18-12-2012,242.40001,26.900000000000002,1.3,0.1,36.309998,18.21,25.6
-33.501667,21.624167,18-12-2012,195.5,19.900000000000002,1.0,0.1,29.84,14.009999,18.9
-29.161667,23.696389,19-12-2012,242.5,28.400000000000002,1.4000000000000001,0.1,36.38,18.05,27.0
-27.01011111,26.69808333,19-12-2012,184.40001,53.6,2.7,1.1,31.519999,16.449999,51.0
-24.39619444,27.08983333,19-12-2012,178.7,77.9,3.9000000000000004,3.8,33.5,19.35,74.200005
-28.404444,30.013056,19-12-2012,151.7,122.7,6.1000000000000005,15.5,30.25,15.849999,129.90001
-26.861111,28.884722,19-12-2012,152.7,90.80000000000001,4.5,2.2,28.43,13.679999,86.3
-27.00222,28.76528,19-12-2012,154.2,84.7,4.2,2.1000001,28.74,13.889999,80.5
-26.648056,27.089444,19-12-2012,171.8,60.7,3.0,1.5,30.349998,15.639999,57.7
-26.970278,27.211111,19-12-2012,173.8,60.6,3.0,1.5,30.55,15.889999,57.7
-26.880278,26.965,19-12-2012,175.40001,58.300000000000004,2.9000000000000004,1.4,30.91,16.1,55.4
-26.98472222,26.63227778,19-12-2012,183.7,54.6,2.7,1.1,31.679998,16.699999,51.9
-28.768056,20.720556,19-12-2012,270.80002,14.3,0.7000000000000001,0.0,37.37,19.77,13.6
-28.75,30.442778,20-12-2012,151.6,113.4,5.7,13.8,31.64,17.82,117.3
-29.161667,30.629722,20-12-2012,129.3,140.0,10.700000000000001,70.6,27.14,15.639999,129.3
-28.96362,19.15486,22-12-2012,266.6,2.6,0.1,0.0,38.12,19.49,2.5
-28.96362,19.15486,29-12-2012,266.6,2.6,0.1,0.0,38.12,19.49,2.5
-25.14944444,31.94055556,01-01-2013,129.7,173.9,8.700000000000001,45.7,31.949999,19.18,129.7
-27.00222,28.76528,01-01-2013,154.2,84.7,4.2,2.1000001,28.74,13.889999,80.5
-25.127778,27.628889,02-01-2013,178.2,76.7,3.8000000000000003,2.8,33.01,18.27,73.0
-25.99136,27.84208,02-01-2013,163.40001,84.10000000000001,4.2,2.0,29.8,16.13,80.0
-25.20639,27.558,02-01-2013,176.5,74.5,3.7,2.9,32.76,18.119999,70.9
-30.160091,27.40124,02-01-2013,184.1,54.900000000000006,2.7,1.4,30.49,14.96,52.2
-28.96362,19.15486,02-01-2013,266.6,2.6,0.1,0.0,38.12,19.49,2.5
-25.81048333,27.90955222,03-01-2013,166.5,83.60000000000001,4.2,2.1000001,30.73,17.08,79.5
-26.73806,27.59194,03-01-2013,165.90001,67.4,3.4000000000000004,1.7,29.84,15.49,64.1
-27.398611,26.614722,03-01-2013,192.90001,49.0,2.5,1.1,32.11,16.74,46.600002
-27.671111,27.236944,03-01-2013,181.8,53.1,2.7,1.2,31.199999,15.66,50.5
-25.45963889,28.26430556,03-01-2013,167.0,91.9,4.6000000000000005,2.3,31.449999,16.99,87.4
-27.01011111,26.69808333,04-01-2013,184.40001,53.6,2.7,1.1,31.519999,16.449999,51.0
-26.648056,27.089444,04-01-2013,171.8,60.7,3.0,1.5,30.349998,15.639999,57.7
-26.970278,27.211111,04-01-2013,173.8,60.6,3.0,1.5,30.55,15.889999,57.7
-26.880278,26.965,04-01-2013,175.40001,58.300000000000004,2.9000000000000004,1.4,30.91,16.1,55.4
-26.98472222,26.63227778,04-01-2013,183.7,54.6,2.7,1.1,31.679998,16.699999,51.9
-28.96362,19.15486,05-01-2013,266.6,2.6,0.1,0.0,38.12,19.49,2.5
-25.99136,27.84208,07-01-2013,163.40001,84.10000000000001,4.2,2.0,29.8,16.13,80.0
-28.747778,31.745833,07-01-2013,139.6,190.70000000000002,13.600000000000001,63.3,31.019999,20.27,139.6
-29.7775,29.470833,07-01-2013,136.1,118.10000000000001,5.9,27.800001,25.849998,12.92,127.3
-29.744167,29.905833,07-01-2013,140.6,92.30000000000001,4.6000000000000005,45.7,28.199999,15.46,121.1
-26.45,28.085833,07-01-2013,160.7,75.7,3.8000000000000003,2.0,29.349998,14.99,72.0
-28.768056,20.720556,07-01-2013,270.80002,14.3,0.7000000000000001,0.0,37.37,19.77,13.6
-27.01011111,26.69808333,08-01-2013,184.40001,53.6,2.7,1.1,31.519999,16.449999,51.0
-23.658056,31.05,08-01-2013,146.7,134.70000000000002,6.7,1.0,33.13,20.22,128.0
-27.169444,29.233889,08-01-2013,148.5,96.80000000000001,4.800000000000001,1.8000001,28.01,13.32,92.0
-26.861111,28.884722,08-01-2013,152.7,90.80000000000001,4.5,2.2,28.43,13.679999,86.3
-26.648056,27.089444,08-01-2013,171.8,60.7,3.0,1.5,30.349998,15.639999,57.7
-26.970278,27.211111,08-01-2013,173.8,60.6,3.0,1.5,30.55,15.889999,57.7
-26.880278,26.965,08-01-2013,175.40001,58.300000000000004,2.9000000000000004,1.4,30.91,16.1,55.4
-26.98472222,26.63227778,08-01-2013,183.7,54.6,2.7,1.1,31.679998,16.699999,51.9
-29.160278,26.573333,08-01-2013,204.2,46.2,2.3000000000000003,1.0,32.48,15.509999,43.9
-28.883333,27.89,08-01-2013,162.7,65.4,3.3000000000000003,10.900001,29.099998,14.219999,80.8
-25.45963889,28.26430556,08-01-2013,167.0,91.9,4.6000000000000005,2.3,31.449999,16.99,87.4
-25.81048333,27.90955222,09-01-2013,166.5,83.60000000000001,4.2,2.1000001,30.73,17.08,79.5
-22.769722,30.886944,09-01-2013,147.3,187.0,9.3,33.600002,32.75,19.63,147.3
-29.744167,29.905833,09-01-2013,140.6,92.30000000000001,4.6000000000000005,45.7,28.199999,15.46,121.1
-30.398056,30.601944,09-01-2013,137.7,89.0,4.4,27.7,28.46,20.83,110.200005
-30.27402,30.69602,09-01-2013,136.7,88.7,4.4,35.100002,28.4,20.63,113.0
-27.00222,28.76528,09-01-2013,154.2,84.7,4.2,2.1000001,28.74,13.889999,80.5
-27.02314,28.59389,09-01-2013,157.0,80.7,4.0,2.1000001,29.109999,14.24,76.8
-27.273889,28.49,09-01-2013,157.5,76.3,3.8000000000000003,1.8000001,29.07,14.299999,72.6
-27.4275,28.525833,09-01-2013,156.5,75.9,3.8000000000000003,6.5,28.97,14.03,73.700005
-27.3,28.586944,09-01-2013,156.7,79.10000000000001,4.0,1.8000001,28.98,14.139999,75.3
-30.830556,26.921389,10-01-2013,197.7,40.5,2.0,1.1,31.08,14.28,38.5
-30.733889,29.828333,10-01-2013,133.8,83.9,4.2,24.1,27.369999,17.199999,104.1
-29.042222,24.6,10-01-2013,233.0,38.1,1.9000000000000001,0.1,35.44,17.47,36.2
-29.028629,24.638389,10-01-2013,231.6,39.6,2.0,0.1,35.36,17.359999,37.7
-30.679722,26.7125,10-01-2013,205.2,37.7,1.9000000000000001,1.0,32.27,14.929999,35.9
-30.160091,27.40124,10-01-2013,184.1,54.900000000000006,2.7,1.4,30.49,14.96,52.2
-30.336111,27.359444,10-01-2013,185.8,53.6,2.7,1.5,30.429998,14.54,50.9
-24.39619444,27.08983333,11-01-2013,178.7,77.9,3.9000000000000004,3.8,33.5,19.35,74.200005
-29.658056,25.973333,11-01-2013,213.6,35.1,1.8,0.90000004,32.53,15.349999,33.4
-31.000833,26.353056,11-01-2013,207.0,32.4,1.6,0.8,30.63,13.639999,30.800001
-30.534167,24.961944,11-01-2013,234.6,22.0,1.1,0.0,33.63,16.1,20.9
-34.250556,20.9925,11-01-2013,181.5,21.8,1.1,7.6,29.369999,17.38,21.800001
-29.803611,30.516111,11-01-2013,132.3,80.2,4.0,48.3,28.029999,17.46,111.700005
-29.140556,31.391944,13-01-2013,135.7,198.9,34.9,70.1,30.039999,20.17,135.7
-31.396,29.2651,14-01-2013,143.3,78.2,3.9000000000000004,9.8,28.22,19.369999,77.1
-31.554722,29.245556,14-01-2013,134.90001,80.5,4.0,11.8,26.91,18.289999,81.0
-33.818056,19.694722,14-01-2013,210.2,15.9,0.8,5.4,30.779999,16.52,16.0
-27.01011111,26.69808333,15-01-2013,184.40001,53.6,2.7,1.1,31.519999,16.449999,51.0
-34.065833,20.404167,15-01-2013,193.7,16.900000000000002,0.8,4.7000003,31.199999,18.06,16.7
-25.20639,27.558,15-01-2013,176.5,74.5,3.7,2.9,32.76,18.119999,70.9
-28.747778,31.745833,15-01-2013,139.6,190.70000000000002,13.600000000000001,63.3,31.019999,20.27,139.6
-26.648056,27.089444,15-01-2013,171.8,60.7,3.0,1.5,30.349998,15.639999,57.7
-26.970278,27.211111,15-01-2013,173.8,60.6,3.0,1.5,30.55,15.889999,57.7
-26.880278,26.965,15-01-2013,175.40001,58.300000000000004,2.9000000000000004,1.4,30.91,16.1,55.4
-26.98472222,26.63227778,15-01-2013,183.7,54.6,2.7,1.1,31.679998,16.699999,51.9
-30.568333,29.422778,15-01-2013,139.40001,86.5,4.3,15.3,26.72,13.49,88.4
-30.570833,29.150556,15-01-2013,142.3,89.0,4.4,15.5,26.55,13.41,95.1
-31.104278,29.399722,15-01-2013,141.3,79.10000000000001,4.0,13.5,27.779999,17.99,80.4
-34.075556,20.145556,15-01-2013,195.2,18.1,0.9,5.2000003,30.46,17.359999,18.0
-29.161667,23.696389,16-01-2013,242.5,28.400000000000002,1.4000000000000001,0.1,36.38,18.05,27.0
-29.140556,31.391944,16-01-2013,135.7,198.9,34.9,70.1,30.039999,20.17,135.7
-24.39619444,27.08983333,16-01-2013,178.7,77.9,3.9000000000000004,3.8,33.5,19.35,74.200005
-26.45,28.085833,16-01-2013,160.7,75.7,3.8000000000000003,2.0,29.349998,14.99,72.0
-27.802778,28.768333,16-01-2013,150.7,80.7,4.0,11.1,28.349998,13.24,89.4
-28.768056,20.720556,16-01-2013,270.80002,14.3,0.7000000000000001,0.0,37.37,19.77,13.6
-31.031389,28.883333,16-01-2013,145.3,78.10000000000001,3.9000000000000004,4.1,27.72,15.969999,74.5
-30.86013889,29.07125,16-01-2013,147.2,77.4,3.9000000000000004,4.2000003,28.15,16.48,73.9
-30.77586667,29.03221667,16-01-2013,148.0,79.4,4.0,8.3,28.09,16.09,77.4
-33.501667,21.624167,16-01-2013,195.5,19.900000000000002,1.0,0.1,29.84,14.009999,18.9
-34.405833,19.600556,16-01-2013,168.7,25.1,1.3,8.7,26.22,16.47,25.6
-28.801278,31.955389,17-01-2013,141.6,35.0,1.7000000000000002,24.9,32.52,19.84,74.6
-28.75,30.442778,17-01-2013,142.2,26.6,1.3,10.1,33.079998,17.199999,29.0
-29.161667,30.629722,17-01-2013,126.4,36.2,1.8,26.0,29.17,15.099999,79.1
-26.861111,28.884722,17-01-2013,142.5,33.5,1.7000000000000002,2.1000001,29.73,12.83,31.9
-27.00222,28.76528,17-01-2013,142.6,34.4,1.7000000000000002,2.0,30.029999,12.969999,32.7
-27.4275,28.525833,17-01-2013,143.8,35.9,1.8,5.4,30.33,13.0,35.2
-34.329722,18.990278,17-01-2013,129.8,58.300000000000004,2.9000000000000004,15.0,24.91,16.16,58.600002
-25.99136,27.84208,21-01-2013,150.1,33.800000000000004,1.7000000000000002,1.9,31.039999,15.12,32.2
-26.73806,27.59194,21-01-2013,151.8,36.6,1.8,1.7,30.859999,14.38,34.9
-26.45,28.085833,21-01-2013,146.7,34.2,1.7000000000000002,1.9,30.42,14.03,32.600002
-27.01011111,26.69808333,22-01-2013,163.8,48.300000000000004,2.4000000000000004,1.0,32.13,15.37,46.0
-28.747778,31.745833,22-01-2013,140.5,29.6,1.5,23.300001,32.78,19.57,68.200005
-26.861111,28.884722,22-01-2013,142.5,33.5,1.7000000000000002,2.1000001,29.73,12.83,31.9
-26.648056,27.089444,22-01-2013,156.2,44.5,2.2,1.5,31.4,14.67,42.4
-26.970278,27.211111,22-01-2013,157.40001,40.900000000000006,2.0,1.5,31.58,14.929999,38.9
-26.880278,26.965,22-01-2013,159.7,44.6,2.2,1.4,31.849998,15.16,42.4
-26.98472222,26.63227778,22-01-2013,164.2,49.5,2.5,1.1,32.309998,15.65,47.100002
-27.935,26.126667,22-01-2013,174.5,40.400000000000006,2.0,1.0,32.829998,15.179999,38.4
-28.1175,26.719444,22-01-2013,169.90001,39.800000000000004,2.0,1.0,32.42,15.339999,37.9
-30.160091,27.40124,22-01-2013,160.90001,59.2,3.0,1.3000001,30.66,13.62,56.3
-34.031944,22.053333,22-01-2013,134.0,33.800000000000004,1.7000000000000002,4.1,27.16,16.64,32.5
-34.039722,22.133333,22-01-2013,132.5,34.4,1.7000000000000002,4.5,26.97,16.93,33.2
-25.45963889,28.26430556,22-01-2013,155.90001,26.8,1.3,2.2,32.94,16.32,25.6
-28.338333,31.373611,22-01-2013,135.6,32.5,1.6,22.7,31.679998,17.449999,69.8
-28.068333,31.55,22-01-2013,143.2,33.2,1.7000000000000002,21.1,33.66,19.49,47.9
-29.161667,23.696389,23-01-2013,204.40001,31.900000000000002,1.6,0.1,35.77,16.949999,30.300001
-25.81048333,27.90955222,23-01-2013,154.5,30.900000000000002,1.5,2.0,32.219997,16.22,29.4
-29.744167,29.905833,23-01-2013,128.8,75.7,3.8000000000000003,25.7,29.66,14.48,92.0
-27.00222,28.76528,23-01-2013,142.6,34.4,1.7000000000000002,2.0,30.029999,12.969999,32.7
-27.38972222,26.46388889,23-01-2013,170.8,47.400000000000006,2.4000000000000004,1.1,32.89,15.809999,45.100002
-28.141944,26.417778,23-01-2013,172.6,39.0,1.9000000000000001,1.0,32.54,15.25,37.100002
-27.398611,26.614722,23-01-2013,168.6,46.1,2.3000000000000003,1.1,32.719997,15.65,43.8
-30.336111,27.359444,23-01-2013,158.40001,65.60000000000001,3.3000000000000003,1.4,30.65,13.309999,62.4
-24.058889,31.237222,24-01-2013,145.0,29.200000000000003,1.5,1.2,33.69,19.58,27.800001
-28.44555556,32.325,21-03-2013,99.200005,144.6,7.2,64.4,28.199999,17.26,99.200005
-28.1175,26.719444,24-01-2013,169.90001,39.800000000000004,2.0,1.0,32.42,15.339999,37.9
-27.671111,27.236944,24-01-2013,160.5,39.300000000000004,2.0,1.1,31.779999,14.549999,37.4
-29.641944,30.6875,28-01-2013,131.90001,44.300000000000004,2.2,27.7,31.09,18.46,64.700005
-29.758889,30.935278,28-01-2013,131.7,41.6,2.1,29.0,30.81,19.689999,79.4
-30.398056,30.601944,28-01-2013,132.40001,95.9,4.800000000000001,19.7,30.42,20.279999,99.1
-30.27402,30.69602,28-01-2013,131.40001,90.30000000000001,4.5,22.7,30.3,20.01,98.200005
-26.45,28.085833,28-01-2013,146.7,34.2,1.7000000000000002,1.9,30.42,14.03,32.600002
-34.02861,22.22222,28-01-2013,130.3,36.1,1.8,4.9,26.46,16.71,34.9
-33.31388889,19.07472222,28-01-2013,177.3,24.900000000000002,1.2000000000000002,9.1,31.82,17.47,25.2
-27.01011111,26.69808333,29-01-2013,163.8,48.300000000000004,2.4000000000000004,1.0,32.13,15.37,46.0
-25.127778,27.628889,29-01-2013,163.8,34.4,1.7000000000000002,2.7,34.059998,17.77,32.8
-25.20639,27.558,29-01-2013,163.2,35.7,1.8,2.8,33.84,17.52,34.0
-24.39619444,27.08983333,29-01-2013,168.0,42.5,2.1,3.6000001,34.77,18.76,40.600002
-24.69514,27.40906,29-01-2013,166.5,40.900000000000006,2.0,3.2,34.37,18.68,38.9
-27.363611,31.783333,29-01-2013,143.7,26.5,1.3,24.9,33.88,18.99,32.9
-28.735556,29.820556,29-01-2013,138.1,35.5,1.8,11.0,31.939999,15.219999,38.600002
-26.861111,28.884722,29-01-2013,142.5,33.5,1.7000000000000002,2.1000001,29.73,12.83,31.9
-26.98472222,26.63227778,29-01-2013,164.2,49.5,2.5,1.1,32.309998,15.65,47.100002
-27.398611,26.614722,29-01-2013,168.6,46.1,2.3000000000000003,1.1,32.719997,15.65,43.8
-33.7075,18.97444444,29-01-2013,173.90001,39.6,2.0,10.0,31.189999,17.82,39.3
-34.005833,22.351111,29-01-2013,129.3,40.0,2.0,6.1,26.029999,16.71,38.9
-29.641944,30.6875,30-01-2013,131.90001,44.300000000000004,2.2,27.7,31.09,18.46,64.700005
-29.380556,30.2775,30-01-2013,123.8,49.300000000000004,2.5,27.800001,28.82,13.929999,80.700005
-26.648056,27.089444,30-01-2013,156.2,44.5,2.2,1.5,31.4,14.67,42.4
-29.042222,24.6,30-01-2013,193.5,41.900000000000006,2.1,0.1,34.94,16.14,39.8
-29.028629,24.638389,30-01-2013,193.90001,42.2,2.1,0.1,34.95,16.02,40.100002
-32.595833,19.009444,30-01-2013,191.40001,7.9,0.4,4.3,33.63,16.83,7.8
-33.13083,18.86278,30-01-2013,176.2,16.900000000000002,0.8,7.6,32.27,18.0,17.2
-26.905,32.324722,31-01-2013,149.0,30.900000000000002,1.5,27.5,34.96,20.24,38.600002
-27.935,26.126667,31-01-2013,174.5,40.400000000000006,2.0,1.0,32.829998,15.179999,38.4
-28.1175,26.719444,31-01-2013,169.90001,39.800000000000004,2.0,1.0,32.42,15.339999,37.9
-27.902778,24.615556,31-01-2013,197.1,45.900000000000006,2.3000000000000003,0.3,35.35,16.82,43.600002
-30.160091,27.40124,31-01-2013,160.90001,59.2,3.0,1.3000001,30.66,13.62,56.3
-33.38056,19.30167,31-01-2013,167.1,29.700000000000003,1.5,6.6,29.51,14.92,29.2
-32.502778,19.535833,01-02-2013,190.7,8.1,0.4,0.7,33.91,16.529999,7.7000003
-25.99136,27.84208,04-02-2013,150.1,33.800000000000004,1.7000000000000002,1.9,31.039999,15.12,32.2
-26.73806,27.59194,04-02-2013,151.8,36.6,1.8,1.7,30.859999,14.38,34.9
-26.45,28.085833,04-02-2013,146.7,34.2,1.7000000000000002,1.9,30.42,14.03,32.600002
-23.658056,31.05,05-02-2013,146.3,29.1,1.5,1.0,33.719997,19.77,27.7
-23.281,30.54305556,05-02-2013,143.7,49.7,2.5,29.800001,32.37,19.23,72.1
-25.14944444,31.94055556,05-02-2013,138.5,36.0,1.8,32.2,32.91,18.939999,47.8
-27.169444,29.233889,05-02-2013,138.1,32.300000000000004,1.6,1.7,29.01,12.389999,30.800001
-26.861111,28.884722,05-02-2013,142.5,33.5,1.7000000000000002,2.1000001,29.73,12.83,31.9
-27.398611,26.614722,05-02-2013,168.6,46.1,2.3000000000000003,1.1,32.719997,15.65,43.8
-27.671111,27.236944,05-02-2013,160.5,39.300000000000004,2.0,1.1,31.779999,14.549999,37.4
-29.160278,26.573333,05-02-2013,172.40001,43.300000000000004,2.2,1.0,32.27,14.219999,41.2
-34.031944,22.053333,05-02-2013,134.0,33.800000000000004,1.7000000000000002,4.1,27.16,16.64,32.5
-25.45963889,28.26430556,05-02-2013,155.90001,26.8,1.3,2.2,32.94,16.32,25.6
-27.01011111,26.69808333,06-02-2013,163.8,48.300000000000004,2.4000000000000004,1.0,32.13,15.37,46.0
-25.81048333,27.90955222,06-02-2013,154.5,30.900000000000002,1.5,2.0,32.219997,16.22,29.4
-22.769722,30.886944,06-02-2013,148.6,45.900000000000006,2.3000000000000003,23.800001,32.77,19.42,53.4
-29.744167,29.905833,06-02-2013,128.8,75.7,3.8000000000000003,25.7,29.66,14.48,92.0
-27.02314,28.59389,06-02-2013,144.6,34.5,1.7000000000000002,2.0,30.429998,13.259999,32.9
-26.648056,27.089444,06-02-2013,156.2,44.5,2.2,1.5,31.4,14.67,42.4
-26.970278,27.211111,06-02-2013,157.40001,40.900000000000006,2.0,1.5,31.58,14.929999,38.9
-27.273889,28.49,06-02-2013,145.40001,35.5,1.8,1.7,30.539999,13.219999,33.8
-27.4275,28.525833,06-02-2013,143.8,35.9,1.8,5.4,30.33,13.0,35.2
-27.3,28.586944,06-02-2013,143.8,34.7,1.7000000000000002,1.7,30.279999,12.96,33.0
-26.98472222,26.63227778,06-02-2013,164.2,49.5,2.5,1.1,32.309998,15.65,47.100002
-28.69485,28.23487,06-02-2013,144.0,44.400000000000006,2.2,7.0,29.269999,12.78,45.3
-29.615556,27.065278,06-02-2013,164.40001,50.300000000000004,2.5,1.0,31.039999,13.7,47.8
-28.883333,27.89,06-02-2013,148.3,45.800000000000004,2.3000000000000003,7.5,29.699999,13.23,46.9
-28.75,30.442778,07-02-2013,142.2,26.6,1.3,10.1,33.079998,17.199999,29.0
-29.161667,30.629722,07-02-2013,126.4,36.2,1.8,26.0,29.17,15.099999,79.1
-27.00222,28.76528,07-02-2013,142.6,34.4,1.7000000000000002,2.0,30.029999,12.969999,32.7
-30.679722,26.7125,07-02-2013,166.90001,61.2,3.1,0.90000004,31.619999,13.9,58.2
-30.160091,27.40124,07-02-2013,160.90001,59.2,3.0,1.3000001,30.66,13.62,56.3
-30.336111,27.359444,07-02-2013,158.40001,65.60000000000001,3.3000000000000003,1.4,30.65,13.309999,62.4
-27.935,26.126667,08-02-2013,174.5,40.400000000000006,2.0,1.0,32.829998,15.179999,38.4
-28.1175,26.719444,08-02-2013,169.90001,39.800000000000004,2.0,1.0,32.42,15.339999,37.9
-29.160278,26.573333,08-02-2013,172.40001,43.300000000000004,2.2,1.0,32.27,14.219999,41.2
-29.658056,25.973333,08-02-2013,178.3,36.4,1.8,0.90000004,32.04,14.0199995,34.600002
-31.000833,26.353056,08-02-2013,173.0,58.900000000000006,2.9000000000000004,0.8,30.47,12.55,55.9
-28.96362,19.15486,09-02-2013,222.2,0.4,0.0,0.0,37.75,19.039999,0.4
-23.281,30.54305556,10-02-2013,143.7,49.7,2.5,29.800001,32.37,19.23,72.1
-24.058889,31.237222,11-02-2013,145.0,29.200000000000003,1.5,1.2,33.69,19.58,27.800001
-26.970278,27.211111,11-02-2013,157.40001,40.900000000000006,2.0,1.5,31.58,14.929999,38.9
-26.45,28.085833,11-02-2013,146.7,34.2,1.7000000000000002,1.9,30.42,14.03,32.600002
-31.031389,28.883333,11-02-2013,132.7,90.9,4.5,3.8,29.0,15.17,86.6
-30.86013889,29.07125,11-02-2013,132.5,84.9,4.2,3.9,29.429998,15.639999,81.0
-30.77586667,29.03221667,11-02-2013,134.1,83.0,4.1000000000000005,7.0,29.32,15.179999,80.1
-33.818056,19.694722,11-02-2013,167.1,37.800000000000004,1.9000000000000001,4.7000003,30.75,16.88,36.7
-27.01011111,26.69808333,12-02-2013,163.8,48.300000000000004,2.4000000000000004,1.0,32.13,15.37,46.0
-34.065833,20.404167,12-02-2013,155.3,37.9,1.9000000000000001,4.2000003,31.05,18.26,36.5
-24.670833,28.560833,12-02-2013,156.40001,22.6,1.1,2.8,32.55,16.199999,21.5
-25.127778,27.628889,12-02-2013,163.8,34.4,1.7000000000000002,2.7,34.059998,17.77,32.8
-25.20639,27.558,12-02-2013,163.2,35.7,1.8,2.8,33.84,17.52,34.0
-24.69514,27.40906,12-02-2013,166.5,40.900000000000006,2.0,3.2,34.37,18.68,38.9
-28.747778,31.745833,12-02-2013,140.5,29.6,1.5,23.300001,32.78,19.57,68.200005
-29.380556,30.2775,12-02-2013,123.8,49.300000000000004,2.5,27.800001,28.82,13.929999,80.700005
-26.861111,28.884722,12-02-2013,142.5,33.5,1.7000000000000002,2.1000001,29.73,12.83,31.9
-26.648056,27.089444,12-02-2013,156.2,44.5,2.2,1.5,31.4,14.67,42.4
-26.880278,26.965,12-02-2013,159.7,44.6,2.2,1.4,31.849998,15.16,42.4
-26.98472222,26.63227778,12-02-2013,164.2,49.5,2.5,1.1,32.309998,15.65,47.100002
-29.042222,24.6,12-02-2013,193.5,41.900000000000006,2.1,0.1,34.94,16.14,39.8
-34.075556,20.145556,12-02-2013,154.3,42.5,2.1,4.6,30.31,17.43,41.0
-28.058889,30.373611,12-02-2013,136.90001,33.5,1.7000000000000002,18.6,30.24,13.95,52.3
-29.161667,23.696389,13-02-2013,204.40001,31.900000000000002,1.6,0.1,35.77,16.949999,30.300001
-24.282222,28.090278,13-02-2013,153.3,31.1,1.6,2.8,32.04,16.47,29.7
-24.39619444,27.08983333,13-02-2013,168.0,42.5,2.1,3.6000001,34.77,18.76,40.600002
-24.925278,29.324444,13-02-2013,158.2,24.1,1.2000000000000002,1.7,33.69,17.289999,22.9
-28.747778,31.745833,13-02-2013,140.5,29.6,1.5,23.300001,32.78,19.57,68.200005
-27.937778,31.209444,13-02-2013,137.7,31.5,1.6,23.7,31.359999,16.67,45.2
-28.404444,30.013056,13-02-2013,139.0,34.5,1.7000000000000002,11.1,31.41,14.799999,37.2
-28.768056,20.720556,13-02-2013,221.2,3.0,0.1,0.0,37.03,18.52,2.8
-31.396,29.2651,13-02-2013,130.8,99.10000000000001,5.0,8.0,29.529999,18.76,95.9
-31.554722,29.245556,13-02-2013,124.5,105.4,5.300000000000001,9.400001,28.23,17.63,102.6
-33.897778,20.012778,13-02-2013,156.8,38.2,1.9000000000000001,3.8,31.07,17.1,36.7
-28.801278,31.955389,14-02-2013,141.6,35.0,1.7000000000000002,24.9,32.52,19.84,74.6
-27.5275,30.858056,14-02-2013,137.40001,34.0,1.7000000000000002,26.800001,30.46,15.33,78.3
-27.671111,27.236944,14-02-2013,160.5,39.300000000000004,2.0,1.1,31.779999,14.549999,37.4
-27.573056,24.746389,14-02-2013,193.90001,49.800000000000004,2.5,0.3,34.86,16.5,47.4
-30.568333,29.422778,14-02-2013,126.4,78.7,3.9000000000000004,12.0,27.96,12.57,78.1
-30.570833,29.150556,14-02-2013,128.8,80.2,4.0,11.3,27.51,12.24,80.3
-31.104278,29.399722,14-02-2013,128.6,93.2,4.7,10.7,29.349998,17.33,91.3
-34.329722,18.990278,14-02-2013,129.8,58.300000000000004,2.9000000000000004,15.0,24.91,16.16,58.600002
-29.744167,29.905833,16-02-2013,119.6,115.9,5.800000000000001,23.0,28.25,13.67,112.700005
-25.99136,27.84208,18-02-2013,139.7,26.6,1.3,1.9,28.96,13.5,25.4
-29.7775,29.470833,18-02-2013,114.200005,131.8,6.6000000000000005,25.6,25.99,11.01,114.200005
-26.880278,26.965,18-02-2013,148.8,36.0,1.8,1.3000001,29.609999,13.99,34.2
-27.01011111,26.69808333,19-02-2013,153.1,40.1,2.0,1.0,29.9,14.37,38.2
-30.733889,29.828333,19-02-2013,122.6,143.20000000000002,7.2,30.4,28.43,15.94,122.6
-26.648056,27.089444,19-02-2013,146.2,33.2,1.7000000000000002,1.4,29.21,13.49,31.6
-26.970278,27.211111,19-02-2013,146.7,34.0,1.7000000000000002,1.4,29.449999,13.759999,32.3
-26.98472222,26.63227778,19-02-2013,154.1,40.800000000000004,2.0,1.1,30.07,14.63,38.8
-25.45963889,28.26430556,19-02-2013,149.8,22.1,1.1,2.1000001,30.91,14.91,21.1
-28.068333,31.55,19-02-2013,130.8,43.2,2.2,15.3,31.89,18.92,46.9
-29.161667,23.696389,20-02-2013,188.6,61.0,3.1,0.1,33.7,15.46,58.0
-25.81048333,27.90955222,20-02-2013,145.0,23.900000000000002,1.2000000000000002,2.0,30.16,14.69,22.800001
-29.744167,29.905833,20-02-2013,119.6,115.9,5.800000000000001,23.0,28.25,13.67,112.700005
-30.27402,30.69602,20-02-2013,124.5,143.9,7.2,34.9,29.189999,19.279999,124.5
-27.38972222,26.46388889,20-02-2013,159.8,43.300000000000004,2.2,1.1,30.88,14.839999,41.100002
-28.141944,26.417778,20-02-2013,155.8,47.7,2.4000000000000004,1.0,30.26,13.82,45.3
-28.1175,26.719444,20-02-2013,152.90001,46.1,2.3000000000000003,1.0,30.119999,14.25,43.8
-34.250556,20.9925,20-02-2013,137.1,14.3,0.7000000000000001,6.1,29.13,16.44,14.3
-28.44555556,32.325,18-04-2013,82.5,96.80000000000001,4.800000000000001,73.9,27.029999,15.17,82.5
-30.13573889,30.67422222,21-02-2013,125.200005,129.5,6.5,24.0,29.47,19.18,123.6
-27.398611,26.614722,21-02-2013,157.6,41.900000000000006,2.1,1.1,30.67,14.759999,39.8
-27.671111,27.236944,21-02-2013,146.2,41.5,2.1,1.1,29.689999,13.549999,39.5
-28.96362,19.15486,23-02-2013,203.6,62.6,3.1,0.0,36.8,19.31,59.4
-28.735556,29.820556,25-02-2013,125.0,44.1,2.2,8.5,30.32,14.559999,44.3
-26.45,28.085833,25-02-2013,138.6,27.0,1.4000000000000001,1.8000001,28.279999,12.69,25.7
-33.501667,21.624167,25-02-2013,144.1,13.700000000000001,0.7000000000000001,0.1,29.539999,13.23,13.0
-33.38056,19.30167,25-02-2013,155.5,16.6,0.8,5.8,29.47,13.349999,16.5
-33.31388889,19.07472222,25-02-2013,164.90001,17.0,0.9,7.9,31.89,16.15,17.300001
-27.01011111,26.69808333,26-02-2013,153.1,40.1,2.0,1.0,29.9,14.37,38.2
-22.935,28.004167,26-02-2013,163.8,19.5,1.0,0.2,32.68,17.19,18.5
-23.763056,27.908611,26-02-2013,161.1,31.1,1.6,2.4,31.75,15.82,29.6
-22.548889,28.898056,26-02-2013,154.5,18.8,0.9,0.1,31.599998,16.289999,17.800001
-22.91028,29.61111,26-02-2013,144.0,26.200000000000003,1.3,2.8,30.289999,16.27,25.1
-25.127778,27.628889,26-02-2013,160.6,22.900000000000002,1.1,2.6000001,32.13,16.32,21.9
-25.20639,27.558,26-02-2013,156.40001,23.6,1.2000000000000002,2.7,31.939999,16.119999,22.6
-24.39619444,27.08983333,26-02-2013,165.0,29.200000000000003,1.5,3.5,32.579998,17.199999,27.800001
-24.69514,27.40906,26-02-2013,166.8,27.900000000000002,1.4000000000000001,3.1000001,32.34,17.17,26.6
-25.73411,27.21422,26-02-2013,146.2,33.300000000000004,1.7000000000000002,1.9,29.76,13.96,31.7
-27.363611,31.783333,26-02-2013,130.90001,22.400000000000002,1.1,20.300001,32.05,18.48,25.9
-26.861111,28.884722,26-02-2013,134.3,25.900000000000002,1.3,2.1000001,27.8,11.63,24.6
-26.648056,27.089444,26-02-2013,146.2,33.2,1.7000000000000002,1.4,29.21,13.49,31.6
-26.970278,27.211111,26-02-2013,146.7,34.0,1.7000000000000002,1.4,29.449999,13.759999,32.3
-26.880278,26.965,26-02-2013,148.8,36.0,1.8,1.3000001,29.609999,13.99,34.2
-26.98472222,26.63227778,26-02-2013,154.1,40.800000000000004,2.0,1.1,30.07,14.63,38.8
-33.7075,18.97444444,26-02-2013,163.5,18.8,0.9,8.7,31.17,16.26,19.2
-29.161667,23.696389,27-02-2013,188.6,61.0,3.1,0.1,33.7,15.46,58.0
-29.641944,30.6875,27-02-2013,124.3,81.4,4.1000000000000005,19.9,29.779999,17.609999,85.1
-24.282222,28.090278,27-02-2013,151.3,34.1,1.7000000000000002,2.7,30.05,14.309999,32.5
-24.670833,28.560833,27-02-2013,150.90001,23.900000000000002,1.2000000000000002,2.7,30.34,14.28,22.800001
-27.602222,29.942778,27-02-2013,131.90001,29.8,1.5,8.6,28.91,13.349999,30.1
-27.00222,28.76528,27-02-2013,133.8,28.0,1.4000000000000001,1.9,28.06,11.79,26.7
-32.595833,19.009444,27-02-2013,173.3,12.600000000000001,0.6000000000000001,4.0,33.34,16.1,12.3
-33.08883333,19.21878333,27-02-2013,157.8,15.9,0.8,5.0,28.92,12.61,15.7
-33.13083,18.86278,27-02-2013,167.90001,15.3,0.8,6.7000003,32.26,17.01,15.400001
-32.94583,18.33667,27-02-2013,157.7,12.200000000000001,0.6000000000000001,2.9,29.26,15.889999,11.8
-26.905,32.324722,28-02-2013,134.3,25.700000000000003,1.3,22.1,33.059998,19.369999,29.800001
-34.092222,21.295278,28-02-2013,135.0,14.100000000000001,0.7000000000000001,3.3,29.24,15.599999,13.8
-27.902778,24.615556,01-03-2013,180.5,54.1,2.7,0.3,33.19,15.74,51.4
-25.99136,27.84208,04-03-2013,139.7,26.6,1.3,1.9,28.96,13.5,25.4
-26.73806,27.59194,04-03-2013,141.1,28.3,1.4000000000000001,1.6,28.699999,12.91,26.9
-26.45,28.085833,04-03-2013,138.6,27.0,1.4000000000000001,1.8000001,28.279999,12.69,25.7
-23.658056,31.05,05-03-2013,139.2,30.5,1.5,1.0,31.859999,18.699999,28.9
-23.281,30.54305556,05-03-2013,138.6,44.1,2.2,21.4,30.34,18.06,50.3
-27.169444,29.233889,05-03-2013,127.8,25.6,1.3,1.6,27.09,11.23,24.4
-26.861111,28.884722,05-03-2013,134.3,25.900000000000002,1.3,2.1000001,27.8,11.63,24.6
-27.398611,26.614722,05-03-2013,157.6,41.900000000000006,2.1,1.1,30.67,14.759999,39.8
-28.69485,28.23487,05-03-2013,124.4,55.0,2.8000000000000003,5.4,27.039999,11.309999,53.9
-28.883333,27.89,05-03-2013,126.9,59.0,2.9000000000000004,5.8,27.26,11.71,57.7
-25.45963889,28.26430556,05-03-2013,149.8,22.1,1.1,2.1000001,30.91,14.91,21.1
-27.01011111,26.69808333,06-03-2013,153.1,40.1,2.0,1.0,29.9,14.37,38.2
-25.81048333,27.90955222,06-03-2013,145.0,23.900000000000002,1.2000000000000002,2.0,30.16,14.69,22.800001
-29.744167,29.905833,06-03-2013,119.6,115.9,5.800000000000001,23.0,28.25,13.67,112.700005
-26.648056,27.089444,06-03-2013,146.2,33.2,1.7000000000000002,1.4,29.21,13.49,31.6
-26.970278,27.211111,06-03-2013,146.7,34.0,1.7000000000000002,1.4,29.449999,13.759999,32.3
-26.880278,26.965,06-03-2013,148.8,36.0,1.8,1.3000001,29.609999,13.99,34.2
-26.98472222,26.63227778,06-03-2013,154.1,40.800000000000004,2.0,1.1,30.07,14.63,38.8
-29.160278,26.573333,06-03-2013,151.0,56.6,2.8000000000000003,0.90000004,29.91,12.88,53.8
-29.615556,27.065278,06-03-2013,137.40001,74.2,3.7,1.0,28.699999,12.389999,70.5
-34.031944,22.053333,06-03-2013,126.5,14.0,0.7000000000000001,3.8,27.449999,15.309999,13.7
-34.039722,22.133333,06-03-2013,123.8,14.5,0.7000000000000001,4.1,27.269999,15.62,14.2
-30.830556,26.921389,07-03-2013,140.5,83.5,4.2,1.1,28.9,12.2,79.4
-28.75,30.442778,07-03-2013,129.6,35.9,1.8,8.1,31.099998,16.33,36.100002
-29.161667,30.629722,07-03-2013,115.700005,68.60000000000001,3.4000000000000004,18.0,27.289999,14.219999,73.1
-30.160091,27.40124,07-03-2013,132.1,82.10000000000001,4.1000000000000005,1.3000001,28.46,12.58,78.0
-30.336111,27.359444,07-03-2013,132.90001,83.5,4.2,1.3000001,28.529999,12.33,79.4
-29.042222,24.6,08-03-2013,182.1,53.2,2.7,0.1,32.69,14.839999,50.5
-31.000833,26.353056,08-03-2013,145.40001,85.5,4.3,0.7,28.529999,11.389999,81.3
-30.679722,26.7125,08-03-2013,142.1,81.7,4.1000000000000005,0.90000004,29.55,12.55,77.6
-34.005833,22.351111,08-03-2013,119.700005,18.1,0.9,5.4,26.58,15.29,17.9
-28.735556,29.820556,11-03-2013,125.0,44.1,2.2,8.5,30.32,14.559999,44.3
-26.970278,27.211111,11-03-2013,146.7,34.0,1.7000000000000002,1.4,29.449999,13.759999,32.3
-26.45,28.085833,11-03-2013,138.6,27.0,1.4000000000000001,1.8000001,28.279999,12.69,25.7
-29.1825,23.575556,11-03-2013,191.3,61.2,3.1,0.1,33.73,15.73,58.100002
-33.818056,19.694722,11-03-2013,156.0,16.0,0.8,4.2000003,30.71,15.509999,15.7
-27.01011111,26.69808333,12-03-2013,153.1,40.1,2.0,1.0,29.9,14.37,38.2
-34.065833,20.404167,12-03-2013,146.8,13.5,0.7000000000000001,3.8,30.67,16.789999,13.2
-25.127778,27.628889,12-03-2013,160.6,22.900000000000002,1.1,2.6000001,32.13,16.32,21.9
-25.20639,27.558,12-03-2013,156.40001,23.6,1.2000000000000002,2.7,31.939999,16.119999,22.6
-24.69514,27.40906,12-03-2013,166.8,27.900000000000002,1.4000000000000001,3.1000001,32.34,17.17,26.6
-28.747778,31.745833,12-03-2013,130.3,135.0,6.7,22.6,31.109999,19.13,128.90001
-28.404444,30.013056,12-03-2013,126.6,35.5,1.8,8.7,29.42,14.15,36.100002
-29.380556,30.2775,12-03-2013,114.5,73.2,3.7,19.4,27.34,13.37,77.9
-26.861111,28.884722,12-03-2013,134.3,25.900000000000002,1.3,2.1000001,27.8,11.63,24.6
-26.648056,27.089444,12-03-2013,146.2,33.2,1.7000000000000002,1.4,29.21,13.49,31.6
-26.880278,26.965,12-03-2013,148.8,36.0,1.8,1.3000001,29.609999,13.99,34.2
-26.98472222,26.63227778,12-03-2013,154.1,40.800000000000004,2.0,1.1,30.07,14.63,38.8
-28.376944,24.303056,12-03-2013,183.1,57.2,2.9000000000000004,0.3,33.64,15.299999,54.3
-34.075556,20.145556,12-03-2013,144.90001,14.4,0.7000000000000001,4.1,30.099998,16.119999,14.1
-29.140556,31.391944,13-03-2013,125.8,133.1,6.7,26.5,30.41,18.93,125.8
-24.39619444,27.08983333,13-03-2013,165.0,29.200000000000003,1.5,3.5,32.579998,17.199999,27.800001
-22.769722,30.886944,13-03-2013,138.0,31.700000000000003,1.6,18.6,30.88,17.9,35.3
-28.404444,30.013056,13-03-2013,126.6,35.5,1.8,8.7,29.42,14.15,36.100002
-29.161667,30.629722,13-03-2013,115.700005,68.60000000000001,3.4000000000000004,18.0,27.289999,14.219999,73.1
-27.00222,28.76528,13-03-2013,133.8,28.0,1.4000000000000001,1.9,28.06,11.79,26.7
-27.02314,28.59389,13-03-2013,136.3,29.700000000000003,1.5,1.9,28.42,12.059999,28.300001
-27.273889,28.49,13-03-2013,135.7,34.6,1.7000000000000002,1.7,28.39,11.94,32.9
-27.4275,28.525833,13-03-2013,131.90001,35.1,1.8,4.6,28.019999,11.67,34.100002
-27.3,28.586944,13-03-2013,133.8,33.7,1.7000000000000002,1.6,28.23,11.7699995,32.0
-28.141944,26.417778,13-03-2013,155.8,47.7,2.4000000000000004,1.0,30.26,13.82,45.3
-28.1175,26.719444,13-03-2013,152.90001,46.1,2.3000000000000003,1.0,30.119999,14.25,43.8
-29.160278,26.573333,13-03-2013,151.0,56.6,2.8000000000000003,0.90000004,29.91,12.88,53.8
-28.768056,20.720556,13-03-2013,203.90001,64.3,3.2,0.0,35.32,18.27,61.100002
-34.250556,20.9925,13-03-2013,137.1,14.3,0.7000000000000001,6.1,29.13,16.44,14.3
-28.058889,30.373611,13-03-2013,124.700005,30.8,1.5,13.1,28.16,13.48,34.7
-25.57877778,29.12747222,13-03-2013,149.40001,25.5,1.3,1.9,30.359999,13.78,24.300001
-28.801278,31.955389,14-03-2013,131.0,135.8,6.800000000000001,24.300001,31.029999,19.449999,129.6
-27.937778,31.209444,14-03-2013,124.200005,15.600000000000001,0.8,17.5,29.47,15.99,21.0
-27.5275,30.858056,14-03-2013,123.5,22.3,1.1,18.5,28.25,14.2,29.4
-27.935,26.126667,14-03-2013,157.7,44.1,2.2,0.90000004,30.41,13.5,42.0
-28.1175,26.719444,14-03-2013,152.90001,46.1,2.3000000000000003,1.0,30.119999,14.25,43.8
-27.902778,24.615556,14-03-2013,180.5,54.1,2.7,0.3,33.19,15.74,51.4
-29.042222,24.6,14-03-2013,182.1,53.2,2.7,0.1,32.69,14.839999,50.5
-29.028629,24.638389,14-03-2013,182.40001,53.0,2.6,0.1,32.61,14.849999,50.3
-34.329722,18.990278,14-03-2013,127.200005,22.400000000000002,1.1,12.8,25.17,15.059999,23.5
-24.925278,29.324444,15-03-2013,154.6,24.6,1.2000000000000002,1.6,31.529999,15.559999,23.4
-27.671111,27.236944,15-03-2013,146.2,41.5,2.1,1.1,29.689999,13.549999,39.5
-27.573056,24.746389,15-03-2013,179.3,53.5,2.7,0.3,32.7,15.58,50.9
-26.970278,27.211111,16-03-2013,146.7,34.0,1.7000000000000002,1.4,29.449999,13.759999,32.3
-28.96362,19.15486,16-03-2013,203.6,62.6,3.1,0.0,36.8,19.31,59.4
-33.08883333,19.21878333,16-03-2013,157.8,15.9,0.8,5.0,28.92,12.61,15.7
-26.648056,27.089444,23-04-2014,89.1,5.7,0.30000000000000004,6.9,23.33,4.69,7.3
-26.648056,27.089444,01-05-2014,89.1,5.7,0.30000000000000004,6.9,23.33,4.69,7.3
-25.99136,27.84208,18-03-2013,103.6,84.30000000000001,4.2,1.8000001,25.029999,8.599999,80.1
-29.7775,29.470833,18-03-2013,89.3,42.1,2.1,14.1,22.46,6.31,51.5
-29.744167,29.905833,18-03-2013,95.200005,34.2,1.7000000000000002,17.2,24.96,9.05,38.3
-26.970278,27.211111,18-03-2013,109.200005,50.7,2.5,1.3000001,25.55,8.25,48.2
-26.73806,27.59194,18-03-2013,104.4,57.900000000000006,2.9000000000000004,1.5,24.64,7.6299996,55.100002
-26.45,28.085833,18-03-2013,104.0,55.7,2.8000000000000003,1.8000001,24.5,7.27,53.0
-30.570833,29.150556,18-03-2013,91.6,47.5,2.4000000000000004,7.7000003,22.46,6.77,46.7
-31.396,29.2651,18-03-2013,100.6,85.10000000000001,4.3,26.9,25.689999,14.219999,91.3
-31.554722,29.245556,18-03-2013,98.8,93.7,4.7,44.4,25.06,13.83,95.200005
-27.01011111,26.69808333,19-03-2013,116.0,39.300000000000004,2.0,1.0,25.88,8.679999,37.4
-30.733889,29.828333,19-03-2013,99.1,58.5,2.9000000000000004,19.6,25.21,12.2,66.3
-29.987778,29.851667,19-03-2013,93.8,39.900000000000006,2.0,23.9,24.43,8.88,51.2
-26.861111,28.884722,19-03-2013,100.9,56.900000000000006,2.8000000000000003,2.0,24.57,6.49,54.2
-27.00222,28.76528,19-03-2013,101.4,56.7,2.8000000000000003,1.9,24.609999,6.37,54.0
-26.648056,27.089444,19-03-2013,108.3,54.5,2.7,1.4,25.369999,8.13,51.8
-26.880278,26.965,19-03-2013,110.200005,48.400000000000006,2.4000000000000004,1.3000001,25.68,8.48,46.0
-26.98472222,26.63227778,19-03-2013,115.700005,40.6,2.0,1.0,26.05,8.849999,38.600002
-30.568333,29.422778,19-03-2013,92.4,51.2,2.6,9.900001,22.81,6.95,50.7
-30.570833,29.150556,19-03-2013,91.6,47.5,2.4000000000000004,7.7000003,22.46,6.77,46.7
-31.104278,29.399722,19-03-2013,98.5,67.4,3.4000000000000004,18.5,25.039999,12.61,78.4
-33.31388889,19.07472222,19-03-2013,104.6,29.400000000000002,1.5,7.1,26.349998,11.59,28.800001
-25.45963889,28.26430556,19-03-2013,112.700005,72.10000000000001,3.6,2.0,28.349998,10.13,68.6
-28.338333,31.373611,19-03-2013,94.0,72.9,3.6,12.2,26.8,13.19,72.8
-28.068333,31.55,19-03-2013,103.1,55.6,2.8000000000000003,12.1,29.05,15.4,56.0
-29.161667,23.696389,20-03-2013,124.5,7.1000000000000005,0.4,0.1,26.99,9.15,6.8
-25.81048333,27.90955222,20-03-2013,108.4,88.0,4.4,1.9,26.38,9.71,83.700005
-24.058889,31.237222,20-03-2013,102.8,58.6,2.9000000000000004,1.1,29.359999,16.31,55.7
-30.13573889,30.67422222,20-03-2013,98.9,52.400000000000006,2.6,17.800001,26.699999,15.86,56.0
-30.398056,30.601944,20-03-2013,100.4,71.7,3.6,25.0,26.539999,16.26,79.9
-30.27402,30.69602,20-03-2013,97.9,64.8,3.2,22.6,26.43,15.92,73.8
-27.38972222,26.46388889,20-03-2013,120.5,28.700000000000003,1.4000000000000001,1.0,26.64,8.8,27.300001
-28.1175,26.719444,20-03-2013,111.700005,23.0,1.2000000000000002,0.90000004,25.4,8.19,21.9
-31.031389,28.883333,20-03-2013,97.6,51.6,2.6,5.9,24.359999,9.95,49.8
-30.86013889,29.07125,20-03-2013,96.8,49.0,2.4000000000000004,3.5,24.6,10.29,46.8
-30.77586667,29.03221667,20-03-2013,95.6,45.5,2.3000000000000003,5.5,24.269999,9.84,44.0
-33.7075,18.97444444,20-03-2013,103.700005,37.0,1.9000000000000001,7.7000003,25.91,11.36,36.2
-24.183889,30.823889,21-03-2013,105.9,80.5,4.0,3.0,29.58,15.65,76.6
-28.44555556,32.325,16-05-2013,82.5,96.80000000000001,4.800000000000001,73.9,27.029999,15.17,82.5
-27.935,26.126667,21-03-2013,118.200005,19.3,1.0,0.90000004,26.23,7.3399997,18.4
-28.1175,26.719444,21-03-2013,111.700005,23.0,1.2000000000000002,0.90000004,25.4,8.19,21.9
-27.398611,26.614722,21-03-2013,119.6,30.1,1.5,1.0,26.5,8.79,28.6
-24.679167,30.8025,22-03-2013,91.4,139.5,7.0,85.200005,23.92,10.19,91.4
-29.744167,29.905833,22-03-2013,95.200005,34.2,1.7000000000000002,17.2,24.96,9.05,38.3
-28.116667,26.725278,22-03-2013,111.700005,23.0,1.2000000000000002,0.90000004,25.4,8.19,21.9
-29.803611,30.516111,22-03-2013,94.9,29.700000000000003,1.5,15.7,26.0,12.3,32.4
-26.45,28.085833,25-03-2013,104.0,55.7,2.8000000000000003,1.8000001,24.5,7.27,53.0
-31.436944,20.474722,25-03-2013,124.8,14.100000000000001,0.7000000000000001,0.0,24.93,7.2,13.400001
-29.1825,23.575556,25-03-2013,124.4,7.2,0.4,0.1,26.869999,9.29,6.8
-33.38056,19.30167,25-03-2013,103.6,26.6,1.3,5.2000003,23.779999,8.65,25.800001
-27.01011111,26.69808333,26-03-2013,116.0,39.300000000000004,2.0,1.0,25.88,8.679999,37.4
-25.127778,27.628889,26-03-2013,116.1,75.5,3.8000000000000003,2.5,29.0,10.82,71.8
-24.39619444,27.08983333,26-03-2013,118.700005,102.60000000000001,5.1000000000000005,3.4,29.92,11.75,97.6
-24.69514,27.40906,26-03-2013,122.700005,87.5,4.4,3.0,29.539999,11.61,83.200005
-25.73411,27.21422,26-03-2013,109.700005,74.9,3.7,1.8000001,26.26,8.94,71.200005
-30.398056,30.601944,26-03-2013,100.4,71.7,3.6,25.0,26.539999,16.26,79.9
-30.27402,30.69602,26-03-2013,97.9,64.8,3.2,22.6,26.43,15.92,73.8
-26.861111,28.884722,26-03-2013,100.9,56.900000000000006,2.8000000000000003,2.0,24.57,6.49,54.2
-27.00222,28.76528,26-03-2013,101.4,56.7,2.8000000000000003,1.9,24.609999,6.37,54.0
-26.648056,27.089444,26-03-2013,108.3,54.5,2.7,1.4,25.369999,8.13,51.8
-26.970278,27.211111,26-03-2013,109.200005,50.7,2.5,1.3000001,25.55,8.25,48.2
-26.880278,26.965,26-03-2013,110.200005,48.400000000000006,2.4000000000000004,1.3000001,25.68,8.48,46.0
-26.98472222,26.63227778,26-03-2013,115.700005,40.6,2.0,1.0,26.05,8.849999,38.600002
-29.651389,22.746389,26-03-2013,128.90001,7.4,0.4,0.0,27.359999,9.87,7.1
-29.1825,23.575556,26-03-2013,124.4,7.2,0.4,0.1,26.869999,9.29,6.8
-32.595833,19.009444,26-03-2013,112.700005,20.1,1.0,3.7,27.8,10.94,19.4
-33.08883333,19.21878333,26-03-2013,105.700005,22.8,1.1,4.5,23.16,7.87,22.2
-29.161667,23.696389,27-03-2013,124.5,7.1000000000000005,0.4,0.1,26.99,9.15,6.8
-29.641944,30.6875,27-03-2013,95.9,24.6,1.2000000000000002,15.7,26.8,13.94,27.6
-25.20639,27.558,27-03-2013,114.5,80.10000000000001,4.0,2.6000001,28.82,10.7699995,76.200005
-27.602222,29.942778,27-03-2013,103.8,45.1,2.3000000000000003,7.4,26.279999,8.65,44.0
-29.380556,30.2775,27-03-2013,89.4,40.800000000000004,2.0,15.1,24.64,9.24,43.100002
-29.161667,30.629722,27-03-2013,89.9,50.5,2.5,13.900001,24.3,10.45,52.100002
-29.651389,22.746389,27-03-2013,128.90001,7.4,0.4,0.0,27.359999,9.87,7.1
-33.13083,18.86278,27-03-2013,105.1,27.5,1.4000000000000001,6.0,27.039999,12.54,26.800001
-32.94583,18.33667,27-03-2013,105.0,22.6,1.1,2.7,24.93,11.66,21.6
-29.641944,30.6875,28-03-2013,95.9,24.6,1.2000000000000002,15.7,26.8,13.94,27.6
-29.758889,30.935278,28-03-2013,95.5,43.800000000000004,2.2,16.300001,26.88,15.69,46.600002
-32.502778,19.535833,28-03-2013,125.1,15.600000000000001,0.8,0.7,27.439999,10.09,14.8
-28.96362,19.15486,30-03-2013,147.6,10.0,0.5,0.0,30.98,13.549999,9.5
-25.99136,27.84208,02-04-2013,103.6,84.30000000000001,4.2,1.8000001,25.029999,8.599999,80.1
-26.73806,27.59194,02-04-2013,104.4,57.900000000000006,2.9000000000000004,1.5,24.64,7.6299996,55.100002
-26.45,28.085833,02-04-2013,104.0,55.7,2.8000000000000003,1.8000001,24.5,7.27,53.0
-29.160278,26.573333,02-04-2013,108.8,19.700000000000003,1.0,0.90000004,24.73,6.5,18.7
-31.396,29.2651,02-04-2013,100.6,85.10000000000001,4.3,26.9,25.689999,14.219999,91.3
-31.554722,29.245556,02-04-2013,98.8,93.7,4.7,44.4,25.06,13.83,95.200005
-27.01011111,26.69808333,03-04-2013,116.0,39.300000000000004,2.0,1.0,25.88,8.679999,37.4
-29.744167,29.905833,03-04-2013,95.200005,34.2,1.7000000000000002,17.2,24.96,9.05,38.3
-26.861111,28.884722,03-04-2013,100.9,56.900000000000006,2.8000000000000003,2.0,24.57,6.49,54.2
-26.98472222,26.63227778,03-04-2013,115.700005,40.6,2.0,1.0,26.05,8.849999,38.600002
-27.398611,26.614722,03-04-2013,119.6,30.1,1.5,1.0,26.5,8.79,28.6
-27.671111,27.236944,03-04-2013,112.200005,33.2,1.7000000000000002,1.0,25.689999,8.04,31.6
-30.568333,29.422778,03-04-2013,92.4,51.2,2.6,9.900001,22.81,6.95,50.7
-31.104278,29.399722,03-04-2013,98.5,67.4,3.4000000000000004,18.5,25.039999,12.61,78.4
-34.031944,22.053333,03-04-2013,89.6,22.200000000000003,1.1,3.5,24.019999,11.25,21.4
-25.45963889,28.26430556,03-04-2013,112.700005,72.10000000000001,3.6,2.0,28.349998,10.13,68.6
-25.81048333,27.90955222,04-04-2013,108.4,88.0,4.4,1.9,26.38,9.71,83.700005
-28.75,30.442778,04-04-2013,101.6,37.5,1.9000000000000001,6.7000003,27.99,12.19,37.0
-27.00222,28.76528,04-04-2013,101.4,56.7,2.8000000000000003,1.9,24.609999,6.37,54.0
-27.02314,28.59389,04-04-2013,102.4,52.400000000000006,2.6,1.8000001,24.8,6.48,49.8
-26.648056,27.089444,04-04-2013,108.3,54.5,2.7,1.4,25.369999,8.13,51.8
-26.970278,27.211111,04-04-2013,109.200005,50.7,2.5,1.3000001,25.55,8.25,48.2
-26.880278,26.965,04-04-2013,110.200005,48.400000000000006,2.4000000000000004,1.3000001,25.68,8.48,46.0
-27.273889,28.49,04-04-2013,101.0,54.300000000000004,2.7,1.6,24.449999,5.98,51.600002
-27.4275,28.525833,04-04-2013,99.5,50.6,2.5,4.1,24.109999,5.7599998,48.600002
-27.3,28.586944,04-04-2013,100.1,53.1,2.7,1.6,24.32,5.95,50.5
-30.570833,29.150556,04-04-2013,91.6,47.5,2.4000000000000004,7.7000003,22.46,6.77,46.7
-31.031389,28.883333,05-04-2013,97.6,51.6,2.6,5.9,24.359999,9.95,49.8
-30.86013889,29.07125,05-04-2013,96.8,49.0,2.4000000000000004,3.5,24.6,10.29,46.8
-30.77586667,29.03221667,05-04-2013,95.6,45.5,2.3000000000000003,5.5,24.269999,9.84,44.0
-34.02861,22.22222,05-04-2013,88.5,22.700000000000003,1.1,4.1,23.55,11.45,22.0
-28.96362,19.15486,06-04-2013,147.6,10.0,0.5,0.0,30.98,13.549999,9.5
-27.3,28.586944,07-04-2013,100.1,53.1,2.7,1.6,24.32,5.95,50.5
-28.768056,20.720556,08-04-2013,138.5,5.4,0.30000000000000004,0.0,29.73,12.07,5.1
-33.818056,19.694722,08-04-2013,101.6,29.5,1.5,3.8,25.48,10.599999,28.5
-26.970278,27.211111,28-01-2013,157.40001,40.900000000000006,2.0,1.5,31.58,14.929999,38.9
-34.065833,20.404167,09-04-2013,91.8,27.900000000000002,1.4000000000000001,3.5,25.869999,11.679999,26.9
-24.183889,30.823889,09-04-2013,105.9,80.5,4.0,3.0,29.58,15.65,76.6
-25.127778,27.628889,09-04-2013,116.1,75.5,3.8000000000000003,2.5,29.0,10.82,71.8
-25.20639,27.558,09-04-2013,114.5,80.10000000000001,4.0,2.6000001,28.82,10.7699995,76.200005
-24.69514,27.40906,09-04-2013,122.700005,87.5,4.4,3.0,29.539999,11.61,83.200005
-28.747778,31.745833,09-04-2013,98.4,97.60000000000001,4.9,20.9,28.439999,16.01,94.4
-28.801278,31.955389,09-04-2013,99.200005,122.7,6.1000000000000005,41.7,28.33,16.46,99.200005
-27.3,28.586944,09-04-2013,100.1,53.1,2.7,1.6,24.32,5.95,50.5
-29.160278,26.573333,09-04-2013,108.8,19.700000000000003,1.0,0.90000004,24.73,6.5,18.7
-28.69485,28.23487,09-04-2013,96.1,29.400000000000002,1.5,4.4,22.97,5.85,28.9
-34.075556,20.145556,09-04-2013,92.8,29.900000000000002,1.5,3.7,25.269999,11.2,28.800001
-29.140556,31.391944,10-04-2013,95.4,99.5,5.0,26.2,27.599998,15.759999,94.8
-24.282222,28.090278,10-04-2013,111.8,102.60000000000001,5.1000000000000005,2.6000001,28.21,9.76,97.6
-24.670833,28.560833,10-04-2013,112.8,94.60000000000001,4.7,2.6000001,28.369999,9.75,89.9
-24.39619444,27.08983333,10-04-2013,118.700005,102.60000000000001,5.1000000000000005,3.4,29.92,11.75,97.6
-23.658056,31.05,10-04-2013,100.9,61.0,3.0,1.0,28.859999,16.369999,58.0
-27.937778,31.209444,10-04-2013,98.0,59.800000000000004,3.0,14.0,26.779999,12.48,60.4
-28.404444,30.013056,10-04-2013,101.4,39.1,2.0,7.2000003,26.49,9.29,38.7
-29.380556,30.2775,10-04-2013,89.4,40.800000000000004,2.0,15.1,24.64,9.24,43.100002
-26.970278,27.211111,16-07-2013,81.0,0.6000000000000001,0.0,1.2,20.119999,0.83,0.6
-26.45,28.085833,10-04-2013,104.0,55.7,2.8000000000000003,1.8000001,24.5,7.27,53.0
-27.671111,27.236944,10-04-2013,112.200005,33.2,1.7000000000000002,1.0,25.689999,8.04,31.6
-29.615556,27.065278,10-04-2013,102.0,27.1,1.4000000000000001,0.90000004,23.539999,6.5699997,25.800001
-28.883333,27.89,10-04-2013,97.3,28.400000000000002,1.4000000000000001,4.8,23.09,6.46,28.0
-34.092222,21.295278,10-04-2013,90.5,26.0,1.3,3.0,25.619999,10.469999,25.0
-28.058889,30.373611,10-04-2013,99.0,51.5,2.6,10.2,25.859999,9.099999,51.8
-27.01011111,26.69808333,11-04-2013,116.0,39.300000000000004,2.0,1.0,25.88,8.679999,37.4
-30.830556,26.921389,11-04-2013,102.8,34.6,1.7000000000000002,1.0,23.72,6.66,33.0
-23.23572222,27.717,11-04-2013,120.700005,64.3,3.2,0.4,30.41,12.7,61.0
-22.769722,30.886944,11-04-2013,104.700005,68.9,3.4000000000000004,15.400001,28.8,16.6,68.700005
-28.801278,31.955389,11-04-2013,99.200005,122.7,6.1000000000000005,41.7,28.33,16.46,99.200005
-26.861111,28.884722,11-04-2013,100.9,56.900000000000006,2.8000000000000003,2.0,24.57,6.49,54.2
-27.00222,28.76528,11-04-2013,101.4,56.7,2.8000000000000003,1.9,24.609999,6.37,54.0
-26.970278,27.211111,11-04-2013,109.200005,50.7,2.5,1.3000001,25.55,8.25,48.2
-26.880278,26.965,11-04-2013,110.200005,48.400000000000006,2.4000000000000004,1.3000001,25.68,8.48,46.0
-26.98472222,26.63227778,11-04-2013,115.700005,40.6,2.0,1.0,26.05,8.849999,38.600002
-27.902778,24.615556,11-04-2013,127.6,8.0,0.4,0.3,27.869999,9.25,7.6
-30.160091,27.40124,11-04-2013,99.3,32.300000000000004,1.6,1.2,23.35,7.12,30.7
-30.336111,27.359444,11-04-2013,98.9,36.300000000000004,1.8,1.3000001,23.32,7.0299997,34.600002
-33.897778,20.012778,11-04-2013,99.4,27.900000000000002,1.4000000000000001,3.1000001,25.779999,10.9,26.800001
-24.679167,30.8025,12-04-2013,91.4,139.5,7.0,85.200005,23.92,10.19,91.4
-22.91028,29.61111,12-04-2013,108.4,70.3,3.5,2.7,27.939999,14.71,66.9
-31.000833,26.353056,12-04-2013,103.700005,28.1,1.4000000000000001,0.7,23.24,5.38,26.7
-30.679722,26.7125,12-04-2013,104.6,30.700000000000003,1.5,0.8,24.189999,6.5499997,29.2
-31.436944,20.474722,12-04-2013,124.8,14.100000000000001,0.7000000000000001,0.0,24.93,7.2,13.400001
-31.394444,20.947222,12-04-2013,124.0,14.3,0.7000000000000001,0.0,24.789999,7.48,13.6
-28.96362,19.15486,13-04-2013,147.6,10.0,0.5,0.0,30.98,13.549999,9.5
-25.81048333,27.90955222,15-04-2013,108.4,88.0,4.4,1.9,26.38,9.71,83.700005
-25.99136,27.84208,15-04-2013,103.6,84.30000000000001,4.2,1.8000001,25.029999,8.599999,80.1
-29.7775,29.470833,15-04-2013,89.3,42.1,2.1,14.1,22.46,6.31,51.5
-29.987778,29.851667,15-04-2013,93.8,39.900000000000006,2.0,23.9,24.43,8.88,51.2
-29.744167,29.905833,15-04-2013,95.200005,34.2,1.7000000000000002,17.2,24.96,9.05,38.3
-26.45,28.085833,15-04-2013,104.0,55.7,2.8000000000000003,1.8000001,24.5,7.27,53.0
-27.01011111,26.69808333,16-04-2013,86.3,0.0,0.0,0.90000004,23.75,4.79,0.0
-26.861111,28.884722,16-04-2013,79.9,0.0,0.0,1.9,21.84,1.86,0.1
-27.00222,28.76528,16-04-2013,80.0,0.0,0.0,1.8000001,21.859999,1.62,0.1
-26.648056,27.089444,16-04-2013,86.200005,0.0,0.0,1.3000001,23.22,3.9599998,0.0
-26.970278,27.211111,16-04-2013,84.9,0.0,0.0,1.3000001,23.25,4.0899997,0.0
-26.880278,26.965,16-04-2013,85.9,0.0,0.0,1.2,23.4,4.24,0.0
-26.98472222,26.63227778,16-04-2013,86.8,0.0,0.0,1.0,23.85,4.98,0.0
-28.883333,27.89,16-04-2013,71.4,0.6000000000000001,0.0,4.1,20.439999,2.33,1.2
-33.970833,22.548333,16-04-2013,75.200005,20.200000000000003,1.0,5.5,22.699999,11.219999,19.800001
-25.45963889,28.26430556,16-04-2013,90.9,0.0,0.0,1.9,26.22,6.06,0.1
-28.338333,31.373611,16-04-2013,73.4,9.9,0.5,10.0,25.75,11.0,11.6
-29.161667,23.696389,17-04-2013,93.9,0.7000000000000001,0.0,0.1,24.92,6.1299996,0.6
-30.733889,29.828333,17-04-2013,77.4,19.8,1.0,14.8,23.769999,8.91,23.7
-29.744167,29.905833,17-04-2013,74.700005,4.9,0.2,13.8,23.58,5.62,8.0
-30.398056,30.601944,17-04-2013,88.9,29.200000000000003,1.5,18.4,26.119999,14.23,34.3
-26.970278,27.211111,28-07-2014,109.9,10.100000000000001,0.5,3.3,22.63,4.04,9.900001
-26.73806,27.59194,17-04-2013,83.200005,0.0,0.0,1.5,22.31,3.36,0.1
-28.69485,28.23487,17-04-2013,73.9,0.0,0.0,3.8,20.67,1.9799999,0.7
-34.250556,20.9925,17-04-2013,68.9,20.0,1.0,5.1,23.529999,10.059999,19.5
-25.49037,30.6986,18-04-2013,85.1,0.0,0.0,28.5,25.66,7.97,6.4
-28.44555556,32.325,13-06-2013,63.0,4.3,0.2,36.9,23.47,12.91,41.100002
-30.27402,30.69602,18-04-2013,87.700005,25.6,1.3,17.0,25.81,13.83,29.9
-29.042222,24.6,18-04-2013,91.4,0.5,0.0,0.1,24.38,5.0899997,0.5
-29.028629,24.638389,18-04-2013,91.4,0.5,0.0,0.1,24.449999,5.14,0.5
-29.033333,23.983333,18-04-2013,92.3,0.6000000000000001,0.0,0.2,24.82,5.65,0.6
-25.447222,30.711667,18-04-2013,86.1,0.0,0.0,25.5,26.109999,8.429999,5.2000003
-28.116667,26.725278,19-04-2013,82.200005,0.1,0.0,0.90000004,23.019999,4.24,0.2
-29.803611,30.516111,19-04-2013,77.4,5.5,0.30000000000000004,13.0,24.55,8.889999,7.9
-28.96362,19.15486,20-04-2013,112.4,0.8,0.0,0.0,27.689999,11.21,0.8
-25.20639,27.558,22-04-2013,93.700005,0.0,0.0,2.5,26.16,6.16,0.1
-23.838611,31.640833,22-04-2013,83.9,1.4000000000000001,0.1,0.90000004,29.13,13.48,1.4
-26.648056,27.089444,22-04-2013,86.200005,0.0,0.0,1.3000001,23.22,3.9599998,0.0
-26.45,28.085833,22-04-2013,81.6,0.0,0.0,1.7,22.31,3.26,0.1
-33.38056,19.30167,22-04-2013,61.2,42.900000000000006,2.1,4.7000003,20.619999,8.12,41.2
-32.502778,19.535833,22-04-2013,83.4,20.6,1.0,0.6,24.019999,8.679999,19.6
-31.860278,18.6875,23-04-2013,90.700005,19.8,1.0,0.6,24.939999,10.429999,18.800001
-25.127778,27.628889,23-04-2013,93.8,0.0,0.0,2.4,26.25,6.1099997,0.1
-24.69514,27.40906,23-04-2013,95.4,0.0,0.0,2.9,26.07,6.31,0.1
-28.735556,29.820556,23-04-2013,70.8,0.0,0.0,6.0,24.92,5.49,1.0
-27.00222,28.76528,23-04-2013,80.0,0.0,0.0,1.8000001,21.859999,1.62,0.1
-26.970278,27.211111,23-04-2013,84.9,0.0,0.0,1.3000001,23.25,4.0899997,0.0
-26.880278,26.965,23-04-2013,85.9,0.0,0.0,1.2,23.4,4.24,0.0
-26.98472222,26.63227778,23-04-2013,86.8,0.0,0.0,1.0,23.85,4.98,0.0
-28.141944,26.417778,23-04-2013,82.4,0.1,0.0,0.90000004,23.109999,3.82,0.2
-33.501667,21.624167,23-04-2013,77.3,12.100000000000001,0.6000000000000001,0.1,22.869999,7.2799997,11.5
-32.595833,19.009444,23-04-2013,73.9,27.200000000000003,1.4000000000000001,3.5,24.189999,9.98,26.1
-28.760833,17.730278,24-04-2013,120.5,0.4,0.0,0.0,29.46,14.759999,0.4
-29.161667,23.696389,24-04-2013,93.9,0.7000000000000001,0.0,0.1,24.92,6.1299996,0.6
-29.641944,30.6875,24-04-2013,77.6,1.0,0.1,13.0,26.019999,11.24,3.6000001
-27.363611,31.783333,24-04-2013,78.6,0.2,0.0,14.900001,28.48,11.86,2.4
-28.141944,26.417778,24-04-2013,82.4,0.1,0.0,0.90000004,23.109999,3.82,0.2
-33.08883333,19.21878333,24-04-2013,71.3,34.4,1.7000000000000002,4.2000003,20.06,7.3199997,33.0
-33.31388889,19.07472222,24-04-2013,60.600002,45.2,2.3000000000000003,6.4,23.119999,10.849999,43.7
-33.13083,18.86278,24-04-2013,64.8,40.7,2.0,5.5,23.689999,11.73,39.2
-32.94583,18.33667,24-04-2013,66.6,32.7,1.6,2.6000001,22.58,11.54,31.300001
-26.905,32.324722,25-04-2013,82.5,4.7,0.2,16.0,29.06,13.44,7.0
-27.602222,29.942778,25-04-2013,81.8,0.0,0.0,6.5,24.92,5.0699997,0.90000004
-27.38972222,26.46388889,25-04-2013,85.700005,0.1,0.0,1.0,24.189999,4.81,0.1
-33.7075,18.97444444,25-04-2013,66.9,63.0,3.2,7.0,22.81,10.639999,60.600002
-33.464444,18.740556,25-04-2013,67.200005,51.800000000000004,2.6,5.4,22.57,11.099999,49.8
-33.72266667,18.61691667,25-04-2013,69.8,56.800000000000004,2.8000000000000003,5.8,22.3,11.28,54.600002
-27.356667,27.286389,25-04-2013,82.200005,0.0,0.0,1.1,22.88,3.7099998,0.0
-27.902778,24.615556,26-04-2013,94.9,0.2,0.0,0.3,25.369999,5.93,0.2
-28.068333,31.55,26-04-2013,76.700005,11.3,0.6000000000000001,10.1,27.279999,12.11,12.8
-28.96362,19.15486,27-04-2013,112.4,0.8,0.0,0.0,27.689999,11.21,0.8
-26.45,28.085833,29-04-2013,81.6,0.0,0.0,1.7,22.31,3.26,0.1
-27.01011111,26.69808333,30-04-2013,86.3,0.0,0.0,0.90000004,23.75,4.79,0.0
-27.169444,29.233889,30-04-2013,78.1,0.0,0.0,1.5,21.439999,1.93,0.1
-26.861111,28.884722,30-04-2013,79.9,0.0,0.0,1.9,21.84,1.86,0.1
-27.00222,28.76528,30-04-2013,80.0,0.0,0.0,1.8000001,21.859999,1.62,0.1
-26.648056,27.089444,30-04-2013,86.200005,0.0,0.0,1.3000001,23.22,3.9599998,0.0
-26.970278,27.211111,30-04-2013,84.9,0.0,0.0,1.3000001,23.25,4.0899997,0.0
-26.880278,26.965,30-04-2013,85.9,0.0,0.0,1.2,23.4,4.24,0.0
-26.98472222,26.63227778,30-04-2013,86.8,0.0,0.0,1.0,23.85,4.98,0.0
-25.45963889,28.26430556,30-04-2013,90.9,0.0,0.0,1.9,26.22,6.06,0.1
-29.161667,23.696389,01-05-2013,93.9,0.7000000000000001,0.0,0.1,24.92,6.1299996,0.6
-25.81048333,27.90955222,01-05-2013,88.700005,0.0,0.0,1.8000001,24.269999,5.5299997,0.1
-28.75,30.442778,01-05-2013,75.200005,0.0,0.0,5.8,26.67,9.19,0.90000004
-29.161667,30.629722,01-05-2013,69.8,0.0,0.0,11.400001,22.18,7.41,2.5
-29.033333,23.983333,01-05-2013,92.3,0.6000000000000001,0.0,0.2,24.82,5.65,0.6
-29.744167,29.905833,02-05-2013,74.700005,4.9,0.2,13.8,23.58,5.62,8.0
-32.94583,18.33667,02-05-2013,66.6,32.7,1.6,2.6000001,22.58,11.54,31.300001
-27.671111,27.236944,04-05-2013,82.6,0.0,0.0,1.0,23.119999,3.82,0.0
-28.96362,19.15486,04-05-2013,112.4,0.8,0.0,0.0,27.689999,11.21,0.8
-26.45,28.085833,06-05-2013,81.6,0.0,0.0,1.7,22.31,3.26,0.1
-33.818056,19.694722,06-05-2013,67.1,39.300000000000004,2.0,3.4,22.619999,9.45,37.7
-34.065833,20.404167,07-05-2013,66.4,23.200000000000003,1.2000000000000002,3.3,23.779999,10.099999,22.300001
-25.127778,27.628889,07-05-2013,93.8,0.0,0.0,2.4,26.25,6.1099997,0.1
-25.20639,27.558,07-05-2013,93.700005,0.0,0.0,2.5,26.16,6.16,0.1
-24.69514,27.40906,07-05-2013,95.4,0.0,0.0,2.9,26.07,6.31,0.1
-23.658056,31.05,07-05-2013,83.200005,0.7000000000000001,0.0,1.0,28.039999,12.4,0.7
-28.747778,31.745833,07-05-2013,76.6,58.7,2.9000000000000004,15.1,26.56,13.13,61.600002
-28.735556,29.820556,07-05-2013,70.8,0.0,0.0,6.0,24.92,5.49,1.0
-29.380556,30.2775,07-05-2013,71.4,1.9000000000000001,0.1,12.400001,22.99,5.87,4.5
-26.861111,28.884722,07-05-2013,79.9,0.0,0.0,1.9,21.84,1.86,0.1
-26.98472222,26.63227778,07-05-2013,86.8,0.0,0.0,1.0,23.85,4.98,0.0
-27.398611,26.614722,07-05-2013,85.5,0.1,0.0,1.0,24.17,4.89,0.1
-27.671111,27.236944,07-05-2013,82.6,0.0,0.0,1.0,23.119999,3.82,0.0
-29.160278,26.573333,07-05-2013,78.0,0.6000000000000001,0.0,0.90000004,22.15,2.72,0.6
-28.768056,20.720556,07-05-2013,114.0,1.0,0.0,0.0,26.529999,9.5,0.90000004
-34.02861,22.22222,07-05-2013,76.5,17.7,0.9,3.7,23.24,11.21,17.1
-34.075556,20.145556,07-05-2013,60.100002,26.3,1.3,3.4,22.96,9.73,25.300001
-29.161667,23.696389,08-05-2013,93.9,0.7000000000000001,0.0,0.1,24.92,6.1299996,0.6
-24.39619444,27.08983333,08-05-2013,98.5,0.0,0.0,3.2,26.769999,6.45,0.1
-28.404444,30.013056,08-05-2013,79.200005,0.0,0.0,6.2000003,24.769999,5.56,1.0
-27.00222,28.76528,08-05-2013,80.0,0.0,0.0,1.8000001,21.859999,1.62,0.1
-27.02314,28.59389,08-05-2013,81.200005,0.0,0.0,1.8000001,22.519999,2.21,0.1
-26.648056,27.089444,08-05-2013,86.200005,0.0,0.0,1.3000001,23.22,3.9599998,0.0
-26.970278,27.211111,08-05-2013,84.9,0.0,0.0,1.3000001,23.25,4.0899997,0.0
-26.880278,26.965,08-05-2013,85.9,0.0,0.0,1.2,23.4,4.24,0.0
-27.273889,28.49,08-05-2013,79.9,0.0,0.0,1.5,21.89,1.55,0.1
-27.4275,28.525833,08-05-2013,78.6,0.0,0.0,3.6000001,21.59,1.4,0.4
-28.69485,28.23487,08-05-2013,73.9,0.0,0.0,3.8,20.67,1.9799999,0.7
-29.615556,27.065278,08-05-2013,75.0,2.0,0.1,0.90000004,21.08,2.8899999,1.9
-28.883333,27.89,08-05-2013,71.4,0.6000000000000001,0.0,4.1,20.439999,2.33,1.2
-30.77586667,29.03221667,08-05-2013,75.5,14.100000000000001,0.7000000000000001,4.9,23.09,6.8599997,14.0
-31.396,29.2651,08-05-2013,87.200005,31.3,1.6,15.6,25.32,11.969999,41.0
-34.039722,22.133333,08-05-2013,74.200005,16.8,0.8,3.5,23.5,11.29,16.300001
-28.058889,30.373611,08-05-2013,77.9,0.0,0.0,8.400001,23.97,5.52,1.8000001
-33.897778,20.012778,08-05-2013,63.9,27.700000000000003,1.4000000000000001,2.9,23.33,9.41,26.5
-29.140556,31.391944,09-05-2013,78.4,58.6,2.9000000000000004,19.1,26.25,13.04,62.7
-27.671111,27.236944,09-05-2013,82.6,0.0,0.0,1.0,23.119999,3.82,0.0
-30.160091,27.40124,09-05-2013,72.9,3.9000000000000004,0.2,1.2,20.82,3.6399999,3.7
-30.336111,27.359444,09-05-2013,73.6,5.4,0.30000000000000004,1.2,20.83,3.6599998,5.2000003
-34.005833,22.351111,09-05-2013,75.9,19.0,1.0,4.4,23.01,11.23,18.5
-30.830556,26.921389,10-05-2013,75.8,7.1000000000000005,0.4,1.0,20.75,3.49,6.8
-28.116667,26.725278,10-05-2013,82.200005,0.1,0.0,0.90000004,23.019999,4.24,0.2
-27.573056,24.746389,10-05-2013,92.6,0.1,0.0,0.3,25.21,5.5899997,0.1
-31.000833,26.353056,10-05-2013,76.5,7.7,0.4,0.7,20.109999,2.45,7.4
-30.679722,26.7125,10-05-2013,78.8,5.800000000000001,0.30000000000000004,0.8,21.17,3.37,5.5
-28.96362,19.15486,11-05-2013,112.4,0.8,0.0,0.0,27.689999,11.21,0.8
-25.99136,27.84208,13-05-2013,86.3,0.0,0.0,1.7,22.939999,4.54,0.1
-29.7775,29.470833,13-05-2013,72.4,5.9,0.30000000000000004,10.1,21.52,3.12,9.6
-29.744167,29.905833,13-05-2013,74.700005,4.9,0.2,13.8,23.58,5.62,8.0
-26.45,28.085833,13-05-2013,81.6,0.0,0.0,1.7,22.31,3.26,0.1
-31.554722,29.245556,13-05-2013,94.6,33.800000000000004,1.7000000000000002,18.4,25.17,11.95,58.0
-27.01011111,26.69808333,14-05-2013,86.3,0.0,0.0,0.90000004,23.75,4.79,0.0
-24.679167,30.8025,14-05-2013,78.8,0.2,0.0,46.5,23.369999,6.45,38.8
-30.830556,26.921389,14-05-2013,75.8,7.1000000000000005,0.4,1.0,20.75,3.49,6.8
-25.73411,27.21422,14-05-2013,91.8,0.0,0.0,1.8000001,24.439999,5.27,0.1
-23.281,30.54305556,14-05-2013,87.6,0.0,0.0,14.0,26.83,12.58,2.9
-30.733889,29.828333,14-05-2013,77.4,19.8,1.0,14.8,23.769999,8.91,23.7
-29.987778,29.851667,14-05-2013,73.1,7.1000000000000005,0.4,18.0,23.31,5.45,12.7
-27.169444,29.233889,14-05-2013,78.1,0.0,0.0,1.5,21.439999,1.93,0.1
-26.861111,28.884722,14-05-2013,79.9,0.0,0.0,1.9,21.84,1.86,0.1
-27.00222,28.76528,14-05-2013,80.0,0.0,0.0,1.8000001,21.859999,1.62,0.1
-26.648056,27.089444,14-05-2013,86.200005,0.0,0.0,1.3000001,23.22,3.9599998,0.0
-26.970278,27.211111,14-05-2013,84.9,0.0,0.0,1.3000001,23.25,4.0899997,0.0
-26.880278,26.965,14-05-2013,85.9,0.0,0.0,1.2,23.4,4.24,0.0
-26.98472222,26.63227778,14-05-2013,86.8,0.0,0.0,1.0,23.85,4.98,0.0
-31.000833,26.353056,14-05-2013,76.5,7.7,0.4,0.7,20.109999,2.45,7.4
-31.104278,29.399722,14-05-2013,80.9,26.5,1.3,13.400001,23.81,9.42,30.300001
-25.45963889,28.26430556,14-05-2013,90.9,0.0,0.0,1.9,26.22,6.06,0.1
-28.338333,31.373611,14-05-2013,73.4,9.9,0.5,10.0,25.75,11.0,11.6
-28.068333,31.55,14-05-2013,76.700005,11.3,0.6000000000000001,10.1,27.279999,12.11,12.8
-29.161667,23.696389,15-05-2013,93.9,0.7000000000000001,0.0,0.1,24.92,6.1299996,0.6
-25.81048333,27.90955222,15-05-2013,88.700005,0.0,0.0,1.8000001,24.269999,5.5299997,0.1
-24.183889,30.823889,15-05-2013,87.700005,0.1,0.0,2.9,29.17,11.55,0.2
-22.91028,29.61111,15-05-2013,97.3,0.0,0.0,2.5,26.58,10.16,0.1
-22.769722,30.886944,15-05-2013,88.5,0.4,0.0,13.1,26.699999,12.349999,2.6000001
-29.744167,29.905833,15-05-2013,74.700005,4.9,0.2,13.8,23.58,5.62,8.0
-30.398056,30.601944,15-05-2013,88.9,29.200000000000003,1.5,18.4,26.119999,14.23,34.3
-30.27402,30.69602,15-05-2013,87.700005,25.6,1.3,17.0,25.81,13.83,29.9
-29.033333,23.983333,15-05-2013,92.3,0.6000000000000001,0.0,0.2,24.82,5.65,0.6
-30.160091,27.40124,15-05-2013,72.9,3.9000000000000004,0.2,1.2,20.82,3.6399999,3.7
-30.336111,27.359444,15-05-2013,73.6,5.4,0.30000000000000004,1.2,20.83,3.6599998,5.2000003
-30.568333,29.422778,15-05-2013,71.8,12.9,0.6000000000000001,8.5,21.3,4.0099998,13.7
-30.86013889,29.07125,15-05-2013,75.200005,14.5,0.7000000000000001,3.3,23.33,7.21,14.0
-30.570833,29.150556,15-05-2013,71.8,11.8,0.6000000000000001,6.6,20.869999,4.0,12.400001
-34.092222,21.295278,15-05-2013,66.9,17.8,0.9,2.8,23.8,9.17,17.1
-23.23572222,27.717,16-05-2013,104.9,0.0,0.0,0.4,28.39,7.87,0.0
-22.548889,28.898056,16-05-2013,103.5,0.0,0.0,0.1,27.84,9.57,0.0
-28.44555556,32.325,08-08-2013,92.3,34.300000000000004,1.7000000000000002,22.4,25.029999,13.65,46.7
-30.13573889,30.67422222,16-05-2013,84.4,17.900000000000002,0.9,14.2,26.189999,13.69,20.6
-29.160278,26.573333,16-05-2013,78.0,0.6000000000000001,0.0,0.90000004,22.15,2.72,0.6
-31.031389,28.883333,16-05-2013,77.1,14.9,0.7000000000000001,5.3,23.199999,7.12,14.8
-22.225556,29.990556,17-05-2013,82.200005,0.0,0.0,0.2,26.269999,9.059999,0.0
-22.43772222,31.07805556,17-05-2013,81.5,0.0,0.0,0.5,28.13,11.11,0.0
-26.98472222,26.63227778,17-05-2013,76.5,0.0,0.0,1.0,19.99,2.34,0.0
-29.803611,30.516111,17-05-2013,60.0,0.0,0.0,11.1,21.02,5.64,1.9
-33.38056,19.30167,20-05-2013,49.0,94.30000000000001,4.7,45.3,15.74,3.3999999,49.0
-32.502778,19.535833,20-05-2013,59.8,57.900000000000006,2.9000000000000004,0.6,18.25,3.6399999,55.0
-27.01011111,26.69808333,21-05-2013,76.1,0.0,0.0,0.90000004,19.9,2.25,0.0
-31.860278,18.6875,21-05-2013,68.1,62.7,3.1,0.6,19.539999,6.16,59.600002
-24.69514,27.40906,21-05-2013,76.3,0.0,0.0,2.8,22.539999,3.8899999,0.1
-25.398889,31.610556,21-05-2013,72.8,0.5,0.0,15.400001,26.84,10.099999,2.7
-26.648056,27.089444,21-05-2013,75.6,0.0,0.0,1.3000001,19.869999,1.8499999,0.0
-26.970278,27.211111,21-05-2013,75.8,0.0,0.0,1.2,19.72,1.81,0.0
-26.880278,26.965,21-05-2013,76.200005,0.0,0.0,1.2,20.0,2.01,0.0
-26.98472222,26.63227778,21-05-2013,76.5,0.0,0.0,1.0,19.99,2.34,0.0
-34.250556,20.9925,21-05-2013,53.4,40.2,2.0,4.7000003,19.84,6.1,38.600002
-32.595833,19.009444,21-05-2013,53.3,74.3,3.7,20.800001,18.85,5.2,53.3
-29.161667,23.696389,22-05-2013,73.200005,0.2,0.0,0.1,19.26,1.35,0.2
-26.880278,26.965,13-05-2014,89.3,6.7,0.30000000000000004,4.2000003,23.57,4.98,7.0
-29.641944,30.6875,22-05-2013,62.3,0.1,0.0,11.2,22.859999,8.76,2.0
-25.20639,27.558,22-05-2013,77.0,0.0,0.0,2.4,22.6,3.79,0.1
-25.681111,31.783333,22-05-2013,75.200005,0.5,0.0,16.0,27.06,11.23,2.9
-25.513889,31.224444,22-05-2013,72.1,0.6000000000000001,0.0,17.9,23.72,8.99,3.8
-26.861111,28.884722,22-05-2013,69.6,0.0,0.0,1.8000001,19.119999,0.14,0.1
-26.73806,27.59194,22-05-2013,73.1,0.0,0.0,1.4,19.1,1.49,0.1
-26.45,28.085833,22-05-2013,75.0,0.0,0.0,1.6,19.41,1.51,0.1
-33.13083,18.86278,22-05-2013,53.600002,94.5,4.7,41.600002,18.449999,7.12,53.600002
-33.7075,18.97444444,22-05-2013,49.9,136.6,21.0,72.700005,17.85,6.24,49.9
-26.905,32.324722,23-05-2013,68.4,0.7000000000000001,0.0,14.1,26.25,11.61,2.6000001
-27.602222,29.942778,23-05-2013,80.5,0.30000000000000004,0.0,5.7000003,22.83,4.58,1.0
-27.169444,29.233889,23-05-2013,67.0,0.1,0.0,1.5,18.859999,0.44,0.2
-27.00222,28.76528,23-05-2013,69.200005,0.0,0.0,1.7,19.15,-0.11,0.1
-27.273889,28.49,23-05-2013,69.4,0.0,0.0,1.5,19.109999,-0.48999998,0.1
-33.31388889,19.07472222,23-05-2013,49.5,103.4,5.2,55.100002,18.34,6.02,49.5
-28.141944,26.417778,24-05-2013,69.3,0.0,0.0,0.90000004,18.22,0.07,0.0
-28.1175,26.719444,24-05-2013,71.200005,0.0,0.0,0.90000004,18.58,0.96,0.0
-28.116667,26.725278,24-05-2013,71.200005,0.0,0.0,0.90000004,18.58,0.96,0.0
-28.96362,19.15486,25-05-2013,85.9,5.1000000000000005,0.30000000000000004,0.0,22.269999,5.96,4.8
-25.99136,27.84208,27-05-2013,74.4,0.0,0.0,1.7,19.65,2.87,0.1
-26.45,28.085833,27-05-2013,75.0,0.0,0.0,1.6,19.41,1.51,0.1
-29.042222,24.6,27-05-2013,72.1,0.1,0.0,0.1,19.039999,1.22,0.1
-30.830556,26.921389,28-05-2013,59.7,3.1,0.2,0.90000004,15.37,-0.59,3.0
-24.670833,28.560833,28-05-2013,74.5,0.0,0.0,2.4,22.05,3.3,0.1
-25.73411,27.21422,28-05-2013,80.200005,0.0,0.0,1.7,20.97,3.48,0.1
-26.861111,28.884722,28-05-2013,69.6,0.0,0.0,1.8000001,19.119999,0.14,0.1
-27.00222,28.76528,28-05-2013,69.200005,0.0,0.0,1.7,19.15,-0.11,0.1
-30.679722,26.7125,28-05-2013,63.100002,2.5,0.1,0.8,16.5,-0.28,2.4
-33.501667,21.624167,28-05-2013,64.0,20.3,1.0,0.1,18.3,3.21,19.300001
-25.45963889,28.26430556,28-05-2013,77.700005,0.0,0.0,1.9,22.73,4.08,0.1
-29.161667,23.696389,29-05-2013,73.200005,0.2,0.0,0.1,19.26,1.35,0.2
-27.01011111,26.69808333,29-05-2013,76.1,0.0,0.0,0.90000004,19.9,2.25,0.0
-25.81048333,27.90955222,29-05-2013,75.1,0.0,0.0,1.7,20.98,3.6399999,0.1
-24.282222,28.090278,29-05-2013,75.200005,0.0,0.0,2.4,22.269999,2.11,0.1
-26.648056,27.089444,29-05-2013,75.6,0.0,0.0,1.3000001,19.869999,1.8499999,0.0
-26.970278,27.211111,29-05-2013,75.8,0.0,0.0,1.2,19.72,1.81,0.0
-26.880278,26.965,29-05-2013,76.200005,0.0,0.0,1.2,20.0,2.01,0.0
-27.3,28.586944,29-05-2013,68.3,0.0,0.0,1.4,19.039999,-0.44,0.1
-26.98472222,26.63227778,29-05-2013,76.5,0.0,0.0,1.0,19.99,2.34,0.0
-29.033333,23.983333,29-05-2013,72.8,0.1,0.0,0.2,19.289999,1.16,0.1
-22.935,28.004167,30-05-2013,84.3,0.0,0.0,0.2,25.13,6.5499997,0.0
-27.273889,28.49,30-05-2013,69.4,0.0,0.0,1.5,19.109999,-0.48999998,0.1
-27.38972222,26.46388889,30-05-2013,74.4,0.0,0.0,1.0,19.96,1.54,0.0
-27.398611,26.614722,30-05-2013,75.6,0.0,0.0,0.90000004,20.13,1.92,0.0
-27.671111,27.236944,30-05-2013,75.8,0.0,0.0,1.0,19.63,1.48,0.0
-29.042222,24.6,30-05-2013,72.1,0.1,0.0,0.1,19.039999,1.22,0.1
-29.028629,24.638389,30-05-2013,72.6,0.1,0.0,0.1,19.17,1.23,0.1
-29.033333,23.983333,30-05-2013,72.8,0.1,0.0,0.2,19.289999,1.16,0.1
-29.744167,29.905833,31-05-2013,60.4,0.0,0.0,11.6,20.5,3.27,2.2
-28.404444,30.013056,03-06-2013,70.9,0.2,0.0,5.4,22.029999,4.0299997,1.0
-26.73806,27.59194,03-06-2013,73.1,0.0,0.0,1.4,19.1,1.49,0.1
-26.45,28.085833,03-06-2013,75.0,0.0,0.0,1.6,19.41,1.51,0.1
-29.160278,26.573333,03-06-2013,66.4,0.1,0.0,0.8,17.49,-1.02,0.1
-34.065833,20.404167,04-06-2013,50.600002,43.800000000000004,2.2,3.0,19.58,5.69,41.8
-25.20639,27.558,04-06-2013,77.0,0.0,0.0,2.4,22.6,3.79,0.1
-24.69514,27.40906,04-06-2013,76.3,0.0,0.0,2.8,22.539999,3.8899999,0.1
-28.747778,31.745833,04-06-2013,62.4,3.0,0.1,11.900001,23.64,11.05,6.0
-29.380556,30.2775,04-06-2013,60.8,0.2,0.0,10.6,20.05,3.49,2.0
-27.169444,29.233889,04-06-2013,67.0,0.1,0.0,1.5,18.859999,0.44,0.2
-26.861111,28.884722,04-06-2013,69.6,0.0,0.0,1.8000001,19.119999,0.14,0.1
-27.398611,26.614722,04-06-2013,75.6,0.0,0.0,0.90000004,20.13,1.92,0.0
-34.031944,22.053333,04-06-2013,62.8,29.700000000000003,1.5,3.0,20.46,7.6099997,28.4
-34.039722,22.133333,04-06-2013,62.8,30.400000000000002,1.5,3.2,20.58,8.13,29.1
-34.075556,20.145556,04-06-2013,50.4,50.0,2.5,3.2,18.66,5.4,47.7
-29.161667,23.696389,05-06-2013,73.200005,0.2,0.0,0.1,19.26,1.35,0.2
-27.01011111,26.69808333,05-06-2013,76.1,0.0,0.0,0.90000004,19.9,2.25,0.0
-29.140556,31.391944,05-06-2013,61.4,2.1,0.1,14.5,23.18,10.94,6.6
-24.39619444,27.08983333,05-06-2013,77.8,0.0,0.0,3.1000001,23.119999,4.14,0.1
-23.658056,31.05,05-06-2013,73.9,0.1,0.0,1.0,26.34,9.809999,0.1
-23.281,30.54305556,05-06-2013,75.0,0.0,0.0,12.0,25.17,9.809999,2.0
-27.00222,28.76528,05-06-2013,69.200005,0.0,0.0,1.7,19.15,-0.11,0.1
-27.02314,28.59389,05-06-2013,71.4,0.0,0.0,1.7,19.56,0.08,0.1
-26.648056,27.089444,05-06-2013,75.6,0.0,0.0,1.3000001,19.869999,1.8499999,0.0
-26.970278,27.211111,05-06-2013,75.8,0.0,0.0,1.2,19.72,1.81,0.0
-26.880278,26.965,05-06-2013,76.200005,0.0,0.0,1.2,20.0,2.01,0.0
-27.273889,28.49,05-06-2013,69.4,0.0,0.0,1.5,19.109999,-0.48999998,0.1
-27.4275,28.525833,05-06-2013,68.5,0.0,0.0,3.3,18.859999,-0.53,0.4
-27.3,28.586944,05-06-2013,68.3,0.0,0.0,1.4,19.039999,-0.44,0.1
-26.98472222,26.63227778,05-06-2013,76.5,0.0,0.0,1.0,19.99,2.34,0.0
-34.405833,19.600556,05-06-2013,47.5,82.60000000000001,4.1000000000000005,36.2,16.66,7.21,47.5
-28.058889,30.373611,05-06-2013,69.8,0.4,0.0,7.2000003,21.189999,4.37,1.6
-22.769722,30.886944,06-06-2013,76.5,0.1,0.0,11.5,26.119999,11.03,1.7
-28.801278,31.955389,06-06-2013,61.7,3.2,0.2,23.1,23.439999,11.45,24.5
-27.937778,31.209444,06-06-2013,63.7,0.8,0.0,10.1,22.789999,8.86,2.4
-27.5275,30.858056,06-06-2013,68.200005,0.6000000000000001,0.0,10.1,21.74,6.15,2.4
-31.394444,20.947222,06-06-2013,68.6,14.0,0.7000000000000001,0.0,16.46,0.48,13.3
-29.651389,22.746389,06-06-2013,73.9,1.0,0.1,0.0,19.21,1.81,1.0
-34.005833,22.351111,06-06-2013,64.8,32.6,1.6,4.1,19.9,8.46,31.4
-28.116667,26.725278,07-06-2013,71.200005,0.0,0.0,0.90000004,18.58,0.96,0.0
-27.902778,24.615556,07-06-2013,74.700005,0.0,0.0,0.3,20.199999,1.9799999,0.0
-25.99136,27.84208,10-06-2013,74.4,0.0,0.0,1.7,19.65,2.87,0.1
-29.7775,29.470833,10-06-2013,59.7,0.0,0.0,8.0,17.119999,-0.61,2.1000001
-29.744167,29.905833,10-06-2013,60.4,0.0,0.0,11.6,20.5,3.27,2.2
-26.45,28.085833,10-06-2013,75.0,0.0,0.0,1.6,19.41,1.51,0.1
-27.671111,27.236944,10-06-2013,75.8,0.0,0.0,1.0,19.63,1.48,0.0
-29.042222,24.6,10-06-2013,72.1,0.1,0.0,0.1,19.039999,1.22,0.1
-31.396,29.2651,10-06-2013,72.5,3.5,0.2,11.400001,21.96,9.639999,7.5
-31.554722,29.245556,10-06-2013,81.4,8.3,0.4,12.8,22.359999,10.15,13.5
-27.01011111,26.69808333,11-06-2013,76.1,0.0,0.0,0.90000004,19.9,2.25,0.0
-24.183889,30.823889,11-06-2013,78.8,0.2,0.0,2.8,26.99,9.88,0.2
-30.733889,29.828333,11-06-2013,61.4,0.0,0.0,12.0,19.74,6.14,2.8
-26.861111,28.884722,11-06-2013,69.6,0.0,0.0,1.8000001,19.119999,0.14,0.1
-27.00222,28.76528,11-06-2013,69.200005,0.0,0.0,1.7,19.15,-0.11,0.1
-26.648056,27.089444,11-06-2013,75.6,0.0,0.0,1.3000001,19.869999,1.8499999,0.0
-26.970278,27.211111,11-06-2013,75.8,0.0,0.0,1.2,19.72,1.81,0.0
-26.880278,26.965,11-06-2013,76.200005,0.0,0.0,1.2,20.0,2.01,0.0
-26.98472222,26.63227778,11-06-2013,76.5,0.0,0.0,1.0,19.99,2.34,0.0
-28.69485,28.23487,11-06-2013,65.200005,0.0,0.0,3.3,17.0,0.01,0.5
-30.568333,29.422778,11-06-2013,59.8,0.0,0.0,7.4,17.63,0.94,1.1
-30.570833,29.150556,11-06-2013,60.600002,0.0,0.0,5.8,16.66,0.89,0.8
-31.104278,29.399722,11-06-2013,65.5,0.0,0.0,10.6,20.01,6.67,2.8
-25.45963889,28.26430556,11-06-2013,77.700005,0.0,0.0,1.9,22.73,4.08,0.1
-28.338333,31.373611,11-06-2013,63.4,1.2000000000000002,0.1,8.5,23.039999,9.98,2.6000001
-28.068333,31.55,11-06-2013,62.600002,1.3,0.1,8.6,24.119999,10.69,2.6000001
-25.81048333,27.90955222,12-06-2013,75.1,0.0,0.0,1.7,20.98,3.6399999,0.1
-24.39619444,27.08983333,12-06-2013,77.8,0.0,0.0,3.1000001,23.119999,4.14,0.1
-24.058889,31.237222,12-06-2013,74.0,0.2,0.0,1.1,26.63,10.13,0.2
-30.398056,30.601944,12-06-2013,70.4,5.800000000000001,0.30000000000000004,14.6,23.109999,12.17,9.2
-27.802778,28.768333,12-06-2013,67.4,0.0,0.0,3.7,18.19,-0.11,0.5
-29.033333,23.983333,12-06-2013,72.8,0.1,0.0,0.2,19.289999,1.16,0.1
-29.615556,27.065278,12-06-2013,64.1,0.2,0.0,0.90000004,16.51,-0.28,0.2
-28.883333,27.89,12-06-2013,61.0,0.0,0.0,3.6000001,16.44,-1.0799999,0.5
-31.031389,28.883333,12-06-2013,67.9,2.3000000000000003,0.1,4.8,19.699999,4.5299997,2.6000001
-30.86013889,29.07125,12-06-2013,64.700005,0.5,0.0,3.1000001,19.67,4.7,0.7
-30.77586667,29.03221667,12-06-2013,64.8,0.1,0.0,4.4,19.47,4.49,0.6
-34.092222,21.295278,12-06-2013,54.600002,34.4,1.7000000000000002,2.5,20.08,5.0699997,32.9
-28.44555556,32.325,05-09-2013,104.4,54.1,2.7,16.6,26.4,15.28,57.2
-24.679167,30.8025,14-06-2013,67.3,0.6000000000000001,0.0,32.100002,20.59,5.27,14.900001
-29.744167,29.905833,14-06-2013,60.4,0.0,0.0,11.6,20.5,3.27,2.2
-26.98472222,26.63227778,14-06-2013,76.5,0.0,0.0,1.0,19.99,2.34,0.0
-29.803611,30.516111,14-06-2013,60.0,0.0,0.0,11.1,21.02,5.64,1.9
-28.96362,19.15486,15-06-2013,85.9,5.1000000000000005,0.30000000000000004,0.0,22.269999,5.96,4.8
-28.735556,29.820556,17-06-2013,65.3,3.6,0.2,4.6,22.63,2.7,4.0
-32.502778,19.535833,17-06-2013,57.0,19.0,0.9,0.6,19.689999,5.0099998,18.0
-31.860278,18.6875,18-06-2013,68.6,21.8,1.1,0.6,20.6,7.6099997,20.7
-25.20639,27.558,18-06-2013,87.700005,0.0,0.0,2.3,22.9,2.52,0.1
-24.39619444,27.08983333,18-06-2013,88.0,0.0,0.0,3.0,23.289999,2.96,0.1
-24.69514,27.40906,18-06-2013,87.3,0.0,0.0,2.7,22.59,2.9099998,0.1
-26.73806,27.59194,18-06-2013,77.3,0.6000000000000001,0.0,1.4,19.3,0.24,0.6
-26.45,28.085833,18-06-2013,78.3,0.6000000000000001,0.0,1.6,19.64,0.17999999,0.6
-33.38056,19.30167,18-06-2013,48.100002,35.9,1.8,37.2,16.98,4.91,42.2
-32.595833,19.009444,18-06-2013,49.2,25.3,1.3,14.6,20.029999,6.43,30.300001
-29.161667,23.696389,19-06-2013,75.5,7.7,0.4,0.1,21.199999,1.62,7.3
-29.641944,30.6875,19-06-2013,68.5,6.7,0.30000000000000004,9.8,24.08,9.46,7.8
-25.127778,27.628889,19-06-2013,88.6,0.0,0.0,2.3,23.13,2.55,0.1
-23.838611,31.640833,19-06-2013,72.9,3.8000000000000003,0.2,0.90000004,27.949999,9.09,3.6000001
-27.363611,31.783333,19-06-2013,64.0,11.3,0.6000000000000001,11.8,26.26,9.92,12.1
-26.861111,28.884722,19-06-2013,75.9,1.7000000000000002,0.1,1.8000001,18.88,-1.49,1.7
-31.5653,18.3306,19-06-2013,69.6,17.3,0.9,0.2,21.15,8.46,16.4
-32.601389,18.750556,19-06-2013,54.9,25.5,1.3,12.8,19.93,7.46,30.1
-33.7075,18.97444444,19-06-2013,51.9,53.400000000000006,2.7,72.0,19.08,7.85,51.5
-29.161667,23.696389,20-06-2013,75.5,7.7,0.4,0.1,21.199999,1.62,7.3
-28.7115,24.07288889,20-06-2013,80.6,7.2,0.4,0.2,22.05,1.54,6.8
-27.602222,29.942778,20-06-2013,79.9,2.5,0.1,5.2000003,22.109999,2.75,2.9
-29.1825,23.575556,20-06-2013,75.8,10.4,0.5,0.1,21.189999,2.0,9.8
-34.250556,20.9925,20-06-2013,57.100002,25.1,1.3,4.3,20.5,7.44,24.2
-33.31388889,19.07472222,20-06-2013,47.100002,39.7,2.0,49.9,19.5,7.33,42.9
-33.13083,18.86278,20-06-2013,48.600002,35.0,1.8,34.2,19.369999,8.29,40.7
-32.94583,18.33667,20-06-2013,52.4,27.0,1.4000000000000001,14.1,19.05,8.849999,35.7
-27.573056,24.746389,21-06-2013,85.4,3.8000000000000003,0.2,0.3,21.6,1.54,3.6000001
-28.96362,19.15486,22-06-2013,81.1,14.8,0.7000000000000001,0.0,23.029999,6.97,14.1
-29.803611,30.516111,22-06-2013,66.9,3.7,0.2,9.7,22.26,6.7,4.9
-25.99136,27.84208,24-06-2013,80.3,0.1,0.0,1.6,20.22,1.6999999,0.2
-26.45,28.085833,24-06-2013,78.3,0.6000000000000001,0.0,1.6,19.64,0.17999999,0.6
-33.501667,21.624167,24-06-2013,67.6,13.600000000000001,0.7000000000000001,0.1,19.32,4.69,12.900001
-27.01011111,26.69808333,25-06-2013,82.9,0.7000000000000001,0.0,0.90000004,20.52,1.5799999,0.7
-26.861111,28.884722,25-06-2013,75.9,1.7000000000000002,0.1,1.8000001,18.88,-1.49,1.7
-27.00222,28.76528,25-06-2013,74.0,1.7000000000000002,0.1,1.7,18.99,-1.75,1.6
-26.648056,27.089444,25-06-2013,81.700005,0.5,0.0,1.2,20.33,0.82,0.5
-26.970278,27.211111,25-06-2013,81.0,0.6000000000000001,0.0,1.2,20.119999,0.83,0.6
-26.880278,26.965,25-06-2013,81.4,0.8,0.0,1.1,20.59,1.27,0.8
-26.98472222,26.63227778,25-06-2013,83.1,0.7000000000000001,0.0,0.90000004,20.35,1.5,0.7
-29.042222,24.6,25-06-2013,80.5,5.7,0.30000000000000004,0.1,21.65,1.3,5.4
-29.028629,24.638389,25-06-2013,81.4,5.7,0.30000000000000004,0.1,21.789999,1.41,5.4
-29.033333,23.983333,25-06-2013,77.5,8.200000000000001,0.4,0.2,21.359999,1.23,7.8
-29.161667,23.696389,26-06-2013,75.5,7.7,0.4,0.1,21.199999,1.62,7.3
-25.81048333,27.90955222,26-06-2013,83.4,0.1,0.0,1.7,21.55,2.3,0.2
-28.75,30.442778,26-06-2013,64.200005,4.800000000000001,0.2,4.5,24.279999,7.0099998,5.1
-29.161667,30.629722,26-06-2013,65.8,10.4,0.5,8.5,19.71,5.8399997,11.1
-28.141944,26.417778,26-06-2013,75.6,2.3000000000000003,0.1,0.8,19.25,-0.11,2.2
-28.1175,26.719444,26-06-2013,78.4,1.7000000000000002,0.1,0.8,19.52,0.85999995,1.7
-28.116667,26.725278,26-06-2013,78.4,1.7000000000000002,0.1,0.8,19.52,0.85999995,1.7
-29.160278,26.573333,26-06-2013,73.1,2.5,0.1,0.8,19.119999,-0.55,2.4
-29.033333,23.983333,26-06-2013,77.5,8.200000000000001,0.4,0.2,21.359999,1.23,7.8
-27.38972222,26.46388889,27-06-2013,83.3,1.5,0.1,0.90000004,21.01,1.17,1.5
-27.398611,26.614722,27-06-2013,84.200005,1.4000000000000001,0.1,0.90000004,21.16,1.65,1.4
-27.671111,27.236944,27-06-2013,85.9,1.0,0.1,0.90000004,20.359999,1.09,1.0
-28.760833,17.730278,28-06-2013,86.9,3.1,0.2,0.0,24.85,10.429999,2.9
-29.744167,29.905833,28-06-2013,66.5,2.7,0.1,10.0,21.59,3.86,4.2000003
-28.96362,19.15486,29-06-2013,81.1,14.8,0.7000000000000001,0.0,23.029999,6.97,14.1
-26.73806,27.59194,01-07-2013,77.3,0.6000000000000001,0.0,1.4,19.3,0.24,0.6
-26.45,28.085833,01-07-2013,78.3,0.6000000000000001,0.0,1.6,19.64,0.17999999,0.6
-34.065833,20.404167,02-07-2013,53.4,23.6,1.2000000000000002,2.8,20.51,7.4199996,22.6
-25.20639,27.558,02-07-2013,87.700005,0.0,0.0,2.3,22.9,2.52,0.1
-24.69514,27.40906,02-07-2013,87.3,0.0,0.0,2.7,22.59,2.9099998,0.1
-28.747778,31.745833,02-07-2013,71.700005,39.900000000000006,2.0,9.8,25.01,11.179999,39.9
-27.937778,31.209444,02-07-2013,63.5,12.100000000000001,0.6000000000000001,8.900001,23.619999,8.55,12.7
-29.380556,30.2775,02-07-2013,64.200005,4.6000000000000005,0.2,9.2,20.98,3.98,5.7000003
-27.169444,29.233889,02-07-2013,69.5,1.8,0.1,1.4,18.24,-1.3299999,1.7
-26.861111,28.884722,02-07-2013,75.9,1.7000000000000002,0.1,1.8000001,18.88,-1.49,1.7
-27.398611,26.614722,02-07-2013,84.200005,1.4000000000000001,0.1,0.90000004,21.16,1.65,1.4
-28.69485,28.23487,02-07-2013,68.8,1.9000000000000001,0.1,2.9,17.38,-0.16,2.1000001
-34.031944,22.053333,02-07-2013,70.8,21.8,1.1,2.8,21.439999,8.86,20.9
-34.075556,20.145556,02-07-2013,51.4,25.6,1.3,3.0,19.74,7.08,24.5
-29.161667,23.696389,03-07-2013,75.5,7.7,0.4,0.1,21.199999,1.62,7.3
-27.01011111,26.69808333,03-07-2013,82.9,0.7000000000000001,0.0,0.90000004,20.52,1.5799999,0.7
-25.127778,27.628889,03-07-2013,88.6,0.0,0.0,2.3,23.13,2.55,0.1
-24.39619444,27.08983333,03-07-2013,88.0,0.0,0.0,3.0,23.289999,2.96,0.1
-27.00222,28.76528,03-07-2013,74.0,1.7000000000000002,0.1,1.7,18.99,-1.75,1.6
-27.02314,28.59389,03-07-2013,77.0,1.5,0.1,1.7,19.4,-1.52,1.5
-26.648056,27.089444,03-07-2013,81.700005,0.5,0.0,1.2,20.33,0.82,0.5
-26.970278,27.211111,03-07-2013,81.0,0.6000000000000001,0.0,1.2,20.119999,0.83,0.6
-26.880278,26.965,03-07-2013,81.4,0.8,0.0,1.1,20.59,1.27,0.8
-27.273889,28.49,03-07-2013,73.9,1.2000000000000002,0.1,1.4,19.02,-2.1399999,1.2
-27.4275,28.525833,03-07-2013,72.1,1.3,0.1,3.0,18.69,-2.1399999,1.6
-27.3,28.586944,03-07-2013,73.700005,1.4000000000000001,0.1,1.4,18.949999,-2.1299999,1.4
-26.98472222,26.63227778,03-07-2013,83.1,0.7000000000000001,0.0,0.90000004,20.35,1.5,0.7
-34.039722,22.133333,03-07-2013,70.4,22.700000000000003,1.1,3.0,21.619999,9.34,21.7
-34.405833,19.600556,03-07-2013,51.4,38.5,1.9000000000000001,29.1,17.42,8.4,43.7
-33.870833,20.003333,03-07-2013,46.100002,26.200000000000003,1.3,6.4,20.22,6.41,26.6
-25.57877778,29.12747222,03-07-2013,87.9,0.4,0.0,1.7,22.93,2.1599998,0.4
-22.769722,30.886944,04-07-2013,82.6,1.4000000000000001,0.1,10.2,26.3,10.32,2.6000001
-28.801278,31.955389,04-07-2013,72.1,50.5,2.5,16.4,25.06,11.83,54.7
-27.5275,30.858056,04-07-2013,66.5,6.6000000000000005,0.30000000000000004,8.8,21.89,5.08,7.6
-26.98472222,26.63227778,04-07-2013,83.1,0.7000000000000001,0.0,0.90000004,20.35,1.5,0.7
-31.394444,20.947222,04-07-2013,66.6,12.200000000000001,0.6000000000000001,0.0,17.41,1.6899999,11.6
-34.329722,18.990278,04-07-2013,52.600002,55.2,2.8000000000000003,89.0,16.82,9.38,52.5
-23.281,30.54305556,05-07-2013,79.6,1.4000000000000001,0.1,10.5,25.24,9.16,2.8
-27.937778,31.209444,05-07-2013,63.5,12.100000000000001,0.6000000000000001,8.900001,23.619999,8.55,12.7
-29.161667,30.629722,05-07-2013,65.8,10.4,0.5,8.5,19.71,5.8399997,11.1
-27.902778,24.615556,05-07-2013,85.8,5.6000000000000005,0.30000000000000004,0.2,22.289999,2.29,5.3
-25.99136,27.84208,08-07-2013,80.3,0.1,0.0,1.6,20.22,1.6999999,0.2
-29.7775,29.470833,08-07-2013,61.5,2.9000000000000004,0.1,6.6,18.13,-0.66999996,4.1
-29.987778,29.851667,08-07-2013,64.9,3.2,0.2,12.2,20.949999,3.77,5.3
-29.744167,29.905833,08-07-2013,66.5,2.7,0.1,10.0,21.59,3.86,4.2000003
-27.00222,28.76528,08-07-2013,74.0,1.7000000000000002,0.1,1.7,18.99,-1.75,1.6
-26.45,28.085833,08-07-2013,78.3,0.6000000000000001,0.0,1.6,19.64,0.17999999,0.6
-27.01011111,26.69808333,09-07-2013,82.9,0.7000000000000001,0.0,0.90000004,20.52,1.5799999,0.7
-24.670833,28.560833,09-07-2013,82.700005,0.0,0.0,2.3,22.68,2.62,0.1
-30.733889,29.828333,09-07-2013,66.5,4.800000000000001,0.2,10.1,21.35,7.1099997,6.4
-26.648056,27.089444,09-07-2013,81.700005,0.5,0.0,1.2,20.33,0.82,0.5
-26.970278,27.211111,09-07-2013,81.0,0.6000000000000001,0.0,1.2,20.119999,0.83,0.6
-26.880278,26.965,09-07-2013,81.4,0.8,0.0,1.1,20.59,1.27,0.8
-26.98472222,26.63227778,09-07-2013,83.1,0.7000000000000001,0.0,0.90000004,20.35,1.5,0.7
-29.160278,26.573333,09-07-2013,73.1,2.5,0.1,0.8,19.119999,-0.55,2.4
-28.883333,27.89,09-07-2013,66.200005,1.9000000000000001,0.1,3.1000001,17.01,-1.02,2.2
-31.396,29.2651,09-07-2013,77.4,10.0,0.5,9.1,22.99,10.58,11.8
-31.554722,29.245556,09-07-2013,85.8,13.700000000000001,0.7000000000000001,9.900001,23.1,10.92,15.900001
-25.45963889,28.26430556,09-07-2013,87.0,0.1,0.0,1.8000001,23.289999,2.9299998,0.1
-28.338333,31.373611,09-07-2013,65.5,18.0,0.9,7.4,23.96,9.71,18.2
-28.068333,31.55,09-07-2013,60.4,15.9,0.8,7.6,24.859999,10.099999,16.2
-25.81048333,27.90955222,10-07-2013,83.4,0.1,0.0,1.7,21.55,2.3,0.2
-22.225556,29.990556,10-07-2013,87.4,0.30000000000000004,0.0,0.2,26.3,7.9199996,0.3
-30.398056,30.601944,10-07-2013,83.1,14.4,0.7000000000000001,12.2,24.189999,13.15,16.1
-30.27402,30.69602,10-07-2013,81.6,9.1,0.5,11.6,23.8,12.5,10.8
-28.69485,28.23487,10-07-2013,68.8,1.9000000000000001,0.1,2.9,17.38,-0.16,2.1000001
-29.615556,27.065278,10-07-2013,70.1,3.2,0.2,0.8,18.01,0.07,3.1000001
-30.568333,29.422778,10-07-2013,63.100002,3.7,0.2,6.6,18.85,1.8199999,4.4
-30.570833,29.150556,10-07-2013,62.3,3.7,0.2,5.2000003,18.27,1.87,4.1
-31.104278,29.399722,10-07-2013,69.0,6.2,0.30000000000000004,8.8,21.23,7.54,7.6
-34.092222,21.295278,10-07-2013,55.7,22.6,1.1,2.4,20.75,6.35,21.7
-24.282222,28.090278,11-07-2013,84.0,0.0,0.0,2.3,23.07,1.4,0.1
-30.13573889,30.67422222,11-07-2013,77.1,7.300000000000001,0.4,10.3,24.3,12.469999,8.6
-30.160091,27.40124,11-07-2013,62.9,3.3000000000000003,0.2,1.1,16.72,0.77,3.2
-30.336111,27.359444,11-07-2013,61.600002,4.0,0.2,1.2,16.39,0.29,3.8
-31.031389,28.883333,11-07-2013,67.1,5.7,0.30000000000000004,4.4,20.869999,5.5,5.8
-30.86013889,29.07125,11-07-2013,65.700005,4.6000000000000005,0.2,2.9,20.869999,5.58,4.6
-30.77586667,29.03221667,11-07-2013,65.5,4.5,0.2,4.1,20.689999,5.39,4.7000003
-30.830556,26.921389,12-07-2013,61.4,5.9,0.30000000000000004,0.90000004,16.789999,0.02,5.6
-31.000833,26.353056,12-07-2013,61.5,6.800000000000001,0.30000000000000004,0.6,16.67,-0.94,6.5
-30.160091,27.40124,12-07-2013,62.9,3.3000000000000003,0.2,1.1,16.72,0.77,3.2
-28.75,30.442778,13-07-2013,64.200005,4.800000000000001,0.2,4.5,24.279999,7.0099998,5.1
-28.735556,29.820556,15-07-2013,65.3,3.6,0.2,4.6,22.63,2.7,4.0
-26.73806,27.59194,15-07-2013,77.3,0.6000000000000001,0.0,1.4,19.3,0.24,0.6
-26.45,28.085833,15-07-2013,78.3,0.6000000000000001,0.0,1.6,19.64,0.17999999,0.6
-33.38056,19.30167,15-07-2013,48.100002,35.9,1.8,37.2,16.98,4.91,42.2
-27.01011111,26.69808333,16-07-2013,82.9,0.7000000000000001,0.0,0.90000004,20.52,1.5799999,0.7
-24.679167,30.8025,16-07-2013,72.8,5.800000000000001,0.30000000000000004,24.9,20.539999,4.2799997,12.7
-25.127778,27.628889,16-07-2013,88.6,0.0,0.0,2.3,23.13,2.55,0.1
-24.39619444,27.08983333,16-07-2013,88.0,0.0,0.0,3.0,23.289999,2.96,0.1
-24.69514,27.40906,16-07-2013,87.3,0.0,0.0,2.7,22.59,2.9099998,0.1
-23.658056,31.05,16-07-2013,75.4,2.0,0.1,0.90000004,26.49,9.05,1.9
-27.169444,29.233889,16-07-2013,69.5,1.8,0.1,1.4,18.24,-1.3299999,1.7
-26.861111,28.884722,16-07-2013,75.9,1.7000000000000002,0.1,1.8000001,18.88,-1.49,1.7
-27.00222,28.76528,16-07-2013,74.0,1.7000000000000002,0.1,1.7,18.99,-1.75,1.6
-26.648056,27.089444,16-07-2013,81.700005,0.5,0.0,1.2,20.33,0.82,0.5
-26.880278,26.965,16-07-2013,81.4,0.8,0.0,1.1,20.59,1.27,0.8
-26.98472222,26.63227778,16-07-2013,83.1,0.7000000000000001,0.0,0.90000004,20.35,1.5,0.7
-28.141944,26.417778,16-07-2013,75.6,2.3000000000000003,0.1,0.8,19.25,-0.11,2.2
-28.1175,26.719444,16-07-2013,78.4,1.7000000000000002,0.1,0.8,19.52,0.85999995,1.7
-29.641944,30.6875,17-07-2013,97.9,2.9000000000000004,0.1,8.7,23.9,9.099999,3.8
-22.91028,29.61111,17-07-2013,114.5,0.0,0.0,2.2,27.16,8.47,0.1
-25.20639,27.558,17-07-2013,120.4,0.0,0.0,2.3,25.689999,4.8599997,0.1
-24.058889,31.237222,17-07-2013,100.8,1.0,0.0,1.1,28.5,11.2699995,0.90000004
-27.363611,31.783333,17-07-2013,98.6,8.9,0.4,10.7,27.31,11.04,9.6
-27.38972222,26.46388889,17-07-2013,117.200005,0.0,0.0,0.90000004,22.88,2.04,0.0
-28.768056,20.720556,17-07-2013,118.4,1.3,0.1,0.0,22.26,4.9,1.2
-33.13083,18.86278,17-07-2013,65.3,114.2,20.700000000000003,62.3,18.09,7.48,65.3
-32.94583,18.33667,17-07-2013,64.3,88.7,4.4,34.100002,17.74,8.12,64.3
-22.935,28.004167,18-07-2013,126.0,0.0,0.0,0.2,28.42,7.8199997,0.0
-24.183889,30.823889,18-07-2013,106.5,0.7000000000000001,0.0,2.7,28.279999,10.48,0.8
-23.23572222,27.717,18-07-2013,126.4,0.0,0.0,0.4,27.99,6.7799997,0.0
-26.905,32.324722,18-07-2013,98.200005,7.5,0.4,11.400001,28.48,12.509999,8.3
-27.602222,29.942778,18-07-2013,111.0,4.3,0.2,4.7000003,23.8,4.14,4.6
-29.744167,29.905833,18-07-2013,99.700005,2.4000000000000004,0.1,8.8,22.23,3.9199998,3.5
-27.935,26.126667,18-07-2013,112.4,0.0,0.0,0.8,21.97,0.76,0.0
-28.141944,26.417778,18-07-2013,111.1,0.0,0.0,0.8,21.5,1.25,0.0
-27.902778,24.615556,19-07-2013,120.4,0.0,0.0,0.2,23.42,2.57,0.0
-28.96362,19.15486,20-07-2013,113.200005,2.0,0.1,0.0,22.17,5.93,1.9
-25.99136,27.84208,22-07-2013,111.3,0.0,0.0,1.6,22.68,3.72,0.1
-32.502778,19.535833,22-07-2013,78.0,52.2,2.6,0.6,18.96,4.88,49.600002
-31.860278,18.6875,23-07-2013,81.1,56.800000000000004,2.8000000000000003,0.6,19.34,6.85,54.0
-26.45,28.085833,23-07-2013,108.4,0.1,0.0,1.5,22.18,2.52,0.1
-28.141944,26.417778,23-07-2013,111.1,0.0,0.0,0.8,21.5,1.25,0.0
-28.1175,26.719444,23-07-2013,111.200005,0.0,0.0,0.8,21.41,1.8,0.0
-32.595833,19.009444,23-07-2013,72.700005,76.5,3.8000000000000003,14.6,19.07,6.08,72.6
-25.45963889,28.26430556,23-07-2013,119.9,0.1,0.0,1.8000001,26.119999,5.0299997,0.1
-29.161667,23.696389,24-07-2013,114.8,0.0,0.0,0.1,22.029999,2.45,0.0
-25.81048333,27.90955222,24-07-2013,113.8,0.0,0.0,1.6,24.029999,4.42,0.1
-26.861111,28.884722,24-07-2013,103.6,0.7000000000000001,0.0,1.7,21.189999,0.35,0.7
-27.00222,28.76528,24-07-2013,102.200005,0.6000000000000001,0.0,1.6,21.13,0.02,0.6
-26.970278,27.211111,24-07-2013,115.700005,0.0,0.0,1.2,22.439999,2.54,0.0
-27.671111,27.236944,24-07-2013,115.200005,0.0,0.0,0.90000004,22.5,1.9399999,0.0
-33.501667,21.624167,24-07-2013,90.1,33.9,1.7000000000000002,0.1,18.8,4.25,32.2
-33.7075,18.97444444,24-07-2013,67.700005,194.20000000000002,125.80000000000001,72.700005,17.949999,7.45,67.700005
-27.01011111,26.69808333,25-07-2013,116.0,0.0,0.0,0.90000004,22.269999,2.72,0.0
-23.838611,31.640833,25-07-2013,101.3,0.9,0.0,0.90000004,29.189999,10.679999,0.8
-29.744167,29.905833,25-07-2013,99.700005,2.4000000000000004,0.1,8.8,22.23,3.9199998,3.5
-26.648056,27.089444,25-07-2013,113.6,0.0,0.0,1.2,22.35,2.5,0.0
-26.880278,26.965,25-07-2013,115.0,0.0,0.0,1.1,22.269999,2.45,0.0
-27.38972222,26.46388889,25-07-2013,117.200005,0.0,0.0,0.90000004,22.88,2.04,0.0
-26.98472222,26.63227778,25-07-2013,116.700005,0.0,0.0,0.90000004,22.449999,3.11,0.0
-27.398611,26.614722,25-07-2013,118.4,0.0,0.0,0.90000004,23.029999,2.29,0.0
-33.31388889,19.07472222,25-07-2013,69.0,139.1,52.2,67.8,18.06,6.87,69.0
-29.140556,31.391944,29-07-2013,95.5,31.1,1.6,10.0,25.199999,12.09,31.4
-34.065833,20.404167,30-07-2013,74.4,80.60000000000001,4.0,5.0,19.77,7.0099998,74.4
-25.127778,27.628889,30-07-2013,120.5,0.0,0.0,2.2,25.98,5.14,0.1
-25.20639,27.558,30-07-2013,120.4,0.0,0.0,2.3,25.689999,4.8599997,0.1
-24.69514,27.40906,30-07-2013,121.200005,0.0,0.0,2.6000001,25.8,5.94,0.1
-28.404444,30.013056,30-07-2013,107.5,5.5,0.30000000000000004,4.3,23.92,4.71,5.7000003
-29.380556,30.2775,30-07-2013,96.4,4.6000000000000005,0.2,8.2,21.939999,4.72,5.4
-26.648056,27.089444,30-07-2013,113.6,0.0,0.0,1.2,22.35,2.5,0.0
-26.970278,27.211111,30-07-2013,115.700005,0.0,0.0,1.2,22.439999,2.54,0.0
-26.880278,26.965,30-07-2013,115.0,0.0,0.0,1.1,22.269999,2.45,0.0
-26.98472222,26.63227778,30-07-2013,116.700005,0.0,0.0,0.90000004,22.449999,3.11,0.0
-29.160278,26.573333,30-07-2013,104.8,0.1,0.0,0.8,20.35,0.07,0.1
-28.69485,28.23487,30-07-2013,95.4,0.0,0.0,2.6000001,18.81,0.78999996,0.3
-28.883333,27.89,30-07-2013,95.200005,0.1,0.0,2.8,18.8,0.37,0.5
-34.075556,20.145556,30-07-2013,71.3,96.0,4.800000000000001,22.800001,18.9,6.71,71.3
-28.058889,30.373611,30-07-2013,104.4,7.4,0.4,5.6,23.18,4.85,7.7000003
-29.161667,23.696389,31-07-2013,114.8,0.0,0.0,0.1,22.029999,2.45,0.0
-24.39619444,27.08983333,31-07-2013,124.9,0.0,0.0,2.9,26.67,6.29,0.1
-28.747778,31.745833,31-07-2013,100.200005,27.3,1.4000000000000001,8.400001,25.859999,12.16,27.4
-28.801278,31.955389,31-07-2013,97.1,32.2,1.6,12.900001,25.58,12.88,34.2
-29.615556,27.065278,31-07-2013,100.9,0.5,0.0,0.8,19.32,0.72999996,0.5
-34.405833,19.600556,31-07-2013,63.3,148.70000000000002,58.7,55.8,16.289999,7.7,63.3
-27.5275,30.858056,01-08-2013,99.8,7.2,0.4,7.8,23.42,6.42,7.8
-27.902778,24.615556,01-08-2013,120.4,0.0,0.0,0.2,23.42,2.57,0.0
-30.160091,27.40124,01-08-2013,98.4,1.8,0.1,1.1,19.09,1.8,1.7
-30.336111,27.359444,01-08-2013,98.5,2.6,0.1,1.1,19.0,1.51,2.5
-29.651389,22.746389,01-08-2013,112.700005,0.7000000000000001,0.0,0.0,21.18,2.78,0.7
-29.1825,23.575556,01-08-2013,115.700005,0.1,0.0,0.1,22.029999,2.62,0.1
-33.897778,20.012778,01-08-2013,75.9,96.5,4.800000000000001,18.300001,19.24,6.31,75.9
-29.744167,29.905833,02-08-2013,99.700005,2.4000000000000004,0.1,8.8,22.23,3.9199998,3.5
-28.068333,31.55,03-08-2013,97.200005,14.100000000000001,0.7000000000000001,6.7000003,26.22,11.12,14.2
-25.99136,27.84208,05-08-2013,111.3,0.0,0.0,1.6,22.68,3.72,0.1
-29.7775,29.470833,05-08-2013,93.5,2.1,0.1,5.7000003,19.16,0.26999998,3.0
-29.987778,29.851667,05-08-2013,97.3,2.9000000000000004,0.1,10.6,21.8,3.85,4.4
-29.744167,29.905833,05-08-2013,99.700005,2.4000000000000004,0.1,8.8,22.23,3.9199998,3.5
-26.45,28.085833,05-08-2013,108.4,0.1,0.0,1.5,22.18,2.52,0.1
-31.396,29.2651,05-08-2013,108.4,8.200000000000001,0.4,7.6,23.0,10.01,9.3
-31.554722,29.245556,05-08-2013,111.9,9.4,0.5,8.2,22.73,9.849999,10.7
-27.169444,29.233889,06-08-2013,99.700005,1.3,0.1,1.4,20.67,0.48999998,1.3000001
-30.570833,29.150556,06-08-2013,101.5,2.5,0.1,4.7000003,19.789999,2.09,2.8
-31.104278,29.399722,06-08-2013,100.700005,5.800000000000001,0.30000000000000004,7.6,22.01,7.62,6.7000003
-25.45963889,28.26430556,06-08-2013,119.9,0.1,0.0,1.8000001,26.119999,5.0299997,0.1
-28.338333,31.373611,06-08-2013,99.200005,14.4,0.7000000000000001,6.6,24.66,9.679999,14.5
-28.068333,31.55,06-08-2013,97.200005,14.100000000000001,0.7000000000000001,6.7000003,26.22,11.12,14.2
-29.161667,23.696389,07-08-2013,114.8,0.0,0.0,0.1,22.029999,2.45,0.0
-25.81048333,27.90955222,07-08-2013,113.8,0.0,0.0,1.6,24.029999,4.42,0.1
-30.830556,26.921389,07-08-2013,98.700005,3.5,0.2,0.90000004,18.71,0.71,3.3
-30.398056,30.601944,07-08-2013,100.8,10.3,0.5,10.5,23.31,12.099999,11.5
-27.02314,28.59389,07-08-2013,105.5,0.5,0.0,1.6,21.71,0.44,0.5
-27.273889,28.49,07-08-2013,101.6,0.4,0.0,1.4,21.05,-0.34,0.4
-27.4275,28.525833,07-08-2013,100.6,0.4,0.0,2.8,20.74,-0.44,0.6
-27.3,28.586944,07-08-2013,101.9,0.5,0.0,1.3000001,21.02,-0.29,0.6
-27.398611,26.614722,07-08-2013,118.4,0.0,0.0,0.90000004,23.029999,2.29,0.0
-29.033333,23.983333,07-08-2013,114.3,0.0,0.0,0.2,22.109999,1.73,0.0
-31.031389,28.883333,07-08-2013,105.3,4.2,0.2,4.1,21.529999,5.1099997,4.3
-30.86013889,29.07125,07-08-2013,105.3,3.4000000000000004,0.2,2.7,21.57,5.17,3.4
-30.77586667,29.03221667,07-08-2013,106.700005,3.1,0.2,3.7,21.449999,4.97,3.2
-27.01011111,26.69808333,08-08-2013,116.0,0.0,0.0,0.90000004,22.269999,2.72,0.0
-28.44555556,32.325,01-10-2013,122.3,97.60000000000001,4.9,13.3,26.43,15.88,96.0
-26.648056,27.089444,08-08-2013,113.6,0.0,0.0,1.2,22.35,2.5,0.0
-26.970278,27.211111,08-08-2013,115.700005,0.0,0.0,1.2,22.439999,2.54,0.0
-26.98472222,26.63227778,08-08-2013,116.700005,0.0,0.0,0.90000004,22.449999,3.11,0.0
-27.573056,24.746389,08-08-2013,118.8,0.0,0.0,0.3,23.16,2.35,0.0
-31.000833,26.353056,08-08-2013,99.0,3.9000000000000004,0.2,0.6,18.3,-0.22999999,3.7
-30.679722,26.7125,08-08-2013,100.3,2.7,0.1,0.7,19.279999,0.71,2.6000001
-30.570833,29.150556,08-08-2013,101.5,2.5,0.1,4.7000003,19.789999,2.09,2.8
-25.57877778,29.12747222,08-08-2013,119.4,0.30000000000000004,0.0,1.6,26.01,4.63,0.3
-29.803611,30.516111,09-08-2013,97.200005,2.0,0.1,8.7,22.949999,7.18,2.9
-28.735556,29.820556,12-08-2013,104.700005,3.5,0.2,4.1,24.23,4.22,3.8
-26.73806,27.59194,12-08-2013,111.9,0.0,0.0,1.3000001,21.859999,2.34,0.0
-26.45,28.085833,12-08-2013,108.4,0.1,0.0,1.5,22.18,2.52,0.1
-26.98472222,26.63227778,12-08-2013,116.700005,0.0,0.0,0.90000004,22.449999,3.11,0.0
-33.38056,19.30167,12-08-2013,67.700005,139.3,56.0,52.8,15.78,4.42,67.700005
-28.760833,17.730278,13-08-2013,115.3,6.800000000000001,0.30000000000000004,0.0,22.769999,8.889999,6.5
-22.225556,29.990556,13-08-2013,114.200005,0.0,0.0,0.2,29.08,10.49,0.0
-25.127778,27.628889,13-08-2013,120.5,0.0,0.0,2.2,25.98,5.14,0.1
-24.39619444,27.08983333,13-08-2013,124.9,0.0,0.0,2.9,26.67,6.29,0.1
-24.69514,27.40906,13-08-2013,121.200005,0.0,0.0,2.6000001,25.8,5.94,0.1
-23.658056,31.05,13-08-2013,102.5,0.6000000000000001,0.0,0.90000004,28.67,11.0199995,0.6
-23.281,30.54305556,13-08-2013,101.9,0.7000000000000001,0.0,9.400001,27.41,10.61,1.8000001
-27.169444,29.233889,13-08-2013,99.700005,1.3,0.1,1.4,20.67,0.48999998,1.3000001
-27.00222,28.76528,13-08-2013,102.200005,0.6000000000000001,0.0,1.6,21.13,0.02,0.6
-26.970278,27.211111,13-08-2013,115.700005,0.0,0.0,1.2,22.439999,2.54,0.0
-29.1825,23.575556,13-08-2013,115.700005,0.1,0.0,0.1,22.029999,2.62,0.1
-34.039722,22.133333,13-08-2013,79.9,58.0,2.9000000000000004,2.8,19.789999,8.0,55.3
-34.02861,22.22222,13-08-2013,79.8,61.7,3.1,3.0,19.49,7.96,58.9
-31.5653,18.3306,13-08-2013,79.9,54.2,2.7,0.2,19.4,7.96,51.5
-29.161667,23.696389,14-08-2013,114.8,0.0,0.0,0.1,22.029999,2.45,0.0
-27.01011111,26.69808333,14-08-2013,116.0,0.0,0.0,0.90000004,22.269999,2.72,0.0
-29.641944,30.6875,14-08-2013,97.9,2.9000000000000004,0.1,8.7,23.9,9.099999,3.8
-24.183889,30.823889,14-08-2013,106.5,0.7000000000000001,0.0,2.7,28.279999,10.48,0.8
-25.20639,27.558,14-08-2013,120.4,0.0,0.0,2.3,25.689999,4.8599997,0.1
-22.769722,30.886944,14-08-2013,105.3,0.7000000000000001,0.0,9.2,28.539999,11.849999,1.7
-23.838611,31.640833,14-08-2013,101.3,0.9,0.0,0.90000004,29.189999,10.679999,0.8
-24.058889,31.237222,14-08-2013,100.8,1.0,0.0,1.1,28.5,11.2699995,0.90000004
-27.363611,31.783333,14-08-2013,98.6,8.9,0.4,10.7,27.31,11.04,9.6
-26.648056,27.089444,14-08-2013,113.6,0.0,0.0,1.2,22.35,2.5,0.0
-26.880278,26.965,14-08-2013,115.0,0.0,0.0,1.1,22.269999,2.45,0.0
-27.38972222,26.46388889,14-08-2013,117.200005,0.0,0.0,0.90000004,22.88,2.04,0.0
-26.98472222,26.63227778,14-08-2013,116.700005,0.0,0.0,0.90000004,22.449999,3.11,0.0
-28.141944,26.417778,14-08-2013,111.1,0.0,0.0,0.8,21.5,1.25,0.0
-28.1175,26.719444,14-08-2013,111.200005,0.0,0.0,0.8,21.41,1.8,0.0
-29.033333,23.983333,14-08-2013,114.3,0.0,0.0,0.2,22.109999,1.73,0.0
-28.768056,20.720556,14-08-2013,118.4,1.3,0.1,0.0,22.26,4.9,1.2
-34.092222,21.295278,14-08-2013,74.1,65.3,3.3000000000000003,2.2,19.779999,5.62,62.2
-33.13083,18.86278,14-08-2013,65.3,114.2,20.700000000000003,62.3,18.09,7.48,65.3
-26.905,32.324722,15-08-2013,98.200005,7.5,0.4,11.400001,28.48,12.509999,8.3
-27.602222,29.942778,15-08-2013,111.0,4.3,0.2,4.7000003,23.8,4.14,4.6
-27.398611,26.614722,15-08-2013,118.4,0.0,0.0,0.90000004,23.029999,2.29,0.0
-27.671111,27.236944,15-08-2013,115.200005,0.0,0.0,0.90000004,22.5,1.9399999,0.0
-27.902778,24.615556,15-08-2013,120.4,0.0,0.0,0.2,23.42,2.57,0.0
-24.679167,30.8025,16-08-2013,99.0,1.9000000000000001,0.1,20.4,23.06,5.95,6.2000003
-29.744167,29.905833,16-08-2013,99.700005,2.4000000000000004,0.1,8.8,22.23,3.9199998,3.5
-25.447222,30.711667,18-08-2013,134.0,10.8,0.5,15.3,28.369999,10.49,12.0
-25.99136,27.84208,19-08-2013,149.1,2.4000000000000004,0.1,1.5,27.66,8.349999,2.3
-29.160278,26.573333,19-08-2013,139.3,0.1,0.0,0.7,24.72,4.29,0.2
-32.502778,19.535833,19-08-2013,109.5,14.8,0.7000000000000001,0.6,21.199999,5.3199997,14.0
-31.860278,18.6875,20-08-2013,104.0,20.8,1.0,0.6,21.01,6.7,19.7
-22.91028,29.61111,20-08-2013,146.7,0.4,0.0,2.1000001,31.029999,12.11,0.5
-25.45963889,28.26430556,20-08-2013,154.6,2.2,0.1,1.7,30.89,9.76,2.1000001
-25.81048333,27.90955222,21-08-2013,149.90001,2.0,0.1,1.6,28.939999,9.23,2.0
-22.935,28.004167,21-08-2013,161.1,0.2,0.0,0.2,33.29,12.389999,0.1
-26.03611,30.99778,21-08-2013,138.3,17.0,0.8,15.0,28.67,11.79,18.1
-28.75,30.442778,21-08-2013,128.90001,6.0,0.30000000000000004,3.7,28.369999,11.09,6.1
-29.161667,30.629722,21-08-2013,112.4,8.0,0.4,6.8,24.23,8.849999,8.400001
-26.45,28.085833,21-08-2013,147.40001,2.6,0.1,1.5,26.76,7.4199996,2.6000001
-27.671111,27.236944,21-08-2013,149.0,1.0,0.0,0.90000004,26.56,6.7599998,0.90000004
-33.7075,18.97444444,21-08-2013,85.1,80.2,4.0,67.1,19.23,8.22,81.8
-27.01011111,26.69808333,22-08-2013,152.8,0.9,0.0,0.8,26.65,7.58,0.90000004
-24.282222,28.090278,22-08-2013,150.90001,0.7000000000000001,0.0,2.2,30.449999,9.07,0.8
-27.00222,28.76528,22-08-2013,136.40001,3.2,0.2,1.6,25.66,5.0,3.1000001
-26.98472222,26.63227778,22-08-2013,153.2,0.9,0.0,0.90000004,26.75,7.77,0.8
-28.116667,26.725278,22-08-2013,149.0,0.4,0.0,0.8,25.91,6.42,0.4
-33.31388889,19.07472222,22-08-2013,85.1,56.5,2.8000000000000003,47.9,19.46,7.31,73.5
-26.648056,27.089444,23-08-2013,152.0,1.6,0.1,1.1,26.89,7.19,1.5
-26.970278,27.211111,23-08-2013,152.6,1.5,0.1,1.1,26.74,7.24,1.4
-26.880278,26.965,23-08-2013,152.6,1.2000000000000002,0.1,1.1,26.8,7.41,1.2
-30.398056,30.601944,24-08-2013,105.200005,1.2000000000000002,0.1,9.2,24.25,14.41,2.4
-24.99328,30.81444,26-08-2013,125.9,12.700000000000001,0.6000000000000001,24.0,25.72,7.6299996,16.800001
-29.380556,30.2775,26-08-2013,114.5,4.4,0.2,7.4,24.33,7.77,5.0
-26.73806,27.59194,26-08-2013,149.40001,2.1,0.1,1.3000001,26.42,7.0699997,2.0
-26.45,28.085833,26-08-2013,147.40001,2.6,0.1,1.5,26.76,7.4199996,2.6000001
-33.818056,19.694722,26-08-2013,96.4,49.5,2.5,14.5,19.77,7.33,72.0
-34.065833,20.404167,27-08-2013,90.3,24.700000000000003,1.2000000000000002,4.5,20.57,8.12,24.0
-25.127778,27.628889,27-08-2013,158.2,1.2000000000000002,0.1,2.1000001,31.099998,10.59,1.2
-24.69514,27.40906,27-08-2013,157.8,0.9,0.0,2.5,31.0,11.719999,0.90000004
-22.43772222,31.07805556,27-08-2013,144.6,5.5,0.30000000000000004,0.4,33.399998,14.78,5.2000003
-25.681111,31.783333,27-08-2013,129.8,11.8,0.6000000000000001,11.5,30.56,13.599999,12.400001
-25.67386,31.57527,27-08-2013,129.6,12.200000000000001,0.6000000000000001,11.5,30.679998,13.91,12.8
-28.747778,31.745833,27-08-2013,110.0,21.5,1.1,7.4,27.689999,14.49,21.5
-27.169444,29.233889,27-08-2013,134.90001,3.7,0.2,1.3000001,25.18,5.0099998,3.6000001
-27.00222,28.76528,27-08-2013,136.40001,3.2,0.2,1.6,25.66,5.0,3.1000001
-27.273889,28.49,27-08-2013,136.40001,3.1,0.2,1.3000001,25.439999,4.73,2.9
-29.042222,24.6,27-08-2013,145.3,0.0,0.0,0.1,25.83,5.12,0.0
-29.028629,24.638389,27-08-2013,144.8,0.0,0.0,0.1,25.789999,5.18,0.0
-29.033333,23.983333,27-08-2013,139.8,0.0,0.0,0.2,25.0,5.0499997,0.0
-28.760833,17.730278,28-08-2013,132.5,3.3000000000000003,0.2,0.0,25.14,9.99,3.1000001
-29.161667,23.696389,28-08-2013,135.3,0.0,0.0,0.1,24.93,5.65,0.0
-25.436111,31.982222,28-08-2013,128.2,13.5,0.7000000000000001,12.6,31.599998,13.639999,14.1
-23.838611,31.640833,28-08-2013,135.3,10.3,0.5,0.90000004,32.75,13.86,9.8
-25.398889,31.610556,28-08-2013,128.90001,12.100000000000001,0.6000000000000001,11.2,30.779999,13.599999,12.6
-25.14944444,31.94055556,28-08-2013,122.9,15.200000000000001,0.8,11.2,30.869999,13.37,15.6
-28.801278,31.955389,28-08-2013,107.5,31.400000000000002,1.6,10.7,27.05,14.66,32.100002
-27.937778,31.209444,28-08-2013,120.4,21.700000000000003,1.1,7.2000003,27.59,11.79,21.4
-28.69485,28.23487,28-08-2013,128.5,1.2000000000000002,0.1,2.4,22.769999,5.23,1.4
-28.883333,27.89,28-08-2013,128.5,0.8,0.0,2.6000001,23.019999,5.71,1.0
-34.405833,19.600556,28-08-2013,78.200005,59.300000000000004,3.0,42.0,16.65,8.45,70.1
-28.058889,30.373611,28-08-2013,128.8,9.200000000000001,0.5,5.0,26.25,8.179999,9.3
-27.5275,30.858056,29-08-2013,120.3,17.5,0.9,7.0,26.529999,9.24,17.4
-26.970278,27.211111,29-08-2013,152.6,1.5,0.1,1.1,26.74,7.24,1.4
-33.501667,21.624167,29-08-2013,104.700005,8.4,0.4,0.1,19.88,4.5499997,8.0
-34.075556,20.145556,29-08-2013,88.200005,31.6,1.6,13.400001,19.88,7.6699996,39.5
-33.897778,20.012778,29-08-2013,92.8,33.1,1.7000000000000002,11.1,20.47,7.44,38.600002
-27.01011111,26.69808333,30-08-2013,152.8,0.9,0.0,0.8,26.65,7.58,0.90000004
-29.744167,29.905833,30-08-2013,115.9,0.5,0.0,7.9,24.93,7.56,1.4
-26.648056,27.089444,30-08-2013,152.0,1.6,0.1,1.1,26.89,7.19,1.5
-26.880278,26.965,30-08-2013,152.6,1.2000000000000002,0.1,1.1,26.8,7.41,1.2
-26.98472222,26.63227778,30-08-2013,153.2,0.9,0.0,0.90000004,26.75,7.77,0.8
-25.99136,27.84208,02-09-2013,149.1,2.4000000000000004,0.1,1.5,27.66,8.349999,2.3
-30.733889,29.828333,02-09-2013,113.700005,0.8,0.0,7.7000003,23.84,9.86,1.8000001
-29.7775,29.470833,02-09-2013,119.1,0.30000000000000004,0.0,5.0,23.85,5.8399997,1.0
-29.987778,29.851667,02-09-2013,115.9,0.5,0.0,9.3,24.38,7.1,1.7
-29.744167,29.905833,02-09-2013,115.9,0.5,0.0,7.9,24.93,7.56,1.4
-26.45,28.085833,02-09-2013,147.40001,2.6,0.1,1.5,26.76,7.4199996,2.6000001
-27.671111,27.236944,02-09-2013,149.0,1.0,0.0,0.90000004,26.56,6.7599998,0.90000004
-31.396,29.2651,02-09-2013,113.5,1.6,0.1,6.5,23.82,12.059999,2.6000001
-31.554722,29.245556,02-09-2013,113.700005,2.2,0.1,6.9,23.13,11.48,3.3
-25.73411,27.21422,03-09-2013,154.5,1.8,0.1,1.5,28.349998,8.13,1.7
-27.398611,26.614722,03-09-2013,154.8,0.6000000000000001,0.0,0.90000004,27.08,7.25,0.6
-29.160278,26.573333,03-09-2013,139.3,0.1,0.0,0.7,24.72,4.29,0.2
-30.568333,29.422778,03-09-2013,117.1,0.5,0.0,5.4,23.0,5.58,1.0
-30.570833,29.150556,03-09-2013,117.700005,0.5,0.0,4.2000003,22.48,5.18,0.90000004
-31.104278,29.399722,03-09-2013,114.1,1.0,0.0,6.6,23.66,10.38,1.9
-25.45963889,28.26430556,03-09-2013,154.6,2.2,0.1,1.7,30.89,9.76,2.1000001
-28.338333,31.373611,03-09-2013,118.200005,26.3,1.3,5.9,27.49,12.42,25.6
-27.495556,26.074722,03-09-2013,151.6,0.30000000000000004,0.0,0.90000004,26.39,6.48,0.3
-29.161667,23.696389,04-09-2013,135.3,0.0,0.0,0.1,24.93,5.65,0.0
-27.01011111,26.69808333,04-09-2013,152.8,0.9,0.0,0.8,26.65,7.58,0.90000004
-25.81048333,27.90955222,04-09-2013,149.90001,2.0,0.1,1.6,28.939999,9.23,2.0
-23.658056,31.05,04-09-2013,132.7,7.300000000000001,0.4,0.90000004,32.11,14.16,6.9
-25.49037,30.6986,04-09-2013,134.1,11.0,0.6000000000000001,16.6,28.109999,10.0199995,12.400001
-27.00222,28.76528,04-09-2013,136.40001,3.2,0.2,1.6,25.66,5.0,3.1000001
-26.648056,27.089444,04-09-2013,152.0,1.6,0.1,1.1,26.89,7.19,1.5
-26.970278,27.211111,04-09-2013,152.6,1.5,0.1,1.1,26.74,7.24,1.4
-26.880278,26.965,04-09-2013,152.6,1.2000000000000002,0.1,1.1,26.8,7.41,1.2
-27.273889,28.49,04-09-2013,136.40001,3.1,0.2,1.3000001,25.439999,4.73,2.9
-27.3,28.586944,04-09-2013,135.3,3.1,0.2,1.3000001,25.31,4.69,3.0
-26.98472222,26.63227778,04-09-2013,153.2,0.9,0.0,0.90000004,26.75,7.77,0.8
-29.033333,23.983333,04-09-2013,139.8,0.0,0.0,0.2,25.0,5.0499997,0.0
-30.336111,27.359444,04-09-2013,128.3,0.6000000000000001,0.0,1.1,22.609999,4.83,0.6
-29.615556,27.065278,04-09-2013,133.1,0.1,0.0,0.8,23.43,4.5499997,0.1
-31.031389,28.883333,04-09-2013,118.1,0.9,0.0,3.8,23.369999,7.81,1.2
-30.86013889,29.07125,04-09-2013,117.1,0.7000000000000001,0.0,2.6000001,23.76,8.2,0.8
-30.77586667,29.03221667,04-09-2013,118.700005,0.6000000000000001,0.0,3.5,23.609999,7.85,0.8
-34.031944,22.053333,04-09-2013,92.8,9.0,0.5,2.5,19.869999,8.12,8.7
-34.039722,22.133333,04-09-2013,91.3,9.1,0.5,2.7,19.88,8.5,8.8
-33.08883333,19.21878333,04-09-2013,92.9,36.4,1.8,18.7,16.68,3.75,64.700005
-30.830556,26.921389,05-09-2013,127.1,0.8,0.0,0.90000004,22.5,4.2,0.8
-28.44555556,32.325,03-10-2013,122.3,97.60000000000001,4.9,13.3,26.43,15.88,96.0
-29.744167,29.905833,05-09-2013,115.9,0.5,0.0,7.9,24.93,7.56,1.4
-30.13573889,30.67422222,05-09-2013,103.4,0.7000000000000001,0.0,8.1,24.55,13.94,1.7
-29.160278,26.573333,05-09-2013,139.3,0.1,0.0,0.7,24.72,4.29,0.2
-30.679722,26.7125,05-09-2013,127.8,0.7000000000000001,0.0,0.7,23.15,4.37,0.7
-30.160091,27.40124,05-09-2013,128.2,0.4,0.0,1.0,22.83,5.15,0.4
-34.02861,22.22222,05-09-2013,90.8,9.4,0.5,2.8,19.439999,8.32,9.1
-24.058889,31.237222,06-09-2013,131.8,9.600000000000001,0.5,1.1,31.92,14.29,9.1
-27.573056,24.746389,06-09-2013,151.1,0.1,0.0,0.3,27.119999,6.68,0.1
-31.000833,26.353056,06-09-2013,125.4,0.8,0.0,0.6,22.039999,2.78,0.8
-29.803611,30.516111,06-09-2013,108.4,0.30000000000000004,0.0,7.8,24.859999,10.429999,1.1
-28.735556,29.820556,09-09-2013,130.8,4.4,0.2,3.8,27.369999,8.46,4.6
-26.73806,27.59194,09-09-2013,149.40001,2.1,0.1,1.3000001,26.42,7.0699997,2.0
-26.45,28.085833,09-09-2013,147.40001,2.6,0.1,1.5,26.76,7.4199996,2.6000001
-33.38056,19.30167,09-09-2013,87.9,50.800000000000004,2.5,27.7,17.22,4.87,73.3
-32.502778,19.535833,09-09-2013,109.5,14.8,0.7000000000000001,0.6,21.199999,5.3199997,14.0
-34.005833,22.351111,09-09-2013,90.9,10.0,0.5,3.3,19.15,8.33,9.7
-31.860278,18.6875,10-09-2013,104.0,20.8,1.0,0.6,21.01,6.7,19.7
-25.127778,27.628889,10-09-2013,158.2,1.2000000000000002,0.1,2.1000001,31.099998,10.59,1.2
-24.69514,27.40906,10-09-2013,157.8,0.9,0.0,2.5,31.0,11.719999,0.90000004
-22.769722,30.886944,10-09-2013,138.40001,7.6000000000000005,0.4,8.400001,31.939999,14.599999,8.1
-23.281,30.54305556,10-09-2013,132.0,6.0,0.30000000000000004,8.400001,31.039999,13.88,6.7000003
-27.802778,28.768333,10-09-2013,132.3,2.6,0.1,2.7,24.18,4.22,2.8
-32.595833,19.009444,10-09-2013,94.0,27.700000000000003,1.4000000000000001,11.400001,20.82,6.39,29.5
-29.161667,23.696389,11-09-2013,135.3,0.0,0.0,0.1,24.93,5.65,0.0
-27.01011111,26.69808333,11-09-2013,152.8,0.9,0.0,0.8,26.65,7.58,0.90000004
-29.641944,30.6875,11-09-2013,110.1,1.9000000000000001,0.1,7.9,25.51,12.0199995,2.7
-25.20639,27.558,11-09-2013,158.6,1.2000000000000002,0.1,2.2,30.8,10.42,1.2
-27.363611,31.783333,11-09-2013,120.6,20.3,1.0,9.8,29.75,13.88,20.2
-26.970278,27.211111,11-09-2013,152.6,1.5,0.1,1.1,26.74,7.24,1.4
-26.880278,26.965,11-09-2013,152.6,1.2000000000000002,0.1,1.1,26.8,7.41,1.2
-26.98472222,26.63227778,11-09-2013,153.2,0.9,0.0,0.90000004,26.75,7.77,0.8
-28.768056,20.720556,11-09-2013,130.5,1.1,0.1,0.0,24.96,6.0099998,1.0
-34.092222,21.295278,11-09-2013,91.8,14.600000000000001,0.7000000000000001,2.1000001,20.21,6.89,14.0
-33.13083,18.86278,11-09-2013,83.200005,46.800000000000004,2.3000000000000003,37.9,19.539999,7.99,69.0
-33.7075,18.97444444,11-09-2013,85.1,80.2,4.0,67.1,19.23,8.22,81.8
-32.94583,18.33667,11-09-2013,83.0,38.5,1.9000000000000001,15.900001,18.619999,8.24,54.8
-26.905,32.324722,12-09-2013,122.0,22.8,1.1,10.400001,31.0,14.49,22.7
-27.602222,29.942778,12-09-2013,142.1,6.5,0.30000000000000004,4.3,27.4,7.94,6.6
-33.31388889,19.07472222,12-09-2013,85.1,56.5,2.8000000000000003,47.9,19.46,7.31,73.5
-26.98472222,26.63227778,13-09-2013,153.2,0.9,0.0,0.90000004,26.75,7.77,0.8
-27.902778,24.615556,13-09-2013,151.5,0.1,0.0,0.2,27.529999,6.83,0.1
-25.99136,27.84208,16-09-2013,167.2,22.200000000000003,1.1,1.5,28.039999,10.76,21.1
-26.03611,30.99778,16-09-2013,143.90001,78.4,3.9000000000000004,13.5,28.21,13.21,76.0
-26.45,28.085833,16-09-2013,167.2,24.3,1.2000000000000002,1.4,27.42,9.79,23.1
-25.447222,30.711667,16-09-2013,139.7,60.400000000000006,3.0,14.0,27.599998,12.349999,58.7
-28.760833,17.730278,17-09-2013,195.3,0.9,0.0,0.0,31.769999,15.799999,0.90000004
-27.01011111,26.69808333,17-09-2013,186.1,25.900000000000002,1.3,0.8,29.32,10.76,24.6
-25.73411,27.21422,17-09-2013,181.7,18.7,0.9,1.5,29.42,10.92,17.800001
-27.00222,28.76528,17-09-2013,155.6,40.7,2.0,1.5,27.0,8.33,38.7
-26.648056,27.089444,17-09-2013,180.40001,21.400000000000002,1.1,1.1,28.88,10.42,20.4
-26.970278,27.211111,17-09-2013,178.8,25.1,1.3,1.1,28.769999,10.45,23.9
-26.880278,26.965,17-09-2013,183.3,24.3,1.2000000000000002,1.0,29.17,10.73,23.1
-26.98472222,26.63227778,17-09-2013,186.7,25.1,1.3,0.8,29.539999,11.08,23.9
-29.042222,24.6,17-09-2013,196.0,19.1,1.0,0.1,30.15,9.69,18.1
-29.028629,24.638389,17-09-2013,195.3,19.3,1.0,0.1,30.07,9.679999,18.300001
-29.033333,23.983333,17-09-2013,193.8,18.0,0.9,0.2,30.13,9.929999,17.1
-25.45963889,28.26430556,17-09-2013,179.8,23.900000000000002,1.2000000000000002,1.7,31.01,12.03,22.800001
-25.57877778,29.12747222,17-09-2013,174.6,34.1,1.7000000000000002,1.5,30.46,11.4,32.4
-28.760833,17.730278,18-09-2013,195.3,0.9,0.0,0.0,31.769999,15.799999,0.90000004
-29.161667,23.696389,18-09-2013,195.1,16.2,0.8,0.1,30.429998,10.7,15.400001
-25.81048333,27.90955222,18-09-2013,174.3,20.900000000000002,1.0,1.5,29.41,11.889999,19.9
-25.398889,31.610556,18-09-2013,133.5,49.300000000000004,2.5,10.3,28.939999,15.059999,47.8
-27.935,26.126667,18-09-2013,187.90001,25.900000000000002,1.3,0.8,29.189999,9.04,24.6
-27.671111,27.236944,18-09-2013,179.5,27.900000000000002,1.4000000000000001,0.8,28.949999,10.17,26.5
-29.033333,23.983333,18-09-2013,193.8,18.0,0.9,0.2,30.13,9.929999,17.1
-28.75,30.442778,19-09-2013,139.6,43.5,2.2,3.4,28.81,12.73,41.600002
-27.38972222,26.46388889,19-09-2013,185.3,29.700000000000003,1.5,0.8,29.439999,10.389999,28.300001
-34.250556,20.9925,19-09-2013,116.5,57.800000000000004,2.9000000000000004,3.6000001,23.17,12.469999,55.100002
-29.744167,29.905833,20-09-2013,128.7,58.7,2.9000000000000004,7.2000003,25.71,10.0199995,56.5
-27.671111,27.236944,20-09-2013,179.5,27.900000000000002,1.4000000000000001,0.8,28.949999,10.17,26.5
-27.573056,24.746389,20-09-2013,201.1,17.7,0.9,0.3,31.07,10.96,16.800001
-28.760833,17.730278,23-09-2013,195.3,0.9,0.0,0.0,31.769999,15.799999,0.90000004
-29.380556,30.2775,23-09-2013,124.0,55.800000000000004,2.8000000000000003,6.7000003,24.619999,9.26,53.7
-33.818056,19.694722,23-09-2013,133.3,28.400000000000002,1.4000000000000001,10.1,24.32,11.58,31.4
-34.065833,20.404167,24-09-2013,121.200005,33.9,1.7000000000000002,4.1,24.51,12.679999,32.600002
-24.670833,28.560833,24-09-2013,178.8,32.4,1.6,2.1000001,31.26,11.969999,30.800001
-25.681111,31.783333,24-09-2013,134.90001,48.800000000000004,2.4000000000000004,10.6,29.32,15.17,47.3
-25.67386,31.57527,24-09-2013,141.8,55.2,2.8000000000000003,10.5,30.32,16.119999,53.4
-28.747778,31.745833,24-09-2013,131.7,83.5,4.2,6.6,27.88,15.389999,80.1
-29.140556,31.391944,25-09-2013,125.700005,89.0,4.5,7.7000003,26.689999,15.24,85.6
-25.127778,27.628889,25-09-2013,185.6,18.400000000000002,0.9,2.1000001,32.05,13.509999,17.5
-24.69514,27.40906,25-09-2013,189.1,22.0,1.1,2.5,32.39,14.99,21.0
-27.937778,31.209444,25-09-2013,136.3,69.10000000000001,3.5,6.5,27.269999,12.679999,66.3
-28.404444,30.013056,25-09-2013,142.0,49.6,2.5,3.6000001,27.73,10.57,47.4
-26.73806,27.59194,25-09-2013,172.7,23.400000000000002,1.2000000000000002,1.2,27.93,10.139999,22.300001
-26.45,28.085833,25-09-2013,167.2,24.3,1.2000000000000002,1.4,27.42,9.79,23.1
-33.501667,21.624167,25-09-2013,132.5,45.400000000000006,2.3000000000000003,0.1,23.439999,8.63,43.100002
-27.01011111,26.69808333,26-09-2013,186.1,25.900000000000002,1.3,0.8,29.32,10.76,24.6
-22.225556,29.990556,26-09-2013,169.6,28.200000000000003,1.4000000000000001,0.2,31.16,18.109999,26.800001
-25.436111,31.982222,26-09-2013,136.6,47.300000000000004,2.4000000000000004,11.5,30.67,15.45,46.0
-25.20639,27.558,26-09-2013,183.8,18.6,0.9,2.1000001,31.81,13.29,17.7
-28.801278,31.955389,26-09-2013,128.2,84.9,4.2,9.1,27.38,15.599999,82.200005
-27.169444,29.233889,26-09-2013,150.6,39.900000000000006,2.0,1.3000001,26.49,8.059999,37.9
-27.00222,28.76528,26-09-2013,155.6,40.7,2.0,1.5,27.0,8.33,38.7
-26.648056,27.089444,26-09-2013,180.40001,21.400000000000002,1.1,1.1,28.88,10.42,20.4
-26.970278,27.211111,26-09-2013,178.8,25.1,1.3,1.1,28.769999,10.45,23.9
-26.880278,26.965,26-09-2013,183.3,24.3,1.2000000000000002,1.0,29.17,10.73,23.1
-28.141944,26.417778,26-09-2013,184.3,26.8,1.3,0.8,28.74,9.559999,25.5
-28.058889,30.373611,26-09-2013,144.7,57.900000000000006,2.9000000000000004,4.5,27.39,10.55,55.4
-26.861111,28.884722,27-09-2013,156.2,34.9,1.7000000000000002,1.6,26.699999,8.21,33.2
-27.902778,24.615556,27-09-2013,207.2,17.1,0.9,0.2,31.56,11.15,16.2
-25.99136,27.84208,30-09-2013,167.2,22.200000000000003,1.1,1.5,28.039999,10.76,21.1
-29.7775,29.470833,30-09-2013,125.1,55.300000000000004,2.8000000000000003,4.4,23.56,7.12,53.100002
-29.987778,29.851667,30-09-2013,124.9,62.5,3.1,8.3,24.84,9.26,60.3
-29.744167,29.905833,30-09-2013,128.7,58.7,2.9000000000000004,7.2000003,25.71,10.0199995,56.5
-26.45,28.085833,30-09-2013,167.2,24.3,1.2000000000000002,1.4,27.42,9.79,23.1
-31.396,29.2651,30-09-2013,128.8,86.4,4.3,5.7000003,24.96,14.19,82.8
-31.554722,29.245556,30-09-2013,124.0,93.9,4.7,6.1,24.21,13.58,90.1
-24.183889,30.823889,01-10-2013,146.0,33.9,1.7000000000000002,2.5,30.13,16.32,32.3
-25.73411,27.21422,01-10-2013,181.7,18.7,0.9,1.5,29.42,10.92,17.800001
-28.44555556,32.325,31-10-2013,131.1,106.80000000000001,5.300000000000001,11.1,27.859999,18.17,103.700005
-27.671111,27.236944,01-10-2013,179.5,27.900000000000002,1.4000000000000001,0.8,28.949999,10.17,26.5
-30.568333,29.422778,01-10-2013,129.90001,55.800000000000004,2.8000000000000003,4.9,24.09,8.29,53.5
-30.570833,29.150556,01-10-2013,129.6,52.7,2.6,3.9,23.859999,7.7999997,50.4
-31.104278,29.399722,01-10-2013,128.40001,73.4,3.7,5.9,24.83,12.67,70.5
-34.031944,22.053333,01-10-2013,113.5,70.4,3.5,2.3,22.18,11.929999,67.0
-34.005833,22.351111,01-10-2013,110.6,110.2,5.5,3.1000001,21.3,11.929999,104.9
-25.45963889,28.26430556,01-10-2013,179.8,23.900000000000002,1.2000000000000002,1.7,31.01,12.03,22.800001
-28.068333,31.55,01-10-2013,139.5,76.3,3.8000000000000003,5.5,28.98,15.0,73.0
-29.161667,23.696389,02-10-2013,195.1,16.2,0.8,0.1,30.429998,10.7,15.400001
-27.01011111,26.69808333,02-10-2013,186.1,25.900000000000002,1.3,0.8,29.32,10.76,24.6
-25.81048333,27.90955222,02-10-2013,174.3,20.900000000000002,1.0,1.5,29.41,11.889999,19.9
-24.058889,31.237222,02-10-2013,140.90001,35.4,1.8,1.1,29.51,16.58,33.600002
-30.733889,29.828333,02-10-2013,125.200005,73.9,3.7,6.9,24.8,11.809999,71.0
-30.398056,30.601944,02-10-2013,119.8,96.10000000000001,4.800000000000001,8.2,24.92,15.75,92.3
-27.00222,28.76528,02-10-2013,155.6,40.7,2.0,1.5,27.0,8.33,38.7
-27.02314,28.59389,02-10-2013,159.3,42.7,2.1,1.5,27.5,8.849999,40.600002
-27.273889,28.49,02-10-2013,156.40001,55.2,2.8000000000000003,1.3000001,26.91,8.389999,52.5
-27.3,28.586944,02-10-2013,155.90001,52.1,2.6,1.3000001,26.96,8.349999,49.5
-27.802778,28.768333,02-10-2013,146.5,39.300000000000004,2.0,2.5,25.84,7.46,37.600002
-26.98472222,26.63227778,02-10-2013,186.7,25.1,1.3,0.8,29.539999,11.08,23.9
-27.398611,26.614722,02-10-2013,184.1,32.4,1.6,0.8,29.5,10.46,30.800001
-27.671111,27.236944,02-10-2013,179.5,27.900000000000002,1.4000000000000001,0.8,28.949999,10.17,26.5
-29.160278,26.573333,02-10-2013,177.6,35.300000000000004,1.8,0.7,28.019999,8.57,33.600002
-29.615556,27.065278,02-10-2013,167.7,41.400000000000006,2.1,0.8,26.779999,8.57,39.4
-28.883333,27.89,02-10-2013,155.3,37.9,1.9000000000000001,2.4,25.56,8.809999,36.2
-31.031389,28.883333,02-10-2013,131.7,57.5,2.9000000000000004,3.6000001,24.98,10.63,54.9
-30.86013889,29.07125,02-10-2013,132.90001,54.7,2.7,2.5,25.34,11.059999,52.100002
-30.77586667,29.03221667,02-10-2013,134.5,51.800000000000004,2.6,3.2,25.31,10.719999,49.4
-34.039722,22.133333,02-10-2013,112.8,74.60000000000001,3.7,2.5,22.17,12.19,71.0
-34.02861,22.22222,02-10-2013,111.3,86.9,4.3,2.7,21.75,11.94,82.700005
-27.495556,26.074722,02-10-2013,191.1,23.0,1.2000000000000002,0.8,29.869999,10.12,21.9
-28.44555556,32.325,16-01-2014,153.90001,76.3,3.8000000000000003,8.400001,30.3,21.81,73.6
-29.744167,29.905833,03-10-2013,128.7,58.7,2.9000000000000004,7.2000003,25.71,10.0199995,56.5
-26.648056,27.089444,03-10-2013,180.40001,21.400000000000002,1.1,1.1,28.88,10.42,20.4
-26.970278,27.211111,03-10-2013,178.8,25.1,1.3,1.1,28.769999,10.45,23.9
-26.880278,26.965,03-10-2013,183.3,24.3,1.2000000000000002,1.0,29.17,10.73,23.1
-27.3,28.586944,03-10-2013,155.90001,52.1,2.6,1.3000001,26.96,8.349999,49.5
-30.160091,27.40124,03-10-2013,162.1,50.6,2.5,1.0,26.43,9.34,48.100002
-30.336111,27.359444,03-10-2013,162.7,53.900000000000006,2.7,1.0,26.25,8.92,51.3
-29.615556,27.065278,03-10-2013,167.7,41.400000000000006,2.1,0.8,26.779999,8.57,39.4
-30.830556,26.921389,04-10-2013,160.5,43.300000000000004,2.2,0.8,26.17,8.05,41.2
-30.679722,26.7125,04-10-2013,164.7,39.900000000000006,2.0,0.7,26.93,8.24,37.9
-29.803611,30.516111,04-10-2013,124.5,67.60000000000001,3.4000000000000004,7.1,25.18,12.2,64.9
-26.73806,27.59194,07-10-2013,172.7,23.400000000000002,1.2000000000000002,1.2,27.93,10.139999,22.300001
-26.45,28.085833,07-10-2013,167.2,24.3,1.2000000000000002,1.4,27.42,9.79,23.1
-31.436944,20.474722,07-10-2013,170.8,7.9,0.4,0.0,26.039999,8.0,7.5
-29.1825,23.575556,07-10-2013,195.2,16.0,0.8,0.1,30.4,10.83,15.2
-33.38056,19.30167,07-10-2013,131.40001,19.700000000000003,1.0,16.4,22.02,9.2,30.1
-32.502778,19.535833,07-10-2013,158.8,5.9,0.30000000000000004,0.6,26.39,10.26,5.7000003
-31.860278,18.6875,08-10-2013,158.1,6.4,0.30000000000000004,0.6,26.24,11.05,6.1
-25.127778,27.628889,08-10-2013,185.6,18.400000000000002,0.9,2.1000001,32.05,13.509999,17.5
-24.69514,27.40906,08-10-2013,189.1,22.0,1.1,2.5,32.39,14.99,21.0
-22.769722,30.886944,08-10-2013,153.1,40.1,2.0,7.7000003,30.47,17.33,38.8
-28.735556,29.820556,08-10-2013,140.40001,42.900000000000006,2.1,3.4,28.08,10.79,41.100002
-27.169444,29.233889,08-10-2013,150.6,39.900000000000006,2.0,1.3000001,26.49,8.059999,37.9
-26.861111,28.884722,08-10-2013,156.2,34.9,1.7000000000000002,1.6,26.699999,8.21,33.2
-27.00222,28.76528,08-10-2013,155.6,40.7,2.0,1.5,27.0,8.33,38.7
-34.092222,21.295278,08-10-2013,115.200005,69.10000000000001,3.5,2.0,23.25,11.57,65.8
-33.13083,18.86278,08-10-2013,138.5,13.4,0.7000000000000001,20.6,25.31,12.45,30.0
-32.94583,18.33667,08-10-2013,135.6,10.100000000000001,0.5,11.2,23.8,12.219999,14.400001
-29.161667,23.696389,09-10-2013,195.1,16.2,0.8,0.1,30.429998,10.7,15.400001
-29.641944,30.6875,09-10-2013,126.0,64.7,3.2,7.2000003,25.93,13.83,62.2
-25.20639,27.558,09-10-2013,183.8,18.6,0.9,2.1000001,31.81,13.29,17.7
-26.905,32.324722,09-10-2013,138.3,48.7,2.4000000000000004,9.6,30.57,15.67,47.100002
-27.602222,29.942778,09-10-2013,155.3,54.0,2.7,4.0,27.92,10.08,51.600002
-33.7075,18.97444444,09-10-2013,130.5,26.8,1.3,26.7,24.23,12.48,65.9
-23.658056,31.05,10-10-2013,143.40001,34.6,1.7000000000000002,0.90000004,29.609999,16.66,32.9
-27.363611,31.783333,10-10-2013,136.6,54.7,2.7,9.0,29.539999,14.7699995,52.7
-26.970278,27.211111,10-10-2013,178.8,25.1,1.3,1.1,28.769999,10.45,23.9
-33.31388889,19.07472222,10-10-2013,135.3,18.3,0.9,23.6,24.5,11.79,41.7
-27.01011111,26.69808333,11-10-2013,186.1,25.900000000000002,1.3,0.8,29.32,10.76,24.6
-26.648056,27.089444,11-10-2013,180.40001,21.400000000000002,1.1,1.1,28.88,10.42,20.4
-26.880278,26.965,11-10-2013,183.3,24.3,1.2000000000000002,1.0,29.17,10.73,23.1
-26.98472222,26.63227778,11-10-2013,186.7,25.1,1.3,0.8,29.539999,11.08,23.9
-27.902778,24.615556,11-10-2013,207.2,17.1,0.9,0.2,31.56,11.15,16.2
-26.861111,28.884722,13-10-2013,156.2,34.9,1.7000000000000002,1.6,26.699999,8.21,33.2
-25.99136,27.84208,14-10-2013,167.2,22.200000000000003,1.1,1.5,28.039999,10.76,21.1
-26.45,28.085833,14-10-2013,167.2,24.3,1.2000000000000002,1.4,27.42,9.79,23.1
-27.01011111,26.69808333,15-10-2013,186.1,25.900000000000002,1.3,0.8,29.32,10.76,24.6
-25.73411,27.21422,15-10-2013,181.7,18.7,0.9,1.5,29.42,10.92,17.800001
-24.99328,30.81444,15-10-2013,125.9,74.4,3.7,20.7,24.23,8.91,74.0
-27.5275,30.858056,15-10-2013,137.6,68.3,3.4000000000000004,6.4,26.96,11.2699995,65.5
-26.861111,28.884722,15-10-2013,156.2,34.9,1.7000000000000002,1.6,26.699999,8.21,33.2
-27.00222,28.76528,15-10-2013,155.6,40.7,2.0,1.5,27.0,8.33,38.7
-26.648056,27.089444,15-10-2013,180.40001,21.400000000000002,1.1,1.1,28.88,10.42,20.4
-26.970278,27.211111,15-10-2013,178.8,25.1,1.3,1.1,28.769999,10.45,23.9
-26.880278,26.965,15-10-2013,183.3,24.3,1.2000000000000002,1.0,29.17,10.73,23.1
-26.98472222,26.63227778,15-10-2013,186.7,25.1,1.3,0.8,29.539999,11.08,23.9
-25.45963889,28.26430556,15-10-2013,179.8,23.900000000000002,1.2000000000000002,1.7,31.01,12.03,22.800001
-29.161667,23.696389,16-10-2013,195.1,16.2,0.8,0.1,30.429998,10.7,15.400001
-25.81048333,27.90955222,16-10-2013,174.3,20.900000000000002,1.0,1.5,29.41,11.889999,19.9
-24.670833,28.560833,16-10-2013,178.8,32.4,1.6,2.1000001,31.26,11.969999,30.800001
-28.75,30.442778,16-10-2013,139.6,43.5,2.2,3.4,28.81,12.73,41.600002
-29.161667,30.629722,16-10-2013,128.2,66.3,3.3000000000000003,6.1,25.14,10.73,63.600002
-29.160278,26.573333,16-10-2013,177.6,35.300000000000004,1.8,0.7,28.019999,8.57,33.600002
-29.033333,23.983333,16-10-2013,193.8,18.0,0.9,0.2,30.13,9.929999,17.1
-28.768056,20.720556,16-10-2013,202.3,4.4,0.2,0.0,31.42,12.08,4.2000003
-29.161667,23.696389,17-10-2013,228.6,23.5,1.2000000000000002,0.1,33.55,14.0199995,22.300001
-29.744167,29.905833,17-10-2013,137.6,65.7,3.3000000000000003,6.5,26.55,12.599999,63.100002
-27.671111,27.236944,17-10-2013,187.1,51.5,2.6,0.8,30.21,12.95,49.0
-34.250556,20.9925,17-10-2013,147.6,40.1,2.0,3.4,25.84,14.67,38.3
-29.380556,30.2775,21-10-2013,130.7,77.9,3.9000000000000004,6.1,25.8,11.86,74.6
-33.818056,19.694722,21-10-2013,172.3,19.900000000000002,1.0,7.8,27.599998,13.7699995,21.2
-27.01011111,26.69808333,22-10-2013,190.0,46.900000000000006,2.3000000000000003,0.8,30.25,13.719999,44.600002
-34.065833,20.404167,22-10-2013,154.0,25.8,1.3,3.7,27.849998,15.11,24.9
-25.127778,27.628889,22-10-2013,192.6,89.4,4.5,2.0,32.61,16.01,85.0
-25.20639,27.558,22-10-2013,192.2,86.9,4.3,2.1000001,32.48,15.809999,82.6
-24.69514,27.40906,22-10-2013,198.0,90.0,4.5,2.4,33.19,17.34,85.6
-26.648056,27.089444,22-10-2013,180.3,63.2,3.2,1.1,29.42,12.98,60.0
-26.970278,27.211111,22-10-2013,180.90001,64.0,3.2,1.1,29.56,13.03,60.8
-26.880278,26.965,22-10-2013,184.8,56.900000000000006,2.8000000000000003,1.0,29.939999,13.4,54.100002
-26.73806,27.59194,22-10-2013,172.8,78.80000000000001,3.9000000000000004,1.2,28.43,12.559999,74.9
-26.45,28.085833,22-10-2013,165.7,97.4,4.9,1.4,27.81,12.009999,92.6
-26.98472222,26.63227778,22-10-2013,190.6,46.400000000000006,2.3000000000000003,0.8,30.33,13.91,44.100002
-28.141944,26.417778,22-10-2013,198.90001,41.7,2.1,0.7,30.689999,12.799999,39.600002
-29.042222,24.6,22-10-2013,227.40001,25.400000000000002,1.3,0.1,32.95,13.299999,24.2
-29.028629,24.638389,22-10-2013,226.8,25.0,1.3,0.1,32.86,13.29,23.800001
-33.501667,21.624167,22-10-2013,159.90001,31.1,1.6,0.1,25.98,10.86,29.6
-34.075556,20.145556,22-10-2013,157.8,25.400000000000002,1.3,7.8,27.199999,14.219999,26.1
-28.760833,17.730278,23-10-2013,225.5,2.4000000000000004,0.1,0.0,34.34,18.35,2.3
-29.161667,23.696389,23-10-2013,228.6,23.5,1.2000000000000002,0.1,33.55,14.0199995,22.300001
-29.140556,31.391944,23-10-2013,132.3,110.60000000000001,5.5,6.9,28.07,17.43,105.8
-28.801278,31.955389,23-10-2013,137.90001,104.2,5.2,8.0,28.98,17.8,100.200005
-27.169444,29.233889,23-10-2013,151.90001,100.5,5.0,1.3000001,27.0,10.719999,95.5
-26.861111,28.884722,23-10-2013,158.3,106.7,5.300000000000001,1.6,27.48,11.139999,101.4
-27.00222,28.76528,23-10-2013,159.40001,99.4,5.0,1.5,27.68,11.07,94.4
-26.970278,27.211111,23-10-2013,180.90001,64.0,3.2,1.1,29.56,13.03,60.8
-27.38972222,26.46388889,23-10-2013,197.3,45.0,2.3000000000000003,0.8,30.99,13.57,42.8
-26.98472222,26.63227778,23-10-2013,190.6,46.400000000000006,2.3000000000000003,0.8,30.33,13.91,44.100002
-27.398611,26.614722,23-10-2013,195.8,47.7,2.4000000000000004,0.8,30.81,13.599999,45.4
-27.671111,27.236944,23-10-2013,187.1,51.5,2.6,0.8,30.21,12.95,49.0
-34.405833,19.600556,23-10-2013,135.7,28.400000000000002,1.4000000000000001,13.900001,23.189999,13.66,32.9
-28.058889,30.373611,23-10-2013,149.0,94.80000000000001,4.7,4.2000003,28.14,12.42,90.4
-33.897778,20.012778,23-10-2013,167.2,22.3,1.1,6.6,27.88,14.0,22.800001
-28.747778,31.745833,24-10-2013,139.40001,110.5,5.5,5.9,29.31,17.82,105.6
-27.5275,30.858056,24-10-2013,138.0,138.3,6.9,5.8,27.189999,13.219999,131.90001
-28.116667,26.725278,24-10-2013,193.40001,45.1,2.3000000000000003,0.7,30.4,13.17,42.8
-34.329722,18.990278,24-10-2013,136.2,27.3,1.4000000000000001,30.5,22.25,13.66,49.7
-27.573056,24.746389,25-10-2013,220.90001,26.3,1.3,0.3,33.38,14.46,25.0
-25.99136,27.84208,28-10-2013,168.3,92.60000000000001,4.6000000000000005,1.4,28.34,13.179999,88.0
-29.7775,29.470833,28-10-2013,136.0,69.2,3.5,4.0,25.029999,10.469999,66.200005
-29.987778,29.851667,28-10-2013,133.3,66.9,3.3000000000000003,7.6,25.609999,12.009999,64.3
-29.744167,29.905833,28-10-2013,137.6,65.7,3.3000000000000003,6.5,26.55,12.599999,63.100002
-26.45,28.085833,28-10-2013,165.7,97.4,4.9,1.4,27.81,12.009999,92.6
-27.01011111,26.69808333,29-10-2013,190.0,46.900000000000006,2.3000000000000003,0.8,30.25,13.719999,44.600002
-25.73411,27.21422,29-10-2013,179.8,78.10000000000001,3.9000000000000004,1.4,29.9,13.179999,74.200005
-30.733889,29.828333,29-10-2013,131.40001,75.0,3.8000000000000003,6.2000003,25.66,14.299999,71.9
-27.00222,28.76528,29-10-2013,159.40001,99.4,5.0,1.5,27.68,11.07,94.4
-26.648056,27.089444,29-10-2013,180.3,63.2,3.2,1.1,29.42,12.98,60.0
-26.970278,27.211111,29-10-2013,180.90001,64.0,3.2,1.1,29.56,13.03,60.8
-26.880278,26.965,29-10-2013,184.8,56.900000000000006,2.8000000000000003,1.0,29.939999,13.4,54.100002
-27.802778,28.768333,29-10-2013,154.3,80.9,4.0,2.3,26.82,10.36,77.0
-26.98472222,26.63227778,29-10-2013,190.6,46.400000000000006,2.3000000000000003,0.8,30.33,13.91,44.100002
-25.45963889,28.26430556,29-10-2013,177.5,106.4,5.300000000000001,1.6,30.949999,14.15,101.1
-28.338333,31.373611,29-10-2013,136.5,112.9,5.6000000000000005,4.9,28.269999,15.5,107.700005
-28.068333,31.55,29-10-2013,145.90001,102.9,5.1000000000000005,5.1,30.25,17.619999,98.200005
-25.81048333,27.90955222,30-10-2013,173.90001,91.60000000000001,4.6000000000000005,1.5,29.5,14.32,87.1
-30.830556,26.921389,30-10-2013,184.8,46.400000000000006,2.3000000000000003,0.8,28.59,10.67,44.100002
-30.398056,30.601944,30-10-2013,129.8,76.4,3.8000000000000003,7.4,26.449999,18.01,73.4
-30.160091,27.40124,30-10-2013,176.90001,51.900000000000006,2.6,1.0,28.21,11.7699995,49.4
-30.336111,27.359444,30-10-2013,175.1,52.6,2.6,1.0,28.189999,11.4,50.0
-28.883333,27.89,30-10-2013,166.1,54.1,2.7,2.2,27.269999,11.309999,51.600002
-28.768056,20.720556,30-10-2013,234.7,3.6,0.2,0.0,34.469997,15.48,3.4
-31.104278,29.399722,30-10-2013,138.2,72.60000000000001,3.6,5.3,26.07,15.15,69.5
-31.396,29.2651,30-10-2013,140.40001,75.7,3.8000000000000003,5.1,26.349998,16.619999,72.5
-31.554722,29.245556,30-10-2013,133.0,81.30000000000001,4.1000000000000005,5.4,25.449999,15.95,77.9
-28.44555556,32.325,13-02-2014,134.3,102.9,5.1000000000000005,7.5,30.029999,22.25,98.700005
-30.13573889,30.67422222,31-10-2013,130.3,69.3,3.5,6.7000003,26.71,17.81,66.5
-28.69485,28.23487,31-10-2013,159.5,60.7,3.0,2.0,26.39,10.809999,57.8
-28.883333,27.89,31-10-2013,166.1,54.1,2.7,2.2,27.269999,11.309999,51.600002
-31.436944,20.474722,31-10-2013,207.0,4.0,0.2,0.0,29.24,11.03,3.8
-30.570833,29.150556,31-10-2013,140.5,57.300000000000004,2.9000000000000004,3.6000001,25.06,10.51,54.8
-29.744167,29.905833,01-11-2013,137.6,65.7,3.3000000000000003,6.5,26.55,12.599999,63.100002
-30.568333,29.422778,01-11-2013,137.40001,62.0,3.1,4.6,25.109999,10.74,59.3
-31.031389,28.883333,01-11-2013,143.90001,60.5,3.0,3.3,26.099998,13.11,57.7
-30.77586667,29.03221667,01-11-2013,144.90001,57.900000000000006,2.9000000000000004,3.0,26.46,13.15,55.2
-29.803611,30.516111,01-11-2013,129.3,64.60000000000001,3.2,6.5,26.24,14.69,61.9
-26.73806,27.59194,04-11-2013,172.8,78.80000000000001,3.9000000000000004,1.2,28.43,12.559999,74.9
-26.45,28.085833,04-11-2013,165.7,97.4,4.9,1.4,27.81,12.009999,92.6
-27.3,28.586944,04-11-2013,159.1,88.30000000000001,4.4,1.2,27.57,10.92,83.9
-26.98472222,26.63227778,04-11-2013,190.6,46.400000000000006,2.3000000000000003,0.8,30.33,13.91,44.100002
-33.38056,19.30167,04-11-2013,170.2,12.4,0.6000000000000001,12.0,25.64,11.53,16.2
-32.502778,19.535833,04-11-2013,204.6,3.6,0.2,0.5,30.3,13.059999,3.5
-27.01011111,26.69808333,05-11-2013,190.0,46.900000000000006,2.3000000000000003,0.8,30.25,13.719999,44.600002
-31.860278,18.6875,05-11-2013,201.1,4.1000000000000005,0.2,0.6,29.689999,13.53,3.9
-24.679167,30.8025,05-11-2013,137.6,166.20000000000002,8.3,35.5,27.01,13.82,137.6
-33.980556,21.653333,05-11-2013,140.90001,38.900000000000006,1.9000000000000001,1.6,25.439999,13.33,37.100002
-25.127778,27.628889,05-11-2013,192.6,89.4,4.5,2.0,32.61,16.01,85.0
-24.39619444,27.08983333,05-11-2013,201.7,75.9,3.8000000000000003,2.7,33.809998,17.63,72.200005
-24.69514,27.40906,05-11-2013,198.0,90.0,4.5,2.4,33.19,17.34,85.6
-27.169444,29.233889,05-11-2013,151.90001,100.5,5.0,1.3000001,27.0,10.719999,95.5
-26.861111,28.884722,05-11-2013,158.3,106.7,5.300000000000001,1.6,27.48,11.139999,101.4
-26.98472222,26.63227778,05-11-2013,190.6,46.400000000000006,2.3000000000000003,0.8,30.33,13.91,44.100002
-27.398611,26.614722,05-11-2013,195.8,47.7,2.4000000000000004,0.8,30.81,13.599999,45.4
-27.671111,27.236944,05-11-2013,187.1,51.5,2.6,0.8,30.21,12.95,49.0
-32.595833,19.009444,05-11-2013,191.2,5.0,0.30000000000000004,8.0,30.39,13.679999,6.2000003
-29.641944,30.6875,06-11-2013,130.8,59.2,3.0,6.6,27.06,16.27,56.8
-25.20639,27.558,06-11-2013,192.2,86.9,4.3,2.1000001,32.48,15.809999,82.6
-27.00222,28.76528,06-11-2013,159.40001,99.4,5.0,1.5,27.68,11.07,94.4
-27.02314,28.59389,06-11-2013,161.6,97.0,4.800000000000001,1.5,27.81,11.219999,92.200005
-26.970278,27.211111,06-11-2013,180.90001,64.0,3.2,1.1,29.56,13.03,60.8
-26.880278,26.965,06-11-2013,184.8,56.900000000000006,2.8000000000000003,1.0,29.939999,13.4,54.100002
-27.273889,28.49,06-11-2013,162.7,87.9,4.4,1.3000001,27.71,10.96,83.5
-27.4275,28.525833,06-11-2013,158.8,84.4,4.2,2.2,27.519999,10.79,80.3
-33.13083,18.86278,06-11-2013,179.7,8.0,0.4,14.8,29.01,14.559999,13.400001
-33.7075,18.97444444,06-11-2013,174.0,14.100000000000001,0.7000000000000001,18.5,27.699999,14.49,21.5
-32.94583,18.33667,06-11-2013,170.6,6.4,0.30000000000000004,8.7,26.689999,14.17,8.6
-24.058889,31.237222,07-11-2013,144.8,89.30000000000001,4.5,1.0,31.24,19.05,84.8
-27.602222,29.942778,07-11-2013,160.0,105.30000000000001,5.300000000000001,3.7,29.099998,12.759999,100.3
-27.3,28.586944,07-11-2013,159.1,88.30000000000001,4.4,1.2,27.57,10.92,83.9
-27.902778,24.615556,07-11-2013,230.7,24.200000000000003,1.2000000000000002,0.2,33.87,14.639999,23.0
-28.69485,28.23487,07-11-2013,159.5,60.7,3.0,2.0,26.39,10.809999,57.8
-33.31388889,19.07472222,07-11-2013,176.0,10.600000000000001,0.5,16.7,28.269999,13.96,17.0
-27.573056,24.746389,08-11-2013,220.90001,26.3,1.3,0.3,33.38,14.46,25.0
-27.573056,24.746389,10-11-2013,220.90001,26.3,1.3,0.3,33.38,14.46,25.0
-28.760833,17.730278,11-11-2013,225.5,2.4000000000000004,0.1,0.0,34.34,18.35,2.3
-29.161667,23.696389,11-11-2013,228.6,23.5,1.2000000000000002,0.1,33.55,14.0199995,22.300001
-25.99136,27.84208,11-11-2013,168.3,92.60000000000001,4.6000000000000005,1.4,28.34,13.179999,88.0
-26.861111,28.884722,11-11-2013,158.3,106.7,5.300000000000001,1.6,27.48,11.139999,101.4
-30.86013889,29.07125,11-11-2013,143.8,60.300000000000004,3.0,2.3,26.47,13.59,57.4
-27.01011111,26.69808333,12-11-2013,190.0,46.900000000000006,2.3000000000000003,0.8,30.25,13.719999,44.600002
-25.73411,27.21422,12-11-2013,179.8,78.10000000000001,3.9000000000000004,1.4,29.9,13.179999,74.200005
-22.769722,30.886944,12-11-2013,154.40001,101.30000000000001,5.1000000000000005,7.1,31.66,19.49,96.8
-27.00222,28.76528,12-11-2013,159.40001,99.4,5.0,1.5,27.68,11.07,94.4
-26.648056,27.089444,12-11-2013,180.3,63.2,3.2,1.1,29.42,12.98,60.0
-26.970278,27.211111,12-11-2013,180.90001,64.0,3.2,1.1,29.56,13.03,60.8
-26.880278,26.965,12-11-2013,184.8,56.900000000000006,2.8000000000000003,1.0,29.939999,13.4,54.100002
-26.98472222,26.63227778,12-11-2013,190.6,46.400000000000006,2.3000000000000003,0.8,30.33,13.91,44.100002
-33.08883333,19.21878333,12-11-2013,172.6,9.1,0.5,10.0,25.23,10.58,11.6
-25.45963889,28.26430556,12-11-2013,177.5,106.4,5.300000000000001,1.6,30.949999,14.15,101.1
-29.161667,23.696389,13-11-2013,228.6,23.5,1.2000000000000002,0.1,33.55,14.0199995,22.300001
-25.81048333,27.90955222,13-11-2013,173.90001,91.60000000000001,4.6000000000000005,1.5,29.5,14.32,87.1
-22.43772222,31.07805556,13-11-2013,167.7,76.60000000000001,3.8000000000000003,0.4,33.94,20.77,72.8
-28.75,30.442778,13-11-2013,152.1,68.2,3.4000000000000004,3.2,30.119999,15.509999,65.1
-29.161667,30.629722,13-11-2013,132.2,75.0,3.7,5.6,26.08,12.87,71.700005
-28.141944,26.417778,13-11-2013,198.90001,41.7,2.1,0.7,30.689999,12.799999,39.600002
-28.1175,26.719444,13-11-2013,193.40001,45.1,2.3000000000000003,0.7,30.4,13.17,42.8
-29.160278,26.573333,13-11-2013,198.8,39.400000000000006,2.0,0.7,30.099998,11.79,37.4
-29.033333,23.983333,13-11-2013,225.6,24.3,1.2000000000000002,0.2,33.329998,13.44,23.1
-34.02861,22.22222,13-11-2013,130.3,54.400000000000006,2.7,2.5,23.72,13.9,51.8
-34.005833,22.351111,13-11-2013,128.2,67.5,3.4000000000000004,2.9,23.43,13.7699995,64.3
-23.658056,31.05,14-11-2013,148.40001,86.10000000000001,4.3,0.90000004,31.63,19.3,81.8
-29.744167,29.905833,14-11-2013,137.6,65.7,3.3000000000000003,6.5,26.55,12.599999,63.100002
-27.273889,28.49,14-11-2013,162.7,87.9,4.4,1.3000001,27.71,10.96,83.5
-27.4275,28.525833,14-11-2013,158.8,84.4,4.2,2.2,27.519999,10.79,80.3
-27.3,28.586944,14-11-2013,159.1,88.30000000000001,4.4,1.2,27.57,10.92,83.9
-27.398611,26.614722,14-11-2013,195.8,47.7,2.4000000000000004,0.8,30.81,13.599999,45.4
-27.671111,27.236944,14-11-2013,187.1,51.5,2.6,0.8,30.21,12.95,49.0
-34.031944,22.053333,15-11-2013,134.1,44.7,2.2,2.2,24.3,13.889999,42.600002
-34.039722,22.133333,15-11-2013,132.7,47.6,2.4000000000000004,2.4,24.199999,14.19,45.4
-24.925278,29.324444,18-11-2013,154.1,152.3,7.6000000000000005,1.2,30.32,17.9,144.8
-29.380556,30.2775,18-11-2013,122.4,209.5,15.8,77.4,24.75,14.07,122.4
-26.73806,27.59194,18-11-2013,153.90001,153.70000000000002,7.7,1.2,26.91,14.9,146.0
-26.45,28.085833,18-11-2013,147.8,150.6,7.5,1.4,26.31,14.309999,143.1
-33.870833,20.003333,18-11-2013,195.0,8.8,0.4,5.6,30.9,16.09,9.6
-33.818056,19.694722,18-11-2013,203.90001,9.1,0.5,6.4,30.23,15.54,10.0
-27.01011111,26.69808333,19-11-2013,170.6,139.4,7.0,0.8,28.49,15.83,132.40001
-34.065833,20.404167,19-11-2013,182.3,8.5,0.4,3.4,30.31,17.05,8.400001
-25.20639,27.558,19-11-2013,165.2,156.60000000000002,7.800000000000001,2.0,30.429998,17.99,148.8
-24.69514,27.40906,19-11-2013,172.7,157.70000000000002,7.9,2.3,31.24,19.199999,149.90001
-28.747778,31.745833,19-11-2013,137.90001,134.5,6.7,5.4,29.06,20.13,128.3
-27.169444,29.233889,19-11-2013,138.3,147.1,7.4,2.7,25.34,13.0,138.3
-26.861111,28.884722,19-11-2013,143.2,141.8,7.1000000000000005,1.5,25.779999,13.349999,134.8
-27.00222,28.76528,19-11-2013,143.40001,148.3,7.4,1.4,25.97,13.45,140.90001
-26.648056,27.089444,19-11-2013,158.8,152.6,7.6000000000000005,1.0,27.67,15.21,145.0
-26.970278,27.211111,19-11-2013,160.0,146.9,7.300000000000001,1.0,27.789999,15.37,139.6
-26.880278,26.965,19-11-2013,162.6,145.9,7.300000000000001,1.0,28.23,15.67,138.7
-27.3,28.586944,19-11-2013,144.8,156.8,7.800000000000001,5.4,26.099998,13.37,144.8
-26.98472222,26.63227778,19-11-2013,169.1,141.0,7.1000000000000005,0.8,28.58,15.91,134.0
-27.671111,27.236944,19-11-2013,167.2,134.5,6.7,0.8,28.529999,15.2,127.8
-31.396,29.2651,19-11-2013,126.3,197.4,26.5,49.600002,26.029999,18.06,126.3
-31.554722,29.245556,19-11-2013,117.5,205.60000000000002,42.900000000000006,50.5,24.789999,16.99,117.5
-34.075556,20.145556,19-11-2013,185.90001,8.700000000000001,0.4,6.5,29.8,16.22,9.6
-29.161667,23.696389,20-11-2013,210.1,65.10000000000001,3.3000000000000003,0.1,33.309998,16.92,61.9
-25.127778,27.628889,20-11-2013,164.7,154.20000000000002,7.7,2.0,30.5,18.06,146.6
-28.801278,31.955389,20-11-2013,135.3,113.10000000000001,5.7,7.1,28.48,20.05,108.3
-27.937778,31.209444,20-11-2013,136.6,124.0,6.2,5.6,27.75,17.619999,118.3
-28.404444,30.013056,20-11-2013,144.7,165.60000000000002,8.3,16.0,28.07,15.429999,144.7
-27.273889,28.49,20-11-2013,146.2,157.0,7.800000000000001,4.2000003,26.119999,13.49,146.2
-28.883333,27.89,20-11-2013,149.2,170.9,8.5,15.400001,25.949999,13.509999,149.2
-30.568333,29.422778,20-11-2013,126.8,209.5,24.700000000000003,62.600002,24.529999,12.559999,126.8
-31.104278,29.399722,20-11-2013,124.5,207.5,31.1,57.2,25.74,16.74,124.5
-34.250556,20.9925,20-11-2013,177.3,10.3,0.5,3.3,28.17,16.529999,9.900001
-34.329722,18.990278,20-11-2013,164.2,8.700000000000001,0.4,22.1,24.8,15.17,16.7
-25.57877778,29.12747222,20-11-2013,150.0,148.4,7.4,1.4,28.359999,15.69,141.0
-27.5275,30.858056,21-11-2013,130.6,164.20000000000002,8.200000000000001,31.2,26.24,15.75,130.6
-28.116667,26.725278,21-11-2013,175.0,120.10000000000001,6.0,0.7,29.039999,15.63,114.1
-28.69485,28.23487,21-11-2013,144.8,168.4,8.4,17.2,25.16,12.99,144.8
-30.86013889,29.07125,21-11-2013,130.2,201.10000000000002,21.5,51.7,26.01,15.28,130.2
-30.570833,29.150556,21-11-2013,128.2,212.20000000000002,37.7,49.9,24.38,12.42,128.2
-30.77586667,29.03221667,21-11-2013,130.8,204.8,28.200000000000003,48.8,25.9,15.009999,130.8
-34.405833,19.600556,21-11-2013,162.8,8.9,0.4,10.8,25.57,15.29,11.5
-33.897778,20.012778,21-11-2013,197.3,8.200000000000001,0.4,5.5,30.57,15.86,8.900001
-27.902778,24.615556,22-11-2013,198.40001,93.9,4.7,0.2,32.34,17.029999,89.200005
-31.031389,28.883333,22-11-2013,129.5,201.3,19.0,56.100002,25.609999,14.75,129.5
-28.058889,30.373611,22-11-2013,139.90001,166.4,8.3,22.4,26.91,14.54,139.90001
-25.99136,27.84208,25-11-2013,149.40001,163.10000000000002,8.200000000000001,7.0,26.83,15.309999,149.40001
-29.7775,29.470833,25-11-2013,125.5,289.7,125.30000000000001,42.9,23.76,12.16,125.5
-29.744167,29.905833,25-11-2013,129.0,258.2,56.6,79.200005,25.869999,14.73,129.0
-26.45,28.085833,25-11-2013,147.8,150.6,7.5,1.4,26.31,14.309999,143.1
-29.042222,24.6,25-11-2013,205.8,76.60000000000001,3.8000000000000003,0.1,32.17,16.16,72.8
-33.38056,19.30167,25-11-2013,199.0,11.600000000000001,0.6000000000000001,9.6,28.48,13.67,13.5
-32.502778,19.535833,25-11-2013,234.1,9.0,0.4,0.5,32.85,15.63,8.6
-28.338333,31.373611,25-11-2013,133.1,134.0,6.7,4.5,27.769999,17.73,127.6
-28.068333,31.55,25-11-2013,140.8,107.7,5.4,4.7000003,29.9,20.17,102.700005
-28.1175,26.719444,26-07-2011,107.0,3.5,0.2,4.7000003,21.98,2.01,4.6
-28.1175,26.719444,23-08-2011,151.0,0.2,0.0,3.8,27.119999,7.02,1.0
-28.1175,26.719444,30-08-2011,151.0,0.2,0.0,3.8,27.119999,7.02,1.0
-28.1175,26.719444,21-09-2011,185.5,16.5,0.8,3.3,28.84,9.78,16.2
-28.1175,26.719444,29-09-2011,185.5,16.5,0.8,3.3,28.84,9.78,16.2
-28.1175,26.719444,17-11-2011,188.7,84.0,4.2,2.5,29.539999,15.009999,80.1
-27.01011111,26.69808333,26-11-2013,170.6,139.4,7.0,0.8,28.49,15.83,132.40001
-31.860278,18.6875,26-11-2013,221.2,7.4,0.4,0.6,31.59,15.66,7.0
-25.73411,27.21422,26-11-2013,156.2,175.9,8.8,12.3,27.96,15.21,156.2
-30.733889,29.828333,26-11-2013,121.5,231.3,46.6,69.4,25.26,16.039999,121.5
-29.987778,29.851667,26-11-2013,123.8,257.6,57.300000000000004,84.1,25.019999,14.04,123.8
-27.00222,28.76528,26-11-2013,143.40001,148.3,7.4,1.4,25.97,13.45,140.90001
-28.1175,26.719444,07-06-2012,69.4,26.8,1.3,1.5,18.24,0.85999995,25.6
-26.970278,27.211111,26-11-2013,160.0,146.9,7.300000000000001,1.0,27.789999,15.37,139.6
-26.880278,26.965,26-11-2013,162.6,145.9,7.300000000000001,1.0,28.23,15.67,138.7
-26.98472222,26.63227778,26-11-2013,169.1,141.0,7.1000000000000005,0.8,28.58,15.91,134.0
-29.160278,26.573333,26-11-2013,178.6,116.80000000000001,5.800000000000001,0.7,29.199999,14.45,111.0
-29.028629,24.638389,26-11-2013,204.90001,78.10000000000001,3.9000000000000004,0.1,32.11,16.1,74.200005
-28.69485,28.23487,26-11-2013,144.8,168.4,8.4,17.2,25.16,12.99,144.8
-28.1175,26.719444,17-07-2012,117.700005,0.0,0.0,1.3000001,22.47,3.3,0.1
-33.501667,21.624167,26-11-2013,186.2,10.9,0.5,0.1,28.269999,12.78,10.3
-32.595833,19.009444,26-11-2013,222.6,9.9,0.5,7.0,32.94,15.95,10.400001
-28.1175,26.719444,17-09-2012,178.40001,46.900000000000006,2.3000000000000003,1.2,28.21,10.45,44.600002
-25.45963889,28.26430556,26-11-2013,155.0,147.8,7.4,1.6,28.89,16.51,140.5
-29.161667,23.696389,27-11-2013,210.1,65.10000000000001,3.3000000000000003,0.1,33.309998,16.92,61.9
-25.81048333,27.90955222,27-11-2013,153.40001,158.60000000000002,7.9,1.4,27.869999,16.33,150.7
-24.670833,28.560833,27-11-2013,152.8,176.9,8.8,17.300001,28.93,16.51,152.8
-30.398056,30.601944,27-11-2013,124.1,237.70000000000002,39.900000000000006,81.1,26.21,19.83,124.1
-26.861111,28.884722,27-11-2013,143.2,141.8,7.1000000000000005,1.5,25.779999,13.349999,134.8
-29.033333,23.983333,27-11-2013,205.40001,73.0,3.7,0.2,32.82,16.42,69.4
-28.69485,28.23487,27-11-2013,144.8,168.4,8.4,17.2,25.16,12.99,144.8
-29.615556,27.065278,27-11-2013,166.5,140.0,7.0,0.7,27.98,13.71,133.0
-28.883333,27.89,27-11-2013,149.2,170.9,8.5,15.400001,25.949999,13.509999,149.2
-33.7075,18.97444444,27-11-2013,208.90001,11.0,0.5,14.3,30.38,16.609999,14.6
-32.94583,18.33667,27-11-2013,200.2,7.1000000000000005,0.4,7.2000003,28.68,15.95,8.3
-24.282222,28.090278,28-11-2013,153.6,160.20000000000002,8.0,2.0,28.939999,17.1,152.2
-30.13573889,30.67422222,28-11-2013,125.1,227.8,29.3,80.1,26.449999,19.73,125.1
-28.1175,26.719444,18-07-2013,111.200005,0.0,0.0,0.8,21.41,1.8,0.0
-33.31388889,19.07472222,28-11-2013,212.8,11.200000000000001,0.6000000000000001,13.0,31.14,16.24,14.2
-33.13083,18.86278,28-11-2013,215.6,10.100000000000001,0.5,11.7,31.699999,17.029999,12.7
-29.744167,29.905833,29-11-2013,129.0,258.2,56.6,79.200005,25.869999,14.73,129.0
-29.803611,30.516111,29-11-2013,122.4,240.8,41.2,83.8,25.76,16.66,122.4
-26.73806,27.59194,01-12-2013,153.90001,153.70000000000002,7.7,1.2,26.91,14.9,146.0
-28.735556,29.820556,02-12-2013,143.3,175.3,8.8,26.4,28.33,15.849999,143.3
-26.45,28.085833,02-12-2013,147.8,150.6,7.5,1.4,26.31,14.309999,143.1
-25.127778,27.628889,03-12-2013,164.7,154.20000000000002,7.7,2.0,30.5,18.06,146.6
-24.69514,27.40906,03-12-2013,172.7,157.70000000000002,7.9,2.3,31.24,19.199999,149.90001
-27.273889,28.49,03-12-2013,146.2,157.0,7.800000000000001,4.2000003,26.119999,13.49,146.2
-27.4275,28.525833,03-12-2013,145.0,162.4,8.1,11.5,26.0,13.28,145.0
-27.3,28.586944,03-12-2013,144.8,156.8,7.800000000000001,5.4,26.099998,13.37,144.8
-27.398611,26.614722,03-12-2013,177.90001,126.60000000000001,6.300000000000001,0.8,29.17,15.929999,120.3
-30.160091,27.40124,03-12-2013,159.7,143.9,7.2,0.90000004,27.63,13.83,136.8
-30.336111,27.359444,03-12-2013,161.5,139.5,7.0,1.0,27.72,13.349999,132.6
-33.08883333,19.21878333,03-12-2013,201.0,11.9,0.6000000000000001,8.2,27.99,12.91,13.1
-27.4,26.624722,03-12-2013,177.90001,126.60000000000001,6.300000000000001,0.8,29.17,15.929999,120.3
-29.161667,23.696389,04-12-2013,210.1,65.10000000000001,3.3000000000000003,0.1,33.309998,16.92,61.9
-27.01011111,26.69808333,04-12-2013,170.6,139.4,7.0,0.8,28.49,15.83,132.40001
-29.641944,30.6875,04-12-2013,127.200005,211.4,10.600000000000001,80.200005,26.75,18.34,127.200005
-28.1175,26.719444,19-05-2014,73.0,0.0,0.0,0.6,19.15,-0.64,0.0
-28.1175,26.719444,03-06-2014,73.0,0.0,0.0,0.6,19.15,-0.64,0.0
-25.20639,27.558,04-12-2013,165.2,156.60000000000002,7.800000000000001,2.0,30.429998,17.99,148.8
-27.363611,31.783333,04-12-2013,132.8,91.5,4.6000000000000005,7.8,29.66,19.56,87.5
-26.648056,27.089444,04-12-2013,158.8,152.6,7.6000000000000005,1.0,27.67,15.21,145.0
-26.970278,27.211111,04-12-2013,160.0,146.9,7.300000000000001,1.0,27.789999,15.37,139.6
-26.880278,26.965,04-12-2013,162.6,145.9,7.300000000000001,1.0,28.23,15.67,138.7
-26.98472222,26.63227778,04-12-2013,169.1,141.0,7.1000000000000005,0.8,28.58,15.91,134.0
-31.000833,26.353056,04-12-2013,174.6,83.30000000000001,4.2,0.5,28.15,12.17,79.200005
-30.679722,26.7125,04-12-2013,173.7,105.10000000000001,5.300000000000001,0.7,29.189999,13.389999,99.9
-28.1175,26.719444,06-08-2014,104.8,8.8,0.4,0.6,21.779999,3.58,8.400001
-34.039722,22.133333,04-12-2013,153.90001,11.4,0.6000000000000001,2.3,25.769999,15.92,11.0
-28.760833,17.730278,05-12-2013,244.2,0.30000000000000004,0.0,0.0,36.03,21.13,0.3
-26.905,32.324722,05-12-2013,133.0,71.8,3.6,8.3,31.13,20.42,68.8
-28.116667,26.725278,05-12-2013,175.0,120.10000000000001,6.0,0.7,29.039999,15.63,114.1
-34.250556,20.9925,05-12-2013,177.3,10.3,0.5,3.3,28.17,16.529999,9.900001
-34.092222,21.295278,05-12-2013,172.2,10.9,0.5,1.8000001,28.099998,15.759999,10.5
-23.658056,31.05,06-12-2013,141.8,100.2,5.0,0.90000004,31.519999,20.5,95.200005
-23.281,30.54305556,06-12-2013,142.7,110.60000000000001,5.5,6.5,30.46,20.16,105.6
-27.02314,28.59389,07-12-2013,145.3,150.20000000000002,7.5,1.4,26.21,13.59,142.8
-25.99136,27.84208,09-12-2013,149.40001,163.10000000000002,8.200000000000001,7.0,26.83,15.309999,149.40001
-27.935,26.126667,09-12-2013,183.1,103.4,5.2,0.7,29.66,14.99,98.3
-28.141944,26.417778,09-12-2013,180.1,116.4,5.800000000000001,0.7,29.46,15.349999,110.6
-28.1175,26.719444,09-12-2013,175.0,120.10000000000001,6.0,0.7,29.039999,15.63,114.1
-28.116667,26.725278,09-12-2013,175.0,120.10000000000001,6.0,0.7,29.039999,15.63,114.1
-25.73411,27.21422,10-12-2013,156.2,175.9,8.8,12.3,27.96,15.21,156.2
-25.45963889,28.26430556,10-12-2013,155.0,147.8,7.4,1.6,28.89,16.51,140.5
-27.01011111,26.69808333,11-12-2013,170.6,139.4,7.0,0.8,28.49,15.83,132.40001
-25.81048333,27.90955222,11-12-2013,153.40001,158.60000000000002,7.9,1.4,27.869999,16.33,150.7
-28.116667,26.725278,22-02-2011,131.0,82.60000000000001,4.1000000000000005,6.1,29.15,15.08,81.200005
-24.183889,30.823889,11-12-2013,137.6,138.4,6.9,2.4,30.64,19.73,131.5
-24.058889,31.237222,11-12-2013,137.6,111.7,5.6000000000000005,1.0,31.349998,20.43,106.1
-28.116667,26.725278,26-07-2011,107.0,3.5,0.2,4.7000003,21.98,2.01,4.6
-28.116667,26.725278,23-08-2011,151.0,0.2,0.0,3.8,27.119999,7.02,1.0
-28.116667,26.725278,21-09-2011,185.5,16.5,0.8,3.3,28.84,9.78,16.2
-28.116667,26.725278,18-10-2011,195.0,37.4,1.9000000000000001,2.9,29.98,11.49,35.9
-28.116667,26.725278,14-12-2011,188.7,84.0,4.2,2.5,29.539999,15.009999,80.1
-28.116667,26.725278,18-01-2012,146.2,63.5,3.2,2.1000001,30.25,16.029999,60.5
-28.116667,26.725278,15-02-2012,146.2,63.5,3.2,2.1000001,30.25,16.029999,60.5
-28.116667,26.725278,14-03-2012,149.2,32.800000000000004,1.6,1.9,29.72,13.42,31.300001
-26.03611,30.99778,11-12-2013,134.90001,189.4,9.5,71.1,27.65,18.029999,134.90001
-27.5275,30.858056,11-12-2013,130.6,164.20000000000002,8.200000000000001,31.2,26.24,15.75,130.6
-28.75,30.442778,11-12-2013,146.2,162.10000000000002,8.1,11.0,29.279999,17.56,146.2
-28.116667,26.725278,09-05-2012,83.4,0.4,0.0,1.6,23.59,4.31,0.5
-28.116667,26.725278,29-05-2012,69.4,26.8,1.3,1.5,18.24,0.85999995,25.6
-28.116667,26.725278,06-06-2012,69.4,26.8,1.3,1.5,18.24,0.85999995,25.6
-28.116667,26.725278,14-06-2012,69.4,26.8,1.3,1.5,18.24,0.85999995,25.6
-28.116667,26.725278,21-06-2012,72.1,5.9,0.30000000000000004,1.4,17.789999,0.14999999,5.7000003
-28.116667,26.725278,04-07-2012,72.1,5.9,0.30000000000000004,1.4,17.789999,0.14999999,5.7000003
-28.116667,26.725278,01-08-2012,117.700005,0.0,0.0,1.3000001,22.47,3.3,0.1
-28.116667,26.725278,29-08-2012,146.40001,11.5,0.6000000000000001,1.3000001,24.89,5.52,11.0
-28.116667,26.725278,17-09-2012,178.40001,46.900000000000006,2.3000000000000003,1.2,28.21,10.45,44.600002
-28.116667,26.725278,24-10-2012,194.6,31.6,1.6,1.1,30.56,13.429999,30.0
-28.116667,26.725278,15-11-2012,194.6,31.6,1.6,1.1,30.56,13.429999,30.0
-28.404444,30.013056,11-12-2013,144.7,165.60000000000002,8.3,16.0,28.07,15.429999,144.7
-28.116667,26.725278,21-11-2012,179.40001,136.20000000000002,6.800000000000001,1.1,29.26,15.5,129.40001
-28.116667,26.725278,31-01-2013,169.90001,39.800000000000004,2.0,1.0,32.42,15.339999,37.9
-28.116667,26.725278,08-02-2013,169.90001,39.800000000000004,2.0,1.0,32.42,15.339999,37.9
-28.116667,26.725278,20-02-2013,152.90001,46.1,2.3000000000000003,1.0,30.119999,14.25,43.8
-28.116667,26.725278,14-03-2013,152.90001,46.1,2.3000000000000003,1.0,30.119999,14.25,43.8
-28.116667,26.725278,21-03-2013,111.700005,23.0,1.2000000000000002,0.90000004,25.4,8.19,21.9
-29.161667,30.629722,11-12-2013,124.700005,189.0,9.5,60.5,25.109999,14.92,124.700005
-26.648056,27.089444,11-12-2013,158.8,152.6,7.6000000000000005,1.0,27.67,15.21,145.0
-28.116667,26.725278,24-04-2013,82.200005,0.1,0.0,0.90000004,23.019999,4.24,0.2
-26.970278,27.211111,11-12-2013,160.0,146.9,7.300000000000001,1.0,27.789999,15.37,139.6
-26.880278,26.965,11-12-2013,162.6,145.9,7.300000000000001,1.0,28.23,15.67,138.7
-27.38972222,26.46388889,11-12-2013,179.6,124.9,6.2,0.8,29.349998,15.889999,118.6
-26.98472222,26.63227778,11-12-2013,169.1,141.0,7.1000000000000005,0.8,28.58,15.91,134.0
-28.116667,26.725278,16-07-2013,78.4,1.7000000000000002,0.1,0.8,19.52,0.85999995,1.7
-28.116667,26.725278,14-08-2013,111.200005,0.0,0.0,0.8,21.41,1.8,0.0
-28.141944,26.417778,11-12-2013,180.1,116.4,5.800000000000001,0.7,29.46,15.349999,110.6
-28.116667,26.725278,26-09-2013,179.7,27.900000000000002,1.4000000000000001,0.7,28.58,10.0199995,26.5
-28.116667,26.725278,22-10-2013,193.40001,45.1,2.3000000000000003,0.7,30.4,13.17,42.8
-28.1175,26.719444,11-12-2013,175.0,120.10000000000001,6.0,0.7,29.039999,15.63,114.1
-27.671111,27.236944,11-12-2013,167.2,134.5,6.7,0.8,28.529999,15.2,127.8
-28.768056,20.720556,11-12-2013,252.6,19.200000000000003,1.0,0.0,35.739998,18.619999,18.300001
-27.356667,27.286389,11-12-2013,166.2,136.70000000000002,6.800000000000001,0.90000004,28.099998,15.28,129.90001
-24.679167,30.8025,12-12-2013,127.5,211.70000000000002,10.600000000000001,109.1,25.71,15.589999,127.5
-27.937778,31.209444,12-12-2013,136.6,124.0,6.2,5.6,27.75,17.619999,118.3
-29.744167,29.905833,12-12-2013,129.0,258.2,56.6,79.200005,25.869999,14.73,129.0
-26.98472222,26.63227778,12-12-2013,169.1,141.0,7.1000000000000005,0.8,28.58,15.91,134.0
-27.398611,26.614722,12-12-2013,177.90001,126.60000000000001,6.300000000000001,0.8,29.17,15.929999,120.3
-34.031944,22.053333,13-12-2013,155.7,11.100000000000001,0.6000000000000001,2.1000001,25.949999,15.599999,10.7
-28.735556,29.820556,17-12-2013,162.5,54.900000000000006,2.7,14.3,30.91,17.109999,64.200005
-27.935,26.126667,17-12-2013,189.6,48.1,2.4000000000000004,0.7,32.09,17.02,45.7
-28.141944,26.417778,17-12-2013,189.0,43.6,2.2,0.7,32.079998,17.44,41.4
-28.1175,26.719444,17-12-2013,184.7,43.6,2.2,0.7,31.88,17.65,41.4
-28.116667,26.725278,17-12-2013,184.7,43.6,2.2,0.7,31.88,17.65,41.4
-28.116667,26.725278,02-04-2014,106.5,22.400000000000002,1.1,0.6,25.38,8.2,21.300001
-29.160278,26.573333,17-12-2013,192.6,31.6,1.6,0.7,32.71,16.529999,30.1
-29.042222,24.6,17-12-2013,216.6,42.6,2.1,0.1,35.17,18.48,40.4
-29.028629,24.638389,17-12-2013,215.2,44.1,2.2,0.1,35.07,18.369999,41.9
-29.033333,23.983333,17-12-2013,219.8,38.300000000000004,1.9000000000000001,0.2,35.67,18.5,36.4
-33.501667,21.624167,17-12-2013,179.1,52.5,2.6,0.1,30.09,14.92,49.9
-27.01011111,26.69808333,18-12-2013,181.0,69.60000000000001,3.5,0.7,31.22,17.539999,66.1
-22.225556,29.990556,18-12-2013,154.7,96.0,4.800000000000001,0.2,33.42,22.949999,91.200005
-25.127778,27.628889,18-12-2013,180.2,76.60000000000001,3.8000000000000003,1.9,32.37,19.73,72.8
-28.116667,26.725278,20-05-2014,73.0,0.0,0.0,0.6,19.15,-0.64,0.0
-25.20639,27.558,18-12-2013,178.40001,77.60000000000001,3.9000000000000004,1.9,32.12,19.55,73.8
-24.39619444,27.08983333,18-12-2013,180.5,77.10000000000001,3.9000000000000004,2.5,32.73,20.789999,73.3
-28.116667,26.725278,02-07-2014,74.9,0.0,0.0,0.6,18.71,-0.78,0.0
-24.69514,27.40906,18-12-2013,180.3,81.9,4.1000000000000005,2.3,32.34,20.67,77.9
-28.116667,26.725278,15-07-2014,74.9,0.0,0.0,0.6,18.71,-0.78,0.0
-27.602222,29.942778,18-12-2013,161.7,73.8,3.7,11.900001,29.14,16.08,74.0
-29.380556,30.2775,18-12-2013,147.8,54.1,2.7,28.5,27.47,15.5199995,100.3
-28.116667,26.725278,29-07-2014,104.8,8.8,0.4,0.6,21.779999,3.58,8.400001
-28.116667,26.725278,18-08-2014,148.7,1.0,0.0,0.6,27.96,7.29,0.90000004
-28.116667,26.725278,20-08-2014,148.7,1.0,0.0,0.6,27.96,7.29,0.90000004
-26.648056,27.089444,18-12-2013,171.1,75.2,3.8000000000000003,1.0,29.99,16.84,71.5
-28.116667,26.725278,26-08-2014,148.7,1.0,0.0,0.6,27.96,7.29,0.90000004
-26.970278,27.211111,18-12-2013,172.7,67.9,3.4000000000000004,1.0,30.289999,17.039999,64.5
-28.116667,26.725278,09-09-2014,148.7,1.0,0.0,0.6,27.96,7.29,0.90000004
-26.880278,26.965,18-12-2013,173.7,71.2,3.6,1.0,30.63,17.25,67.700005
-27.671111,27.236944,18-12-2013,178.40001,51.400000000000006,2.6,0.8,31.09,16.76,48.8
-28.116667,26.725278,15-10-2014,190.1,11.600000000000001,0.6000000000000001,0.5,29.38,11.219999,11.0
-24.058889,31.237222,19-12-2013,152.3,73.4,3.7,1.0,31.99,21.63,69.700005
-28.116667,26.725278,10-11-2014,170.3,165.0,8.200000000000001,0.5,27.08,12.929999,156.8
-28.116667,26.725278,24-11-2014,186.2,64.5,3.2,0.5,30.31,15.799999,61.3
-28.116667,26.725278,25-11-2014,186.2,64.5,3.2,0.5,30.31,15.799999,61.3
-22.43772222,31.07805556,22-12-2013,156.1,104.5,5.2,0.4,33.93,22.119999,99.3
-28.116667,26.725278,05-01-2015,191.5,38.0,1.9000000000000001,0.5,31.88,16.449999,36.100002
-25.99136,27.84208,23-12-2013,165.8,90.0,4.5,6.0,29.199999,17.43,86.4
-26.970278,27.211111,23-12-2013,172.7,67.9,3.4000000000000004,1.0,30.289999,17.039999,64.5
-26.880278,26.965,23-12-2013,173.7,71.2,3.6,1.0,30.63,17.25,67.700005
-25.45963889,28.26430556,23-12-2013,170.7,79.0,3.9000000000000004,1.5,30.84,18.44,75.1
-27.01011111,26.69808333,24-12-2013,181.0,69.60000000000001,3.5,0.7,31.22,17.539999,66.1
-25.81048333,27.90955222,24-12-2013,168.90001,87.4,4.4,1.4,30.08,18.35,83.1
-28.116667,26.725278,10-03-2015,144.0,66.3,3.3000000000000003,0.5,29.15,14.349999,63.0
-25.73411,27.21422,24-12-2013,168.6,95.80000000000001,4.800000000000001,9.5,30.16,17.1,93.8
-26.648056,27.089444,24-12-2013,171.1,75.2,3.8000000000000003,1.0,29.99,16.84,71.5
-26.98472222,26.63227778,24-12-2013,180.40001,72.60000000000001,3.6,0.8,31.38,17.8,69.0
-28.116667,26.725278,14-04-2015,107.0,17.7,0.9,0.5,24.83,9.71,16.800001
-28.116667,26.725278,15-04-2015,107.0,17.7,0.9,0.5,24.83,9.71,16.800001
-28.116667,26.725278,09-06-2015,71.6,29.6,1.5,0.5,18.35,1.1999999,28.1
-28.116667,26.725278,24-06-2015,75.8,12.100000000000001,0.6000000000000001,0.4,18.58,1.99,11.5
-28.116667,26.725278,22-07-2015,107.200005,20.400000000000002,1.0,0.4,22.0,1.3,19.4
-28.116667,26.725278,12-08-2015,107.200005,20.400000000000002,1.0,0.4,22.0,1.3,19.4
-28.116667,26.725278,20-08-2015,147.2,19.3,1.0,0.4,26.39,8.42,18.4
-28.116667,26.725278,08-09-2015,147.2,19.3,1.0,0.4,26.39,8.42,18.4
-28.116667,26.725278,15-10-2015,195.90001,15.4,0.8,0.4,31.31,12.349999,14.6
-28.116667,26.725278,03-11-2015,207.90001,23.6,1.2000000000000002,0.4,29.75,12.03,22.5
-28.116667,26.725278,10-11-2015,207.90001,23.6,1.2000000000000002,0.4,29.75,12.03,22.5
-29.161667,23.696389,25-12-2013,225.5,33.300000000000004,1.7000000000000002,0.1,36.17,19.07,31.6
-28.96362,19.15486,28-12-2013,251.5,24.900000000000002,1.2000000000000002,0.0,38.09,20.6,23.6
-28.1175,26.719444,30-12-2013,184.7,43.6,2.2,0.7,31.88,17.65,41.4
-29.161667,23.696389,01-01-2014,225.5,33.300000000000004,1.7000000000000002,0.1,36.17,19.07,31.6
-29.140556,31.391944,01-01-2014,157.1,65.10000000000001,3.3000000000000003,8.6,30.38,21.16,63.100002
-28.747778,31.745833,01-01-2014,160.1,62.400000000000006,3.1,4.9,31.199999,21.369999,59.7
-25.99136,27.84208,06-01-2014,165.8,90.0,4.5,6.0,29.199999,17.43,86.4
-26.45,28.085833,06-01-2014,163.6,75.2,3.8000000000000003,1.3000001,28.869999,16.3,71.5
-27.935,26.126667,06-01-2014,189.6,48.1,2.4000000000000004,0.7,32.09,17.02,45.7
-28.141944,26.417778,06-01-2014,189.0,43.6,2.2,0.7,32.079998,17.44,41.4
-28.1175,26.719444,06-01-2014,184.7,43.6,2.2,0.7,31.88,17.65,41.4
-28.116667,26.725278,06-01-2014,184.7,43.6,2.2,0.7,31.88,17.65,41.4
-27.169444,29.233889,07-01-2014,155.5,70.0,3.5,2.5,27.779999,14.599999,66.6
-26.861111,28.884722,07-01-2014,158.2,72.7,3.6,1.5,28.109999,15.0,69.1
-27.273889,28.49,07-01-2014,160.1,67.2,3.4000000000000004,3.8,28.869999,15.5,64.3
-25.45963889,28.26430556,07-01-2014,170.7,79.0,3.9000000000000004,1.5,30.84,18.44,75.1
-29.161667,23.696389,08-01-2014,225.5,33.300000000000004,1.7000000000000002,0.1,36.17,19.07,31.6
-27.01011111,26.69808333,08-01-2014,181.0,69.60000000000001,3.5,0.7,31.22,17.539999,66.1
-25.81048333,27.90955222,08-01-2014,168.90001,87.4,4.4,1.4,30.08,18.35,83.1
-29.140556,31.391944,08-01-2014,157.1,65.10000000000001,3.3000000000000003,8.6,30.38,21.16,63.100002
-28.801278,31.955389,08-01-2014,159.1,63.800000000000004,3.2,6.4,30.859999,21.49,61.4
-28.75,30.442778,08-01-2014,167.2,50.2,2.5,8.6,31.82,18.88,50.100002
-28.404444,30.013056,08-01-2014,163.7,60.5,3.0,11.3,30.359999,16.99,62.2
-29.744167,29.905833,08-01-2014,155.1,57.0,2.8000000000000003,29.1,28.789999,16.39,104.200005
-29.161667,30.629722,08-01-2014,146.8,50.900000000000006,2.5,25.7,27.48,16.58,83.1
-27.00222,28.76528,08-01-2014,158.8,69.60000000000001,3.5,1.4,28.49,15.179999,66.1
-27.02314,28.59389,08-01-2014,160.8,69.2,3.5,1.4,28.859999,15.5199995,65.8
-26.648056,27.089444,08-01-2014,171.1,75.2,3.8000000000000003,1.0,29.99,16.84,71.5
-26.970278,27.211111,08-01-2014,172.7,67.9,3.4000000000000004,1.0,30.289999,17.039999,64.5
-26.880278,26.965,08-01-2014,173.7,71.2,3.6,1.0,30.63,17.25,67.700005
-27.273889,28.49,08-01-2014,160.1,67.2,3.4000000000000004,3.8,28.869999,15.5,64.3
-27.4275,28.525833,08-01-2014,159.0,65.10000000000001,3.3000000000000003,8.400001,28.81,15.19,65.0
-27.3,28.586944,08-01-2014,159.8,67.0,3.3000000000000003,4.7000003,28.789999,15.33,64.3
-26.98472222,26.63227778,08-01-2014,180.40001,72.60000000000001,3.6,0.8,31.38,17.8,69.0
-27.044444,27.005,08-01-2014,175.90001,67.10000000000001,3.4000000000000004,0.90000004,30.75,17.32,63.7
-28.69485,28.23487,08-01-2014,155.3,51.2,2.6,9.2,28.25,14.62,56.600002
-29.615556,27.065278,08-01-2014,179.6,36.1,1.8,0.7,31.439999,15.95,34.3
-28.768056,20.720556,08-01-2014,253.7,28.8,1.4000000000000001,0.0,37.17,20.77,27.4
-28.058889,30.373611,08-01-2014,157.90001,67.4,3.4000000000000004,14.6,28.68,15.75,71.8
-27.937778,31.209444,09-01-2014,158.3,65.5,3.3000000000000003,5.2000003,29.81,18.69,62.600002
-27.5275,30.858056,09-01-2014,151.7,82.2,4.1000000000000005,20.300001,28.14,16.8,89.0
-30.679722,26.7125,09-01-2014,192.1,32.9,1.6,0.6,32.94,15.83,31.2
-30.160091,27.40124,09-01-2014,172.7,40.5,2.0,0.90000004,31.08,15.889999,38.5
-30.336111,27.359444,09-01-2014,175.0,41.300000000000004,2.1,0.90000004,31.07,15.46,39.3
-27.671111,27.236944,10-01-2014,178.40001,51.400000000000006,2.6,0.8,31.09,16.76,48.8
-30.534167,24.961944,10-01-2014,218.3,27.5,1.4000000000000001,0.0,33.91,17.08,26.1
-29.380556,30.2775,13-01-2014,147.8,54.1,2.7,28.5,27.47,15.5199995,100.3
-26.73806,27.59194,13-01-2014,166.2,73.8,3.7,1.1,29.46,16.699999,70.1
-26.45,28.085833,13-01-2014,163.6,75.2,3.8000000000000003,1.3000001,28.869999,16.3,71.5
-26.98472222,26.63227778,13-01-2014,180.40001,72.60000000000001,3.6,0.8,31.38,17.8,69.0
-27.01011111,26.69808333,14-01-2014,181.0,69.60000000000001,3.5,0.7,31.22,17.539999,66.1
-29.641944,30.6875,14-01-2014,153.8,30.5,1.5,30.9,29.64,19.92,78.3
-25.127778,27.628889,14-01-2014,180.2,76.60000000000001,3.8000000000000003,1.9,32.37,19.73,72.8
-25.20639,27.558,14-01-2014,178.40001,77.60000000000001,3.9000000000000004,1.9,32.12,19.55,73.8
-24.69514,27.40906,14-01-2014,180.3,81.9,4.1000000000000005,2.3,32.34,20.67,77.9
-25.73411,27.21422,14-01-2014,168.6,95.80000000000001,4.800000000000001,9.5,30.16,17.1,93.8
-24.058889,31.237222,14-01-2014,152.3,73.4,3.7,1.0,31.99,21.63,69.700005
-26.861111,28.884722,14-01-2014,158.2,72.7,3.6,1.5,28.109999,15.0,69.1
-26.648056,27.089444,14-01-2014,171.1,75.2,3.8000000000000003,1.0,29.99,16.84,71.5
-26.970278,27.211111,14-01-2014,172.7,67.9,3.4000000000000004,1.0,30.289999,17.039999,64.5
-26.880278,26.965,14-01-2014,173.7,71.2,3.6,1.0,30.63,17.25,67.700005
-26.98472222,26.63227778,14-01-2014,180.40001,72.60000000000001,3.6,0.8,31.38,17.8,69.0
-28.1175,26.719444,14-01-2014,184.7,43.6,2.2,0.7,31.88,17.65,41.4
-27.044444,27.005,14-01-2014,175.90001,67.10000000000001,3.4000000000000004,0.90000004,30.75,17.32,63.7
-31.396,29.2651,14-01-2014,155.6,67.8,3.4000000000000004,18.300001,29.32,20.14,95.8
-31.554722,29.245556,14-01-2014,147.0,71.2,3.6,18.6,28.0,19.02,99.6
-34.075556,20.145556,14-01-2014,178.0,43.1,2.2,5.6,30.789999,18.199999,41.8
-28.338333,31.373611,14-01-2014,156.6,67.60000000000001,3.4000000000000004,4.2000003,30.22,19.35,64.6
-28.068333,31.55,14-01-2014,162.5,63.7,3.2,4.4,31.96,21.24,60.8
-29.161667,23.696389,15-01-2014,225.5,33.300000000000004,1.7000000000000002,0.1,36.17,19.07,31.6
-24.39619444,27.08983333,15-01-2014,180.5,77.10000000000001,3.9000000000000004,2.5,32.73,20.789999,73.3
-30.568333,29.422778,15-01-2014,150.8,64.4,3.2,23.0,27.63,14.32,100.700005
-30.570833,29.150556,15-01-2014,150.2,66.0,3.3000000000000003,18.4,27.41,14.219999,94.200005
-31.104278,29.399722,15-01-2014,154.0,65.9,3.3000000000000003,21.1,28.849998,18.76,98.8
-22.769722,30.886944,16-01-2014,148.0,120.80000000000001,6.0,6.2000003,31.689999,21.039999,115.200005
-28.44555556,32.325,12-03-2014,112.8,246.8,66.7,74.8,28.68,21.039999,112.8
-27.935,26.126667,16-01-2014,189.6,48.1,2.4000000000000004,0.7,32.09,17.02,45.7
-28.141944,26.417778,16-01-2014,189.0,43.6,2.2,0.7,32.079998,17.44,41.4
-30.86013889,29.07125,16-01-2014,155.0,61.5,3.1,19.0,29.099998,17.27,91.1
-30.77586667,29.03221667,16-01-2014,155.1,62.400000000000006,3.1,18.0,29.0,16.89,90.1
-23.838611,31.640833,17-01-2014,136.3,51.300000000000004,2.6,0.90000004,33.52,21.47,48.7
-27.902778,24.615556,17-01-2014,152.40001,83.30000000000001,4.2,0.2,32.61,18.5,79.1
-31.031389,28.883333,17-01-2014,118.700005,145.9,7.300000000000001,40.600002,27.539999,16.93,118.700005
-29.042222,24.6,20-01-2014,153.90001,68.7,3.4000000000000004,0.1,32.38,17.869999,65.200005
-29.033333,23.983333,20-01-2014,157.6,80.60000000000001,4.0,0.2,32.96,17.97,76.6
-28.760833,17.730278,21-01-2014,205.6,7.2,0.4,0.0,37.3,22.98,6.8
-24.670833,28.560833,21-01-2014,144.1,92.60000000000001,4.6000000000000005,11.2,30.23,17.41,90.3
-28.141944,26.417778,21-01-2014,138.2,89.2,4.5,0.7,29.529999,17.029999,84.700005
-28.1175,26.719444,21-01-2014,137.3,101.2,5.1000000000000005,0.7,29.42,17.109999,96.200005
-29.028629,24.638389,21-01-2014,153.90001,67.5,3.4000000000000004,0.1,32.36,17.76,64.1
-29.1825,23.575556,21-01-2014,173.2,81.80000000000001,4.1000000000000005,0.1,33.71,18.699999,77.700005
-34.031944,22.053333,21-01-2014,131.90001,18.400000000000002,0.9,1.9,27.51,17.89,17.5
-34.039722,22.133333,21-01-2014,130.0,19.1,1.0,2.1000001,27.32,18.18,18.300001
-25.57877778,29.12747222,21-01-2014,142.1,138.1,6.9,1.4,29.63,16.619999,131.2
-29.161667,23.696389,22-01-2014,167.7,82.0,4.1000000000000005,0.1,33.57,18.57,77.9
-24.282222,28.090278,22-01-2014,140.0,105.60000000000001,5.300000000000001,1.9,29.8,17.77,100.3
-25.99136,27.84208,22-01-2014,134.0,178.9,8.9,42.0,28.07,16.279999,134.0
-24.925278,29.324444,22-01-2014,148.5,91.10000000000001,4.6000000000000005,1.1,31.429998,18.5,86.5
-27.363611,31.783333,22-01-2014,138.6,98.7,4.9,6.9,31.48,20.59,94.200005
-27.602222,29.942778,22-01-2014,133.5,196.5,19.1,55.8,28.15,15.9,133.5
-29.744167,29.905833,22-01-2014,124.8,156.70000000000002,7.800000000000001,53.2,27.51,16.31,124.8
-26.45,28.085833,22-01-2014,131.3,179.9,9.0,40.9,27.49,15.37,131.3
-27.671111,27.236944,22-01-2014,133.6,124.2,6.2,0.8,28.76,16.23,118.0
-34.02861,22.22222,22-01-2014,127.4,20.5,1.0,2.2,26.82,17.949999,19.6
-34.405833,19.600556,22-01-2014,136.6,7.0,0.30000000000000004,7.6,26.64,17.47,7.9
-27.01011111,26.69808333,23-01-2014,137.6,142.70000000000002,7.1000000000000005,0.7,29.0,16.94,135.6
-26.905,32.324722,23-01-2014,139.1,92.60000000000001,4.6000000000000005,7.3,32.66,21.869999,88.4
-27.169444,29.233889,23-01-2014,125.3,176.8,10.600000000000001,43.3,26.21,13.88,125.3
-27.00222,28.76528,23-01-2014,128.40001,180.10000000000002,9.0,44.0,27.18,14.5199995,128.40001
-26.648056,27.089444,23-01-2014,134.2,163.70000000000002,8.200000000000001,22.300001,28.3,16.07,134.2
-26.970278,27.211111,23-01-2014,134.3,148.8,7.4,8.0,28.439999,16.38,134.3
-26.880278,26.965,23-01-2014,135.6,149.20000000000002,7.5,7.1,28.699999,16.619999,135.6
-27.38972222,26.46388889,23-01-2014,141.2,122.9,6.1000000000000005,0.7,29.84,17.51,116.700005
-26.98472222,26.63227778,23-01-2014,137.90001,144.5,7.2,0.8,29.179998,17.199999,137.3
-27.398611,26.614722,23-01-2014,139.8,125.4,6.300000000000001,0.7,29.66,17.35,119.1
-25.45963889,28.26430556,23-01-2014,142.2,162.20000000000002,8.1,13.400001,30.25,17.52,142.2
-33.897778,20.012778,23-01-2014,161.3,6.800000000000001,0.30000000000000004,4.1,31.81,18.199999,7.1
-25.81048333,27.90955222,24-01-2014,138.40001,168.9,8.4,23.4,29.269999,17.31,138.40001
-29.803611,30.516111,26-01-2014,125.700005,137.20000000000002,6.9,35.4,27.99,18.81,125.700005
-30.733889,29.828333,27-01-2014,121.8,143.8,7.2,40.3,27.529999,18.44,121.8
-26.45,28.085833,27-01-2014,131.3,179.9,9.0,40.9,27.49,15.37,131.3
-29.160278,26.573333,27-01-2014,134.40001,100.7,5.0,0.6,29.529999,16.19,95.700005
-33.38056,19.30167,27-01-2014,170.6,3.9000000000000004,0.2,6.9,30.289999,15.94,4.8
-32.502778,19.535833,27-01-2014,189.5,2.6,0.1,0.5,34.48,17.83,2.4
-27.01011111,26.69808333,28-01-2014,137.6,142.70000000000002,7.1000000000000005,0.7,29.0,16.94,135.6
-25.127778,27.628889,28-01-2014,147.0,163.10000000000002,8.200000000000001,9.900001,31.46,18.98,147.0
-24.69514,27.40906,28-01-2014,149.3,158.8,7.9,3.8,31.82,19.89,149.3
-25.73411,27.21422,28-01-2014,136.1,194.4,20.0,47.8,28.859999,16.539999,136.1
-28.735556,29.820556,28-01-2014,130.7,184.20000000000002,24.6,43.2,29.529999,17.02,130.7
-27.00222,28.76528,28-01-2014,128.40001,180.10000000000002,9.0,44.0,27.18,14.5199995,128.40001
-26.648056,27.089444,28-01-2014,134.2,163.70000000000002,8.200000000000001,22.300001,28.3,16.07,134.2
-26.970278,27.211111,28-01-2014,134.3,148.8,7.4,8.0,28.439999,16.38,134.3
-26.880278,26.965,28-01-2014,135.6,149.20000000000002,7.5,7.1,28.699999,16.619999,135.6
-26.98472222,26.63227778,28-01-2014,137.90001,144.5,7.2,0.8,29.179998,17.199999,137.3
-27.398611,26.614722,28-01-2014,139.8,125.4,6.300000000000001,0.7,29.66,17.35,119.1
-33.501667,21.624167,28-01-2014,156.3,14.0,0.7000000000000001,0.1,30.07,15.389999,13.3
-32.595833,19.009444,28-01-2014,192.2,1.8,0.1,5.6,34.37,18.1,2.3
-25.20639,27.558,29-01-2014,145.8,165.5,8.3,13.400001,31.21,18.75,145.8
-28.768056,20.720556,29-01-2014,191.90001,63.400000000000006,3.2,0.0,35.739998,20.119999,60.2
-33.13083,18.86278,29-01-2014,180.40001,2.2,0.1,8.3,33.18,19.1,3.5
-33.7075,18.97444444,29-01-2014,180.3,3.7,0.2,10.0,32.219997,18.82,5.3
-32.94583,18.33667,29-01-2014,169.1,1.6,0.1,5.3,29.98,17.68,2.3
-30.13573889,30.67422222,30-01-2014,128.8,149.6,7.5,42.7,28.84,21.77,128.8
-27.38972222,26.46388889,30-01-2014,141.2,122.9,6.1000000000000005,0.7,29.84,17.51,116.700005
-33.31388889,19.07472222,30-01-2014,181.3,3.1,0.2,9.2,32.66,18.5,4.5
-29.380556,30.2775,31-01-2014,120.6,178.3,8.9,77.3,26.609999,15.69,120.6
-22.769722,30.886944,03-02-2014,130.8,42.2,2.1,5.8,31.39,20.789999,40.4
-26.73806,27.59194,03-02-2014,132.3,160.10000000000002,8.0,21.0,27.84,15.78,132.3
-26.45,28.085833,03-02-2014,131.3,179.9,9.0,40.9,27.49,15.37,131.3
-33.08883333,19.21878333,03-02-2014,168.40001,3.3000000000000003,0.2,6.1,29.67,15.219999,4.1
-28.747778,31.745833,04-02-2014,136.5,116.80000000000001,5.800000000000001,4.6,30.47,21.46,111.3
-27.398611,26.614722,04-02-2014,139.8,125.4,6.300000000000001,0.7,29.66,17.35,119.1
-25.45963889,28.26430556,04-02-2014,142.2,162.20000000000002,8.1,13.400001,30.25,17.52,142.2
-27.495556,26.074722,04-02-2014,141.0,111.2,5.6000000000000005,0.7,29.76,17.279999,105.6
-27.4,26.624722,04-02-2014,139.8,125.4,6.300000000000001,0.7,29.66,17.35,119.1
-28.760833,17.730278,05-02-2014,205.6,7.2,0.4,0.0,37.3,22.98,6.8
-29.161667,23.696389,05-02-2014,167.7,82.0,4.1000000000000005,0.1,33.57,18.57,77.9
-27.01011111,26.69808333,05-02-2014,137.6,142.70000000000002,7.1000000000000005,0.7,29.0,16.94,135.6
-25.81048333,27.90955222,05-02-2014,138.40001,168.9,8.4,23.4,29.269999,17.31,138.40001
-29.140556,31.391944,05-02-2014,132.6,117.4,5.9,7.6,29.689999,21.49,112.5
-28.801278,31.955389,05-02-2014,135.8,112.60000000000001,5.6000000000000005,5.8,30.3,21.779999,107.5
-28.404444,30.013056,05-02-2014,132.6,204.20000000000002,36.5,46.4,28.9,16.57,132.6
-29.744167,29.905833,05-02-2014,124.8,156.70000000000002,7.800000000000001,53.2,27.51,16.31,124.8
-26.970278,27.211111,05-02-2014,134.3,148.8,7.4,8.0,28.439999,16.38,134.3
-26.880278,26.965,05-02-2014,135.6,149.20000000000002,7.5,7.1,28.699999,16.619999,135.6
-26.98472222,26.63227778,05-02-2014,137.90001,144.5,7.2,0.8,29.179998,17.199999,137.3
-28.116667,26.725278,05-02-2014,137.3,101.2,5.1000000000000005,0.7,29.42,17.109999,96.200005
-27.044444,27.005,05-02-2014,135.40001,143.4,7.2,1.8000001,28.74,16.6,135.40001
-29.033333,23.983333,05-02-2014,157.6,80.60000000000001,4.0,0.2,32.96,17.97,76.6
-28.69485,28.23487,05-02-2014,119.6,138.9,6.9,21.6,26.55,14.589999,119.6
-27.937778,31.209444,06-02-2014,136.1,165.70000000000002,8.3,26.5,28.96,18.47,136.1
-30.160091,27.40124,06-02-2014,126.6,115.30000000000001,5.800000000000001,0.90000004,28.56,15.559999,109.6
-30.336111,27.359444,06-02-2014,125.4,120.2,6.0,0.90000004,28.64,15.19,114.200005
-30.830556,26.921389,07-02-2014,138.1,110.5,5.5,0.7,29.179998,15.07,105.0
-27.671111,27.236944,07-02-2014,133.6,124.2,6.2,0.8,28.76,16.23,118.0
-29.658056,25.973333,07-02-2014,138.90001,77.2,3.9000000000000004,0.6,29.46,15.96,73.3
-30.679722,26.7125,07-02-2014,133.6,105.7,5.300000000000001,0.6,29.869999,15.71,100.4
-29.641944,30.6875,08-02-2014,129.3,126.2,6.300000000000001,28.0,29.07,20.279999,122.8
-26.648056,27.089444,10-02-2014,134.2,163.70000000000002,8.200000000000001,22.300001,28.3,16.07,134.2
-26.98472222,26.63227778,10-02-2014,137.90001,144.5,7.2,0.8,29.179998,17.199999,137.3
-31.396,29.2651,10-02-2014,121.3,153.60000000000002,7.7,42.9,28.22,20.359999,121.3
-31.554722,29.245556,10-02-2014,114.5,157.0,10.5,50.5,27.019999,19.23,114.5
-27.01011111,26.69808333,11-02-2014,137.6,142.70000000000002,7.1000000000000005,0.7,29.0,16.94,135.6
-25.127778,27.628889,11-02-2014,147.0,163.10000000000002,8.200000000000001,9.900001,31.46,18.98,147.0
-25.20639,27.558,11-02-2014,145.8,165.5,8.3,13.400001,31.21,18.75,145.8
-24.69514,27.40906,11-02-2014,149.3,158.8,7.9,3.8,31.82,19.89,149.3
-26.970278,27.211111,11-02-2014,134.3,148.8,7.4,8.0,28.439999,16.38,134.3
-26.880278,26.965,11-02-2014,135.6,149.20000000000002,7.5,7.1,28.699999,16.619999,135.6
-27.802778,28.768333,11-02-2014,121.200005,155.0,13.4,31.300001,26.46,13.99,121.200005
-26.98472222,26.63227778,11-02-2014,137.90001,144.5,7.2,0.8,29.179998,17.199999,137.3
-27.935,26.126667,11-02-2014,139.7,86.30000000000001,4.3,0.7,29.779999,16.92,82.0
-28.116667,26.725278,11-02-2014,137.3,101.2,5.1000000000000005,0.7,29.42,17.109999,96.200005
-27.044444,27.005,11-02-2014,135.40001,143.4,7.2,1.8000001,28.74,16.6,135.40001
-29.160278,26.573333,11-02-2014,134.40001,100.7,5.0,0.6,29.529999,16.19,95.700005
-28.883333,27.89,11-02-2014,120.3,129.20000000000002,6.5,11.5,27.06,15.17,120.3
-30.568333,29.422778,11-02-2014,117.8,140.20000000000002,7.0,38.4,26.22,14.42,117.8
-30.570833,29.150556,11-02-2014,116.6,142.9,7.1000000000000005,37.5,25.769999,14.09,116.6
-31.104278,29.399722,11-02-2014,120.200005,152.4,7.6000000000000005,45.600002,27.89,19.01,120.200005
-28.338333,31.373611,11-02-2014,134.6,146.20000000000002,7.300000000000001,8.5,29.279999,19.26,134.6
-28.068333,31.55,11-02-2014,140.8,125.4,6.300000000000001,4.1,31.26,21.21,119.4
-29.161667,23.696389,12-02-2014,167.7,82.0,4.1000000000000005,0.1,33.57,18.57,77.9
-24.39619444,27.08983333,12-02-2014,150.5,142.9,7.1000000000000005,2.5,32.309998,20.039999,135.8
-23.658056,31.05,12-02-2014,134.2,41.2,2.1,0.90000004,32.11,21.08,39.2
-23.281,30.54305556,12-02-2014,130.3,50.7,2.5,5.7000003,30.769999,20.63,48.600002
-24.058889,31.237222,12-02-2014,134.0,48.800000000000004,2.4000000000000004,1.0,32.03,20.89,46.4
-28.75,30.442778,12-02-2014,138.5,154.0,7.7,16.4,30.65,19.029999,138.5
-29.161667,30.629722,12-02-2014,123.9,157.60000000000002,7.9,51.5,26.96,16.96,123.9
-26.45,28.085833,12-02-2014,131.3,179.9,9.0,40.9,27.49,15.37,131.3
-27.044444,27.005,12-02-2014,135.40001,143.4,7.2,1.8000001,28.74,16.6,135.40001
-29.615556,27.065278,12-02-2014,128.7,112.80000000000001,5.6000000000000005,0.7,28.619999,15.7,107.200005
-31.031389,28.883333,12-02-2014,118.700005,145.9,7.300000000000001,40.600002,27.539999,16.93,118.700005
-30.86013889,29.07125,12-02-2014,120.200005,142.8,7.1000000000000005,34.5,27.88,17.43,120.200005
-30.570833,29.150556,12-02-2014,116.6,142.9,7.1000000000000005,37.5,25.769999,14.09,116.6
-30.77586667,29.03221667,12-02-2014,121.0,141.3,7.1000000000000005,31.2,27.73,17.02,121.0
-32.94583,18.33667,12-02-2014,169.1,1.6,0.1,5.3,29.98,17.68,2.3
-28.44555556,32.325,09-04-2014,97.0,115.5,18.5,74.8,27.849998,17.619999,97.0
-27.4275,28.525833,13-02-2014,126.6,160.10000000000002,8.0,33.9,27.349998,14.559999,126.6
-34.031944,22.053333,13-02-2014,131.90001,18.400000000000002,0.9,1.9,27.51,17.89,17.5
-34.329722,18.990278,13-02-2014,136.7,5.300000000000001,0.30000000000000004,14.5,26.0,17.16,8.0
-33.13083,18.86278,13-02-2014,180.40001,2.2,0.1,8.3,33.18,19.1,3.5
-33.897778,20.012778,13-02-2014,161.3,6.800000000000001,0.30000000000000004,4.1,31.81,18.199999,7.1
-24.679167,30.8025,14-02-2014,123.4,121.10000000000001,6.1000000000000005,90.200005,25.82,16.21,119.5
-27.935,26.126667,14-02-2014,139.7,86.30000000000001,4.3,0.7,29.779999,16.92,82.0
-34.039722,22.133333,14-02-2014,130.0,19.1,1.0,2.1000001,27.32,18.18,18.300001
-34.02861,22.22222,14-02-2014,127.4,20.5,1.0,2.2,26.82,17.949999,19.6
-25.99136,27.84208,17-02-2014,108.1,70.5,3.5,17.6,26.25,14.0,91.3
-28.735556,29.820556,17-02-2014,115.200005,79.10000000000001,4.0,17.9,28.01,15.07,100.5
-26.648056,27.089444,17-02-2014,117.4,40.7,2.0,12.2,26.529999,13.71,48.8
-27.935,26.126667,17-02-2014,131.6,38.5,1.9000000000000001,0.7,27.73,13.32,36.600002
-28.1175,26.719444,17-02-2014,128.5,45.800000000000004,2.3000000000000003,0.6,27.42,14.15,43.5
-28.116667,26.725278,17-02-2014,128.5,45.800000000000004,2.3000000000000003,0.6,27.42,14.15,43.5
-29.042222,24.6,17-02-2014,163.0,32.0,1.6,0.1,29.929998,14.34,30.4
-29.033333,23.983333,17-02-2014,167.6,32.0,1.6,0.2,30.56,14.29,30.4
-33.818056,19.694722,17-02-2014,142.7,45.0,2.3000000000000003,4.2000003,27.97,14.61,43.3
-33.08883333,19.21878333,17-02-2014,146.6,32.7,1.6,5.4,26.22,11.5199995,31.800001
-27.01011111,26.69808333,18-02-2014,125.1,36.0,1.8,0.7,27.289999,14.44,34.2
-27.602222,29.942778,18-02-2014,112.8,92.30000000000001,4.6000000000000005,39.9,26.539999,14.04,103.6
-26.970278,27.211111,18-02-2014,119.8,43.0,2.1,6.4,26.789999,13.96,42.5
-26.880278,26.965,18-02-2014,120.9,39.300000000000004,2.0,5.7000003,26.98,14.16,38.600002
-26.98472222,26.63227778,18-02-2014,125.700005,35.9,1.8,0.7,27.449999,14.7,34.100002
-29.160278,26.573333,18-02-2014,130.8,55.800000000000004,2.8000000000000003,0.6,27.39,12.79,53.100002
-29.028629,24.638389,18-02-2014,162.7,32.2,1.6,0.1,29.849998,14.36,30.6
-34.075556,20.145556,18-02-2014,131.1,40.5,2.0,4.3,27.43,15.429999,39.0
-32.595833,19.009444,18-02-2014,162.1,19.900000000000002,1.0,5.1,30.65,14.75,19.4
-25.45963889,28.26430556,18-02-2014,115.200005,85.4,4.3,10.5,28.48,15.929999,84.0
-27.495556,26.074722,18-02-2014,134.1,35.5,1.8,0.7,27.949999,14.059999,33.8
-29.161667,23.696389,19-02-2014,173.6,32.2,1.6,0.1,30.949999,14.7,30.6
-25.81048333,27.90955222,19-02-2014,111.9,69.60000000000001,3.5,14.5,27.48,15.309999,75.0
-26.905,32.324722,19-02-2014,116.200005,110.9,5.5,6.9,30.98,20.76,105.8
-29.744167,29.905833,19-02-2014,109.9,90.0,4.5,41.2,26.01,14.139999,97.4
-27.169444,29.233889,19-02-2014,105.700005,71.60000000000001,3.6,19.5,24.59,11.84,91.8
-27.00222,28.76528,19-02-2014,110.0,72.3,3.6,19.4,25.51,12.29,93.3
-26.73806,27.59194,19-02-2014,113.700005,47.300000000000004,2.4000000000000004,12.400001,25.99,13.19,53.5
-26.45,28.085833,19-02-2014,110.200005,68.3,3.4000000000000004,17.300001,25.63,13.099999,88.5
-29.033333,23.983333,19-02-2014,167.6,32.0,1.6,0.2,30.56,14.29,30.4
-28.69485,28.23487,19-02-2014,110.5,66.7,3.3000000000000003,9.8,24.63,11.509999,75.1
-28.883333,27.89,19-02-2014,112.200005,63.5,3.2,7.8,24.88,11.91,64.0
-33.7075,18.97444444,19-02-2014,148.7,52.900000000000006,2.6,8.7,28.47,15.24,51.5
-25.57877778,29.12747222,19-02-2014,117.3,106.60000000000001,5.300000000000001,1.3000001,28.05,14.99,101.4
-30.830556,26.921389,20-02-2014,130.1,54.7,2.7,0.7,26.59,12.29,52.0
-28.1175,26.719444,20-02-2014,128.5,45.800000000000004,2.3000000000000003,0.6,27.42,14.15,43.5
-29.658056,25.973333,20-02-2014,135.2,48.5,2.4000000000000004,0.6,27.21,12.57,46.100002
-30.679722,26.7125,20-02-2014,130.7,55.7,2.8000000000000003,0.6,27.15,12.54,53.0
-30.160091,27.40124,20-02-2014,121.5,64.10000000000001,3.2,0.90000004,26.16,12.7699995,60.9
-30.336111,27.359444,20-02-2014,122.9,61.800000000000004,3.1,0.90000004,26.25,12.53,58.7
-33.31388889,19.07472222,20-02-2014,151.90001,38.5,1.9000000000000001,8.0,29.189999,15.089999,37.7
-24.925278,29.324444,21-02-2014,120.5,90.4,4.5,1.1,29.31,17.02,85.9
-30.534167,24.961944,21-02-2014,155.3,34.7,1.7000000000000002,0.0,27.99,13.389999,33.0
-29.7775,29.470833,24-02-2014,104.5,100.7,5.0,37.3,23.75,11.42,101.200005
-29.744167,29.905833,24-02-2014,109.9,90.0,4.5,41.2,26.01,14.139999,97.4
-26.45,28.085833,24-02-2014,110.200005,68.3,3.4000000000000004,17.300001,25.63,13.099999,88.5
-27.935,26.126667,24-02-2014,131.6,38.5,1.9000000000000001,0.7,27.73,13.32,36.600002
-28.1175,26.719444,24-02-2014,128.5,45.800000000000004,2.3000000000000003,0.6,27.42,14.15,43.5
-28.116667,26.725278,24-02-2014,128.5,45.800000000000004,2.3000000000000003,0.6,27.42,14.15,43.5
-29.160278,26.573333,24-02-2014,130.8,55.800000000000004,2.8000000000000003,0.6,27.39,12.79,53.100002
-27.01011111,26.69808333,25-02-2014,125.1,36.0,1.8,0.7,27.289999,14.44,34.2
-25.127778,27.628889,25-02-2014,122.0,61.2,3.1,8.6,29.65,17.19,59.4
-24.39619444,27.08983333,25-02-2014,122.6,57.800000000000004,2.9000000000000004,2.4,30.24,18.359999,55.0
-24.69514,27.40906,25-02-2014,125.6,64.2,3.2,3.7,29.949999,18.26,61.2
-27.5275,30.858056,25-02-2014,105.6,160.9,44.300000000000004,72.8,26.039999,15.19,105.6
-30.733889,29.828333,25-02-2014,113.1,77.4,3.9000000000000004,22.9,26.42,16.44,91.0
-29.987778,29.851667,25-02-2014,107.8,90.7,4.5,48.4,25.48,13.759999,97.1
-29.380556,30.2775,25-02-2014,104.6,91.9,4.6000000000000005,66.3,25.17,13.969999,98.200005
-26.861111,28.884722,25-02-2014,109.4,75.8,3.8000000000000003,26.7,25.279999,12.219999,94.8
-26.970278,27.211111,25-02-2014,119.8,43.0,2.1,6.4,26.789999,13.96,42.5
-26.880278,26.965,25-02-2014,120.9,39.300000000000004,2.0,5.7000003,26.98,14.16,38.600002
-26.98472222,26.63227778,25-02-2014,125.700005,35.9,1.8,0.7,27.449999,14.7,34.100002
-27.044444,27.005,25-02-2014,121.6,40.400000000000006,2.0,1.7,27.01,14.07,38.5
-33.501667,21.624167,25-02-2014,133.90001,28.3,1.4000000000000001,0.1,27.039999,12.559999,26.9
-28.058889,30.373611,25-02-2014,109.3,85.5,4.3,34.9,25.869999,14.23,99.0
-29.161667,23.696389,26-02-2014,173.6,32.2,1.6,0.1,30.949999,14.7,30.6
-25.20639,27.558,26-02-2014,118.200005,58.7,2.9000000000000004,11.1,29.449999,16.96,58.0
-25.73411,27.21422,26-02-2014,112.5,55.2,2.8000000000000003,17.6,27.17,14.469999,82.6
-26.648056,27.089444,26-02-2014,117.4,40.7,2.0,12.2,26.529999,13.71,48.8
-28.116667,26.725278,26-02-2014,128.5,45.800000000000004,2.3000000000000003,0.6,27.42,14.15,43.5
-27.671111,27.236944,26-02-2014,122.9,46.0,2.3000000000000003,0.7,27.09,13.65,43.7
-28.768056,20.720556,26-02-2014,191.3,30.6,1.5,0.0,32.719997,16.57,29.1
-27.356667,27.286389,26-02-2014,120.6,46.300000000000004,2.3000000000000003,0.8,26.949999,13.7699995,44.0
-30.13573889,30.67422222,27-02-2014,114.5,87.5,4.4,29.800001,27.439999,19.859999,96.1
-30.398056,30.601944,27-02-2014,115.9,79.9,4.0,35.3,27.33,20.25,95.6
-27.902778,24.615556,28-02-2014,155.6,33.1,1.7000000000000002,0.2,30.439999,15.259999,31.5
-29.803611,30.516111,28-02-2014,111.8,90.5,4.5,26.5,26.789999,16.859999,94.9
-26.73806,27.59194,03-03-2014,113.700005,47.300000000000004,2.4000000000000004,12.400001,25.99,13.19,53.5
-26.45,28.085833,03-03-2014,110.200005,68.3,3.4000000000000004,17.300001,25.63,13.099999,88.5
-27.935,26.126667,03-03-2014,131.6,38.5,1.9000000000000001,0.7,27.73,13.32,36.600002
-28.116667,26.725278,03-03-2014,128.5,45.800000000000004,2.3000000000000003,0.6,27.42,14.15,43.5
-32.502778,19.535833,03-03-2014,170.0,17.7,0.9,0.5,30.689999,14.139999,16.800001
-27.356667,27.286389,03-03-2014,120.6,46.300000000000004,2.3000000000000003,0.8,26.949999,13.7699995,44.0
-25.81048333,27.90955222,04-03-2014,111.9,69.60000000000001,3.5,14.5,27.48,15.309999,75.0
-26.861111,28.884722,04-03-2014,109.4,75.8,3.8000000000000003,26.7,25.279999,12.219999,94.8
-27.02314,28.59389,04-03-2014,112.1,71.9,3.6,17.5,25.849998,12.5,88.8
-27.398611,26.614722,04-03-2014,130.6,36.7,1.8,0.7,28.019999,14.7,34.9
-27.671111,27.236944,04-03-2014,122.9,46.0,2.3000000000000003,0.7,27.09,13.65,43.7
-34.039722,22.133333,04-03-2014,113.5,31.3,1.6,2.0,24.82,15.17,29.800001
-27.495556,26.074722,04-03-2014,134.1,35.5,1.8,0.7,27.949999,14.059999,33.8
-27.4,26.624722,04-03-2014,130.6,36.7,1.8,0.7,28.019999,14.7,34.9
-29.161667,23.696389,05-03-2014,173.6,32.2,1.6,0.1,30.949999,14.7,30.6
-27.01011111,26.69808333,05-03-2014,125.1,36.0,1.8,0.7,27.289999,14.44,34.2
-29.140556,31.391944,05-03-2014,111.9,132.9,6.6000000000000005,21.9,28.289999,19.73,111.9
-29.744167,29.905833,05-03-2014,109.9,90.0,4.5,41.2,26.01,14.139999,97.4
-26.880278,26.965,05-03-2014,120.9,39.300000000000004,2.0,5.7000003,26.98,14.16,38.600002
-26.98472222,26.63227778,05-03-2014,125.700005,35.9,1.8,0.7,27.449999,14.7,34.100002
-27.671111,27.236944,05-03-2014,122.9,46.0,2.3000000000000003,0.7,27.09,13.65,43.7
-29.033333,23.983333,05-03-2014,167.6,32.0,1.6,0.2,30.56,14.29,30.4
-34.02861,22.22222,05-03-2014,111.3,32.7,1.6,2.1000001,24.47,14.9,31.2
-33.13083,18.86278,05-03-2014,154.6,31.900000000000002,1.6,7.3,29.56,15.83,31.4
-25.45963889,28.26430556,05-03-2014,115.200005,85.4,4.3,10.5,28.48,15.929999,84.0
-22.769722,30.886944,06-03-2014,113.6,92.4,4.6000000000000005,5.5,29.679998,20.109999,88.1
-27.937778,31.209444,06-03-2014,108.200005,145.9,7.300000000000001,56.9,27.269999,16.949999,108.200005
-26.648056,27.089444,06-03-2014,117.4,40.7,2.0,12.2,26.529999,13.71,48.8
-26.970278,27.211111,06-03-2014,119.8,43.0,2.1,6.4,26.789999,13.96,42.5
-27.398611,26.614722,06-03-2014,130.6,36.7,1.8,0.7,28.019999,14.7,34.9
-27.044444,27.005,06-03-2014,121.6,40.400000000000006,2.0,1.7,27.01,14.07,38.5
-29.651389,22.746389,06-03-2014,182.8,29.5,1.5,0.0,31.289999,15.849999,28.1
-29.1825,23.575556,06-03-2014,176.6,32.2,1.6,0.1,30.98,14.929999,30.6
-34.031944,22.053333,06-03-2014,115.8,30.8,1.5,1.9,25.0,14.87,29.300001
-33.7075,18.97444444,06-03-2014,148.7,52.900000000000006,2.6,8.7,28.47,15.24,51.5
-32.94583,18.33667,06-03-2014,143.3,21.700000000000003,1.1,4.7000003,26.56,14.54,21.2
-28.058889,30.373611,06-03-2014,109.3,85.5,4.3,34.9,25.869999,14.23,99.0
-28.404444,30.013056,07-03-2014,113.9,72.10000000000001,3.6,17.7,27.09,14.74,97.200005
-28.116667,26.725278,07-03-2014,128.5,45.800000000000004,2.3000000000000003,0.6,27.42,14.15,43.5
-29.651389,22.746389,07-03-2014,182.8,29.5,1.5,0.0,31.289999,15.849999,28.1
-34.005833,22.351111,07-03-2014,110.0,36.9,1.8,2.3,24.16,14.88,35.2
-29.380556,30.2775,08-03-2014,104.6,91.9,4.6000000000000005,66.3,25.17,13.969999,98.200005
-26.45,28.085833,10-03-2014,110.200005,68.3,3.4000000000000004,17.300001,25.63,13.099999,88.5
-26.98472222,26.63227778,10-03-2014,125.700005,35.9,1.8,0.7,27.449999,14.7,34.100002
-28.1175,26.719444,10-03-2014,128.5,45.800000000000004,2.3000000000000003,0.6,27.42,14.15,43.5
-31.396,29.2651,10-03-2014,115.8,75.8,3.8000000000000003,18.1,26.75,18.44,96.9
-31.554722,29.245556,10-03-2014,110.5,79.2,4.0,28.2,25.89,17.68,97.5
-27.01011111,26.69808333,11-03-2014,125.1,36.0,1.8,0.7,27.289999,14.44,34.2
-24.183889,30.823889,11-03-2014,114.700005,102.60000000000001,5.1000000000000005,2.2,29.92,20.06,97.6
-26.861111,28.884722,11-03-2014,109.4,75.8,3.8000000000000003,26.7,25.279999,12.219999,94.8
-26.648056,27.089444,11-03-2014,117.4,40.7,2.0,12.2,26.529999,13.71,48.8
-26.970278,27.211111,11-03-2014,119.8,43.0,2.1,6.4,26.789999,13.96,42.5
-26.880278,26.965,11-03-2014,120.9,39.300000000000004,2.0,5.7000003,26.98,14.16,38.600002
-26.98472222,26.63227778,11-03-2014,125.700005,35.9,1.8,0.7,27.449999,14.7,34.100002
-27.902778,24.615556,02-08-2012,131.7,0.0,0.0,0.3,24.38,3.9199998,0.0
-27.044444,27.005,11-03-2014,121.6,40.400000000000006,2.0,1.7,27.01,14.07,38.5
-30.568333,29.422778,11-03-2014,108.6,73.9,3.7,20.800001,24.82,12.389999,87.8
-30.570833,29.150556,11-03-2014,108.1,68.8,3.4000000000000004,17.7,24.33,11.98,85.200005
-31.104278,29.399722,11-03-2014,113.4,75.0,3.8000000000000003,22.5,26.41,16.91,94.4
-34.092222,21.295278,11-03-2014,122.6,34.6,1.7000000000000002,1.5,26.75,15.07,33.0
-29.161667,23.696389,12-03-2014,173.6,32.2,1.6,0.1,30.949999,14.7,30.6
-28.7115,24.07288889,12-03-2014,166.2,33.5,1.7000000000000002,0.2,30.81,14.48,31.800001
-29.641944,30.6875,12-03-2014,113.4,95.10000000000001,4.800000000000001,21.5,27.66,18.27,96.9
-27.902778,24.615556,20-06-2013,85.8,5.6000000000000005,0.30000000000000004,0.2,22.289999,2.29,5.3
-24.034167,31.123611,12-03-2014,113.700005,109.10000000000001,5.5,4.4,29.89,20.52,103.9
-28.44555556,32.325,07-05-2014,86.9,4.0,0.2,27.5,27.279999,16.06,51.0
-28.75,30.442778,12-03-2014,118.4,67.9,3.4000000000000004,11.3,28.84,16.96,69.6
-29.161667,30.629722,12-03-2014,104.4,95.80000000000001,4.800000000000001,44.600002,25.09,14.83,97.9
-27.02314,28.59389,12-03-2014,112.1,71.9,3.6,17.5,25.849998,12.5,88.8
-27.273889,28.49,12-03-2014,113.0,70.3,3.5,14.6,25.789999,12.28,82.5
-27.4275,28.525833,12-03-2014,110.8,66.2,3.3000000000000003,13.2,25.46,12.03,83.5
-27.3,28.586944,12-03-2014,111.700005,70.0,3.5,14.2,25.64,12.139999,82.4
-27.902778,24.615556,02-01-2014,211.90001,59.0,2.9000000000000004,0.2,35.48,19.119999,56.0
-27.935,26.126667,12-03-2014,131.6,38.5,1.9000000000000001,0.7,27.73,13.32,36.600002
-28.141944,26.417778,12-03-2014,130.8,45.5,2.3000000000000003,0.6,27.609999,13.71,43.3
-29.651389,22.746389,12-03-2014,182.8,29.5,1.5,0.0,31.289999,15.849999,28.1
-31.031389,28.883333,12-03-2014,113.3,71.10000000000001,3.6,19.7,26.05,14.75,88.4
-30.86013889,29.07125,12-03-2014,114.0,70.5,3.5,17.7,26.41,15.2,83.8
-30.77586667,29.03221667,12-03-2014,113.8,70.0,3.5,16.5,26.23,14.719999,81.200005
-27.902778,24.615556,23-05-2014,77.4,0.4,0.0,0.2,21.26,1.31,0.4
-28.338333,31.373611,12-03-2014,108.8,156.5,7.800000000000001,48.4,27.55,17.64,108.8
-28.068333,31.55,12-03-2014,115.200005,160.9,8.0,41.7,29.73,19.9,115.200005
-24.679167,30.8025,13-03-2014,100.4,190.60000000000002,54.5,125.9,23.869999,14.75,100.4
-25.20639,27.558,13-03-2014,118.200005,58.7,2.9000000000000004,11.1,29.449999,16.96,58.0
-27.573056,24.746389,13-03-2014,152.8,32.1,1.6,0.3,30.019999,15.19,30.5
-31.394444,20.947222,13-03-2014,177.90001,27.6,1.4000000000000001,0.0,29.349998,13.009999,26.2
-33.08883333,19.21878333,13-03-2014,146.6,32.7,1.6,5.4,26.22,11.5199995,31.800001
-33.897778,20.012778,13-03-2014,133.0,37.9,1.9000000000000001,3.7,28.189999,15.049999,36.4
-27.902778,24.615556,14-03-2014,155.6,33.1,1.7000000000000002,0.2,30.439999,15.259999,31.5
-27.573056,24.746389,15-03-2014,152.8,32.1,1.6,0.3,30.019999,15.19,30.5
-28.96362,19.15486,15-03-2014,200.1,25.1,1.3,0.0,34.399998,17.64,23.9
-27.902778,24.615556,21-11-2014,210.3,43.0,2.1,0.2,33.66,17.24,40.8
-25.99136,27.84208,17-03-2014,101.700005,45.400000000000006,2.3000000000000003,12.1,24.18,9.08,48.7
-28.735556,29.820556,17-03-2014,102.9,12.100000000000001,0.6000000000000001,11.8,26.68,9.7699995,17.6
-26.73806,27.59194,17-03-2014,102.5,30.6,1.5,9.1,24.07,7.81,32.4
-27.935,26.126667,17-03-2014,112.9,24.200000000000003,1.2000000000000002,0.6,26.3,7.44,23.0
-28.1175,26.719444,17-03-2014,106.5,22.400000000000002,1.1,0.6,25.38,8.2,21.300001
-28.116667,26.725278,17-03-2014,106.5,22.400000000000002,1.1,0.6,25.38,8.2,21.300001
-29.042222,24.6,17-03-2014,116.9,26.700000000000003,1.3,0.1,26.91,8.87,25.300001
-29.033333,23.983333,17-03-2014,117.5,22.8,1.1,0.2,27.38,9.32,21.6
-23.658056,31.05,18-03-2014,102.4,32.4,1.6,0.90000004,28.82,16.16,30.800001
-23.281,30.54305556,18-03-2014,100.5,36.5,1.8,17.1,27.48,15.88,39.3
-27.169444,29.233889,18-03-2014,98.8,27.1,1.4000000000000001,12.400001,23.279999,6.43,32.8
-26.861111,28.884722,18-03-2014,101.700005,29.8,1.5,16.0,23.89,6.85,39.0
-26.98472222,26.63227778,18-03-2014,111.6,25.5,1.3,0.7,25.76,8.96,24.2
-29.028629,24.638389,18-03-2014,115.9,27.5,1.4000000000000001,0.1,26.96,8.9,26.2
-33.38056,19.30167,18-03-2014,97.6,20.400000000000002,1.0,5.4,25.18,10.46,20.1
-33.31388889,19.07472222,18-03-2014,99.1,21.0,1.0,7.1,27.8,13.389999,20.800001
-25.45963889,28.26430556,18-03-2014,109.8,40.0,2.0,8.7,27.09,10.84,39.8
-27.495556,26.074722,18-03-2014,114.9,25.1,1.3,0.7,26.3,8.309999,23.9
-25.447222,30.711667,18-03-2014,102.8,53.5,2.7,47.8,26.09,12.69,67.8
-29.161667,23.696389,19-03-2014,118.0,20.6,1.0,0.1,27.39,9.849999,19.6
-27.01011111,26.69808333,19-03-2014,112.200005,24.700000000000003,1.2000000000000002,0.7,25.58,8.78,23.5
-25.81048333,27.90955222,19-03-2014,106.0,47.6,2.4000000000000004,10.8,25.43,10.23,48.9
-27.363611,31.783333,19-03-2014,98.700005,46.5,2.3000000000000003,11.900001,29.21,15.57,45.600002
-26.648056,27.089444,19-03-2014,105.200005,28.700000000000003,1.4000000000000001,8.7,24.91,8.32,30.7
-26.970278,27.211111,19-03-2014,105.9,28.1,1.4000000000000001,5.4,25.109999,8.309999,27.7
-26.880278,26.965,19-03-2014,106.700005,27.3,1.4000000000000001,4.9,25.31,8.59,26.800001
-27.044444,27.005,19-03-2014,107.9,26.5,1.3,1.6,25.31,8.45,25.300001
-27.573056,24.746389,19-03-2014,120.8,23.6,1.2000000000000002,0.3,27.93,9.57,22.4
-29.033333,23.983333,19-03-2014,117.5,22.8,1.1,0.2,27.38,9.32,21.6
-28.376944,24.303056,29-09-2011,210.8,5.0,0.2,0.3,31.57,9.94,4.7000003
-28.376944,24.303056,20-11-2011,211.8,62.0,3.1,0.3,32.1,16.09,58.9
-28.376944,24.303056,08-12-2011,211.8,62.0,3.1,0.3,32.1,16.09,58.9
-32.595833,19.009444,19-03-2014,107.4,12.200000000000001,0.6000000000000001,4.7000003,29.189999,12.65,12.0
-28.376944,24.303056,19-01-2012,163.3,88.9,4.4,0.3,32.809998,16.93,84.4
-26.03611,30.99778,20-03-2014,105.1,58.1,2.9000000000000004,108.1,26.039999,13.08,86.700005
-27.602222,29.942778,20-03-2014,106.4,23.1,1.2000000000000002,19.5,25.81,8.99,42.4
-29.744167,29.905833,20-03-2014,98.3,57.900000000000006,2.9000000000000004,24.5,25.0,9.12,71.700005
-28.376944,24.303056,05-07-2012,74.4,7.800000000000001,0.4,0.3,19.72,0.89,7.4
-28.376944,24.303056,11-07-2012,74.4,7.800000000000001,0.4,0.3,19.72,0.89,7.4
-29.7775,29.470833,24-03-2014,91.700005,75.2,3.8000000000000003,25.5,22.56,6.41,83.200005
-28.376944,24.303056,16-08-2012,127.9,0.0,0.0,0.3,23.99,3.12,0.0
-28.376944,24.303056,30-08-2012,153.0,4.1000000000000005,0.2,0.3,27.15,5.0299997,3.9
-28.376944,24.303056,27-09-2012,203.7,32.7,1.6,0.3,31.23,10.309999,31.1
-28.376944,24.303056,17-01-2013,197.0,43.400000000000006,2.2,0.3,35.42,16.539999,41.2
-28.376944,24.303056,28-02-2013,183.1,57.2,2.9000000000000004,0.3,33.64,15.299999,54.3
-29.987778,29.851667,24-03-2014,96.8,71.3,3.6,35.7,24.51,8.98,80.4
-28.376944,24.303056,14-03-2013,183.1,57.2,2.9000000000000004,0.3,33.64,15.299999,54.3
-28.376944,24.303056,11-04-2013,127.0,5.4,0.30000000000000004,0.3,27.8,8.65,5.2000003
-28.376944,24.303056,25-04-2013,94.1,0.30000000000000004,0.0,0.2,25.109999,5.8599997,0.3
-28.376944,24.303056,09-05-2013,94.1,0.30000000000000004,0.0,0.2,25.109999,5.8599997,0.3
-28.376944,24.303056,20-06-2013,82.3,6.7,0.30000000000000004,0.2,22.269999,1.8299999,6.3
-28.376944,24.303056,04-07-2013,82.3,6.7,0.30000000000000004,0.2,22.269999,1.8299999,6.3
-28.376944,24.303056,18-07-2013,118.6,0.0,0.0,0.2,23.01,1.8199999,0.0
-28.376944,24.303056,01-08-2013,118.6,0.0,0.0,0.2,23.01,1.8199999,0.0
-28.376944,24.303056,15-08-2013,118.6,0.0,0.0,0.2,23.01,1.8199999,0.0
-28.376944,24.303056,29-08-2013,148.2,0.0,0.0,0.2,26.98,5.5,0.0
-28.376944,24.303056,12-09-2013,148.2,0.0,0.0,0.2,26.98,5.5,0.0
-28.376944,24.303056,26-09-2013,205.1,17.6,0.9,0.2,31.56,10.34,16.7
-28.376944,24.303056,10-10-2013,205.1,17.6,0.9,0.2,31.56,10.34,16.7
-28.376944,24.303056,24-10-2013,230.1,21.0,1.1,0.2,33.989998,13.91,20.0
-28.376944,24.303056,07-11-2013,230.1,21.0,1.1,0.2,33.989998,13.91,20.0
-28.376944,24.303056,21-11-2013,200.90001,86.9,4.3,0.2,32.399998,17.0,82.6
-28.376944,24.303056,02-01-2014,214.8,53.300000000000004,2.7,0.2,35.77,18.88,50.600002
-28.376944,24.303056,16-01-2014,214.8,53.300000000000004,2.7,0.2,35.77,18.88,50.600002
-28.376944,24.303056,30-01-2014,154.6,78.5,3.9000000000000004,0.2,32.82,18.23,74.5
-28.376944,24.303056,27-02-2014,160.8,33.4,1.7000000000000002,0.2,30.76,14.599999,31.7
-29.744167,29.905833,24-03-2014,98.3,57.900000000000006,2.9000000000000004,24.5,25.0,9.12,71.700005
-26.45,28.085833,24-03-2014,103.1,30.6,1.5,12.1,23.82,7.66,34.4
-27.935,26.126667,24-03-2014,112.9,24.200000000000003,1.2000000000000002,0.6,26.3,7.44,23.0
-28.141944,26.417778,24-03-2014,108.200005,23.0,1.1,0.6,25.65,7.7799997,21.800001
-28.376944,24.303056,05-06-2014,76.9,0.7000000000000001,0.0,0.2,20.9,1.03,0.6
-28.1175,26.719444,24-03-2014,106.5,22.400000000000002,1.1,0.6,25.38,8.2,21.300001
-22.225556,29.990556,25-03-2014,112.700005,20.700000000000003,1.0,0.2,29.99,16.64,19.7
-25.127778,27.628889,25-03-2014,112.1,36.0,1.8,7.6,27.88,11.5,35.2
-24.39619444,27.08983333,25-03-2014,112.6,40.800000000000004,2.0,2.3,28.689999,12.55,38.9
-24.69514,27.40906,25-03-2014,117.6,37.7,1.9000000000000001,3.5,28.34,12.41,36.0
-28.376944,24.303056,23-10-2014,206.3,105.30000000000001,5.300000000000001,0.2,30.679998,13.49,100.1
-30.733889,29.828333,25-03-2014,100.4,110.9,5.5,27.9,25.4,12.3,100.4
-26.861111,28.884722,25-03-2014,101.700005,29.8,1.5,16.0,23.89,6.85,39.0
-28.116667,26.725278,25-03-2014,106.5,22.400000000000002,1.1,0.6,25.38,8.2,21.300001
-29.160278,26.573333,25-03-2014,102.4,26.3,1.3,0.6,25.019999,6.5299997,25.0
-28.69485,28.23487,25-03-2014,95.700005,22.8,1.1,6.9,22.96,5.85,24.6
-29.615556,27.065278,25-03-2014,95.9,40.7,2.0,0.6,23.769999,6.5699997,38.7
-28.883333,27.89,25-03-2014,95.3,28.0,1.4000000000000001,6.0,23.189999,6.46,28.4
-33.501667,21.624167,25-03-2014,91.0,42.400000000000006,2.1,0.1,25.789999,9.82,40.2
-29.161667,23.696389,26-03-2014,118.0,20.6,1.0,0.1,27.39,9.849999,19.6
-27.01011111,26.69808333,26-03-2014,112.200005,24.700000000000003,1.2000000000000002,0.7,25.58,8.78,23.5
-22.935,28.004167,26-03-2014,114.3,28.3,1.4000000000000001,0.2,29.029999,14.009999,26.9
-25.20639,27.558,26-03-2014,110.5,37.5,1.9000000000000001,9.5,27.73,11.4,37.2
-28.376944,24.303056,16-07-2015,80.9,5.7,0.30000000000000004,0.2,21.02,2.99,5.4
-28.376944,24.303056,30-07-2015,115.4,24.8,1.2000000000000002,0.2,23.43,1.1999999,23.6
-28.376944,24.303056,13-08-2015,115.4,24.8,1.2000000000000002,0.2,23.43,1.1999999,23.6
-28.376944,24.303056,24-09-2015,217.90001,16.900000000000002,0.8,0.2,34.69,12.87,16.0
-28.376944,24.303056,08-10-2015,217.90001,16.900000000000002,0.8,0.2,34.69,12.87,16.0
-28.376944,24.303056,22-10-2015,239.5,9.3,0.5,0.2,32.92,12.75,8.8
-28.376944,24.303056,05-11-2015,239.5,9.3,0.5,0.2,32.92,12.75,8.8
-28.376944,24.303056,19-11-2015,230.7,8.9,0.4,0.2,36.45,18.26,8.5
-28.376944,24.303056,03-12-2015,230.7,8.9,0.4,0.2,36.45,18.26,8.5
-28.376944,24.303056,31-12-2015,208.8,127.7,6.4,0.2,35.3,19.8,121.3
-30.398056,30.601944,26-03-2014,102.1,136.5,6.800000000000001,62.9,26.599998,16.359999,102.1
-26.648056,27.089444,26-03-2014,105.200005,28.700000000000003,1.4000000000000001,8.7,24.91,8.32,30.7
-26.970278,27.211111,26-03-2014,105.9,28.1,1.4000000000000001,5.4,25.109999,8.309999,27.7
-26.880278,26.965,26-03-2014,106.700005,27.3,1.4000000000000001,4.9,25.31,8.59,26.800001
-26.98472222,26.63227778,26-03-2014,111.6,25.5,1.3,0.7,25.76,8.96,24.2
-27.671111,27.236944,26-03-2014,109.0,22.900000000000002,1.1,0.7,25.55,8.12,21.800001
-27.044444,27.005,26-03-2014,107.9,26.5,1.3,1.6,25.31,8.45,25.300001
-30.160091,27.40124,26-03-2014,93.6,56.900000000000006,2.8000000000000003,0.8,23.63,7.2599998,54.100002
-30.336111,27.359444,26-03-2014,93.0,67.10000000000001,3.4000000000000004,0.90000004,23.59,7.19,63.8
-22.935,28.004167,27-03-2014,114.3,28.3,1.4000000000000001,0.2,29.029999,14.009999,26.9
-30.830556,26.921389,27-03-2014,95.4,67.60000000000001,3.4000000000000004,0.7,23.939999,6.85,64.200005
-22.548889,28.898056,27-03-2014,107.1,25.6,1.3,0.1,29.019999,14.2699995,24.300001
-22.91028,29.61111,27-03-2014,105.5,30.5,1.5,1.7,27.779999,14.38,29.0
-30.13573889,30.67422222,27-03-2014,100.5,94.5,4.7,26.4,26.71,15.99,93.1
-27.38972222,26.46388889,27-03-2014,115.6,23.3,1.2000000000000002,0.7,26.449999,8.849999,22.1
-27.398611,26.614722,27-03-2014,115.0,23.1,1.2000000000000002,0.7,26.289999,8.82,22.0
-27.902778,24.615556,27-03-2014,121.6,24.700000000000003,1.2000000000000002,0.2,28.13,9.719999,23.5
-29.658056,25.973333,27-03-2014,102.4,26.0,1.3,0.5,24.58,6.74,24.7
-31.000833,26.353056,27-03-2014,95.8,55.2,2.8000000000000003,0.5,23.66,5.7599998,52.4
-30.679722,26.7125,27-03-2014,96.5,58.6,2.9000000000000004,0.6,24.4,6.75,55.7
-30.534167,24.961944,27-03-2014,106.0,26.3,1.3,0.0,25.029999,8.139999,24.9
-27.356667,27.286389,27-03-2014,107.4,25.6,1.3,0.8,25.14,8.03,24.4
-22.548889,28.898056,28-03-2014,107.1,25.6,1.3,0.1,29.019999,14.2699995,24.300001
-29.160278,26.573333,28-03-2014,102.4,26.3,1.3,0.6,25.019999,6.5299997,25.0
-29.803611,30.516111,28-03-2014,96.4,47.2,2.4000000000000004,19.300001,25.97,12.41,52.0
-25.99136,27.84208,31-03-2014,101.700005,45.400000000000006,2.3000000000000003,12.1,24.18,9.08,48.7
-25.513889,31.224444,31-03-2014,101.9,56.5,2.8000000000000003,37.4,27.09,14.66,70.700005
-33.818056,19.694722,31-03-2014,94.4,28.400000000000002,1.4000000000000001,3.8,26.869999,12.48,27.4
-32.502778,19.535833,31-03-2014,116.8,10.3,0.5,0.5,28.66,11.69,9.8
-25.681111,31.783333,01-04-2014,98.0,40.800000000000004,2.0,10.7,28.84,15.65,39.7
-27.935,26.126667,01-04-2014,112.9,24.200000000000003,1.2000000000000002,0.6,26.3,7.44,23.0
-28.1175,26.719444,01-04-2014,106.5,22.400000000000002,1.1,0.6,25.38,8.2,21.300001
-28.116667,26.725278,01-04-2014,106.5,22.400000000000002,1.1,0.6,25.38,8.2,21.300001
-27.671111,27.236944,01-04-2014,109.0,22.900000000000002,1.1,0.7,25.55,8.12,21.800001
-34.075556,20.145556,01-04-2014,84.700005,37.5,1.9000000000000001,3.9,26.5,13.009999,36.0
-29.161667,23.696389,02-04-2014,118.0,20.6,1.0,0.1,27.39,9.849999,19.6
-25.81048333,27.90955222,02-04-2014,106.0,47.6,2.4000000000000004,10.8,25.43,10.23,48.9
-22.935,28.004167,02-04-2014,114.3,28.3,1.4000000000000001,0.2,29.029999,14.009999,26.9
-24.768889,31.39,02-04-2014,102.5,51.400000000000006,2.6,14.3,28.76,16.19,50.9
-24.9675,31.516667,02-04-2014,101.3,44.1,2.2,6.0,28.76,16.25,42.2
-28.801278,31.955389,02-04-2014,98.1,98.5,4.9,55.8,28.05,16.76,96.200005
-29.744167,29.905833,02-04-2014,98.3,57.900000000000006,2.9000000000000004,24.5,25.0,9.12,71.700005
-27.4275,28.525833,02-04-2014,100.8,27.6,1.4000000000000001,9.2,23.689999,5.89,30.300001
-27.398611,26.614722,02-04-2014,115.0,23.1,1.2000000000000002,0.7,26.289999,8.82,22.0
-27.671111,27.236944,02-04-2014,109.0,22.900000000000002,1.1,0.7,25.55,8.12,21.800001
-29.033333,23.983333,02-04-2014,117.5,22.8,1.1,0.2,27.38,9.32,21.6
-28.768056,20.720556,02-04-2014,137.90001,12.3,0.6000000000000001,0.0,30.429998,12.96,11.6
-34.031944,22.053333,02-04-2014,84.1,66.2,3.3000000000000003,1.8000001,24.64,12.83,63.0
-34.039722,22.133333,02-04-2014,83.1,68.4,3.4000000000000004,1.9,24.529999,13.23,65.1
-33.7075,18.97444444,02-04-2014,99.700005,27.700000000000003,1.4000000000000001,7.7000003,27.41,13.16,27.300001
-28.058889,30.373611,02-04-2014,100.8,20.8,1.0,18.0,25.519999,9.389999,36.600002
-27.495556,26.074722,02-04-2014,114.9,25.1,1.3,0.7,26.3,8.309999,23.9
-27.4,26.624722,02-04-2014,115.0,23.1,1.2000000000000002,0.7,26.289999,8.82,22.0
-27.01011111,26.69808333,03-04-2014,112.200005,24.700000000000003,1.2000000000000002,0.7,25.58,8.78,23.5
-22.91028,29.61111,03-04-2014,105.5,30.5,1.5,1.7,27.779999,14.38,29.0
-23.658056,31.05,03-04-2014,102.4,32.4,1.6,0.90000004,28.82,16.16,30.800001
-23.281,30.54305556,03-04-2014,100.5,36.5,1.8,17.1,27.48,15.88,39.3
-24.99328,30.81444,03-04-2014,89.4,77.0,3.8000000000000003,149.2,22.59,9.5,83.4
-27.937778,31.209444,03-04-2014,98.0,46.6,2.3000000000000003,29.2,26.41,12.929999,72.0
-27.5275,30.858056,03-04-2014,95.3,61.800000000000004,3.1,49.7,25.33,10.9,81.9
-26.648056,27.089444,03-04-2014,105.200005,28.700000000000003,1.4000000000000001,8.7,24.91,8.32,30.7
-26.970278,27.211111,03-04-2014,105.9,28.1,1.4000000000000001,5.4,25.109999,8.309999,27.7
-26.880278,26.965,03-04-2014,106.700005,27.3,1.4000000000000001,4.9,25.31,8.59,26.800001
-26.98472222,26.63227778,03-04-2014,111.6,25.5,1.3,0.7,25.76,8.96,24.2
-27.044444,27.005,03-04-2014,107.9,26.5,1.3,1.6,25.31,8.45,25.300001
-33.13083,18.86278,03-04-2014,101.200005,18.3,0.9,6.5,28.519999,14.34,18.2
-28.404444,30.013056,04-04-2014,104.200005,11.9,0.6000000000000001,12.1,26.289999,9.49,16.9
-28.116667,26.725278,04-04-2014,106.5,22.400000000000002,1.1,0.6,25.38,8.2,21.300001
-28.735556,29.820556,07-04-2014,102.9,12.100000000000001,0.6000000000000001,11.8,26.68,9.7699995,17.6
-26.73806,27.59194,07-04-2014,102.5,30.6,1.5,9.1,24.07,7.81,32.4
-26.45,28.085833,07-04-2014,103.1,30.6,1.5,12.1,23.82,7.66,34.4
-26.98472222,26.63227778,07-04-2014,111.6,25.5,1.3,0.7,25.76,8.96,24.2
-27.935,26.126667,07-04-2014,112.9,24.200000000000003,1.2000000000000002,0.6,26.3,7.44,23.0
-28.141944,26.417778,07-04-2014,108.200005,23.0,1.1,0.6,25.65,7.7799997,21.800001
-28.1175,26.719444,07-04-2014,106.5,22.400000000000002,1.1,0.6,25.38,8.2,21.300001
-28.116667,26.725278,07-04-2014,106.5,22.400000000000002,1.1,0.6,25.38,8.2,21.300001
-29.042222,24.6,07-04-2014,116.9,26.700000000000003,1.3,0.1,26.91,8.87,25.300001
-29.028629,24.638389,07-04-2014,115.9,27.5,1.4000000000000001,0.1,26.96,8.9,26.2
-29.033333,23.983333,07-04-2014,117.5,22.8,1.1,0.2,27.38,9.32,21.6
-31.554722,29.245556,07-04-2014,98.700005,187.8,66.8,50.5,25.26,14.03,98.700005
-27.01011111,26.69808333,08-04-2014,112.200005,24.700000000000003,1.2000000000000002,0.7,25.58,8.78,23.5
-34.065833,20.404167,08-04-2014,83.5,40.7,2.0,2.6000001,27.0,13.44,38.8
-25.127778,27.628889,08-04-2014,112.1,36.0,1.8,7.6,27.88,11.5,35.2
-25.20639,27.558,08-04-2014,110.5,37.5,1.9000000000000001,9.5,27.73,11.4,37.2
-24.69514,27.40906,08-04-2014,117.6,37.7,1.9000000000000001,3.5,28.34,12.41,36.0
-22.769722,30.886944,08-04-2014,104.700005,36.9,1.8,5.2000003,28.869999,16.27,35.3
-27.169444,29.233889,08-04-2014,98.8,27.1,1.4000000000000001,12.400001,23.279999,6.43,32.8
-26.861111,28.884722,08-04-2014,101.700005,29.8,1.5,16.0,23.89,6.85,39.0
-26.648056,27.089444,08-04-2014,105.200005,28.700000000000003,1.4000000000000001,8.7,24.91,8.32,30.7
-26.970278,27.211111,08-04-2014,105.9,28.1,1.4000000000000001,5.4,25.109999,8.309999,27.7
-26.880278,26.965,08-04-2014,106.700005,27.3,1.4000000000000001,4.9,25.31,8.59,26.800001
-26.98472222,26.63227778,08-04-2014,111.6,25.5,1.3,0.7,25.76,8.96,24.2
-30.570833,29.150556,08-04-2014,92.4,88.60000000000001,4.4,15.2,22.63,6.8799996,86.6
-33.31388889,19.07472222,08-04-2014,99.1,21.0,1.0,7.1,27.8,13.389999,20.800001
-28.338333,31.373611,08-04-2014,93.6,57.7,2.9000000000000004,27.300001,26.5,13.57,75.9
-29.658056,25.973333,27-09-2011,182.40001,6.5,0.30000000000000004,2.8,27.619999,8.099999,6.6
-28.068333,31.55,08-04-2014,101.3,43.900000000000006,2.2,22.0,28.65,15.82,61.4
-28.308889,31.9025,08-04-2014,96.200005,68.5,3.4000000000000004,44.0,28.529999,16.82,84.8
-25.57877778,29.12747222,08-04-2014,109.3,47.5,2.4000000000000004,1.3000001,26.849998,10.12,45.2
-29.641944,30.6875,09-04-2014,97.200005,21.1,1.1,16.7,26.769999,14.12,24.9
-25.73411,27.21422,09-04-2014,105.700005,35.9,1.8,12.2,25.369999,9.349999,39.5
-28.44555556,32.325,04-06-2014,74.0,5.2,0.30000000000000004,19.0,25.56,12.67,13.400001
-28.75,30.442778,09-04-2014,103.1,11.4,0.6000000000000001,8.8,27.8,12.33,13.400001
-29.161667,30.629722,09-04-2014,91.4,16.7,0.8,23.7,24.199999,10.65,36.7
-27.00222,28.76528,09-04-2014,102.5,30.0,1.5,13.0,24.01,6.66,34.9
-27.02314,28.59389,09-04-2014,103.1,28.0,1.4000000000000001,12.3,24.24,6.74,31.800001
-27.273889,28.49,09-04-2014,101.8,29.6,1.5,10.3,23.96,6.12,32.4
-27.4275,28.525833,09-04-2014,100.8,27.6,1.4000000000000001,9.2,23.689999,5.89,30.300001
-27.3,28.586944,09-04-2014,101.4,28.900000000000002,1.4000000000000001,9.900001,23.85,6.1099997,31.7
-30.568333,29.422778,09-04-2014,93.5,95.2,4.800000000000001,19.9,22.98,7.0499997,91.3
-31.031389,28.883333,09-04-2014,97.5,101.0,5.0,19.2,24.59,10.13,96.4
-30.86013889,29.07125,09-04-2014,97.0,93.80000000000001,4.7,15.400001,24.83,10.44,91.4
-30.77586667,29.03221667,09-04-2014,95.8,86.9,4.3,12.7,24.519999,9.99,86.4
-32.595833,19.009444,09-04-2014,107.4,12.200000000000001,0.6000000000000001,4.7000003,29.189999,12.65,12.0
-28.376944,24.303056,10-04-2014,120.700005,25.1,1.3,0.2,28.099998,9.23,23.800001
-34.092222,21.295278,10-04-2014,83.4,61.6,3.1,1.5,26.34,12.09,58.600002
-34.329722,18.990278,10-04-2014,85.0,35.800000000000004,1.8,10.900001,22.699999,12.94,35.600002
-33.897778,20.012778,10-04-2014,90.700005,32.2,1.6,3.3,27.06,12.74,30.9
-27.902778,24.615556,11-04-2014,121.6,24.700000000000003,1.2000000000000002,0.2,28.13,9.719999,23.5
-24.679167,30.8025,14-04-2014,90.9,75.9,3.8000000000000003,113.9,23.189999,10.5199995,84.0
-25.99136,27.84208,14-04-2014,101.700005,45.400000000000006,2.3000000000000003,12.1,24.18,9.08,48.7
-26.73806,27.59194,14-04-2014,102.5,30.6,1.5,9.1,24.07,7.81,32.4
-28.1175,26.719444,14-04-2014,106.5,22.400000000000002,1.1,0.6,25.38,8.2,21.300001
-28.116667,26.725278,14-04-2014,106.5,22.400000000000002,1.1,0.6,25.38,8.2,21.300001
-33.08883333,19.21878333,14-04-2014,100.5,16.1,0.8,4.9,24.56,9.639999,15.8
-24.183889,30.823889,15-04-2014,106.3,40.400000000000006,2.0,2.1000001,29.119999,15.74,38.4
-27.169444,29.233889,15-04-2014,98.8,27.1,1.4000000000000001,12.400001,23.279999,6.43,32.8
-26.861111,28.884722,15-04-2014,101.700005,29.8,1.5,16.0,23.89,6.85,39.0
-27.00222,28.76528,15-04-2014,102.5,30.0,1.5,13.0,24.01,6.66,34.9
-27.4275,28.525833,15-04-2014,100.8,27.6,1.4000000000000001,9.2,23.689999,5.89,30.300001
-26.98472222,26.63227778,15-04-2014,111.6,25.5,1.3,0.7,25.76,8.96,24.2
-27.935,26.126667,15-04-2014,112.9,24.200000000000003,1.2000000000000002,0.6,26.3,7.44,23.0
-29.160278,26.573333,15-04-2014,102.4,26.3,1.3,0.6,25.019999,6.5299997,25.0
-29.033333,23.983333,15-04-2014,117.5,22.8,1.1,0.2,27.38,9.32,21.6
-25.45963889,28.26430556,15-04-2014,109.8,40.0,2.0,8.7,27.09,10.84,39.8
-29.161667,23.696389,16-04-2014,94.1,24.3,1.2000000000000002,0.1,25.08,7.0,23.1
-28.7115,24.07288889,16-04-2014,94.6,26.200000000000003,1.3,0.2,25.289999,6.7599998,24.9
-27.01011111,26.69808333,16-04-2014,90.0,7.5,0.4,0.7,23.96,5.54,7.1
-25.81048333,27.90955222,16-04-2014,91.8,3.9000000000000004,0.2,8.7,24.34,6.47,5.8
-26.905,32.324722,16-04-2014,85.700005,1.0,0.1,6.2000003,29.449999,14.4,1.3000001
-27.602222,29.942778,16-04-2014,87.700005,3.7,0.2,13.8,25.16,5.98,9.3
-29.744167,29.905833,16-04-2014,77.5,7.2,0.4,18.0,24.05,6.5899997,13.3
-26.648056,27.089444,16-04-2014,89.1,5.7,0.30000000000000004,6.9,23.33,4.69,7.3
-26.970278,27.211111,16-04-2014,88.200005,6.9,0.30000000000000004,4.6,23.4,4.7999997,7.3
-26.880278,26.965,16-04-2014,89.3,6.7,0.30000000000000004,4.2000003,23.57,4.98,7.0
-29.033333,23.983333,16-04-2014,92.8,25.400000000000002,1.3,0.2,24.99,6.58,24.2
-29.1825,23.575556,16-04-2014,95.1,24.6,1.2000000000000002,0.1,25.05,7.14,23.300001
-28.768056,20.720556,16-04-2014,115.0,22.6,1.1,0.0,26.63,10.2,21.4
-27.363611,31.783333,17-04-2014,82.1,1.0,0.0,10.8,28.609999,12.83,2.1000001
-29.042222,24.6,17-04-2014,92.4,27.400000000000002,1.4000000000000001,0.1,24.65,6.0899997,26.0
-29.028629,24.638389,17-04-2014,92.6,28.8,1.4000000000000001,0.1,24.73,6.14,27.4
-29.987778,29.851667,21-04-2014,75.6,8.5,0.4,23.300001,23.76,6.44,20.4
-29.744167,29.905833,21-04-2014,77.5,7.2,0.4,18.0,24.05,6.5899997,13.3
-30.733889,29.828333,22-04-2014,81.9,15.200000000000001,0.8,18.7,24.26,9.91,23.6
-29.380556,30.2775,22-04-2014,75.0,9.200000000000001,0.5,20.5,23.46,6.8399997,18.6
-27.935,26.126667,22-04-2014,87.4,15.4,0.8,0.6,23.769999,4.13,14.6
-28.141944,26.417778,22-04-2014,85.6,16.6,0.8,0.6,23.449999,4.56,15.8
-28.1175,26.719444,22-04-2014,85.700005,15.5,0.8,0.6,23.32,4.94,14.7
-28.116667,26.725278,22-04-2014,85.700005,15.5,0.8,0.6,23.32,4.94,14.7
-29.160278,26.573333,22-04-2014,80.3,16.7,0.8,0.6,22.55,3.4099998,15.900001
-33.501667,21.624167,22-04-2014,85.1,17.0,0.8,0.1,22.74,7.91,16.1
-27.01011111,26.69808333,23-04-2014,90.0,7.5,0.4,0.7,23.96,5.54,7.1
-25.127778,27.628889,23-04-2014,95.8,1.6,0.1,6.8,26.279999,7.1,2.3
-25.20639,27.558,23-04-2014,95.5,1.7000000000000002,0.1,8.3,26.199999,7.1299996,2.8
-24.39619444,27.08983333,23-04-2014,98.1,1.2000000000000002,0.1,2.3,26.599998,7.39,1.2
-24.69514,27.40906,23-04-2014,96.0,1.4000000000000001,0.1,3.4,25.99,7.2799997,1.5
-26.970278,27.211111,23-04-2014,88.200005,6.9,0.30000000000000004,4.6,23.4,4.7999997,7.3
-26.880278,26.965,23-04-2014,89.3,6.7,0.30000000000000004,4.2000003,23.57,4.98,7.0
-26.98472222,26.63227778,23-04-2014,90.6,7.9,0.4,0.7,24.06,5.75,7.5
-28.1175,26.719444,23-04-2014,85.700005,15.5,0.8,0.6,23.32,4.94,14.7
-28.116667,26.725278,23-04-2014,85.700005,15.5,0.8,0.6,23.32,4.94,14.7
-27.671111,27.236944,23-04-2014,87.200005,10.9,0.5,0.7,23.49,4.69,10.400001
-28.69485,28.23487,23-04-2014,77.3,15.700000000000001,0.8,5.3,21.07,2.69,16.5
-29.615556,27.065278,23-04-2014,77.6,19.400000000000002,1.0,0.6,21.48,3.59,18.5
-28.883333,27.89,23-04-2014,74.6,15.3,0.8,4.9,20.84,3.11,15.6
-28.760833,17.730278,24-04-2014,114.3,2.4000000000000004,0.1,0.0,29.57,14.96,2.3
-30.13573889,30.67422222,24-04-2014,89.8,19.900000000000002,1.0,19.0,26.57,14.599999,26.4
-27.38972222,26.46388889,24-04-2014,90.0,13.0,0.6000000000000001,0.7,24.439999,5.5499997,12.400001
-28.141944,26.417778,24-04-2014,85.6,16.6,0.8,0.6,23.449999,4.56,15.8
-28.1175,26.719444,24-04-2014,85.700005,15.5,0.8,0.6,23.32,4.94,14.7
-28.116667,26.725278,24-04-2014,85.700005,15.5,0.8,0.6,23.32,4.94,14.7
-27.398611,26.614722,24-04-2014,89.8,11.8,0.6000000000000001,0.7,24.41,5.6099997,11.3
-28.376944,24.303056,24-04-2014,95.4,24.900000000000002,1.2000000000000002,0.2,25.32,6.7799997,23.7
-30.160091,27.40124,24-04-2014,75.3,17.8,0.9,0.8,21.17,4.38,16.9
-30.336111,27.359444,24-04-2014,76.0,20.400000000000002,1.0,0.8,21.15,4.41,19.4
-27.356667,27.286389,24-04-2014,86.0,8.3,0.4,0.8,23.119999,4.45,7.9
-30.830556,26.921389,25-04-2014,77.3,23.1,1.2000000000000002,0.7,21.06,4.31,22.0
-27.902778,24.615556,25-04-2014,97.200005,21.8,1.1,0.2,25.67,6.8399997,20.7
-31.000833,26.353056,25-04-2014,77.200005,30.5,1.5,0.5,20.35,3.32,28.9
-30.679722,26.7125,25-04-2014,80.1,23.5,1.2000000000000002,0.6,21.46,4.17,22.300001
-30.534167,24.961944,25-04-2014,84.6,34.1,1.7000000000000002,0.0,21.88,5.37,32.4
-29.140556,31.391944,29-04-2014,83.6,60.2,3.0,13.1,26.64,13.98,60.7
-25.99136,27.84208,29-04-2014,89.4,4.3,0.2,9.3,23.029999,5.42,6.9
-28.747778,31.745833,29-04-2014,81.5,56.400000000000006,2.8000000000000003,12.5,26.869999,14.04,57.3
-28.801278,31.955389,29-04-2014,84.6,60.300000000000004,3.0,40.5,26.99,14.7699995,72.6
-26.73806,27.59194,29-04-2014,86.4,6.4,0.30000000000000004,7.2000003,22.48,4.13,7.9
-26.45,28.085833,29-04-2014,85.3,5.6000000000000005,0.30000000000000004,9.400001,22.42,4.06,8.0
-27.935,26.126667,29-04-2014,87.4,15.4,0.8,0.6,23.769999,4.13,14.6
-28.1175,26.719444,29-04-2014,85.700005,15.5,0.8,0.6,23.32,4.94,14.7
-27.671111,27.236944,29-04-2014,87.200005,10.9,0.5,0.7,23.49,4.69,10.400001
-28.404444,30.013056,30-04-2014,83.6,7.0,0.4,9.3,25.18,6.47,9.5
-27.169444,29.233889,30-04-2014,82.700005,3.8000000000000003,0.2,9.3,21.71,2.9099998,6.7000003
-26.861111,28.884722,30-04-2014,84.1,4.5,0.2,11.8,21.99,2.77,8.5
-26.98472222,26.63227778,30-04-2014,90.6,7.9,0.4,0.7,24.06,5.75,7.5
-25.45963889,28.26430556,30-04-2014,94.3,1.4000000000000001,0.1,7.4,26.17,7.16,2.6000001
-28.058889,30.373611,30-04-2014,82.6,7.5,0.4,12.8,24.33,6.47,12.3
-27.495556,26.074722,30-04-2014,89.3,16.7,0.8,0.7,24.14,5.27,15.900001
-29.033333,23.983333,05-10-2011,202.1,3.0,0.1,0.2,30.199999,9.63,2.8
-29.033333,23.983333,25-10-2011,216.7,17.400000000000002,0.9,0.2,31.63,11.09,16.5
-29.033333,23.983333,02-11-2011,216.7,17.400000000000002,0.9,0.2,31.63,11.09,16.5
-29.033333,23.983333,16-11-2011,217.7,45.0,2.2,0.2,32.88,15.98,42.7
-29.033333,23.983333,14-12-2011,217.7,45.0,2.2,0.2,32.88,15.98,42.7
-29.033333,23.983333,11-01-2012,221.90001,37.6,1.9000000000000001,0.2,36.34,17.33,35.8
-29.033333,23.983333,25-01-2012,162.90001,82.9,4.1000000000000005,0.2,32.84,16.699999,78.700005
-29.033333,23.983333,22-02-2012,170.7,31.400000000000002,1.6,0.2,32.309998,13.91,29.9
-25.81048333,27.90955222,01-05-2014,91.8,3.9000000000000004,0.2,8.7,24.34,6.47,5.8
-27.937778,31.209444,01-05-2014,80.5,1.0,0.0,20.1,26.18,11.099999,10.0
-27.5275,30.858056,01-05-2014,77.6,1.2000000000000002,0.1,25.1,24.6,8.13,25.7
-29.033333,23.983333,06-06-2012,70.1,27.700000000000003,1.4000000000000001,0.2,19.81,1.27,26.300001
-29.033333,23.983333,13-06-2012,70.1,27.700000000000003,1.4000000000000001,0.2,19.81,1.27,26.300001
-29.033333,23.983333,26-06-2012,70.9,10.5,0.5,0.2,18.56,-0.01,9.900001
-29.033333,23.983333,27-06-2012,70.9,10.5,0.5,0.2,18.56,-0.01,9.900001
-29.033333,23.983333,11-07-2012,70.9,10.5,0.5,0.2,18.56,-0.01,9.900001
-29.033333,23.983333,18-07-2012,121.4,0.0,0.0,0.2,23.029999,2.95,0.0
-29.033333,23.983333,25-07-2012,121.4,0.0,0.0,0.2,23.029999,2.95,0.0
-27.02314,28.59389,01-05-2014,85.8,7.300000000000001,0.4,9.6,22.71,3.08,9.7
-29.033333,23.983333,22-08-2012,146.2,2.5,0.1,0.2,25.25,4.74,2.4
-29.033333,23.983333,05-09-2012,146.2,2.5,0.1,0.2,25.25,4.74,2.4
-29.033333,23.983333,19-09-2012,191.90001,33.4,1.7000000000000002,0.2,29.83,9.98,31.7
-29.033333,23.983333,17-10-2012,227.90001,23.200000000000003,1.2000000000000002,0.2,33.51,13.59,22.0
-29.033333,23.983333,31-10-2012,227.90001,23.200000000000003,1.2000000000000002,0.2,33.51,13.59,22.0
-29.033333,23.983333,14-11-2012,227.90001,23.200000000000003,1.2000000000000002,0.2,33.51,13.59,22.0
-29.033333,23.983333,28-11-2012,202.3,84.5,4.2,0.2,32.71,16.17,80.3
-29.033333,23.983333,27-02-2013,184.6,58.900000000000006,2.9000000000000004,0.2,33.36,15.009999,55.9
-26.970278,27.211111,01-05-2014,88.200005,6.9,0.30000000000000004,4.6,23.4,4.7999997,7.3
-26.880278,26.965,01-05-2014,89.3,6.7,0.30000000000000004,4.2000003,23.57,4.98,7.0
-29.744167,29.905833,02-05-2014,77.5,7.2,0.4,18.0,24.05,6.5899997,13.3
-34.031944,22.053333,03-05-2014,79.5,24.6,1.2000000000000002,1.7,23.35,11.61,23.4
-34.039722,22.133333,03-05-2014,80.5,24.8,1.2000000000000002,1.8000001,23.48,12.0199995,23.6
-26.970278,27.211111,05-05-2014,88.200005,6.9,0.30000000000000004,4.6,23.4,4.7999997,7.3
-26.45,28.085833,05-05-2014,85.3,5.6000000000000005,0.30000000000000004,9.400001,22.42,4.06,8.0
-27.935,26.126667,05-05-2014,87.4,15.4,0.8,0.6,23.769999,4.13,14.6
-29.033333,23.983333,24-07-2013,114.3,0.0,0.0,0.2,22.109999,1.73,0.0
-28.141944,26.417778,05-05-2014,85.6,16.6,0.8,0.6,23.449999,4.56,15.8
-28.116667,26.725278,05-05-2014,85.700005,15.5,0.8,0.6,23.32,4.94,14.7
-27.671111,27.236944,05-05-2014,87.200005,10.9,0.5,0.7,23.49,4.69,10.400001
-32.502778,19.535833,05-05-2014,88.8,17.6,0.9,0.5,23.689999,9.26,16.800001
-27.01011111,26.69808333,06-05-2014,90.0,7.5,0.4,0.7,23.96,5.54,7.1
-29.641944,30.6875,06-05-2014,82.5,14.3,0.7000000000000001,13.7,26.359999,12.16,16.6
-25.127778,27.628889,06-05-2014,95.8,1.6,0.1,6.8,26.279999,7.1,2.3
-25.20639,27.558,06-05-2014,95.5,1.7000000000000002,0.1,8.3,26.199999,7.1299996,2.8
-24.69514,27.40906,06-05-2014,96.0,1.4000000000000001,0.1,3.4,25.99,7.2799997,1.5
-26.006389,29.253889,06-05-2014,88.8,1.4000000000000001,0.1,11.8,23.58,4.7599998,5.0
-28.1175,26.719444,06-05-2014,85.700005,15.5,0.8,0.6,23.32,4.94,14.7
-27.398611,26.614722,06-05-2014,89.8,11.8,0.6000000000000001,0.7,24.41,5.6099997,11.3
-28.338333,31.373611,06-05-2014,78.200005,6.4,0.30000000000000004,17.5,26.07,11.929999,15.900001
-28.068333,31.55,06-05-2014,81.3,1.2000000000000002,0.1,15.7,27.539999,13.07,7.4
-27.495556,26.074722,06-05-2014,89.3,16.7,0.8,0.7,24.14,5.27,15.900001
-27.4,26.624722,06-05-2014,89.8,11.8,0.6000000000000001,0.7,24.41,5.6099997,11.3
-28.44555556,32.325,03-07-2014,76.700005,40.0,2.0,14.8,24.539999,12.67,42.3
-26.648056,27.089444,07-05-2014,89.1,5.7,0.30000000000000004,6.9,23.33,4.69,7.3
-29.651389,22.746389,07-05-2014,98.3,24.400000000000002,1.2000000000000002,0.0,24.83,7.72,23.2
-24.39619444,27.08983333,08-05-2014,98.1,1.2000000000000002,0.1,2.3,26.599998,7.39,1.2
-29.161667,30.629722,08-05-2014,74.0,12.8,0.6000000000000001,17.0,22.59,8.41,18.9
-29.033333,23.983333,06-08-2014,110.4,5.4,0.30000000000000004,0.2,22.939999,4.08,5.1
-29.033333,23.983333,20-08-2014,147.0,4.5,0.2,0.2,27.949999,6.7799997,4.3
-29.033333,23.983333,03-09-2014,147.0,4.5,0.2,0.2,27.949999,6.7799997,4.3
-28.376944,24.303056,08-05-2014,95.4,24.900000000000002,1.2000000000000002,0.2,25.32,6.7799997,23.7
-34.031944,22.053333,08-05-2014,79.5,24.6,1.2000000000000002,1.7,23.35,11.61,23.4
-34.039722,22.133333,08-05-2014,80.5,24.8,1.2000000000000002,1.8000001,23.48,12.0199995,23.6
-34.005833,22.351111,08-05-2014,81.5,28.8,1.4000000000000001,2.1000001,23.01,11.99,27.5
-23.838611,31.640833,09-05-2014,87.8,0.7000000000000001,0.0,0.8,30.199999,13.5199995,0.6
-27.902778,24.615556,09-05-2014,97.200005,21.8,1.1,0.2,25.67,6.8399997,20.7
-25.99136,27.84208,12-05-2014,89.4,4.3,0.2,9.3,23.029999,5.42,6.9
-28.735556,29.820556,12-05-2014,74.4,6.9,0.30000000000000004,9.0,25.31,6.3799996,9.400001
-31.396,29.2651,12-05-2014,93.3,19.3,1.0,18.300001,25.75,13.0,49.7
-31.554722,29.245556,12-05-2014,101.5,20.6,1.0,18.6,25.619999,13.009999,51.5
-29.033333,23.983333,23-09-2015,206.1,16.2,0.8,0.1,33.35,12.55,15.400001
-33.818056,19.694722,12-05-2014,73.3,38.6,1.9000000000000001,3.4,22.289999,10.12,37.0
-33.13083,18.86278,12-05-2014,71.4,37.6,1.9000000000000001,5.8,23.3,12.309999,36.4
-27.01011111,26.69808333,13-05-2014,90.0,7.5,0.4,0.7,23.96,5.54,7.1
-25.681111,31.783333,13-05-2014,87.0,1.0,0.0,9.900001,29.9,13.65,1.8000001
-25.67386,31.57527,13-05-2014,86.700005,0.9,0.0,11.3,29.31,13.09,2.0
-26.648056,27.089444,13-05-2014,89.1,5.7,0.30000000000000004,6.9,23.33,4.69,7.3
-26.970278,27.211111,13-05-2014,88.200005,6.9,0.30000000000000004,4.6,23.4,4.7999997,7.3
-27.273889,28.49,13-05-2014,84.3,10.0,0.5,8.0,22.13,2.3999999,11.7
-26.98472222,26.63227778,13-05-2014,90.6,7.9,0.4,0.7,24.06,5.75,7.5
-29.160278,26.573333,13-05-2014,80.3,16.7,0.8,0.6,22.55,3.4099998,15.900001
-30.568333,29.422778,13-05-2014,74.9,11.4,0.6000000000000001,14.5,21.76,4.99,16.300001
-31.104278,29.399722,13-05-2014,85.3,17.7,0.9,20.7,24.24,10.42,43.2
-34.092222,21.295278,13-05-2014,75.8,22.5,1.1,1.4,23.609999,9.84,21.4
-34.075556,20.145556,13-05-2014,69.700005,27.400000000000002,1.4000000000000001,3.6000001,22.67,10.37,26.4
-25.45963889,28.26430556,13-05-2014,94.3,1.4000000000000001,0.1,7.4,26.17,7.16,2.6000001
-25.81048333,27.90955222,14-05-2014,91.8,3.9000000000000004,0.2,8.7,24.34,6.47,5.8
-24.183889,30.823889,14-05-2014,90.9,0.9,0.0,2.1000001,29.179998,12.55,0.90000004
-24.058889,31.237222,14-05-2014,85.6,0.9,0.0,1.0,29.05,12.9,0.8
-25.67386,31.57527,14-05-2014,86.700005,0.9,0.0,11.3,29.31,13.09,2.0
-26.905,32.324722,14-05-2014,85.700005,1.0,0.1,6.2000003,29.449999,14.4,1.3000001
-29.744167,29.905833,14-05-2014,77.5,7.2,0.4,18.0,24.05,6.5899997,13.3
-27.169444,29.233889,14-05-2014,82.700005,3.8000000000000003,0.2,9.3,21.71,2.9099998,6.7000003
-26.861111,28.884722,14-05-2014,84.1,4.5,0.2,11.8,21.99,2.77,8.5
-26.73806,27.59194,14-05-2014,86.4,6.4,0.30000000000000004,7.2000003,22.48,4.13,7.9
-26.45,28.085833,14-05-2014,85.3,5.6000000000000005,0.30000000000000004,9.400001,22.42,4.06,8.0
-27.3,28.586944,14-05-2014,83.6,9.9,0.5,7.8,22.08,2.34,11.6
-26.98472222,26.63227778,14-05-2014,90.6,7.9,0.4,0.7,24.06,5.75,7.5
-27.573056,24.746389,14-05-2014,95.4,17.5,0.9,0.3,25.529999,6.5099998,16.6
-30.570833,29.150556,14-05-2014,74.700005,11.9,0.6000000000000001,11.2,21.33,4.95,15.400001
-33.7075,18.97444444,14-05-2014,71.0,59.900000000000006,3.0,7.0,22.359999,11.19,57.7
-32.94583,18.33667,14-05-2014,70.200005,30.6,1.5,3.9,22.15,12.05,29.5
-27.363611,31.783333,15-05-2014,82.1,1.0,0.0,10.8,28.609999,12.83,2.1000001
-31.031389,28.883333,15-05-2014,80.700005,12.5,0.6000000000000001,13.6,23.619999,8.09,17.5
-30.86013889,29.07125,15-05-2014,78.9,12.700000000000001,0.6000000000000001,11.400001,23.779999,8.179999,16.0
-30.77586667,29.03221667,15-05-2014,78.9,13.700000000000001,0.7000000000000001,9.8,23.539999,7.81,15.900001
-33.38056,19.30167,15-05-2014,66.9,40.1,2.0,4.9,20.23,8.72,38.600002
-33.08883333,19.21878333,15-05-2014,74.9,31.200000000000003,1.6,4.4,19.689999,7.91,30.1
-24.679167,30.8025,16-05-2014,81.1,1.2000000000000002,0.1,66.3,23.23,7.69,48.8
-27.602222,29.942778,16-05-2014,87.700005,3.7,0.2,13.8,25.16,5.98,9.3
-28.116667,26.725278,16-05-2014,85.700005,15.5,0.8,0.6,23.32,4.94,14.7
-29.7775,29.470833,19-05-2014,66.0,0.1,0.0,10.1,18.029999,-2.1399999,4.0
-29.987778,29.851667,19-05-2014,65.8,0.2,0.0,17.7,21.13,1.79,5.8
-29.744167,29.905833,19-05-2014,65.4,0.1,0.0,14.3,21.52,1.8199999,3.7
-26.73806,27.59194,19-05-2014,74.200005,0.0,0.0,6.0,19.21,-0.45,1.2
-26.45,28.085833,19-05-2014,76.8,0.0,0.0,7.7000003,19.55,-0.45,1.7
-27.935,26.126667,19-05-2014,72.8,0.0,0.0,0.6,19.439999,-2.01,0.0
-27.671111,27.236944,19-05-2014,76.700005,0.0,0.0,0.7,19.9,-0.24,0.0
-29.160278,26.573333,19-05-2014,68.6,0.1,0.0,0.6,18.3,-2.32,0.1
-33.31388889,19.07472222,19-05-2014,51.0,89.5,4.5,40.4,19.41,6.98,51.0
-27.01011111,26.69808333,20-05-2014,77.0,0.0,0.0,0.7,20.33,0.62,0.0
-34.065833,20.404167,20-05-2014,56.3,40.1,2.0,2.3,20.789999,6.52,38.2
-25.127778,27.628889,20-05-2014,79.3,0.0,0.0,6.2000003,23.57,2.56,0.6
-24.39619444,27.08983333,20-05-2014,80.3,0.0,0.0,2.2,24.019999,3.1599998,0.1
-24.69514,27.40906,20-05-2014,79.4,0.0,0.0,3.2,23.49,2.9199998,0.1
-26.03611,30.99778,20-05-2014,76.9,0.5,0.0,39.600002,23.17,6.54,22.4
-30.733889,29.828333,20-05-2014,70.4,0.5,0.0,14.3,21.17,5.24,4.9
-29.380556,30.2775,20-05-2014,65.6,0.0,0.0,15.7,20.92,2.05,4.8
-27.169444,29.233889,20-05-2014,68.0,0.0,0.0,7.5,18.359999,-2.3,1.8000001
-26.861111,28.884722,20-05-2014,70.6,0.0,0.0,9.400001,18.779999,-2.31,2.4
-27.00222,28.76528,20-05-2014,70.1,0.0,0.0,8.1,18.779999,-2.56,1.8000001
-27.273889,28.49,20-05-2014,70.1,0.0,0.0,6.6,18.74,-2.9399998,1.4
-27.3,28.586944,20-05-2014,69.1,0.0,0.0,6.4,18.619999,-2.9299998,1.4
-26.98472222,26.63227778,20-05-2014,77.4,0.0,0.0,0.7,20.42,0.72999996,0.0
-28.141944,26.417778,20-05-2014,71.5,0.0,0.0,0.6,18.89,-1.39,0.0
-28.1175,26.719444,20-05-2014,73.0,0.0,0.0,0.6,19.15,-0.64,0.0
-29.042222,24.6,20-05-2014,75.5,0.5,0.0,0.1,20.25,0.47,0.5
-29.033333,23.983333,20-05-2014,76.700005,1.0,0.1,0.2,20.46,0.69,1.0
-28.69485,28.23487,20-05-2014,67.8,0.0,0.0,4.4,17.039999,-2.1699998,1.0
-28.883333,27.89,20-05-2014,64.3,0.1,0.0,4.1,16.699999,-3.06,0.8
-27.495556,26.074722,20-05-2014,72.700005,0.0,0.0,0.7,19.439999,-1.0,0.0
-25.20639,27.558,21-05-2014,79.5,0.0,0.0,7.4,23.43,2.6,0.90000004
-23.658056,31.05,21-05-2014,77.1,0.1,0.0,0.90000004,27.23,9.36,0.1
-23.281,30.54305556,21-05-2014,77.3,0.0,0.0,12.1,26.09,9.349999,2.1000001
-30.398056,30.601944,21-05-2014,81.9,0.4,0.0,20.300001,24.76,11.5,9.1
-26.648056,27.089444,21-05-2014,76.5,0.0,0.0,5.7000003,20.18,0.089999996,1.2
-26.970278,27.211111,21-05-2014,76.9,0.0,0.0,4.1,19.98,0.089999996,0.6
-26.880278,26.965,21-05-2014,77.200005,0.0,0.0,3.7,20.34,0.29,0.5
-27.671111,27.236944,21-05-2014,76.700005,0.0,0.0,0.7,19.9,-0.24,0.0
-29.028629,24.638389,21-05-2014,76.0,0.5,0.0,0.1,20.38,0.47,0.5
-30.160091,27.40124,21-05-2014,64.3,0.7000000000000001,0.0,0.8,16.38,-1.09,0.7
-30.336111,27.359444,21-05-2014,64.3,0.9,0.0,0.8,16.039999,-1.39,0.90000004
-34.405833,19.600556,21-05-2014,53.600002,76.80000000000001,3.8000000000000003,24.6,17.6,7.98,53.600002
-27.356667,27.286389,21-05-2014,75.4,0.0,0.0,0.8,19.64,-0.39,0.0
-30.830556,26.921389,22-05-2014,66.1,1.4000000000000001,0.1,0.7,16.279999,-1.65,1.4
-22.769722,30.886944,22-05-2014,78.6,0.1,0.0,4.7000003,26.849998,10.49,0.3
-30.13573889,30.67422222,22-05-2014,77.6,0.30000000000000004,0.0,15.0,24.85,10.889999,4.3
-27.398611,26.614722,22-05-2014,76.8,0.0,0.0,0.7,20.64,0.39,0.0
-28.376944,24.303056,22-05-2014,76.9,0.7000000000000001,0.0,0.2,20.9,1.03,0.6
-29.658056,25.973333,22-05-2014,65.4,0.30000000000000004,0.0,0.5,16.869999,-2.47,0.3
-31.000833,26.353056,22-05-2014,67.700005,1.8,0.1,0.5,16.32,-2.54,1.8000001
-30.679722,26.7125,22-05-2014,68.6,1.3,0.1,0.6,17.449999,-1.3,1.2
-34.329722,18.990278,22-05-2014,52.100002,122.10000000000001,6.1000000000000005,74.5,16.92,8.65,52.100002
-33.897778,20.012778,22-05-2014,59.5,49.1,2.5,2.8,20.08,5.81,46.9
-29.615556,27.065278,23-05-2014,66.1,0.30000000000000004,0.0,0.6,17.19,-1.68,0.3
-29.803611,30.516111,23-05-2014,67.700005,0.1,0.0,12.8,22.359999,4.69,2.6000001
-25.99136,27.84208,26-05-2014,76.5,0.0,0.0,7.7000003,20.1,1.16,1.7
-23.838611,31.640833,26-05-2014,78.8,0.30000000000000004,0.0,0.8,28.71,10.04,0.3
-27.01011111,26.69808333,27-05-2014,77.0,0.0,0.0,0.7,20.33,0.62,0.0
-29.140556,31.391944,27-05-2014,70.200005,31.8,1.6,10.900001,24.74,10.17,32.5
-28.801278,31.955389,27-05-2014,72.3,32.6,1.6,22.300001,25.279999,10.969999,49.100002
-26.970278,27.211111,27-05-2014,76.9,0.0,0.0,4.1,19.98,0.089999996,0.6
-26.98472222,26.63227778,27-05-2014,77.4,0.0,0.0,0.7,20.42,0.72999996,0.0
-33.501667,21.624167,27-05-2014,71.0,18.5,0.9,0.1,19.32,3.81,17.5
-25.45963889,28.26430556,27-05-2014,80.200005,0.0,0.0,6.5,23.439999,2.61,0.90000004
-25.81048333,27.90955222,28-05-2014,77.200005,0.0,0.0,7.3,21.529999,2.01,1.4
-22.935,28.004167,28-05-2014,87.0,0.0,0.0,0.2,26.289999,6.02,0.0
-24.282222,28.090278,28-05-2014,79.9,0.0,0.0,1.7,23.41,1.4,0.0
-23.763056,27.908611,28-05-2014,85.4,0.0,0.0,1.5,25.51,4.4,0.0
-28.747778,31.745833,28-05-2014,70.200005,43.6,2.2,10.3,25.24,10.32,43.7
-27.937778,31.209444,28-05-2014,68.3,1.3,0.1,15.5,23.58,7.27,5.7000003
-28.404444,30.013056,28-05-2014,71.5,0.0,0.0,7.6,22.14,1.76,1.7
-29.744167,29.905833,28-05-2014,65.4,0.1,0.0,14.3,21.52,1.8199999,3.7
-27.00222,28.76528,28-05-2014,70.1,0.0,0.0,8.1,18.779999,-2.56,1.8000001
-31.436944,20.474722,28-05-2014,76.5,17.8,0.9,0.0,17.27,1.55,16.9
-29.1825,23.575556,28-05-2014,77.200005,1.5,0.1,0.1,20.39,1.28,1.4
-28.768056,20.720556,28-05-2014,89.8,2.7,0.1,0.0,21.8,4.91,2.6000001
-28.058889,30.373611,28-05-2014,71.6,0.1,0.0,10.0,21.26,2.1,2.8
-22.225556,29.990556,29-05-2014,83.700005,0.0,0.0,0.2,26.93,8.4,0.0
-22.91028,29.61111,29-05-2014,84.3,0.0,0.0,1.6,25.55,6.93,0.0
-27.5275,30.858056,29-05-2014,71.6,0.9,0.0,17.800001,21.99,4.16,8.2
-27.398611,26.614722,29-05-2014,76.8,0.0,0.0,0.7,20.64,0.39,0.0
-27.573056,24.746389,29-05-2014,77.9,0.30000000000000004,0.0,0.3,21.1,0.95,0.3
-25.57877778,29.12747222,29-05-2014,82.3,0.0,0.0,1.2,23.75,2.1,0.1
-27.398611,26.614722,30-05-2014,76.8,0.0,0.0,0.7,20.64,0.39,0.0
-29.160278,26.573333,02-06-2014,68.6,0.1,0.0,0.6,18.3,-2.32,0.1
-24.670833,28.560833,03-06-2014,79.0,0.0,0.0,6.7000003,23.25,2.62,0.7
-25.127778,27.628889,03-06-2014,79.3,0.0,0.0,6.2000003,23.57,2.56,0.6
-25.20639,27.558,03-06-2014,79.5,0.0,0.0,7.4,23.43,2.6,0.90000004
-24.69514,27.40906,03-06-2014,79.4,0.0,0.0,3.2,23.49,2.9199998,0.1
-27.935,26.126667,03-06-2014,72.8,0.0,0.0,0.6,19.439999,-2.01,0.0
-28.141944,26.417778,03-06-2014,71.5,0.0,0.0,0.6,18.89,-1.39,0.0
-28.338333,31.373611,03-06-2014,68.4,6.0,0.30000000000000004,13.2,24.14,8.7,10.0
-28.068333,31.55,03-06-2014,67.8,1.7000000000000002,0.1,12.400001,25.35,9.55,5.0
-29.641944,30.6875,04-06-2014,69.5,0.0,0.0,11.6,24.23,7.8599997,2.1000001
-24.39619444,27.08983333,04-06-2014,80.3,0.0,0.0,2.2,24.019999,3.1599998,0.1
-28.44555556,32.325,30-07-2014,88.3,39.1,2.0,12.1,24.939999,14.98,39.8
-28.75,30.442778,04-06-2014,71.3,0.0,0.0,6.1,24.49,5.6,1.1
-29.161667,30.629722,04-06-2014,64.5,0.0,0.0,13.3,20.109999,4.13,3.6000001
-34.005833,22.351111,04-06-2014,74.6,31.0,1.6,2.1000001,20.93,8.82,29.6
-26.98472222,26.63227778,05-06-2014,77.4,0.0,0.0,0.7,20.42,0.72999996,0.0
-27.902778,24.615556,05-06-2014,77.4,0.4,0.0,0.2,21.26,1.31,0.4
-33.970833,22.548333,05-06-2014,74.9,32.0,1.6,5.1,20.47,8.82,30.9
-28.308889,31.9025,05-06-2014,69.8,6.2,0.30000000000000004,15.6,25.46,10.83,12.400001
-25.99136,27.84208,09-06-2014,76.5,0.0,0.0,7.7000003,20.1,1.16,1.7
-26.73806,27.59194,09-06-2014,74.200005,0.0,0.0,6.0,19.21,-0.45,1.2
-26.45,28.085833,09-06-2014,76.8,0.0,0.0,7.7000003,19.55,-0.45,1.7
-27.671111,27.236944,09-06-2014,76.700005,0.0,0.0,0.7,19.9,-0.24,0.0
-31.396,29.2651,09-06-2014,83.9,0.9,0.0,12.6,23.33,8.75,6.5
-31.554722,29.245556,09-06-2014,93.4,1.3,0.1,12.900001,23.72,9.2699995,7.0
-33.818056,19.694722,09-06-2014,58.0,72.7,3.6,14.5,19.22,5.8599997,58.0
-23.658056,31.05,10-06-2014,77.1,0.1,0.0,0.90000004,27.23,9.36,0.1
-23.281,30.54305556,10-06-2014,77.3,0.0,0.0,12.1,26.09,9.349999,2.1000001
-25.681111,31.783333,10-06-2014,80.4,0.6000000000000001,0.0,9.2,27.88,10.41,1.2
-25.362222,31.956667,10-06-2014,77.6,0.6000000000000001,0.0,11.7,28.4,10.13,1.7
-28.735556,29.820556,10-06-2014,70.700005,0.0,0.0,7.3,22.49,1.3299999,1.7
-29.615556,27.065278,10-06-2014,66.1,0.30000000000000004,0.0,0.6,17.19,-1.68,0.3
-30.570833,29.150556,10-06-2014,67.3,0.2,0.0,9.0,17.72,-0.45,2.5
-34.092222,21.295278,10-06-2014,60.8,32.2,1.6,1.3000001,21.039999,5.5899997,30.6
-34.075556,20.145556,10-06-2014,56.0,45.800000000000004,2.3000000000000003,3.3,19.88,6.29,43.8
-31.5653,18.3306,10-06-2014,71.700005,41.900000000000006,2.1,0.2,20.97,8.19,39.8
-32.94583,18.33667,10-06-2014,54.5,65.60000000000001,3.3000000000000003,11.7,18.93,8.66,54.5
-25.45963889,28.26430556,10-06-2014,80.200005,0.0,0.0,6.5,23.439999,2.61,0.90000004
-25.81048333,27.90955222,11-06-2014,77.200005,0.0,0.0,7.3,21.529999,2.01,1.4
-24.768889,31.39,11-06-2014,75.200005,0.5,0.0,11.400001,26.619999,9.139999,1.7
-26.905,32.324722,11-06-2014,75.200005,0.8,0.0,5.9,27.869999,11.13,1.1
-27.602222,29.942778,11-06-2014,81.3,0.0,0.0,10.8,22.439999,1.92,3.0
-27.00222,28.76528,11-06-2014,70.1,0.0,0.0,8.1,18.779999,-2.56,1.8000001
-27.02314,28.59389,11-06-2014,72.3,0.0,0.0,7.9,19.26,-2.3,1.7
-27.273889,28.49,11-06-2014,70.1,0.0,0.0,6.6,18.74,-2.9399998,1.4
-27.3,28.586944,11-06-2014,69.1,0.0,0.0,6.4,18.619999,-2.9299998,1.4
-27.935,26.126667,11-06-2014,72.8,0.0,0.0,0.6,19.439999,-2.01,0.0
-28.69485,28.23487,11-06-2014,67.8,0.0,0.0,4.4,17.039999,-2.1699998,1.0
-28.883333,27.89,11-06-2014,64.3,0.1,0.0,4.1,16.699999,-3.06,0.8
-28.768056,20.720556,11-06-2014,89.8,2.7,0.1,0.0,21.8,4.91,2.6000001
-30.568333,29.422778,11-06-2014,66.9,0.30000000000000004,0.0,11.5,18.82,-0.24,3.3
-30.86013889,29.07125,11-06-2014,72.5,0.4,0.0,9.2,20.82,3.52,2.6000001
-30.77586667,29.03221667,11-06-2014,71.9,0.30000000000000004,0.0,8.0,20.58,3.27,2.0
-33.13083,18.86278,11-06-2014,55.9,80.5,4.0,26.4,19.47,8.07,55.9
-33.7075,18.97444444,11-06-2014,53.5,123.10000000000001,6.2,70.4,18.88,7.17,53.5
-25.57877778,29.12747222,11-06-2014,82.3,0.0,0.0,1.2,23.75,2.1,0.1
-22.769722,30.886944,12-06-2014,78.6,0.1,0.0,4.7000003,26.849998,10.49,0.3
-26.006389,29.253889,12-06-2014,81.700005,0.1,0.0,9.6,21.21,0.69,2.3
-25.513889,31.224444,12-06-2014,76.700005,0.6000000000000001,0.0,22.2,24.439999,7.8999996,6.0
-27.363611,31.783333,12-06-2014,72.4,0.8,0.0,9.900001,26.91,9.58,1.7
-28.141944,26.417778,12-06-2014,71.5,0.0,0.0,0.6,18.89,-1.39,0.0
-28.1175,26.719444,12-06-2014,73.0,0.0,0.0,0.6,19.15,-0.64,0.0
-31.436944,20.474722,12-06-2014,76.5,17.8,0.9,0.0,17.27,1.55,16.9
-30.568333,29.422778,12-06-2014,66.9,0.30000000000000004,0.0,11.5,18.82,-0.24,3.3
-24.99328,30.81444,13-06-2014,72.1,0.6000000000000001,0.0,68.1,21.24,4.14,34.3
-29.744167,29.905833,13-06-2014,65.4,0.1,0.0,14.3,21.52,1.8199999,3.7
-27.573056,24.746389,13-06-2014,77.9,0.30000000000000004,0.0,0.3,21.1,0.95,0.3
-31.436944,20.474722,13-06-2014,76.5,17.8,0.9,0.0,17.27,1.55,16.9
-29.987778,29.851667,16-06-2014,68.1,0.0,0.0,14.3,20.609999,2.48,3.4
-29.744167,29.905833,16-06-2014,70.1,0.0,0.0,12.0,21.22,2.59,2.4
-25.127778,27.628889,17-06-2014,85.700005,0.0,0.0,5.7000003,22.689999,2.02,0.5
-24.39619444,27.08983333,17-06-2014,83.4,0.0,0.0,2.2,22.68,2.36,0.1
-24.69514,27.40906,17-06-2014,83.8,0.0,0.0,3.1000001,22.02,2.31,0.1
-30.733889,29.828333,17-06-2014,70.700005,0.0,0.0,11.6,20.98,5.64,2.6000001
-29.380556,30.2775,17-06-2014,68.0,0.0,0.0,12.8,20.609999,2.78,2.9
-28.1175,26.719444,17-06-2014,74.9,0.0,0.0,0.6,18.71,-0.78,0.0
-28.116667,26.725278,17-06-2014,74.9,0.0,0.0,0.6,18.71,-0.78,0.0
-33.38056,19.30167,17-06-2014,49.7,73.10000000000001,3.7,50.0,16.19,4.0499997,49.7
-27.01011111,26.69808333,18-06-2014,78.9,0.0,0.0,0.6,19.8,0.37,0.0
-24.183889,30.823889,18-06-2014,81.1,0.0,0.0,2.0,26.279999,8.809999,0.1
-25.20639,27.558,18-06-2014,84.8,0.0,0.0,6.7000003,22.449999,1.9799999,0.7
-24.058889,31.237222,18-06-2014,76.5,0.4,0.0,1.0,26.289999,9.37,0.4
-24.034167,31.123611,18-06-2014,77.1,0.30000000000000004,0.0,3.6000001,25.789999,9.36,0.4
-30.398056,30.601944,18-06-2014,85.6,0.0,0.0,15.8,23.92,11.969999,4.5
-26.98472222,26.63227778,18-06-2014,79.0,0.0,0.0,0.7,19.619999,0.29999998,0.0
-27.935,26.126667,18-06-2014,79.1,0.0,0.0,0.6,19.279999,-2.1,0.0
-33.31388889,19.07472222,18-06-2014,48.100002,84.4,8.9,67.8,18.699999,6.47,48.100002
-30.13573889,30.67422222,19-06-2014,79.4,0.0,0.0,12.400001,23.98,11.33,2.6000001
-26.970278,27.211111,19-06-2014,78.0,0.0,0.0,3.6000001,19.369999,-0.41,0.4
-27.398611,26.614722,19-06-2014,79.8,0.0,0.0,0.7,20.38,0.29,0.0
-27.671111,27.236944,19-06-2014,82.4,0.0,0.0,0.7,19.56,-0.39,0.0
-28.376944,24.303056,19-06-2014,82.1,0.0,0.0,0.2,20.949999,0.61,0.0
-27.4,26.624722,19-06-2014,79.8,0.0,0.0,0.7,20.38,0.29,0.0
-24.679167,30.8025,20-06-2014,74.200005,0.1,0.0,28.7,20.23,4.17,10.6
-26.880278,26.965,20-06-2014,77.8,0.0,0.0,3.4,19.88,0.08,0.4
-29.803611,30.516111,20-06-2014,69.8,0.0,0.0,11.0,21.91,5.5,1.8000001
-23.838611,31.640833,21-06-2014,77.200005,0.7000000000000001,0.0,0.8,27.689999,9.23,0.6
-25.99136,27.84208,23-06-2014,78.4,0.0,0.0,6.5,19.67,0.94,1.2
-26.73806,27.59194,23-06-2014,75.4,0.0,0.0,5.2000003,18.67,-0.81,0.8
-26.45,28.085833,23-06-2014,76.4,0.0,0.0,6.5,19.109999,-0.71,1.1
-29.160278,26.573333,23-06-2014,70.8,0.0,0.0,0.6,18.199999,-2.49,0.0
-29.042222,24.6,23-06-2014,80.9,0.0,0.0,0.1,20.27,-0.08,0.0
-29.033333,23.983333,23-06-2014,80.4,0.0,0.0,0.2,20.07,0.06,0.0
-27.01011111,26.69808333,24-06-2014,78.9,0.0,0.0,0.6,19.8,0.37,0.0
-29.140556,31.391944,24-06-2014,75.8,32.0,1.6,9.3,24.039999,10.4,32.0
-34.065833,20.404167,24-06-2014,53.5,31.6,1.6,2.2,19.779999,6.42,30.2
-31.860278,18.6875,24-06-2014,72.700005,43.400000000000006,2.2,0.5,19.64,6.92,41.2
-24.282222,28.090278,24-06-2014,81.1,0.0,0.0,1.7,22.6,1.0,0.0
-26.03611,30.99778,24-06-2014,78.6,0.0,0.0,29.800001,21.98,5.94,9.8
-25.362222,31.956667,24-06-2014,79.3,1.5,0.1,10.7,27.93,10.059999,2.4
-25.14944444,31.94055556,24-06-2014,79.1,1.5,0.1,10.400001,27.529999,10.09,2.4
-27.169444,29.233889,24-06-2014,68.700005,0.0,0.0,6.3,17.73,-2.4099998,1.2
-26.648056,27.089444,24-06-2014,78.700005,0.0,0.0,4.9,19.64,-0.32,0.8
-26.970278,27.211111,24-06-2014,78.0,0.0,0.0,3.6000001,19.369999,-0.41,0.4
-26.880278,26.965,24-06-2014,77.8,0.0,0.0,3.4,19.88,0.08,0.4
-26.98472222,26.63227778,24-06-2014,79.0,0.0,0.0,0.7,19.619999,0.29999998,0.0
-28.141944,26.417778,24-06-2014,72.0,0.0,0.0,0.6,18.279999,-1.81,0.0
-28.1175,26.719444,24-06-2014,74.9,0.0,0.0,0.6,18.71,-0.78,0.0
-28.116667,26.725278,24-06-2014,74.9,0.0,0.0,0.6,18.71,-0.78,0.0
-29.028629,24.638389,24-06-2014,81.6,0.0,0.0,0.1,20.4,0.04,0.0
-28.69485,28.23487,24-06-2014,67.8,0.0,0.0,3.7,16.699999,-1.65,0.7
-29.615556,27.065278,24-06-2014,67.9,0.0,0.0,0.6,17.23,-1.74,0.0
-33.501667,21.624167,24-06-2014,71.0,10.700000000000001,0.5,0.1,18.68,3.76,10.1
-25.45963889,28.26430556,24-06-2014,84.5,0.0,0.0,5.8,22.89,2.3899999,0.7
-25.81048333,27.90955222,25-06-2014,81.200005,0.0,0.0,6.3,21.06,1.66,1.0
-23.763056,27.908611,25-06-2014,86.700005,0.0,0.0,1.5,24.05,3.58,0.0
-23.23572222,27.717,25-06-2014,86.6,0.0,0.0,0.4,24.939999,3.75,0.0
-28.404444,30.013056,25-06-2014,70.6,0.0,0.0,6.5,21.75,2.03,1.2
-29.744167,29.905833,25-06-2014,70.1,0.0,0.0,12.0,21.22,2.59,2.4
-27.3,28.586944,25-06-2014,72.3,0.0,0.0,5.4,18.31,-3.27,0.90000004
-27.802778,28.768333,25-06-2014,67.4,0.0,0.0,4.3,17.42,-2.8899999,0.8
-27.671111,27.236944,25-06-2014,82.4,0.0,0.0,0.7,19.56,-0.39,0.0
-30.160091,27.40124,25-06-2014,62.600002,0.2,0.0,0.8,16.07,-0.90999997,0.2
-30.336111,27.359444,25-06-2014,62.9,0.4,0.0,0.8,15.759999,-1.39,0.4
-34.405833,19.600556,25-06-2014,49.9,69.60000000000001,3.5,40.8,16.69,7.37,49.9
-28.058889,30.373611,25-06-2014,69.3,0.9,0.0,8.3,20.47,2.07,2.6000001
-29.161667,23.696389,26-06-2014,79.8,0.0,0.0,0.1,19.939999,0.48999998,0.0
-30.830556,26.921389,26-06-2014,65.3,0.8,0.0,0.6,16.24,-1.5999999,0.8
-22.91028,29.61111,26-06-2014,83.9,0.0,0.0,1.5,24.65,6.37,0.0
-26.006389,29.253889,26-06-2014,79.5,0.0,0.0,8.1,20.3,0.48999998,1.5
-25.49037,30.6986,26-06-2014,82.200005,0.0,0.0,26.9,22.81,5.29,5.6
-27.5275,30.858056,26-06-2014,70.8,5.0,0.30000000000000004,13.900001,21.47,4.25,8.7
-27.4275,28.525833,26-06-2014,71.0,0.0,0.0,5.0,18.09,-3.34,0.90000004
-27.38972222,26.46388889,26-06-2014,78.700005,0.0,0.0,0.7,20.189999,-0.19,0.0
-27.398611,26.614722,26-06-2014,79.8,0.0,0.0,0.7,20.38,0.29,0.0
-27.573056,24.746389,26-06-2014,81.9,0.0,0.0,0.3,20.49,0.34,0.0
-31.000833,26.353056,26-06-2014,65.4,1.1,0.1,0.4,15.95,-2.54,1.0
-30.679722,26.7125,26-06-2014,67.200005,0.7000000000000001,0.0,0.5,17.51,-1.03,0.7
-33.897778,20.012778,26-06-2014,51.600002,41.7,2.1,2.6000001,19.25,5.5299997,39.8
-28.7115,24.07288889,27-06-2014,82.700005,0.0,0.0,0.2,20.73,0.42,0.0
-23.23572222,27.717,27-06-2014,86.6,0.0,0.0,0.4,24.939999,3.75,0.0
-24.058889,31.237222,27-06-2014,76.5,0.4,0.0,1.0,26.289999,9.37,0.4
-27.902778,24.615556,27-06-2014,83.3,0.0,0.0,0.2,21.109999,1.05,0.0
-29.658056,25.973333,27-06-2014,66.5,0.0,0.0,0.5,16.46,-2.6,0.0
-30.534167,24.961944,27-06-2014,58.9,0.30000000000000004,0.0,0.0,14.37,-2.82,0.3
-26.45,28.085833,30-06-2014,76.4,0.0,0.0,6.5,19.109999,-0.71,1.1
-27.671111,27.236944,30-06-2014,82.4,0.0,0.0,0.7,19.56,-0.39,0.0
-25.57877778,29.12747222,30-06-2014,85.700005,0.0,0.0,1.2,22.5,1.67,0.0
-25.127778,27.628889,01-07-2014,85.700005,0.0,0.0,5.7000003,22.689999,2.02,0.5
-25.20639,27.558,01-07-2014,84.8,0.0,0.0,6.7000003,22.449999,1.9799999,0.7
-24.69514,27.40906,01-07-2014,83.8,0.0,0.0,3.1000001,22.02,2.31,0.1
-26.861111,28.884722,01-07-2014,74.200005,0.0,0.0,7.9,18.3,-2.48,1.6
-26.98472222,26.63227778,01-07-2014,79.0,0.0,0.0,0.7,19.619999,0.29999998,0.0
-28.1175,26.719444,01-07-2014,74.9,0.0,0.0,0.6,18.71,-0.78,0.0
-27.671111,27.236944,01-07-2014,82.4,0.0,0.0,0.7,19.56,-0.39,0.0
-34.031944,22.053333,01-07-2014,71.1,13.700000000000001,0.7000000000000001,1.6,20.88,7.8799996,13.0
-34.039722,22.133333,01-07-2014,70.8,13.8,0.7000000000000001,1.7,21.06,8.349999,13.1
-28.068333,31.55,01-07-2014,68.5,15.100000000000001,0.8,10.2,24.519999,9.2699995,16.4
-27.495556,26.074722,01-07-2014,78.0,0.0,0.0,0.7,18.35,-1.9399999,0.0
-29.161667,23.696389,02-07-2014,79.8,0.0,0.0,0.1,19.939999,0.48999998,0.0
-27.01011111,26.69808333,02-07-2014,78.9,0.0,0.0,0.6,19.8,0.37,0.0
-29.641944,30.6875,02-07-2014,71.8,0.0,0.0,10.1,23.689999,8.26,1.5
-24.39619444,27.08983333,02-07-2014,83.4,0.0,0.0,2.2,22.68,2.36,0.1
-27.00222,28.76528,02-07-2014,72.3,0.0,0.0,6.9,18.34,-2.8,1.2
-27.02314,28.59389,02-07-2014,75.200005,0.0,0.0,6.7000003,18.76,-2.6,1.2
-26.648056,27.089444,02-07-2014,78.700005,0.0,0.0,4.9,19.64,-0.32,0.8
-26.880278,26.965,02-07-2014,77.8,0.0,0.0,3.4,19.88,0.08,0.4
-27.273889,28.49,02-07-2014,72.4,0.0,0.0,5.6,18.38,-3.3,1.0
-27.4275,28.525833,02-07-2014,71.0,0.0,0.0,5.0,18.09,-3.34,0.90000004
-27.3,28.586944,02-07-2014,72.3,0.0,0.0,5.4,18.31,-3.27,0.90000004
-28.44555556,32.325,27-08-2014,113.0,41.5,2.1,10.3,26.939999,16.02,41.2
-27.671111,27.236944,03-07-2014,82.4,0.0,0.0,0.7,19.56,-0.39,0.0
-34.005833,22.351111,03-07-2014,69.4,15.200000000000001,0.8,2.0,20.55,8.71,14.5
-28.308889,31.9025,03-07-2014,73.3,22.8,1.1,12.2,24.66,10.639999,25.1
-25.99136,27.84208,07-07-2014,78.4,0.0,0.0,6.5,19.67,0.94,1.2
-28.735556,29.820556,07-07-2014,69.3,0.0,0.0,6.2000003,22.24,1.53,1.1
-26.73806,27.59194,07-07-2014,75.4,0.0,0.0,5.2000003,18.67,-0.81,0.8
-26.45,28.085833,07-07-2014,76.4,0.0,0.0,6.5,19.109999,-0.71,1.1
-26.98472222,26.63227778,07-07-2014,79.0,0.0,0.0,0.7,19.619999,0.29999998,0.0
-28.1175,26.719444,07-07-2014,74.9,0.0,0.0,0.6,18.71,-0.78,0.0
-28.116667,26.725278,07-07-2014,74.9,0.0,0.0,0.6,18.71,-0.78,0.0
-27.169444,29.233889,08-07-2014,68.700005,0.0,0.0,6.3,17.73,-2.4099998,1.2
-26.861111,28.884722,08-07-2014,74.200005,0.0,0.0,7.9,18.3,-2.48,1.6
-31.436944,20.474722,08-07-2014,73.1,13.3,0.7000000000000001,0.0,16.57,1.3299999,12.6
-31.394444,20.947222,08-07-2014,73.200005,8.700000000000001,0.4,0.0,16.55,0.97999996,8.3
-34.092222,21.295278,08-07-2014,55.600002,19.1,1.0,1.3000001,20.13,5.35,18.2
-25.45963889,28.26430556,08-07-2014,84.5,0.0,0.0,5.8,22.89,2.3899999,0.7
-29.161667,23.696389,09-07-2014,79.8,0.0,0.0,0.1,19.939999,0.48999998,0.0
-25.81048333,27.90955222,09-07-2014,81.200005,0.0,0.0,6.3,21.06,1.66,1.0
-25.362222,31.956667,09-07-2014,79.3,1.5,0.1,10.7,27.93,10.059999,2.4
-26.905,32.324722,09-07-2014,76.700005,4.2,0.2,5.6,26.98,10.8,4.2000003
-27.602222,29.942778,09-07-2014,81.0,0.0,0.0,8.900001,21.67,1.75,1.9
-26.98472222,26.63227778,09-07-2014,79.0,0.0,0.0,0.7,19.619999,0.29999998,0.0
-27.935,26.126667,09-07-2014,79.1,0.0,0.0,0.6,19.279999,-2.1,0.0
-28.141944,26.417778,09-07-2014,72.0,0.0,0.0,0.6,18.279999,-1.81,0.0
-29.033333,23.983333,09-07-2014,80.4,0.0,0.0,0.2,20.07,0.06,0.0
-30.568333,29.422778,09-07-2014,67.4,0.0,0.0,9.6,18.539999,0.42,1.9
-30.570833,29.150556,09-07-2014,66.8,0.0,0.0,7.5,17.97,0.45999998,1.5
-31.104278,29.399722,09-07-2014,74.4,0.0,0.0,11.2,20.99,6.15,3.2
-27.4,26.624722,09-07-2014,79.8,0.0,0.0,0.7,20.38,0.29,0.0
-27.01011111,26.69808333,10-07-2014,78.9,0.0,0.0,0.6,19.8,0.37,0.0
-25.436111,31.982222,10-07-2014,78.9,1.6,0.1,13.2,27.779999,10.11,3.0
-27.363611,31.783333,10-07-2014,73.0,3.0,0.2,9.1,25.97,9.3,3.7
-26.648056,27.089444,10-07-2014,78.700005,0.0,0.0,4.9,19.64,-0.32,0.8
-26.970278,27.211111,10-07-2014,78.0,0.0,0.0,3.6000001,19.369999,-0.41,0.4
-26.880278,26.965,10-07-2014,77.8,0.0,0.0,3.4,19.88,0.08,0.4
-31.031389,28.883333,10-07-2014,73.5,0.30000000000000004,0.0,8.8,20.57,4.0099998,2.2
-30.86013889,29.07125,10-07-2014,71.4,0.1,0.0,7.7000003,20.609999,4.16,1.5
-30.77586667,29.03221667,10-07-2014,71.0,0.0,0.0,6.8,20.4,3.9499998,1.2
-31.396,29.2651,11-07-2014,83.200005,0.4,0.0,9.8,22.81,9.21,3.3
-29.7775,29.470833,14-07-2014,64.9,0.0,0.0,8.0,17.68,-2.08,2.1000001
-29.744167,29.905833,14-07-2014,70.1,0.0,0.0,12.0,21.22,2.59,2.4
-26.45,28.085833,14-07-2014,76.4,0.0,0.0,6.5,19.109999,-0.71,1.1
-27.671111,27.236944,14-07-2014,82.4,0.0,0.0,0.7,19.56,-0.39,0.0
-29.160278,26.573333,14-07-2014,70.8,0.0,0.0,0.6,18.199999,-2.49,0.0
-33.818056,19.694722,14-07-2014,54.0,65.2,3.3000000000000003,22.5,18.42,5.41,54.0
-32.502778,19.535833,14-07-2014,62.3,35.2,1.8,0.5,18.869999,4.2599998,33.4
-25.57877778,29.12747222,14-07-2014,85.700005,0.0,0.0,1.2,22.5,1.67,0.0
-25.127778,27.628889,15-07-2014,85.700005,0.0,0.0,5.7000003,22.689999,2.02,0.5
-24.39619444,27.08983333,15-07-2014,83.4,0.0,0.0,2.2,22.68,2.36,0.1
-24.69514,27.40906,15-07-2014,83.8,0.0,0.0,3.1000001,22.02,2.31,0.1
-26.006389,29.253889,15-07-2014,79.5,0.0,0.0,8.1,20.3,0.48999998,1.5
-30.733889,29.828333,15-07-2014,70.700005,0.0,0.0,11.6,20.98,5.64,2.6000001
-29.987778,29.851667,15-07-2014,68.1,0.0,0.0,14.3,20.609999,2.48,3.4
-29.380556,30.2775,15-07-2014,68.0,0.0,0.0,12.8,20.609999,2.78,2.9
-26.861111,28.884722,15-07-2014,74.200005,0.0,0.0,7.9,18.3,-2.48,1.6
-26.98472222,26.63227778,15-07-2014,79.0,0.0,0.0,0.7,19.619999,0.29999998,0.0
-28.768056,20.720556,15-07-2014,93.4,1.3,0.1,0.0,21.279999,4.72,1.2
-34.075556,20.145556,15-07-2014,51.600002,38.5,1.9000000000000001,3.0,19.0,6.08,36.8
-31.5653,18.3306,15-07-2014,72.6,42.300000000000004,2.1,0.2,20.26,7.85,40.2
-32.94583,18.33667,15-07-2014,51.8,62.400000000000006,3.1,19.2,18.16,8.01,51.8
-27.495556,26.074722,15-07-2014,78.0,0.0,0.0,0.7,18.35,-1.9399999,0.0
-29.161667,23.696389,16-07-2014,79.8,0.0,0.0,0.1,19.939999,0.48999998,0.0
-27.01011111,26.69808333,16-07-2014,78.9,0.0,0.0,0.6,19.8,0.37,0.0
-25.20639,27.558,16-07-2014,84.8,0.0,0.0,6.7000003,22.449999,1.9799999,0.7
-26.03611,30.99778,16-07-2014,78.6,0.0,0.0,29.800001,21.98,5.94,9.8
-30.398056,30.601944,16-07-2014,85.6,0.0,0.0,15.8,23.92,11.969999,4.5
-26.648056,27.089444,16-07-2014,78.700005,0.0,0.0,4.9,19.64,-0.32,0.8
-26.970278,27.211111,16-07-2014,78.0,0.0,0.0,3.6000001,19.369999,-0.41,0.4
-26.880278,26.965,16-07-2014,77.8,0.0,0.0,3.4,19.88,0.08,0.4
-27.044444,27.005,16-07-2014,77.4,0.0,0.0,1.4,19.74,0.03,0.1
-33.13083,18.86278,16-07-2014,49.3,76.60000000000001,3.8000000000000003,49.9,18.56,7.43,49.3
-28.1175,26.719444,17-07-2014,104.8,8.8,0.4,0.6,21.779999,3.58,8.400001
-28.116667,26.725278,17-07-2014,104.8,8.8,0.4,0.6,21.779999,3.58,8.400001
-28.376944,24.303056,17-07-2014,114.4,5.1000000000000005,0.30000000000000004,0.2,23.75,4.18,4.9
-24.95861111,29.39527778,18-07-2014,114.6,0.9,0.0,0.90000004,27.05,6.5099998,0.90000004
-29.744167,29.905833,18-07-2014,94.700005,15.5,0.8,10.3,22.5,5.89,16.4
-27.902778,24.615556,18-07-2014,115.6,6.4,0.30000000000000004,0.2,23.98,4.75,6.0
-29.803611,30.516111,18-07-2014,93.4,15.700000000000001,0.8,9.6,23.09,9.03,16.300001
-29.140556,31.391944,21-07-2014,92.700005,52.400000000000006,2.6,8.1,25.18,13.679999,50.9
-25.99136,27.84208,21-07-2014,107.9,4.4,0.2,5.7000003,22.75,4.98,5.0
-25.513889,31.224444,21-07-2014,101.1,3.0,0.2,16.0,25.689999,10.58,5.5
-29.160278,26.573333,21-07-2014,99.200005,7.0,0.30000000000000004,0.5,20.93,1.99,6.6
-29.042222,24.6,21-07-2014,112.700005,5.0,0.2,0.1,22.98,3.79,4.7000003
-29.033333,23.983333,21-07-2014,110.4,5.4,0.30000000000000004,0.2,22.939999,4.08,5.1
-25.398889,31.610556,22-07-2014,99.3,3.1,0.2,7.2000003,28.57,11.469999,3.3
-28.801278,31.955389,22-07-2014,93.3,48.900000000000006,2.4000000000000004,12.7,25.539999,14.349999,49.9
-27.935,26.126667,22-07-2014,106.3,11.200000000000001,0.6000000000000001,0.6,22.34,2.6499999,10.6
-28.1175,26.719444,22-07-2014,104.8,8.8,0.4,0.6,21.779999,3.58,8.400001
-28.116667,26.725278,22-07-2014,104.8,8.8,0.4,0.6,21.779999,3.58,8.400001
-29.028629,24.638389,22-07-2014,112.5,4.9,0.2,0.1,22.93,3.9299998,4.6
-28.69485,28.23487,22-07-2014,87.3,10.3,0.5,3.3,19.109999,2.48,10.3
-29.615556,27.065278,22-07-2014,94.700005,8.8,0.4,0.6,19.82,2.6299999,8.400001
-28.883333,27.89,22-07-2014,87.4,10.8,0.5,3.2,19.13,2.1,10.7
-25.45963889,28.26430556,22-07-2014,116.6,2.0,0.1,5.2000003,25.97,6.02,2.5
-25.81048333,27.90955222,23-07-2014,110.9,3.5,0.2,5.5,24.07,5.66,4.1
-24.282222,28.090278,23-07-2014,118.8,4.6000000000000005,0.2,1.6,25.49,5.1099997,4.4
-28.747778,31.745833,23-07-2014,96.8,45.5,2.3000000000000003,7.6,25.859999,13.66,44.3
-28.404444,30.013056,23-07-2014,100.200005,2.6,0.1,5.6,23.99,6.21,3.3
-30.160091,27.40124,23-07-2014,91.200005,13.3,0.7000000000000001,0.8,19.58,3.87,12.6
-30.336111,27.359444,23-07-2014,90.5,15.9,0.8,0.8,19.5,3.61,15.1
-33.501667,21.624167,23-07-2014,86.5,16.0,0.8,0.1,20.32,5.97,15.2
-28.058889,30.373611,23-07-2014,97.8,2.3000000000000003,0.1,7.1,23.24,6.2799997,3.4
-22.935,28.004167,24-07-2014,128.90001,1.0,0.1,0.2,28.32,8.65,1.0
-30.830556,26.921389,24-07-2014,89.1,17.900000000000002,0.9,0.6,19.26,2.8799999,17.0
-24.99328,30.81444,24-07-2014,94.0,1.8,0.1,33.600002,21.71,5.25,12.5
-27.937778,31.209444,24-07-2014,96.9,6.4,0.30000000000000004,10.8,24.8,10.45,8.0
-27.5275,30.858056,24-07-2014,94.700005,4.3,0.2,11.5,23.439999,7.71,6.5
-31.000833,26.353056,24-07-2014,90.1,20.400000000000002,1.0,0.4,18.93,1.99,19.4
-30.679722,26.7125,24-07-2014,92.0,15.5,0.8,0.5,19.9,2.9099998,14.8
-30.534167,24.961944,24-07-2014,92.200005,14.8,0.7000000000000001,0.0,18.52,1.8199999,14.1
-29.744167,29.905833,25-07-2014,94.700005,15.5,0.8,10.3,22.5,5.89,16.4
-29.658056,25.973333,25-07-2014,99.4,7.9,0.4,0.5,20.539999,2.73,7.5
-33.38056,19.30167,28-07-2014,67.1,82.4,12.5,52.8,17.6,6.14,67.1
-30.534167,24.961944,16-08-2011,95.8,1.6,0.1,0.0,18.6,0.45,1.5
-27.01011111,26.69808333,29-07-2014,110.3,12.8,0.6000000000000001,0.6,22.42,4.33,12.2
-30.534167,24.961944,08-09-2011,136.1,0.4,0.0,0.0,24.5,5.7599998,0.4
-30.534167,24.961944,28-09-2011,188.0,4.0,0.2,0.0,27.67,8.67,3.8
-30.534167,24.961944,07-10-2011,188.0,4.0,0.2,0.0,27.67,8.67,3.8
-30.534167,24.961944,04-11-2011,209.2,15.700000000000001,0.8,0.0,29.15,9.94,14.900001
-30.534167,24.961944,02-12-2011,205.0,44.900000000000006,2.2,0.0,29.9,13.13,42.600002
-30.534167,24.961944,23-12-2011,217.8,35.9,1.8,0.0,34.329998,16.26,34.100002
-30.534167,24.961944,03-02-2012,168.5,55.0,2.7,0.0,31.119999,15.37,52.2
-30.534167,24.961944,02-03-2012,155.7,45.2,2.3000000000000003,0.0,29.49,13.13,42.9
-30.534167,24.961944,30-03-2012,108.200005,31.400000000000002,1.6,0.0,24.41,6.91,29.800001
-30.534167,24.961944,25-05-2012,52.7,33.2,1.7000000000000002,0.0,13.889999,-1.26,31.5
-34.065833,20.404167,29-07-2014,71.9,39.5,2.0,2.1000001,21.279999,8.69,37.7
-22.91028,29.61111,29-07-2014,114.700005,0.0,0.0,1.5,26.83,9.04,0.1
-30.534167,24.961944,20-07-2012,99.6,0.8,0.0,0.0,18.39,0.74,0.7
-30.534167,24.961944,14-09-2012,133.8,3.4000000000000004,0.2,0.0,22.82,4.41,3.2
-30.534167,24.961944,12-10-2012,175.6,43.900000000000006,2.2,0.0,26.74,8.84,41.7
-30.534167,24.961944,09-11-2012,216.0,21.700000000000003,1.1,0.0,30.779999,12.179999,20.6
-30.534167,24.961944,06-12-2012,187.90001,58.0,2.9000000000000004,0.0,30.57,14.38,55.100002
-25.127778,27.628889,29-07-2014,119.9,6.800000000000001,0.30000000000000004,5.3,26.029999,6.31,6.9
-30.534167,24.961944,08-02-2013,199.1,30.700000000000003,1.5,0.0,33.09,15.12,29.2
-25.20639,27.558,29-07-2014,119.9,6.4,0.30000000000000004,6.1,25.76,6.06,6.7000003
-24.69514,27.40906,29-07-2014,121.1,7.4,0.4,3.0,25.68,6.98,7.1
-28.75,30.442778,29-07-2014,99.0,2.3000000000000003,0.1,4.7000003,25.25,8.96,2.8
-26.880278,26.965,29-07-2014,109.4,12.700000000000001,0.6000000000000001,3.0,22.439999,3.98,12.3
-30.534167,24.961944,22-05-2014,61.100002,1.3,0.1,0.0,14.86,-2.3799999,1.3000001
-26.98472222,26.63227778,29-07-2014,111.1,13.4,0.7000000000000001,0.7,22.619999,4.72,12.8
-28.141944,26.417778,29-07-2014,104.9,9.0,0.4,0.6,21.84,3.05,8.6
-28.1175,26.719444,29-07-2014,104.8,8.8,0.4,0.6,21.779999,3.58,8.400001
-29.651389,22.746389,29-07-2014,113.9,7.300000000000001,0.4,0.0,22.56,5.0699997,6.9
-30.534167,24.961944,16-10-2014,189.7,6.0,0.30000000000000004,0.0,28.64,10.19,5.7000003
-30.534167,24.961944,06-11-2014,190.0,78.5,3.9000000000000004,0.0,27.84,11.53,74.6
-30.534167,24.961944,04-12-2014,210.7,26.5,1.3,0.0,31.84,14.7699995,25.2
-30.534167,24.961944,08-01-2015,220.90001,22.5,1.1,0.0,33.93,16.21,21.300001
-33.31388889,19.07472222,29-07-2014,69.3,82.80000000000001,13.5,67.8,19.98,8.62,69.3
-28.338333,31.373611,29-07-2014,96.1,15.0,0.8,9.0,24.66,11.12,15.900001
-28.068333,31.55,29-07-2014,93.200005,12.9,0.6000000000000001,8.7,26.199999,12.46,13.7
-27.495556,26.074722,29-07-2014,107.6,12.0,0.6000000000000001,0.6,22.85,3.53,11.400001
-29.161667,23.696389,30-07-2014,111.700005,5.9,0.30000000000000004,0.1,22.98,4.79,5.6
-22.225556,29.990556,30-07-2014,114.0,0.0,0.0,0.2,28.68,11.03,0.0
-30.534167,24.961944,22-10-2015,216.6,8.200000000000001,0.4,0.0,29.73,10.73,7.8
-31.860278,18.6875,30-07-2014,84.9,39.5,2.0,0.5,21.59,8.63,37.5
-24.39619444,27.08983333,30-07-2014,126.1,8.5,0.4,2.1000001,26.599998,7.3799996,8.1
-23.281,30.54305556,30-07-2014,101.1,0.6000000000000001,0.0,9.400001,27.17,11.2699995,1.7
-28.44555556,32.325,22-10-2014,121.3,44.800000000000004,2.2,8.0,25.96,18.22,43.5
-29.161667,30.629722,30-07-2014,89.700005,5.2,0.30000000000000004,9.400001,21.58,8.2699995,6.5
-31.436944,20.474722,24-04-2014,92.0,12.8,0.6000000000000001,0.0,21.92,6.0,12.2
-26.861111,28.884722,30-07-2014,96.9,4.7,0.2,6.8,21.31,1.68,5.5
-26.73806,27.59194,30-07-2014,106.6,5.9,0.30000000000000004,4.6,21.96,3.74,6.3
-26.45,28.085833,30-07-2014,103.200005,4.0,0.2,5.7000003,22.24,3.74,4.6
-27.38972222,26.46388889,30-07-2014,110.4,12.3,0.6000000000000001,0.6,23.09,3.74,11.7
-27.398611,26.614722,30-07-2014,111.5,11.8,0.6000000000000001,0.6,23.21,3.9599998,11.2
-27.671111,27.236944,30-07-2014,108.200005,9.600000000000001,0.5,0.7,22.8,3.62,9.2
-28.768056,20.720556,30-07-2014,123.8,2.7,0.1,0.0,24.26,7.1,2.5
-33.08883333,19.21878333,30-07-2014,66.3,64.8,3.2,10.7,16.97,5.22,62.5
-29.641944,30.6875,31-07-2014,94.1,9.700000000000001,0.5,9.0,24.01,10.889999,10.3
-22.769722,30.886944,31-07-2014,103.8,1.2000000000000002,0.1,4.2000003,28.25,12.45,1.3000001
-27.169444,29.233889,31-07-2014,92.200005,6.2,0.30000000000000004,5.5,20.779999,1.79,6.8
-27.00222,28.76528,31-07-2014,95.0,5.7,0.30000000000000004,6.0,21.279999,1.43,6.3
-28.376944,24.303056,31-07-2014,114.4,5.1000000000000005,0.30000000000000004,0.2,23.75,4.18,4.9
-34.405833,19.600556,31-07-2014,65.700005,77.9,3.9000000000000004,49.100002,17.96,9.389999,65.700005
-34.329722,18.990278,31-07-2014,66.1,121.60000000000001,55.5,94.4,17.23,10.0199995,66.1
-27.356667,27.286389,31-07-2014,105.700005,9.8,0.5,0.7,22.1,3.26,9.3
-28.308889,31.9025,31-07-2014,88.0,28.0,1.4000000000000001,10.1,25.869999,13.679999,28.7
-33.897778,20.012778,31-07-2014,73.1,51.0,2.5,2.4,20.8,7.94,48.600002
-29.744167,29.905833,01-08-2014,94.700005,15.5,0.8,10.3,22.5,5.89,16.4
-26.648056,27.089444,01-08-2014,108.5,13.0,0.7000000000000001,4.3,22.46,3.9399998,13.0
-27.671111,27.236944,01-08-2014,108.200005,9.600000000000001,0.5,0.7,22.8,3.62,9.2
-27.902778,24.615556,01-08-2014,115.6,6.4,0.30000000000000004,0.2,23.98,4.75,6.0
-25.99136,27.84208,04-08-2014,107.9,4.4,0.2,5.7000003,22.75,4.98,5.0
-28.735556,29.820556,04-08-2014,97.5,2.6,0.1,5.3,24.24,5.72,3.3
-26.45,28.085833,04-08-2014,103.200005,4.0,0.2,5.7000003,22.24,3.74,4.6
-29.160278,26.573333,04-08-2014,99.200005,7.0,0.30000000000000004,0.5,20.93,1.99,6.6
-24.058889,31.237222,05-08-2014,98.9,0.9,0.0,1.0,28.3,11.969999,0.90000004
-26.861111,28.884722,05-08-2014,96.9,4.7,0.2,6.8,21.31,1.68,5.5
-34.031944,22.053333,05-08-2014,78.0,20.8,1.0,1.5,21.14,9.3,19.800001
-34.039722,22.133333,05-08-2014,78.3,21.0,1.0,1.6,21.199999,9.74,20.0
-25.45963889,28.26430556,05-08-2014,116.6,2.0,0.1,5.2000003,25.97,6.02,2.5
-29.161667,23.696389,06-08-2014,111.700005,5.9,0.30000000000000004,0.1,22.98,4.79,5.6
-25.81048333,27.90955222,06-08-2014,110.9,3.5,0.2,5.5,24.07,5.66,4.1
-25.73411,27.21422,06-08-2014,114.200005,12.9,0.6000000000000001,5.7000003,23.6,4.97,13.1
-27.363611,31.783333,06-08-2014,93.9,7.300000000000001,0.4,8.5,27.289999,12.309999,7.6
-26.905,32.324722,06-08-2014,93.5,6.9,0.30000000000000004,5.4,28.51,13.34,6.8
-27.602222,29.942778,06-08-2014,101.4,2.8000000000000003,0.1,7.6,23.869999,5.5,4.0
-27.4275,28.525833,06-08-2014,92.700005,8.0,0.4,4.3,20.99,1.0799999,8.3
-27.3,28.586944,06-08-2014,94.200005,7.9,0.4,4.7000003,21.25,1.2099999,8.2
-27.935,26.126667,06-08-2014,106.3,11.200000000000001,0.6000000000000001,0.6,22.34,2.6499999,10.6
-34.005833,22.351111,06-08-2014,77.9,24.200000000000003,1.2000000000000002,1.9,20.539999,9.83,23.1
-27.00222,28.76528,07-08-2014,95.0,5.7,0.30000000000000004,6.0,21.279999,1.43,6.3
-27.02314,28.59389,07-08-2014,98.3,6.0,0.30000000000000004,5.9,21.88,1.8499999,6.5
-31.394444,20.947222,07-08-2014,99.8,9.9,0.5,0.0,19.77,3.53,9.400001
-23.658056,31.05,08-08-2014,100.9,0.7000000000000001,0.0,0.8,28.47,11.719999,0.7
-28.96362,19.15486,09-08-2014,115.1,1.0,0.1,0.0,24.609999,8.2,1.0
-24.679167,30.8025,11-08-2014,97.3,1.5,0.1,22.800001,22.85,6.64,7.2000003
-29.7775,29.470833,11-08-2014,86.3,14.5,0.7000000000000001,6.6,19.46,2.27,15.1
-29.987778,29.851667,11-08-2014,92.700005,18.3,0.9,12.1,22.039999,5.83,19.7
-29.744167,29.905833,11-08-2014,94.700005,15.5,0.8,10.3,22.5,5.89,16.4
-29.380556,30.2775,11-08-2014,91.8,7.7,0.4,10.900001,22.07,6.47,9.3
-26.970278,27.211111,11-08-2014,109.9,10.100000000000001,0.5,3.3,22.63,4.04,9.900001
-26.45,28.085833,11-08-2014,103.200005,4.0,0.2,5.7000003,22.24,3.74,4.6
-26.98472222,26.63227778,11-08-2014,111.1,13.4,0.7000000000000001,0.7,22.619999,4.72,12.8
-27.671111,27.236944,11-08-2014,108.200005,9.600000000000001,0.5,0.7,22.8,3.62,9.2
-31.396,29.2651,11-08-2014,100.0,41.2,2.1,8.0,23.199999,12.21,40.9
-31.554722,29.245556,11-08-2014,103.700005,42.2,2.1,8.2,22.93,12.05,41.9
-24.183889,30.823889,12-08-2014,104.9,0.6000000000000001,0.0,1.9,28.08,11.179999,0.6
-25.127778,27.628889,12-08-2014,119.9,6.800000000000001,0.30000000000000004,5.3,26.029999,6.31,6.9
-24.39619444,27.08983333,12-08-2014,126.1,8.5,0.4,2.1000001,26.599998,7.3799996,8.1
-24.69514,27.40906,12-08-2014,121.1,7.4,0.4,3.0,25.68,6.98,7.1
-25.73411,27.21422,12-08-2014,114.200005,12.9,0.6000000000000001,5.7000003,23.6,4.97,13.1
-26.03611,30.99778,12-08-2014,101.1,4.2,0.2,24.1,24.51,9.07,9.7
-30.733889,29.828333,12-08-2014,96.8,28.3,1.4000000000000001,9.8,22.46,9.48,28.6
-26.861111,28.884722,12-08-2014,96.9,4.7,0.2,6.8,21.31,1.68,5.5
-27.00222,28.76528,12-08-2014,95.0,5.7,0.30000000000000004,6.0,21.279999,1.43,6.3
-26.98472222,26.63227778,12-08-2014,111.1,13.4,0.7000000000000001,0.7,22.619999,4.72,12.8
-27.398611,26.614722,12-08-2014,111.5,11.8,0.6000000000000001,0.6,23.21,3.9599998,11.2
-30.570833,29.150556,12-08-2014,93.6,14.700000000000001,0.7000000000000001,6.4,20.06,4.13,15.0
-31.104278,29.399722,12-08-2014,92.9,32.1,1.6,9.2,22.22,9.8,32.5
-27.495556,26.074722,12-08-2014,107.6,12.0,0.6000000000000001,0.6,22.85,3.53,11.400001
-27.4,26.624722,12-08-2014,111.5,11.8,0.6000000000000001,0.6,23.21,3.9599998,11.2
-29.161667,23.696389,13-08-2014,111.700005,5.9,0.30000000000000004,0.1,22.98,4.79,5.6
-27.01011111,26.69808333,13-08-2014,110.3,12.8,0.6000000000000001,0.6,22.42,4.33,12.2
-22.935,28.004167,13-08-2014,128.90001,1.0,0.1,0.2,28.32,8.65,1.0
-24.670833,28.560833,13-08-2014,115.4,1.0,0.0,5.6,25.63,5.77,1.4
-25.20639,27.558,13-08-2014,119.9,6.4,0.30000000000000004,6.1,25.76,6.06,6.7000003
-24.058889,31.237222,13-08-2014,98.9,0.9,0.0,1.0,28.3,11.969999,0.90000004
-30.398056,30.601944,13-08-2014,97.1,58.1,2.9000000000000004,13.0,23.4,14.049999,58.0
-26.648056,27.089444,13-08-2014,108.5,13.0,0.7000000000000001,4.3,22.46,3.9399998,13.0
-26.880278,26.965,13-08-2014,109.4,12.700000000000001,0.6000000000000001,3.0,22.439999,3.98,12.3
-31.031389,28.883333,13-08-2014,95.700005,20.5,1.0,7.6,21.779999,7.2599998,20.800001
-30.86013889,29.07125,13-08-2014,96.5,19.1,1.0,6.6,21.85,7.29,19.2
-30.77586667,29.03221667,13-08-2014,97.9,17.5,0.9,5.9,21.75,7.08,17.5
-24.282222,28.090278,14-08-2014,118.8,4.6000000000000005,0.2,1.6,25.49,5.1099997,4.4
-22.91028,29.61111,14-08-2014,114.700005,0.0,0.0,1.5,26.83,9.04,0.1
-25.49037,30.6986,14-08-2014,103.700005,1.6,0.1,23.0,24.84,7.93,5.4
-30.13573889,30.67422222,14-08-2014,94.200005,40.0,2.0,10.6,23.46,13.429999,39.8
-28.376944,24.303056,14-08-2014,114.4,5.1000000000000005,0.30000000000000004,0.2,23.75,4.18,4.9
-25.447222,30.711667,14-08-2014,103.0,1.7000000000000002,0.1,20.800001,25.01,8.309999,4.9
-29.744167,29.905833,15-08-2014,94.700005,15.5,0.8,10.3,22.5,5.89,16.4
-27.902778,24.615556,15-08-2014,115.6,6.4,0.30000000000000004,0.2,23.98,4.75,6.0
-29.803611,30.516111,15-08-2014,93.4,15.700000000000001,0.8,9.6,23.09,9.03,16.300001
-28.96362,19.15486,16-08-2014,115.1,1.0,0.1,0.0,24.609999,8.2,1.0
-25.99136,27.84208,18-08-2014,149.3,0.6000000000000001,0.0,5.0,28.119999,9.01,1.2
-26.73806,27.59194,18-08-2014,150.1,0.6000000000000001,0.0,4.1,27.369999,7.6699996,1.1
-26.45,28.085833,18-08-2014,145.8,0.6000000000000001,0.0,5.1,27.349998,8.0,1.2
-28.1175,26.719444,18-08-2014,148.7,1.0,0.0,0.6,27.96,7.29,0.90000004
-27.671111,27.236944,18-08-2014,148.2,0.4,0.0,0.6,28.15,7.45,0.4
-29.160278,26.573333,18-08-2014,139.1,2.2,0.1,0.5,27.17,5.44,2.1000001
-29.140556,31.391944,19-08-2014,118.1,64.8,3.2,7.3,27.5,15.0,62.4
-26.006389,29.253889,19-08-2014,140.2,0.9,0.0,6.2000003,27.72,7.85,1.7
-28.801278,31.955389,19-08-2014,118.0,58.300000000000004,2.9000000000000004,10.5,27.76,15.41,57.600002
-27.169444,29.233889,19-08-2014,131.0,0.30000000000000004,0.0,4.8,25.849998,5.6099997,1.0
-26.861111,28.884722,19-08-2014,133.1,0.4,0.0,6.0,26.23,5.67,1.2
-27.00222,28.76528,19-08-2014,132.40001,0.4,0.0,5.3,26.41,5.6,1.1
-26.98472222,26.63227778,19-08-2014,153.1,0.7000000000000001,0.0,0.6,28.22,8.48,0.7
-27.935,26.126667,19-08-2014,147.3,1.1,0.1,0.6,28.189999,6.3799996,1.1
-27.398611,26.614722,19-08-2014,154.1,0.8,0.0,0.6,28.82,8.0,0.8
-28.69485,28.23487,19-08-2014,126.5,0.30000000000000004,0.0,2.9,24.47,6.12,0.6
-28.883333,27.89,19-08-2014,125.8,2.5,0.1,2.9,24.88,6.7,2.7
-25.45963889,28.26430556,19-08-2014,152.2,0.4,0.0,4.7000003,30.72,10.26,0.8
-27.495556,26.074722,19-08-2014,151.0,0.9,0.0,0.6,28.38,7.3399997,0.90000004
-27.4,26.624722,19-08-2014,154.1,0.8,0.0,0.6,28.82,8.0,0.8
-29.161667,23.696389,20-08-2014,142.7,4.4,0.2,0.1,27.93,7.5,4.2000003
-27.01011111,26.69808333,20-08-2014,152.8,0.7000000000000001,0.0,0.6,28.14,8.29,0.7
-25.81048333,27.90955222,20-08-2014,149.3,0.5,0.0,4.9,29.26,9.87,1.1
-28.747778,31.745833,20-08-2014,120.200005,62.5,3.1,6.8,28.39,15.2,60.3
-28.404444,30.013056,20-08-2014,131.7,0.0,0.0,5.0,28.38,9.349999,0.6
-26.648056,27.089444,20-08-2014,152.90001,0.7000000000000001,0.0,3.8,27.99,7.8199997,1.2
-26.970278,27.211111,20-08-2014,153.3,0.6000000000000001,0.0,3.0,27.99,7.8399997,0.90000004
-26.880278,26.965,20-08-2014,153.1,0.6000000000000001,0.0,2.8,28.09,8.07,0.90000004
-28.1175,26.719444,20-08-2014,148.7,1.0,0.0,0.6,27.96,7.29,0.90000004
-30.160091,27.40124,20-08-2014,124.9,8.8,0.4,0.7,24.93,6.56,8.400001
-30.336111,27.359444,20-08-2014,124.6,11.3,0.6000000000000001,0.8,24.71,6.31,10.8
-29.615556,27.065278,20-08-2014,131.7,4.5,0.2,0.6,25.68,5.8199997,4.3
-28.058889,30.373611,20-08-2014,129.2,1.8,0.1,6.2000003,27.09,8.86,2.6000001
-30.830556,26.921389,21-08-2014,123.200005,13.8,0.7000000000000001,0.6,24.57,5.81,13.1
-27.937778,31.209444,21-08-2014,127.3,22.900000000000002,1.1,9.400001,28.16,12.48,23.1
-27.5275,30.858056,21-08-2014,122.0,16.900000000000002,0.8,9.8,26.97,9.849999,17.800001
-28.116667,26.725278,21-08-2014,148.7,1.0,0.0,0.6,27.96,7.29,0.90000004
-31.000833,26.353056,21-08-2014,123.200005,14.100000000000001,0.7000000000000001,0.4,24.15,4.5099998,13.400001
-30.679722,26.7125,21-08-2014,124.8,12.600000000000001,0.6000000000000001,0.5,25.279999,5.96,11.900001
-28.883333,27.89,21-08-2014,125.8,2.5,0.1,2.9,24.88,6.7,2.7
-30.534167,24.961944,21-08-2014,134.7,9.9,0.5,0.0,25.72,6.29,9.400001
-31.394444,20.947222,21-08-2014,129.1,6.4,0.30000000000000004,0.0,24.34,5.5699997,6.1
-24.925278,29.324444,22-08-2014,149.0,0.5,0.0,0.90000004,31.33,10.5199995,0.5
-29.658056,25.973333,22-08-2014,135.7,4.1000000000000005,0.2,0.5,26.22,5.49,3.9
-26.45,28.085833,25-08-2014,145.8,0.6000000000000001,0.0,5.1,27.349998,8.0,1.2
-29.042222,24.6,25-08-2014,150.90001,3.7,0.2,0.1,28.789999,6.64,3.5
-29.028629,24.638389,25-08-2014,150.2,3.7,0.2,0.1,28.74,6.67,3.5
-33.818056,19.694722,25-08-2014,104.1,27.400000000000002,1.4000000000000001,12.5,23.119999,9.2,35.100002
-32.502778,19.535833,25-08-2014,119.4,9.9,0.5,0.4,24.74,7.24,9.400001
-27.01011111,26.69808333,26-08-2014,152.8,0.7000000000000001,0.0,0.6,28.14,8.29,0.7
-25.127778,27.628889,26-08-2014,158.5,0.4,0.0,4.9,31.08,11.219999,0.8
-25.20639,27.558,26-08-2014,159.2,0.4,0.0,5.6,30.84,11.059999,0.90000004
-24.69514,27.40906,26-08-2014,158.40001,0.4,0.0,2.9,30.89,12.389999,0.5
-23.281,30.54305556,26-08-2014,126.1,1.5,0.1,8.5,29.72,14.15,2.4
-26.861111,28.884722,26-08-2014,133.1,0.4,0.0,6.0,26.23,5.67,1.2
-26.648056,27.089444,26-08-2014,152.90001,0.7000000000000001,0.0,3.8,27.99,7.8199997,1.2
-26.970278,27.211111,26-08-2014,153.3,0.6000000000000001,0.0,3.0,27.99,7.8399997,0.90000004
-26.880278,26.965,26-08-2014,153.1,0.6000000000000001,0.0,2.8,28.09,8.07,0.90000004
-26.98472222,26.63227778,26-08-2014,153.1,0.7000000000000001,0.0,0.6,28.22,8.48,0.7
-28.141944,26.417778,26-08-2014,145.2,0.9,0.0,0.6,27.869999,6.66,0.90000004
-28.1175,26.719444,26-08-2014,148.7,1.0,0.0,0.6,27.96,7.29,0.90000004
-33.501667,21.624167,26-08-2014,107.700005,20.5,1.0,0.1,22.84,6.68,19.4
-34.075556,20.145556,26-08-2014,90.200005,20.900000000000002,1.0,2.7,23.029999,9.599999,20.0
-31.5653,18.3306,26-08-2014,115.3,9.9,0.5,0.2,24.47,9.469999,9.400001
-32.94583,18.33667,26-08-2014,97.700005,18.5,0.9,10.0,22.109999,10.08,21.1
-28.338333,31.373611,26-08-2014,127.1,33.1,1.7000000000000002,7.8,28.17,13.13,32.7
-28.068333,31.55,26-08-2014,124.1,27.8,1.4000000000000001,7.6,29.47,14.75,27.5
-24.39619444,27.08983333,27-08-2014,164.5,0.4,0.0,2.1000001,32.21,12.98,0.4
-22.769722,30.886944,27-08-2014,131.7,2.3000000000000003,0.1,4.1,30.64,14.839999,2.4
-28.44555556,32.325,19-11-2014,140.7,223.9,16.400000000000002,74.8,28.46,20.539999,140.7
-29.161667,30.629722,27-08-2014,119.5,0.0,0.0,8.3,25.23,9.78,1.2
-27.00222,28.76528,27-08-2014,132.40001,0.4,0.0,5.3,26.41,5.6,1.1
-27.02314,28.59389,27-08-2014,135.0,0.5,0.0,5.2000003,26.81,5.98,1.1
-27.4275,28.525833,27-08-2014,132.2,0.5,0.0,3.8,26.09,5.1099997,1.0
-27.3,28.586944,27-08-2014,131.90001,0.5,0.0,4.2000003,26.31,5.3399997,1.0
-27.398611,26.614722,27-08-2014,154.1,0.8,0.0,0.6,28.82,8.0,0.8
-33.13083,18.86278,27-08-2014,91.700005,23.1,1.2000000000000002,22.4,22.98,9.73,48.9
-33.7075,18.97444444,27-08-2014,95.1,37.6,1.9000000000000001,35.2,22.65,10.0199995,73.200005
-28.308889,31.9025,27-08-2014,117.5,37.4,1.9000000000000001,8.6,28.769999,15.589999,37.0
-26.619444,27.980833,28-08-2014,146.6,0.5,0.0,4.6,27.46,7.95,1.1
-26.510278,28.351389,28-08-2014,143.0,0.5,0.0,6.3,27.4,7.5499997,1.3000001
-27.671111,27.236944,28-08-2014,148.2,0.4,0.0,0.6,28.15,7.45,0.4
-27.573056,24.746389,28-08-2014,152.2,2.1,0.1,0.3,29.429998,7.79,2.0
-28.376944,24.303056,28-08-2014,153.5,3.5,0.2,0.2,29.849998,7.1099997,3.4
-28.75,30.442778,29-08-2014,132.40001,0.0,0.0,4.3,29.34,11.86,0.5
-29.744167,29.905833,29-08-2014,119.1,10.100000000000001,0.5,9.0,26.269999,8.69,10.900001
-27.902778,24.615556,29-08-2014,153.7,2.5,0.1,0.2,30.06,8.139999,2.3
-25.99136,27.84208,01-09-2014,149.3,0.6000000000000001,0.0,5.0,28.119999,9.01,1.2
-26.73806,27.59194,01-09-2014,150.1,0.6000000000000001,0.0,4.1,27.369999,7.6699996,1.1
-26.45,28.085833,01-09-2014,145.8,0.6000000000000001,0.0,5.1,27.349998,8.0,1.2
-28.141944,26.417778,01-09-2014,145.2,0.9,0.0,0.6,27.869999,6.66,0.90000004
-28.116667,26.725278,01-09-2014,148.7,1.0,0.0,0.6,27.96,7.29,0.90000004
-33.38056,19.30167,01-09-2014,95.700005,26.200000000000003,1.3,19.4,20.65,6.67,58.3
-34.065833,20.404167,02-09-2014,92.200005,19.6,1.0,2.0,23.68,10.09,18.7
-31.860278,18.6875,02-09-2014,117.4,12.3,0.6000000000000001,0.5,24.519999,8.599999,11.7
-27.169444,29.233889,02-09-2014,131.0,0.30000000000000004,0.0,4.8,25.849998,5.6099997,1.0
-26.861111,28.884722,02-09-2014,133.1,0.4,0.0,6.0,26.23,5.67,1.2
-27.00222,28.76528,02-09-2014,132.40001,0.4,0.0,5.3,26.41,5.6,1.1
-26.880278,26.965,02-09-2014,153.1,0.6000000000000001,0.0,2.8,28.09,8.07,0.90000004
-27.935,26.126667,02-09-2014,147.3,1.1,0.1,0.6,28.189999,6.3799996,1.1
-27.671111,27.236944,02-09-2014,148.2,0.4,0.0,0.6,28.15,7.45,0.4
-34.031944,22.053333,02-09-2014,96.3,35.7,1.8,1.5,22.51,10.19,34.0
-34.039722,22.133333,02-09-2014,94.6,39.1,2.0,1.6,22.5,10.58,37.2
-25.45963889,28.26430556,02-09-2014,152.2,0.4,0.0,4.7000003,30.72,10.26,0.8
-25.57877778,29.12747222,02-09-2014,149.0,0.9,0.0,1.1,30.48,10.0199995,0.90000004
-29.161667,23.696389,03-09-2014,142.7,4.4,0.2,0.1,27.93,7.5,4.2000003
-25.81048333,27.90955222,03-09-2014,149.3,0.5,0.0,4.9,29.26,9.87,1.1
-23.658056,31.05,03-09-2014,124.9,2.3000000000000003,0.1,0.8,30.88,14.44,2.2
-26.006389,29.253889,03-09-2014,140.2,0.9,0.0,6.2000003,27.72,7.85,1.7
-27.602222,29.942778,03-09-2014,137.40001,0.7000000000000001,0.0,6.6,28.17,8.63,1.7
-27.802778,28.768333,03-09-2014,129.8,0.30000000000000004,0.0,3.3,25.48,5.0099998,0.7
-29.160278,26.573333,03-09-2014,139.1,2.2,0.1,0.5,27.17,5.44,2.1000001
-31.436944,20.474722,03-09-2014,126.4,6.9,0.30000000000000004,0.0,23.84,5.06,6.5
-34.405833,19.600556,03-09-2014,88.200005,31.400000000000002,1.6,20.4,19.73,10.2,58.600002
-27.363611,31.783333,04-09-2014,123.8,16.900000000000002,0.8,7.9,29.99,14.58,16.6
-26.970278,27.211111,04-09-2014,153.3,0.6000000000000001,0.0,3.0,27.99,7.8399997,0.90000004
-27.671111,27.236944,04-09-2014,148.2,0.4,0.0,0.6,28.15,7.45,0.4
-34.329722,18.990278,04-09-2014,87.200005,41.1,2.1,64.0,18.949999,10.309999,69.5
-33.897778,20.012778,04-09-2014,95.9,20.900000000000002,1.0,2.3,23.71,9.34,20.0
-27.01011111,26.69808333,05-09-2014,152.8,0.7000000000000001,0.0,0.6,28.14,8.29,0.7
-26.905,32.324722,05-09-2014,122.8,17.1,0.9,5.2000003,31.029999,15.16,16.5
-28.735556,29.820556,05-09-2014,129.90001,0.0,0.0,4.7000003,28.55,9.26,0.6
-29.744167,29.905833,05-09-2014,119.1,10.100000000000001,0.5,9.0,26.269999,8.69,10.900001
-26.98472222,26.63227778,05-09-2014,153.1,0.7000000000000001,0.0,0.6,28.22,8.48,0.7
-34.005833,22.351111,05-09-2014,94.8,51.400000000000006,2.6,1.8000001,21.689999,10.469999,48.9
-27.495556,26.074722,05-09-2014,151.0,0.9,0.0,0.6,28.38,7.3399997,0.90000004
-28.96362,19.15486,06-09-2014,139.7,2.7,0.1,0.0,27.689999,8.62,2.5
-28.338333,31.373611,06-09-2014,127.1,33.1,1.7000000000000002,7.8,28.17,13.13,32.7
-29.7775,29.470833,08-09-2014,119.8,8.8,0.4,5.7000003,25.359999,7.04,9.3
-29.987778,29.851667,08-09-2014,120.0,12.8,0.6000000000000001,10.5,25.769999,8.349999,13.8
-29.744167,29.905833,08-09-2014,119.1,10.100000000000001,0.5,9.0,26.269999,8.69,10.900001
-26.98472222,26.63227778,08-09-2014,153.1,0.7000000000000001,0.0,0.6,28.22,8.48,0.7
-27.671111,27.236944,08-09-2014,148.2,0.4,0.0,0.6,28.15,7.45,0.4
-29.160278,26.573333,08-09-2014,139.1,2.2,0.1,0.5,27.17,5.44,2.1000001
-33.31388889,19.07472222,08-09-2014,92.6,28.0,1.4000000000000001,26.1,22.91,9.07,68.3
-25.127778,27.628889,09-09-2014,158.5,0.4,0.0,4.9,31.08,11.219999,0.8
-25.20639,27.558,09-09-2014,159.2,0.4,0.0,5.6,30.84,11.059999,0.90000004
-24.39619444,27.08983333,09-09-2014,164.5,0.4,0.0,2.1000001,32.21,12.98,0.4
-24.69514,27.40906,09-09-2014,158.40001,0.4,0.0,2.9,30.89,12.389999,0.5
-30.733889,29.828333,09-09-2014,118.5,22.5,1.1,8.5,25.16,11.08,22.7
-29.380556,30.2775,09-09-2014,119.5,3.4000000000000004,0.2,9.400001,25.449999,8.7,4.7000003
-28.141944,26.417778,09-09-2014,145.2,0.9,0.0,0.6,27.869999,6.66,0.90000004
-28.1175,26.719444,09-09-2014,148.7,1.0,0.0,0.6,27.96,7.29,0.90000004
-27.398611,26.614722,09-09-2014,154.1,0.8,0.0,0.6,28.82,8.0,0.8
-28.69485,28.23487,09-09-2014,126.5,0.30000000000000004,0.0,2.9,24.47,6.12,0.6
-29.615556,27.065278,09-09-2014,131.7,4.5,0.2,0.6,25.68,5.8199997,4.3
-28.883333,27.89,09-09-2014,125.8,2.5,0.1,2.9,24.88,6.7,2.7
-31.554722,29.245556,09-09-2014,115.4,41.400000000000006,2.1,7.0,24.38,12.95,40.5
-27.4,26.624722,09-09-2014,154.1,0.8,0.0,0.6,28.82,8.0,0.8
-29.161667,23.696389,10-09-2014,142.7,4.4,0.2,0.1,27.93,7.5,4.2000003
-27.01011111,26.69808333,10-09-2014,152.8,0.7000000000000001,0.0,0.6,28.14,8.29,0.7
-26.648056,27.089444,10-09-2014,152.90001,0.7000000000000001,0.0,3.8,27.99,7.8199997,1.2
-26.970278,27.211111,10-09-2014,153.3,0.6000000000000001,0.0,3.0,27.99,7.8399997,0.90000004
-26.880278,26.965,10-09-2014,153.1,0.6000000000000001,0.0,2.8,28.09,8.07,0.90000004
-26.98472222,26.63227778,10-09-2014,153.1,0.7000000000000001,0.0,0.6,28.22,8.48,0.7
-27.671111,27.236944,10-09-2014,148.2,0.4,0.0,0.6,28.15,7.45,0.4
-30.160091,27.40124,10-09-2014,124.9,8.8,0.4,0.7,24.93,6.56,8.400001
-30.336111,27.359444,10-09-2014,124.6,11.3,0.6000000000000001,0.8,24.71,6.31,10.8
-28.460833,21.248889,10-09-2014,154.3,4.2,0.2,0.0,28.349998,8.76,4.0
-30.568333,29.422778,10-09-2014,119.200005,14.100000000000001,0.7000000000000001,7.2000003,24.39,6.85,14.400001
-30.570833,29.150556,10-09-2014,117.5,12.9,0.6000000000000001,5.7000003,23.9,6.44,13.1
-30.830556,26.921389,11-09-2014,123.200005,13.8,0.7000000000000001,0.6,24.57,5.81,13.1
-30.13573889,30.67422222,11-09-2014,112.9,21.6,1.1,9.3,25.64,15.099999,21.800001
-27.38972222,26.46388889,11-09-2014,154.2,0.8,0.0,0.6,28.97,7.95,0.8
-27.398611,26.614722,11-09-2014,154.1,0.8,0.0,0.6,28.82,8.0,0.8
-28.376944,24.303056,11-09-2014,153.5,3.5,0.2,0.2,29.849998,7.1099997,3.4
-31.000833,26.353056,11-09-2014,123.200005,14.100000000000001,0.7000000000000001,0.4,24.15,4.5099998,13.400001
-30.679722,26.7125,11-09-2014,124.8,12.600000000000001,0.6000000000000001,0.5,25.279999,5.96,11.900001
-30.534167,24.961944,11-09-2014,134.7,9.9,0.5,0.0,25.72,6.29,9.400001
-30.77586667,29.03221667,11-09-2014,117.5,15.4,0.8,5.2000003,25.06,9.16,15.3
-27.902778,24.615556,12-09-2014,153.7,2.5,0.1,0.2,30.06,8.139999,2.3
-29.803611,30.516111,12-09-2014,116.3,8.200000000000001,0.4,8.6,25.96,11.46,8.900001
-24.679167,30.8025,15-09-2014,127.9,4.2,0.2,19.1,26.41,9.7,7.8
-25.99136,27.84208,15-09-2014,149.3,0.6000000000000001,0.0,5.0,28.119999,9.01,1.2
-25.513889,31.224444,15-09-2014,133.7,7.300000000000001,0.4,14.1,28.64,13.0199995,8.900001
-26.73806,27.59194,15-09-2014,150.1,0.6000000000000001,0.0,4.1,27.369999,7.6699996,1.1
-26.45,28.085833,15-09-2014,145.8,0.6000000000000001,0.0,5.1,27.349998,8.0,1.2
-29.042222,24.6,15-09-2014,150.90001,3.7,0.2,0.1,28.789999,6.64,3.5
-29.028629,24.638389,15-09-2014,150.2,3.7,0.2,0.1,28.74,6.67,3.5
-22.225556,29.990556,16-09-2014,185.6,4.5,0.2,0.2,32.71,18.01,4.3
-25.436111,31.982222,16-09-2014,146.3,26.1,1.3,10.2,31.47,15.86,25.6
-29.140556,31.391944,16-09-2014,129.7,93.2,4.7,6.5,27.32,16.1,89.200005
-24.183889,30.823889,16-09-2014,156.2,18.400000000000002,0.9,1.9,31.05,16.59,17.5
-25.73411,27.21422,16-09-2014,191.2,12.0,0.6000000000000001,4.6,29.72,12.0199995,11.900001
-23.838611,31.640833,16-09-2014,155.1,15.700000000000001,0.8,0.8,31.88,16.67,14.900001
-24.058889,31.237222,16-09-2014,151.7,18.2,0.9,0.90000004,30.59,16.6,17.300001
-26.03611,30.99778,16-09-2014,147.7,50.7,2.5,17.5,28.26,14.4,50.9
-25.681111,31.783333,16-09-2014,142.7,27.6,1.4000000000000001,7.1,30.039999,15.66,26.6
-25.362222,31.956667,16-09-2014,146.90001,25.5,1.3,8.6,31.199999,15.889999,24.9
-27.169444,29.233889,16-09-2014,156.6,18.400000000000002,0.9,4.3,26.869999,9.059999,18.0
-26.861111,28.884722,16-09-2014,162.2,17.6,0.9,5.3,26.939999,9.21,17.4
-27.802778,28.768333,16-09-2014,153.40001,18.1,0.9,3.0,26.43,8.45,17.5
-33.501667,21.624167,16-09-2014,150.40001,3.3000000000000003,0.2,0.1,25.599998,9.21,3.1000001
-25.45963889,28.26430556,16-09-2014,186.6,12.3,0.6000000000000001,4.3,30.92,13.09,12.1
-25.81048333,27.90955222,17-09-2014,181.8,13.600000000000001,0.7000000000000001,4.5,29.439999,12.86,13.400001
-24.282222,28.090278,17-09-2014,189.90001,8.6,0.4,1.6,31.24,13.37,8.2
-23.23572222,27.717,17-09-2014,209.90001,4.9,0.2,0.4,33.67,16.42,4.6
-24.670833,28.560833,17-09-2014,186.3,10.200000000000001,0.5,4.8,31.22,13.259999,10.0
-22.91028,29.61111,17-09-2014,174.40001,6.7,0.30000000000000004,1.4,30.619999,15.62,6.4
-24.768889,31.39,17-09-2014,148.2,23.5,1.2000000000000002,8.1,30.289999,16.3,22.9
-28.801278,31.955389,17-09-2014,131.6,74.60000000000001,3.7,9.0,27.92,16.42,72.3
-28.404444,30.013056,17-09-2014,147.40001,19.700000000000003,1.0,4.5,28.31,11.5,19.2
-27.00222,28.76528,17-09-2014,162.1,20.6,1.0,4.7000003,27.31,9.33,20.2
-27.02314,28.59389,17-09-2014,165.90001,22.3,1.1,4.7000003,27.81,9.84,21.7
-27.273889,28.49,17-09-2014,163.5,28.700000000000003,1.4000000000000001,3.9,27.26,9.34,27.7
-27.4275,28.525833,17-09-2014,161.0,25.0,1.3,3.5,27.039999,9.01,24.2
-27.3,28.586944,17-09-2014,163.0,26.200000000000003,1.3,3.8,27.359999,9.33,25.300001
-27.935,26.126667,17-09-2014,198.6,11.200000000000001,0.6000000000000001,0.6,30.019999,10.3,10.6
-28.768056,20.720556,17-09-2014,211.8,4.7,0.2,0.0,32.63,13.28,4.4
-28.058889,30.373611,17-09-2014,149.5,23.8,1.2000000000000002,5.5,27.939999,11.49,23.300001
-23.763056,27.908611,18-09-2014,200.7,6.5,0.30000000000000004,1.4,32.8,15.53,6.2000003
-24.99328,30.81444,18-09-2014,132.5,43.800000000000004,2.2,23.0,24.8,9.53,45.9
-28.747778,31.745833,18-09-2014,135.7,85.7,4.3,6.1,28.48,16.279999,82.1
-27.937778,31.209444,18-09-2014,140.5,47.5,2.4000000000000004,8.400001,27.769999,13.639999,46.2
-27.5275,30.858056,18-09-2014,141.5,49.6,2.5,8.6,27.369999,12.219999,48.3
-26.619444,27.980833,18-09-2014,175.5,14.200000000000001,0.7000000000000001,4.2000003,27.96,11.05,14.0
-29.744167,29.905833,19-09-2014,132.5,18.3,0.9,8.1,26.439999,10.95,18.4
-31.394444,20.947222,22-09-2014,187.90001,1.7000000000000002,0.1,0.0,28.349998,9.53,1.6
-33.818056,19.694722,22-09-2014,158.2,4.3,0.2,9.1,27.21,11.92,7.4
-32.502778,19.535833,22-09-2014,177.40001,0.5,0.0,0.4,28.82,10.9,0.5
-27.01011111,26.69808333,23-09-2014,196.0,14.0,0.7000000000000001,0.6,29.789999,11.78,13.3
-31.860278,18.6875,23-09-2014,174.40001,0.6000000000000001,0.0,0.5,28.39,11.889999,0.6
-25.127778,27.628889,23-09-2014,194.6,9.5,0.5,4.6,32.16,14.65,9.3
-25.20639,27.558,23-09-2014,192.8,10.0,0.5,5.1,31.939999,14.41,9.900001
-24.69514,27.40906,23-09-2014,199.90001,9.600000000000001,0.5,2.8,32.579998,16.289999,9.2
-25.73411,27.21422,23-09-2014,191.2,12.0,0.6000000000000001,4.6,29.72,12.0199995,11.900001
-26.970278,27.211111,23-09-2014,187.6,13.8,0.7000000000000001,2.8,29.16,11.389999,13.3
-26.880278,26.965,23-09-2014,192.5,13.5,0.7000000000000001,2.6000001,29.57,11.69,13.0
-26.98472222,26.63227778,23-09-2014,196.8,13.600000000000001,0.7000000000000001,0.6,30.029999,12.13,13.0
-27.398611,26.614722,23-09-2014,194.40001,16.0,0.8,0.6,30.13,11.57,15.2
-27.671111,27.236944,23-09-2014,188.40001,13.4,0.7000000000000001,0.6,29.46,11.179999,12.7
-34.075556,20.145556,23-09-2014,141.6,3.6,0.2,2.5,26.67,12.19,3.6000001
-31.5653,18.3306,23-09-2014,177.6,0.4,0.0,0.2,28.099998,12.84,0.4
-28.338333,31.373611,23-09-2014,136.3,61.400000000000006,3.1,6.8,27.71,13.91,59.3
-27.495556,26.074722,23-09-2014,202.2,10.9,0.5,0.6,30.67,11.4,10.400001
-27.4,26.624722,23-09-2014,194.40001,16.0,0.8,0.6,30.13,11.57,15.2
-29.641944,30.6875,24-09-2014,130.1,21.5,1.1,7.3,26.619999,14.809999,21.1
-29.161667,30.629722,24-09-2014,132.5,21.200000000000003,1.1,7.4,25.74,11.62,21.1
-27.00222,28.76528,24-09-2014,162.1,20.6,1.0,4.7000003,27.31,9.33,20.2
-26.619444,27.980833,24-09-2014,175.5,14.200000000000001,0.7000000000000001,4.2000003,27.96,11.05,14.0
-26.45,28.085833,24-09-2014,174.6,14.8,0.7000000000000001,4.6,27.64,10.76,14.5
-33.38056,19.30167,24-09-2014,152.7,3.3000000000000003,0.2,13.400001,24.779999,9.469999,9.1
-23.281,30.54305556,25-09-2014,157.0,17.1,0.9,7.7000003,30.179998,16.32,17.0
-26.861111,28.884722,25-09-2014,162.2,17.6,0.9,5.3,26.939999,9.21,17.4
-28.376944,24.303056,25-09-2014,214.6,9.700000000000001,0.5,0.2,32.46,11.639999,9.2
-32.94583,18.33667,25-09-2014,157.90001,1.8,0.1,8.0,26.57,12.66,3.7
-26.648056,27.089444,26-09-2014,189.2,12.600000000000001,0.6000000000000001,3.4,29.23,11.389999,12.3
-27.573056,24.746389,26-09-2014,211.8,9.9,0.5,0.3,32.09,12.37,9.400001
-27.902778,24.615556,26-09-2014,217.8,9.5,0.5,0.2,32.57,12.559999,9.0
-28.96362,19.15486,26-09-2014,203.5,0.7000000000000001,0.0,0.0,33.239998,13.69,0.7
-25.99136,27.84208,29-09-2014,174.6,14.5,0.7000000000000001,4.5,28.119999,11.71,14.3
-27.01011111,26.69808333,30-09-2014,196.0,14.0,0.7000000000000001,0.6,29.789999,11.78,13.3
-34.065833,20.404167,30-09-2014,143.5,3.4000000000000004,0.2,1.9,27.14,13.0,3.3
-30.398056,30.601944,30-09-2014,123.3,43.800000000000004,2.2,9.7,25.67,16.699999,43.0
-26.648056,27.089444,30-09-2014,189.2,12.600000000000001,0.6000000000000001,3.4,29.23,11.389999,12.3
-26.970278,27.211111,30-09-2014,187.6,13.8,0.7000000000000001,2.8,29.16,11.389999,13.3
-26.880278,26.965,30-09-2014,192.5,13.5,0.7000000000000001,2.6000001,29.57,11.69,13.0
-26.73806,27.59194,30-09-2014,180.6,14.0,0.7000000000000001,3.7,28.23,11.05,13.7
-26.45,28.085833,30-09-2014,174.6,14.8,0.7000000000000001,4.6,27.64,10.76,14.5
-26.98472222,26.63227778,30-09-2014,196.8,13.600000000000001,0.7000000000000001,0.6,30.029999,12.13,13.0
-27.935,26.126667,30-09-2014,198.6,11.200000000000001,0.6000000000000001,0.6,30.019999,10.3,10.6
-28.141944,26.417778,30-09-2014,194.6,11.0,0.5,0.5,29.539999,10.719999,10.5
-33.31388889,19.07472222,30-09-2014,156.90001,3.3000000000000003,0.2,17.800001,27.269999,12.07,11.5
-33.7075,18.97444444,30-09-2014,155.0,5.7,0.30000000000000004,21.7,27.199999,12.599999,18.9
-25.45963889,28.26430556,30-09-2014,186.6,12.3,0.6000000000000001,4.3,30.92,13.09,12.1
-25.81048333,27.90955222,01-10-2014,181.8,13.600000000000001,0.7000000000000001,4.5,29.439999,12.86,13.400001
-27.169444,29.233889,01-10-2014,156.6,18.400000000000002,0.9,4.3,26.869999,9.059999,18.0
-26.861111,28.884722,01-10-2014,162.2,17.6,0.9,5.3,26.939999,9.21,17.4
-34.405833,19.600556,01-10-2014,132.3,5.9,0.30000000000000004,14.1,23.48,12.179999,11.900001
-33.13083,18.86278,01-10-2014,159.7,2.5,0.1,15.6,28.06,12.799999,9.1
-25.73411,27.21422,02-10-2014,191.2,12.0,0.6000000000000001,4.6,29.72,12.0199995,11.900001
-27.00222,28.76528,02-10-2014,162.1,20.6,1.0,4.7000003,27.31,9.33,20.2
-26.619444,27.980833,02-10-2014,175.5,14.200000000000001,0.7000000000000001,4.2000003,27.96,11.05,14.0
-26.98472222,26.63227778,02-10-2014,196.8,13.600000000000001,0.7000000000000001,0.6,30.029999,12.13,13.0
-34.329722,18.990278,02-10-2014,133.0,10.100000000000001,0.5,32.5,22.48,12.23,41.100002
-33.897778,20.012778,02-10-2014,151.5,3.4000000000000004,0.2,2.1000001,27.359999,11.98,3.3
-29.744167,29.905833,03-10-2014,132.5,18.3,0.9,8.1,26.439999,10.95,18.4
-31.031389,28.883333,03-10-2014,132.90001,15.5,0.8,5.9,25.68,11.53,15.5
-30.86013889,29.07125,03-10-2014,134.0,15.600000000000001,0.8,5.2000003,26.039999,11.96,15.400001
-30.77586667,29.03221667,03-10-2014,136.0,15.0,0.7000000000000001,4.7000003,26.01,11.62,14.8
-25.49037,30.6986,06-10-2014,144.3,39.2,2.0,17.9,27.59,12.73,39.5
-29.160278,26.573333,06-10-2014,187.8,12.3,0.6000000000000001,0.5,29.01,9.78,11.7
-30.568333,29.422778,06-10-2014,131.0,16.400000000000002,0.8,6.4,24.75,9.22,16.4
-30.570833,29.150556,06-10-2014,131.3,15.600000000000001,0.8,5.1,24.57,8.73,15.400001
-25.447222,30.711667,06-10-2014,145.40001,38.2,1.9000000000000001,16.4,27.93,13.29,38.2
-28.7115,24.07288889,07-10-2014,211.3,9.9,0.5,0.2,32.12,11.809999,9.400001
-25.127778,27.628889,07-10-2014,194.6,9.5,0.5,4.6,32.16,14.65,9.3
-24.69514,27.40906,07-10-2014,199.90001,9.600000000000001,0.5,2.8,32.579998,16.289999,9.2
-22.769722,30.886944,07-10-2014,167.6,12.5,0.6000000000000001,3.9,31.91,17.19,12.0
-31.396,29.2651,07-10-2014,128.8,22.8,1.1,6.0,25.66,15.12,22.5
-34.031944,22.053333,07-10-2014,129.8,5.300000000000001,0.30000000000000004,1.4,24.17,12.4,5.1
-34.039722,22.133333,07-10-2014,128.8,5.7,0.30000000000000004,1.5,24.119999,12.679999,5.4
-25.20639,27.558,08-10-2014,192.8,10.0,0.5,5.1,31.939999,14.41,9.900001
-25.73411,27.21422,08-10-2014,191.2,12.0,0.6000000000000001,4.6,29.72,12.0199995,11.900001
-23.281,30.54305556,08-10-2014,157.0,17.1,0.9,7.7000003,30.179998,16.32,17.0
-26.905,32.324722,08-10-2014,144.2,27.8,1.4000000000000001,5.0,30.929998,16.6,26.6
-29.380556,30.2775,08-10-2014,128.1,19.200000000000003,1.0,8.400001,25.279999,10.19,19.300001
-26.970278,27.211111,08-10-2014,187.6,13.8,0.7000000000000001,2.8,29.16,11.389999,13.3
-28.116667,26.725278,08-10-2014,190.1,11.600000000000001,0.6000000000000001,0.5,29.38,11.219999,11.0
-31.104278,29.399722,08-10-2014,128.2,20.700000000000003,1.0,6.8,25.519999,13.599999,20.7
-34.02861,22.22222,08-10-2014,127.0,6.6000000000000005,0.30000000000000004,1.6,23.67,12.44,6.4
-27.01011111,26.69808333,09-10-2014,196.0,14.0,0.7000000000000001,0.6,29.789999,11.78,13.3
-25.127778,27.628889,09-10-2014,194.6,9.5,0.5,4.6,32.16,14.65,9.3
-23.658056,31.05,09-10-2014,155.8,16.6,0.8,0.8,30.89,16.52,15.8
-26.861111,28.884722,09-10-2014,162.2,17.6,0.9,5.3,26.939999,9.21,17.4
-26.45,28.085833,09-10-2014,174.6,14.8,0.7000000000000001,4.6,27.64,10.76,14.5
-26.98472222,26.63227778,09-10-2014,196.8,13.600000000000001,0.7000000000000001,0.6,30.029999,12.13,13.0
-27.671111,27.236944,09-10-2014,188.40001,13.4,0.7000000000000001,0.6,29.46,11.179999,12.7
-28.376944,24.303056,09-10-2014,214.6,9.700000000000001,0.5,0.2,32.46,11.639999,9.2
-31.554722,29.245556,09-10-2014,124.200005,23.0,1.2000000000000002,6.1,24.91,14.54,22.800001
-34.005833,22.351111,09-10-2014,125.4,8.5,0.4,1.8000001,23.15,12.46,8.2
-27.495556,26.074722,09-10-2014,202.2,10.9,0.5,0.6,30.67,11.4,10.400001
-26.648056,27.089444,10-10-2014,189.2,12.600000000000001,0.6000000000000001,3.4,29.23,11.389999,12.3
-26.880278,26.965,10-10-2014,192.5,13.5,0.7000000000000001,2.6000001,29.57,11.69,13.0
-27.573056,24.746389,10-10-2014,211.8,9.9,0.5,0.3,32.09,12.37,9.400001
-27.902778,24.615556,10-10-2014,217.8,9.5,0.5,0.2,32.57,12.559999,9.0
-31.031389,28.883333,16-02-2011,117.700005,103.9,5.2,14.8,27.55,15.349999,104.6
-25.99136,27.84208,13-10-2014,174.6,14.5,0.7000000000000001,4.5,28.119999,11.71,14.3
-26.510278,28.351389,13-10-2014,170.7,15.100000000000001,0.8,5.6,27.769999,10.09,15.0
-26.73806,27.59194,13-10-2014,180.6,14.0,0.7000000000000001,3.7,28.23,11.05,13.7
-26.45,28.085833,13-10-2014,174.6,14.8,0.7000000000000001,4.6,27.64,10.76,14.5
-27.671111,27.236944,13-10-2014,188.40001,13.4,0.7000000000000001,0.6,29.46,11.179999,12.7
-29.160278,26.573333,13-10-2014,187.8,12.3,0.6000000000000001,0.5,29.01,9.78,11.7
-29.042222,24.6,13-10-2014,206.7,8.0,0.4,0.1,31.179998,11.099999,7.6
-29.028629,24.638389,13-10-2014,205.90001,8.200000000000001,0.4,0.1,31.09,11.09,7.8
-27.01011111,26.69808333,14-10-2014,196.0,14.0,0.7000000000000001,0.6,29.789999,11.78,13.3
-29.140556,31.391944,14-10-2014,129.7,93.2,4.7,6.5,27.32,16.1,89.200005
-25.73411,27.21422,14-10-2014,191.2,12.0,0.6000000000000001,4.6,29.72,12.0199995,11.900001
-27.169444,29.233889,14-10-2014,156.6,18.400000000000002,0.9,4.3,26.869999,9.059999,18.0
-26.861111,28.884722,14-10-2014,162.2,17.6,0.9,5.3,26.939999,9.21,17.4
-27.802778,28.768333,14-10-2014,153.40001,18.1,0.9,3.0,26.43,8.45,17.5
-26.98472222,26.63227778,14-10-2014,196.8,13.600000000000001,0.7000000000000001,0.6,30.029999,12.13,13.0
-28.1175,26.719444,14-10-2014,190.1,11.600000000000001,0.6000000000000001,0.5,29.38,11.219999,11.0
-28.116667,26.725278,14-10-2014,190.1,11.600000000000001,0.6000000000000001,0.5,29.38,11.219999,11.0
-27.398611,26.614722,14-10-2014,194.40001,16.0,0.8,0.6,30.13,11.57,15.2
-28.69485,28.23487,14-10-2014,156.0,15.700000000000001,0.8,2.6000001,25.56,9.2699995,15.2
-29.615556,27.065278,14-10-2014,175.3,13.3,0.7000000000000001,0.5,27.64,9.639999,12.7
-28.883333,27.89,14-10-2014,162.3,14.700000000000001,0.7000000000000001,2.6000001,26.359999,9.889999,14.3
-27.4,26.624722,14-10-2014,194.40001,16.0,0.8,0.6,30.13,11.57,15.2
-25.81048333,27.90955222,15-10-2014,181.8,13.600000000000001,0.7000000000000001,4.5,29.439999,12.86,13.400001
-28.747778,31.745833,15-10-2014,135.7,85.7,4.3,6.1,28.48,16.279999,82.1
-28.404444,30.013056,15-10-2014,147.40001,19.700000000000003,1.0,4.5,28.31,11.5,19.2
-27.00222,28.76528,15-10-2014,162.1,20.6,1.0,4.7000003,27.31,9.33,20.2
-27.02314,28.59389,15-10-2014,165.90001,22.3,1.1,4.7000003,27.81,9.84,21.7
-26.648056,27.089444,15-10-2014,189.2,12.600000000000001,0.6000000000000001,3.4,29.23,11.389999,12.3
-26.970278,27.211111,15-10-2014,187.6,13.8,0.7000000000000001,2.8,29.16,11.389999,13.3
-26.880278,26.965,15-10-2014,192.5,13.5,0.7000000000000001,2.6000001,29.57,11.69,13.0
-27.273889,28.49,15-10-2014,163.5,28.700000000000003,1.4000000000000001,3.9,27.26,9.34,27.7
-27.4275,28.525833,15-10-2014,161.0,25.0,1.3,3.5,27.039999,9.01,24.2
-27.3,28.586944,15-10-2014,163.0,26.200000000000003,1.3,3.8,27.359999,9.33,25.300001
-27.935,26.126667,15-10-2014,198.6,11.200000000000001,0.6000000000000001,0.6,30.019999,10.3,10.6
-28.141944,26.417778,15-10-2014,194.6,11.0,0.5,0.5,29.539999,10.719999,10.5
-27.671111,27.236944,15-10-2014,188.40001,13.4,0.7000000000000001,0.6,29.46,11.179999,12.7
-30.160091,27.40124,15-10-2014,167.6,14.4,0.7000000000000001,0.7,27.21,10.34,13.7
-30.336111,27.359444,15-10-2014,167.7,14.600000000000001,0.7000000000000001,0.7,27.039999,9.92,13.900001
-28.768056,20.720556,15-10-2014,211.8,4.7,0.2,0.0,32.63,13.28,4.4
-34.092222,21.295278,15-10-2014,134.90001,5.4,0.30000000000000004,1.2,25.609999,12.0,5.1
-28.058889,30.373611,15-10-2014,149.5,23.8,1.2000000000000002,5.5,27.939999,11.49,23.300001
-30.830556,26.921389,16-10-2014,165.5,10.4,0.5,0.6,26.91,9.059999,9.900001
-25.49037,30.6986,16-10-2014,144.3,39.2,2.0,17.9,27.59,12.73,39.5
-27.937778,31.209444,16-10-2014,140.5,47.5,2.4000000000000004,8.400001,27.769999,13.639999,46.2
-27.5275,30.858056,16-10-2014,141.5,49.6,2.5,8.6,27.369999,12.219999,48.3
-29.744167,29.905833,16-10-2014,132.5,18.3,0.9,8.1,26.439999,10.95,18.4
-26.619444,27.980833,16-10-2014,175.5,14.200000000000001,0.7000000000000001,4.2000003,27.96,11.05,14.0
-27.38972222,26.46388889,16-10-2014,195.90001,14.5,0.7000000000000001,0.6,30.099998,11.54,13.8
-27.398611,26.614722,16-10-2014,194.40001,16.0,0.8,0.6,30.13,11.57,15.2
-31.000833,26.353056,16-10-2014,166.6,6.6000000000000005,0.30000000000000004,0.4,26.58,8.13,6.3
-30.679722,26.7125,16-10-2014,170.6,9.8,0.5,0.5,27.66,9.25,9.3
-27.4,26.624722,16-10-2014,194.40001,16.0,0.8,0.6,30.13,11.57,15.2
-24.99328,30.81444,20-10-2014,120.5,36.5,1.8,19.9,23.82,11.38,37.8
-33.818056,19.694722,20-10-2014,170.90001,39.6,2.0,7.2000003,26.98,13.28,39.5
-32.502778,19.535833,20-10-2014,195.1,16.3,0.8,0.4,29.23,12.73,15.5
-25.127778,27.628889,21-10-2014,171.1,43.300000000000004,2.2,4.3,30.679998,16.21,41.4
-25.20639,27.558,21-10-2014,170.3,45.7,2.3000000000000003,4.8,30.51,15.98,43.8
-24.69514,27.40906,21-10-2014,176.3,41.400000000000006,2.1,2.7,31.24,17.52,39.4
-26.006389,29.253889,21-10-2014,140.0,67.0,3.4000000000000004,5.0,25.119999,11.3,64.200005
-25.513889,31.224444,21-10-2014,133.90001,33.4,1.7000000000000002,11.400001,27.92,16.34,33.0
-25.398889,31.610556,21-10-2014,130.8,25.6,1.3,6.2000003,29.83,17.6,24.6
-26.970278,27.211111,21-10-2014,161.5,128.9,6.4,2.5,26.769999,13.08,122.6
-26.45,28.085833,21-10-2014,149.1,117.30000000000001,5.9,4.1,25.46,12.12,111.8
-34.075556,20.145556,21-10-2014,157.8,40.800000000000004,2.0,2.3,26.55,13.69,38.9
-32.595833,19.009444,21-10-2014,183.90001,20.400000000000002,1.0,3.2,29.48,13.389999,19.6
-28.338333,31.373611,21-10-2014,130.0,102.0,5.1000000000000005,6.1,26.24,15.559999,97.6
-28.068333,31.55,21-10-2014,139.1,86.0,4.3,6.1,28.269999,17.68,82.4
-27.01011111,26.69808333,22-10-2014,169.7,112.4,5.6000000000000005,0.6,27.289999,13.67,106.8
-29.641944,30.6875,22-10-2014,121.200005,260.0,62.0,84.200005,24.75,15.98,121.200005
-24.39619444,27.08983333,22-10-2014,180.90001,36.9,1.8,2.0,31.869999,17.83,35.100002
-28.44555556,32.325,16-12-2014,140.7,223.9,16.400000000000002,74.8,28.46,20.539999,140.7
-26.861111,28.884722,22-10-2014,144.5,124.60000000000001,6.2,4.8,25.019999,11.179999,118.8
-26.648056,27.089444,22-10-2014,161.0,107.30000000000001,5.4,3.1000001,26.699999,13.0199995,102.200005
-26.880278,26.965,22-10-2014,164.8,116.0,5.800000000000001,2.4,27.08,13.4,110.4
-26.98472222,26.63227778,22-10-2014,170.3,108.9,5.4,0.6,27.369999,13.84,103.5
-34.250556,20.9925,22-10-2014,144.8,53.6,2.7,2.1000001,24.99,14.0199995,51.0
-25.57877778,29.12747222,22-10-2014,157.1,42.0,2.1,1.1,28.119999,13.44,39.9
-25.436111,31.982222,23-10-2014,131.6,23.5,1.2000000000000002,9.5,30.92,17.609999,23.0
-25.681111,31.783333,23-10-2014,130.0,26.8,1.3,6.7000003,29.63,17.18,25.800001
-25.362222,31.956667,23-10-2014,130.5,23.0,1.1,8.1,30.56,17.529999,22.300001
-28.75,30.442778,23-10-2014,144.6,218.20000000000002,33.1,44.4,27.82,15.44,144.6
-29.161667,30.629722,23-10-2014,123.9,300.7,113.5,70.6,23.779999,12.719999,123.9
-27.00222,28.76528,23-10-2014,145.1,139.6,7.0,4.3,25.18,11.12,133.1
-26.619444,27.980833,23-10-2014,151.2,124.10000000000001,6.2,3.8,25.859999,12.719999,118.3
-27.573056,24.746389,23-10-2014,199.2,110.5,5.5,0.3,30.08,14.059999,105.0
-32.94583,18.33667,23-10-2014,165.5,19.0,0.9,6.7000003,26.01,13.79,19.300001
-28.308889,31.9025,23-10-2014,132.90001,52.800000000000004,2.6,6.7000003,27.9,18.24,51.0
-23.838611,31.640833,24-10-2014,152.2,19.200000000000003,1.0,0.8,32.61,19.359999,18.2
-24.95861111,29.39527778,24-10-2014,163.90001,30.200000000000003,1.5,0.8,30.179998,15.99,28.7
-27.902778,24.615556,24-10-2014,207.8,114.0,5.7,0.2,30.59,14.259999,108.3
-29.161667,23.696389,27-10-2014,205.5,79.60000000000001,4.0,0.1,30.439999,13.5,75.6
-25.99136,27.84208,27-10-2014,150.2,86.9,4.3,4.1,26.08,13.32,83.0
-31.554722,29.245556,27-10-2014,118.3,114.9,5.7,5.4,23.31,15.29,109.8
-28.7115,24.07288889,28-10-2014,205.8,94.0,4.7,0.2,30.619999,13.299999,89.3
-34.065833,20.404167,28-10-2014,154.2,39.7,2.0,1.8000001,27.13,14.549999,37.8
-22.91028,29.61111,28-10-2014,160.0,16.1,0.8,1.4,30.75,17.449999,15.3
-26.970278,27.211111,28-10-2014,161.5,128.9,6.4,2.5,26.769999,13.08,122.6
-26.880278,26.965,28-10-2014,164.8,116.0,5.800000000000001,2.4,27.08,13.4,110.4
-27.802778,28.768333,28-10-2014,141.7,185.9,15.9,31.300001,24.289999,10.5199995,141.7
-27.671111,27.236944,28-10-2014,166.3,159.9,8.0,0.6,27.13,12.86,152.0
-29.1825,23.575556,28-10-2014,205.8,73.60000000000001,3.7,0.1,30.369999,13.63,69.9
-30.568333,29.422778,28-10-2014,125.1,140.1,7.0,14.400001,22.699999,10.26,125.1
-30.570833,29.150556,28-10-2014,127.200005,137.4,6.9,8.400001,22.58,9.96,127.200005
-31.104278,29.399722,28-10-2014,124.700005,123.4,6.2,6.1,23.82,14.589999,118.0
-33.501667,21.624167,28-10-2014,155.2,48.7,2.4000000000000004,0.1,24.91,10.29,46.3
-27.01011111,26.69808333,29-10-2014,169.7,112.4,5.6000000000000005,0.6,27.289999,13.67,106.8
-25.81048333,27.90955222,29-10-2014,155.40001,74.3,3.7,4.1,27.31,14.469999,70.9
-22.935,28.004167,29-10-2014,178.90001,14.600000000000001,0.7000000000000001,0.2,32.78,18.66,13.8
-24.282222,28.090278,29-10-2014,160.1,31.1,1.6,1.5,29.599998,15.009999,29.6
-24.670833,28.560833,29-10-2014,163.5,36.0,1.8,4.5,29.56,14.759999,34.5
-25.73411,27.21422,29-10-2014,159.40001,75.10000000000001,3.8000000000000003,4.2000003,27.599998,13.28,71.8
-26.905,32.324722,29-10-2014,135.7,38.0,1.9000000000000001,4.8,30.08,18.119999,36.3
-28.735556,29.820556,29-10-2014,142.40001,235.10000000000002,53.7,43.2,26.9,13.49,142.40001
-26.861111,28.884722,29-10-2014,144.5,124.60000000000001,6.2,4.8,25.019999,11.179999,118.8
-26.648056,27.089444,29-10-2014,161.0,107.30000000000001,5.4,3.1000001,26.699999,13.0199995,102.200005
-27.273889,28.49,29-10-2014,147.7,161.5,8.1,9.6,25.16,11.059999,147.7
-27.3,28.586944,29-10-2014,145.0,161.60000000000002,8.1,12.400001,25.039999,11.03,145.0
-26.98472222,26.63227778,29-10-2014,170.3,108.9,5.4,0.6,27.369999,13.84,103.5
-28.768056,20.720556,29-10-2014,218.0,25.900000000000002,1.3,0.0,32.079998,14.79,24.6
-31.031389,28.883333,29-10-2014,129.5,118.4,5.9,5.3,23.73,12.54,113.0
-30.86013889,29.07125,29-10-2014,130.2,126.2,6.300000000000001,4.7000003,24.07,13.0199995,120.4
-30.77586667,29.03221667,29-10-2014,131.2,129.1,6.5,4.3,24.019999,12.599999,123.1
-34.405833,19.600556,29-10-2014,136.2,44.6,2.2,11.0,22.789999,13.13,45.600002
-33.13083,18.86278,29-10-2014,176.2,22.900000000000002,1.1,12.2,28.41,14.24,25.300001
-33.7075,18.97444444,29-10-2014,173.0,34.9,1.7000000000000002,16.1,27.32,14.049999,38.7
-27.363611,31.783333,30-10-2014,134.0,40.300000000000004,2.0,7.0,28.46,17.449999,38.7
-27.602222,29.942778,30-10-2014,151.6,160.0,8.0,6.3,26.74,12.82,151.6
-27.00222,28.76528,30-10-2014,145.1,139.6,7.0,4.3,25.18,11.12,133.1
-26.619444,27.980833,30-10-2014,151.2,124.10000000000001,6.2,3.8,25.859999,12.719999,118.3
-26.73806,27.59194,30-10-2014,154.6,126.5,6.300000000000001,3.3,25.88,12.66,120.5
-34.329722,18.990278,30-10-2014,134.7,50.6,2.5,23.0,21.85,13.059999,57.5
-33.31388889,19.07472222,30-10-2014,173.0,28.3,1.4000000000000001,13.7,27.68,13.59,31.0
-33.897778,20.012778,30-10-2014,166.3,39.400000000000006,2.0,2.0,27.199999,13.46,37.600002
-29.744167,29.905833,31-10-2014,127.9,198.4,9.9,68.6,24.14,12.349999,127.9
-28.404444,30.013056,02-11-2014,144.1,242.20000000000002,56.2,46.4,26.75,12.9,144.1
-29.744167,29.905833,03-11-2014,127.9,198.4,9.9,68.6,24.14,12.349999,127.9
-26.73806,27.59194,03-11-2014,154.6,126.5,6.300000000000001,3.3,25.88,12.66,120.5
-26.45,28.085833,03-11-2014,149.1,117.30000000000001,5.9,4.1,25.46,12.12,111.8
-27.671111,27.236944,03-11-2014,166.3,159.9,8.0,0.6,27.13,12.86,152.0
-30.733889,29.828333,04-11-2014,120.8,148.1,7.4,27.4,23.39,13.92,120.8
-29.380556,30.2775,04-11-2014,122.200005,259.90000000000003,68.7,77.4,23.47,11.67,122.200005
-27.169444,29.233889,04-11-2014,140.2,133.20000000000002,6.7,3.9,24.519999,10.74,126.9
-26.861111,28.884722,04-11-2014,144.5,124.60000000000001,6.2,4.8,25.019999,11.179999,118.8
-26.98472222,26.63227778,04-11-2014,170.3,108.9,5.4,0.6,27.369999,13.84,103.5
-28.141944,26.417778,04-11-2014,174.5,161.8,8.1,0.5,27.34,12.59,153.7
-27.398611,26.614722,04-11-2014,175.3,141.70000000000002,7.1000000000000005,0.6,27.75,13.549999,134.6
-29.160278,26.573333,04-11-2014,172.0,155.5,7.800000000000001,0.5,26.72,11.44,147.7
-28.69485,28.23487,04-11-2014,143.2,227.20000000000002,59.2,27.4,23.49,10.63,143.2
-28.883333,27.89,04-11-2014,147.6,196.70000000000002,22.1,29.6,24.3,11.13,147.6
-34.039722,22.133333,04-11-2014,126.9,63.0,3.1,1.5,23.16,13.45,59.9
-27.4,26.624722,04-11-2014,175.3,141.70000000000002,7.1000000000000005,0.6,27.75,13.549999,134.6
-27.01011111,26.69808333,05-11-2014,169.7,112.4,5.6000000000000005,0.6,27.289999,13.67,106.8
-25.73411,27.21422,05-11-2014,159.40001,75.10000000000001,3.8000000000000003,4.2000003,27.599998,13.28,71.8
-30.398056,30.601944,05-11-2014,117.4,146.4,7.300000000000001,31.300001,24.23,17.609999,117.4
-27.00222,28.76528,05-11-2014,145.1,139.6,7.0,4.3,25.18,11.12,133.1
-27.02314,28.59389,05-11-2014,146.7,144.1,7.2,4.3,25.3,11.28,137.3
-26.648056,27.089444,05-11-2014,161.0,107.30000000000001,5.4,3.1000001,26.699999,13.0199995,102.200005
-26.970278,27.211111,05-11-2014,161.5,128.9,6.4,2.5,26.769999,13.08,122.6
-26.880278,26.965,05-11-2014,164.8,116.0,5.800000000000001,2.4,27.08,13.4,110.4
-27.273889,28.49,05-11-2014,147.7,161.5,8.1,9.6,25.16,11.059999,147.7
-27.4275,28.525833,05-11-2014,144.8,170.9,8.5,21.0,24.97,10.91,144.8
-27.3,28.586944,05-11-2014,145.0,161.60000000000002,8.1,12.400001,25.039999,11.03,145.0
-28.116667,26.725278,05-11-2014,170.3,165.0,8.200000000000001,0.5,27.08,12.929999,156.8
-30.160091,27.40124,05-11-2014,157.1,159.4,8.0,0.7,25.32,11.23,151.40001
-30.336111,27.359444,05-11-2014,155.40001,149.70000000000002,7.5,0.7,25.33,10.8,142.2
-29.615556,27.065278,05-11-2014,159.3,167.5,8.4,0.5,25.65,11.15,159.1
-34.02861,22.22222,05-11-2014,123.8,71.8,3.6,1.5,22.67,13.15,68.200005
-30.830556,26.921389,06-11-2014,164.1,109.60000000000001,5.5,0.6,25.88,10.03,104.1
-26.619444,27.980833,06-11-2014,151.2,124.10000000000001,6.2,3.8,25.859999,12.719999,118.3
-28.376944,24.303056,06-11-2014,206.3,105.30000000000001,5.300000000000001,0.2,30.679998,13.49,100.1
-31.000833,26.353056,06-11-2014,164.90001,73.5,3.7,0.4,25.529999,9.24,69.8
-30.679722,26.7125,06-11-2014,165.40001,117.0,5.800000000000001,0.5,26.68,10.36,111.1
-23.838611,31.640833,07-11-2014,152.2,19.200000000000003,1.0,0.8,32.61,19.359999,18.2
-27.902778,24.615556,07-11-2014,207.8,114.0,5.7,0.2,30.59,14.259999,108.3
-29.658056,25.973333,07-11-2014,177.7,114.4,5.7,0.5,26.59,11.259999,108.700005
-25.99136,27.84208,10-11-2014,150.2,86.9,4.3,4.1,26.08,13.32,83.0
-28.1175,26.719444,10-11-2014,170.3,165.0,8.200000000000001,0.5,27.08,12.929999,156.8
-27.671111,27.236944,10-11-2014,166.3,159.9,8.0,0.6,27.13,12.86,152.0
-29.140556,31.391944,11-11-2014,122.5,92.80000000000001,4.6000000000000005,6.0,25.96,17.35,88.700005
-24.183889,30.823889,11-11-2014,147.1,21.700000000000003,1.1,1.8000001,30.88,17.92,20.7
-25.73411,27.21422,11-11-2014,159.40001,75.10000000000001,3.8000000000000003,4.2000003,27.599998,13.28,71.8
-28.801278,31.955389,11-11-2014,127.1,42.7,2.1,7.9,26.97,17.789999,41.7
-26.73806,27.59194,11-11-2014,154.6,126.5,6.300000000000001,3.3,25.88,12.66,120.5
-26.45,28.085833,11-11-2014,149.1,117.30000000000001,5.9,4.1,25.46,12.12,111.8
-26.98472222,26.63227778,11-11-2014,170.3,108.9,5.4,0.6,27.369999,13.84,103.5
-27.935,26.126667,11-11-2014,179.3,137.20000000000002,6.9,0.6,27.699999,12.099999,130.3
-28.141944,26.417778,11-11-2014,174.5,161.8,8.1,0.5,27.34,12.59,153.7
-27.398611,26.614722,11-11-2014,175.3,141.70000000000002,7.1000000000000005,0.6,27.75,13.549999,134.6
-34.092222,21.295278,11-11-2014,142.5,62.0,3.1,1.1,24.949999,13.08,59.0
-25.45963889,28.26430556,11-11-2014,159.90001,49.7,2.5,4.0,28.91,14.46,47.600002
-27.4,26.624722,11-11-2014,175.3,141.70000000000002,7.1000000000000005,0.6,27.75,13.549999,134.6
-27.01011111,26.69808333,12-11-2014,169.7,112.4,5.6000000000000005,0.6,27.289999,13.67,106.8
-25.81048333,27.90955222,12-11-2014,155.40001,74.3,3.7,4.1,27.31,14.469999,70.9
-24.670833,28.560833,12-11-2014,163.5,36.0,1.8,4.5,29.56,14.759999,34.5
-22.769722,30.886944,12-11-2014,158.5,17.6,0.9,3.7,31.929998,18.89,16.9
-24.058889,31.237222,12-11-2014,145.8,20.1,1.0,0.90000004,31.189999,18.609999,19.1
-28.747778,31.745833,12-11-2014,130.5,49.7,2.5,5.5,27.31,17.82,47.8
-27.937778,31.209444,12-11-2014,133.8,112.10000000000001,5.6000000000000005,7.5,26.09,15.13,107.4
-29.744167,29.905833,12-11-2014,127.9,198.4,9.9,68.6,24.14,12.349999,127.9
-27.169444,29.233889,12-11-2014,140.2,133.20000000000002,6.7,3.9,24.519999,10.74,126.9
-26.861111,28.884722,12-11-2014,144.5,124.60000000000001,6.2,4.8,25.019999,11.179999,118.8
-26.648056,27.089444,12-11-2014,161.0,107.30000000000001,5.4,3.1000001,26.699999,13.0199995,102.200005
-26.970278,27.211111,12-11-2014,161.5,128.9,6.4,2.5,26.769999,13.08,122.6
-26.880278,26.965,12-11-2014,164.8,116.0,5.800000000000001,2.4,27.08,13.4,110.4
-27.802778,28.768333,12-11-2014,141.7,185.9,15.9,31.300001,24.289999,10.5199995,141.7
-25.127778,27.628889,13-11-2014,171.1,43.300000000000004,2.2,4.3,30.679998,16.21,41.4
-25.20639,27.558,13-11-2014,170.3,45.7,2.3000000000000003,4.8,30.51,15.98,43.8
-23.658056,31.05,13-11-2014,151.0,18.0,0.9,0.8,31.779999,18.75,17.1
-23.281,30.54305556,13-11-2014,153.5,21.5,1.1,7.1,30.92,18.4,21.1
-27.5275,30.858056,13-11-2014,132.3,87.4,4.4,7.6,25.199999,13.37,84.0
-27.00222,28.76528,13-11-2014,145.1,139.6,7.0,4.3,25.18,11.12,133.1
-27.273889,28.49,13-11-2014,147.7,161.5,8.1,9.6,25.16,11.059999,147.7
-27.4275,28.525833,13-11-2014,144.8,170.9,8.5,21.0,24.97,10.91,144.8
-27.3,28.586944,13-11-2014,145.0,161.60000000000002,8.1,12.400001,25.039999,11.03,145.0
-24.679167,30.8025,14-11-2014,134.6,35.2,1.8,14.400001,26.32,13.7699995,35.4
-26.98472222,26.63227778,14-11-2014,170.3,108.9,5.4,0.6,27.369999,13.84,103.5
-25.49037,30.6986,17-11-2014,138.8,299.90000000000003,15.0,162.2,27.34,16.41,138.8
-27.671111,27.236944,17-11-2014,177.90001,80.4,4.0,0.6,29.74,15.309999,76.4
-29.042222,24.6,17-11-2014,219.1,31.0,1.6,0.1,33.489998,16.48,29.5
-29.033333,23.983333,17-11-2014,217.3,27.5,1.4000000000000001,0.2,34.09,16.64,26.2
-25.447222,30.711667,17-11-2014,140.3,293.0,14.700000000000001,152.90001,27.88,17.06,140.3
-25.127778,27.628889,18-11-2014,173.40001,185.3,9.3,6.9,31.48,18.26,173.40001
-25.20639,27.558,18-11-2014,174.0,182.3,9.1,4.7000003,31.42,18.19,173.3
-24.69514,27.40906,18-11-2014,178.1,182.4,9.1,2.6000001,32.2,19.41,173.3
-26.006389,29.253889,18-11-2014,149.3,221.3,20.3,56.7,26.609999,13.73,149.3
-25.513889,31.224444,18-11-2014,139.0,288.90000000000003,36.1,125.1,28.539999,18.32,139.0
-25.398889,31.610556,18-11-2014,133.5,220.20000000000002,11.0,81.8,30.05,19.439999,133.5
-28.141944,26.417778,18-11-2014,191.90001,61.0,3.0,0.5,30.81,15.549999,57.9
-28.1175,26.719444,18-11-2014,186.2,64.5,3.2,0.5,30.31,15.799999,61.3
-29.028629,24.638389,18-11-2014,218.2,31.8,1.6,0.1,33.41,16.41,30.2
-28.338333,31.373611,18-11-2014,146.90001,242.5,40.1,61.7,28.67,17.83,146.90001
-28.068333,31.55,18-11-2014,154.90001,230.4,16.3,65.3,30.8,20.27,154.90001
-29.641944,30.6875,19-11-2014,140.5,113.9,5.7,63.8,27.65,18.609999,128.6
-24.39619444,27.08983333,19-11-2014,175.2,163.4,8.200000000000001,1.9,32.489998,19.67,155.3
-25.681111,31.783333,19-11-2014,135.7,212.4,10.600000000000001,72.8,30.21,19.01,135.7
-28.44555556,32.325,14-01-2015,157.2,88.7,4.4,28.7,30.529999,20.81,130.40001
-29.161667,30.629722,19-11-2014,138.1,123.10000000000001,6.2,57.2,26.07,15.12,130.3
-26.45,28.085833,19-11-2014,159.7,154.3,7.7,3.8,27.4,14.45,146.90001
-27.38972222,26.46388889,19-11-2014,189.40001,74.10000000000001,3.7,0.6,30.619999,16.06,70.4
-27.398611,26.614722,19-11-2014,187.7,75.8,3.8000000000000003,0.6,30.41,16.07,72.0
-25.57877778,29.12747222,19-11-2014,160.6,226.4,16.5,50.4,29.269999,15.839999,160.6
-26.03611,30.99778,20-11-2014,148.1,363.6,91.30000000000001,139.7,28.5,18.08,148.1
-28.75,30.442778,20-11-2014,162.0,108.80000000000001,5.4,16.300001,30.32,17.76,131.40001
-26.861111,28.884722,20-11-2014,156.1,156.20000000000002,7.800000000000001,4.4,26.789999,13.45,148.8
-27.671111,27.236944,20-11-2014,177.90001,80.4,4.0,0.6,29.74,15.309999,76.4
-28.376944,24.303056,20-11-2014,212.7,35.2,1.8,0.2,33.579998,17.109999,33.4
-29.160278,26.573333,20-11-2014,192.5,58.2,2.9000000000000004,0.5,30.519999,14.58,55.3
-28.308889,31.9025,20-11-2014,150.3,223.20000000000002,15.9,63.7,30.529999,20.9,150.3
-24.9675,31.516667,21-11-2014,136.40001,227.0,11.4,83.700005,30.789999,20.17,136.40001
-28.058889,30.373611,22-11-2014,155.7,151.8,7.6000000000000005,45.4,27.98,14.679999,151.5
-23.23572222,27.717,24-11-2014,164.3,124.9,6.2,0.4,32.63,20.13,118.700005
-25.99136,27.84208,24-11-2014,160.1,177.9,8.9,13.0,27.859999,15.42,160.1
-27.671111,27.236944,24-11-2014,177.90001,80.4,4.0,0.6,29.74,15.309999,76.4
-31.554722,29.245556,24-11-2014,123.6,150.1,7.5,24.4,25.49,17.25,123.6
-33.818056,19.694722,24-11-2014,200.1,2.2,0.1,6.0,29.89,15.04,3.3
-32.502778,19.535833,24-11-2014,233.8,0.6000000000000001,0.0,0.4,32.55,14.71,0.6
-27.01011111,26.69808333,25-11-2014,180.0,91.9,4.6000000000000005,0.6,29.699999,15.98,87.3
-31.860278,18.6875,25-11-2014,222.90001,0.6000000000000001,0.0,0.5,31.269999,14.589999,0.6
-22.91028,29.61111,25-11-2014,142.5,187.8,9.4,37.3,30.55,18.939999,142.5
-26.970278,27.211111,25-11-2014,170.40001,108.4,5.4,2.4,28.98,15.509999,103.1
-26.880278,26.965,25-11-2014,172.40001,104.80000000000001,5.2,2.2,29.41,15.83,99.700005
-28.1175,26.719444,25-11-2014,186.2,64.5,3.2,0.5,30.31,15.799999,61.3
-30.568333,29.422778,25-11-2014,136.5,135.5,6.800000000000001,12.8,25.369999,12.7699995,130.3
-30.570833,29.150556,25-11-2014,138.0,135.4,6.800000000000001,7.1,25.23,12.62,129.90001
-31.104278,29.399722,25-11-2014,132.6,142.20000000000002,7.1000000000000005,8.6,26.49,16.96,132.6
-33.501667,21.624167,25-11-2014,184.0,9.3,0.5,0.1,28.39,12.3,8.900001
-34.075556,20.145556,25-11-2014,181.7,2.3000000000000003,0.1,2.2,29.529999,15.73,2.3
-32.595833,19.009444,25-11-2014,223.1,0.9,0.0,3.1000001,32.48,15.0199995,1.0
-25.45963889,28.26430556,25-11-2014,164.7,201.20000000000002,10.100000000000001,30.5,29.789999,16.67,164.7
-25.81048333,27.90955222,26-11-2014,163.7,182.20000000000002,9.1,13.5,28.859999,16.44,163.7
-24.282222,28.090278,26-11-2014,157.3,219.70000000000002,11.0,52.9,29.84,17.3,157.3
-23.763056,27.908611,26-11-2014,157.7,176.8,8.8,11.6,31.179998,18.539999,157.7
-26.905,32.324722,26-11-2014,147.40001,151.6,7.6000000000000005,4.6,32.219997,20.41,144.2
-27.602222,29.942778,26-11-2014,162.40001,185.10000000000002,9.3,19.7,28.81,14.96,162.40001
-27.00222,28.76528,26-11-2014,156.7,149.20000000000002,7.5,3.9,27.08,13.599999,142.1
-26.73806,27.59194,26-11-2014,164.40001,130.0,6.5,3.1000001,27.939999,14.929999,123.8
-26.45,28.085833,26-11-2014,159.7,154.3,7.7,3.8,27.4,14.45,146.90001
-29.042222,24.6,26-11-2014,219.1,31.0,1.6,0.1,33.489998,16.48,29.5
-29.033333,23.983333,26-11-2014,217.3,27.5,1.4000000000000001,0.2,34.09,16.64,26.2
-31.031389,28.883333,26-11-2014,137.90001,136.8,6.800000000000001,4.8,26.42,14.98,130.5
-30.86013889,29.07125,26-11-2014,139.3,132.9,6.6000000000000005,4.3,26.82,15.49,126.700005
-30.77586667,29.03221667,26-11-2014,140.3,133.20000000000002,6.7,3.9,26.75,15.21,126.9
-34.250556,20.9925,26-11-2014,174.6,9.0,0.4,2.0,28.07,16.09,8.6
-33.38056,19.30167,26-11-2014,195.7,2.2,0.1,8.6,27.97,13.0,4.0
-27.169444,29.233889,27-11-2014,152.1,156.3,7.800000000000001,3.6000001,26.42,13.179999,148.8
-26.861111,28.884722,27-11-2014,156.1,156.20000000000002,7.800000000000001,4.4,26.789999,13.45,148.8
-29.028629,24.638389,27-11-2014,218.2,31.8,1.6,0.1,33.41,16.41,30.2
-32.94583,18.33667,27-11-2014,197.8,1.2000000000000002,0.1,5.8,28.09,15.12,2.1000001
-23.838611,31.640833,28-11-2014,141.5,185.4,9.3,35.4,33.14,21.01,141.5
-29.744167,29.905833,28-11-2014,141.6,154.60000000000002,7.7,73.8,26.84,14.99,141.6
-26.648056,27.089444,28-11-2014,168.6,118.9,5.9,2.9,28.789999,15.339999,113.200005
-28.116667,26.725278,28-11-2014,186.2,64.5,3.2,0.5,30.31,15.799999,61.3
-27.573056,24.746389,28-11-2014,211.90001,49.900000000000006,2.5,0.3,33.27,16.98,47.4
-29.744167,29.905833,01-12-2014,141.6,154.60000000000002,7.7,73.8,26.84,14.99,141.6
-29.380556,30.2775,01-12-2014,135.40001,130.0,6.5,69.9,25.72,14.2699995,131.0
-26.970278,27.211111,01-12-2014,170.40001,108.4,5.4,2.4,28.98,15.509999,103.1
-29.160278,26.573333,01-12-2014,192.5,58.2,2.9000000000000004,0.5,30.519999,14.58,55.3
-27.01011111,26.69808333,02-12-2014,180.0,91.9,4.6000000000000005,0.6,29.699999,15.98,87.3
-34.065833,20.404167,02-12-2014,178.0,3.1,0.2,1.8000001,30.099998,16.57,3.0
-25.127778,27.628889,02-12-2014,173.40001,185.3,9.3,6.9,31.48,18.26,173.40001
-24.69514,27.40906,02-12-2014,178.1,182.4,9.1,2.6000001,32.2,19.41,173.3
-25.49037,30.6986,02-12-2014,138.8,299.90000000000003,15.0,162.2,27.34,16.41,138.8
-26.861111,28.884722,02-12-2014,156.1,156.20000000000002,7.800000000000001,4.4,26.789999,13.45,148.8
-26.648056,27.089444,02-12-2014,168.6,118.9,5.9,2.9,28.789999,15.339999,113.200005
-26.880278,26.965,02-12-2014,172.40001,104.80000000000001,5.2,2.2,29.41,15.83,99.700005
-26.98472222,26.63227778,02-12-2014,178.2,93.4,4.7,0.6,29.789999,16.07,88.8
-27.671111,27.236944,02-12-2014,177.90001,80.4,4.0,0.6,29.74,15.309999,76.4
-28.69485,28.23487,02-12-2014,157.3,91.80000000000001,4.6000000000000005,10.1,26.359999,13.08,104.5
-29.615556,27.065278,02-12-2014,180.8,71.2,3.6,0.5,29.189999,13.889999,67.700005
-28.883333,27.89,02-12-2014,161.3,90.80000000000001,4.5,10.900001,27.09,13.559999,104.9
-34.092222,21.295278,02-12-2014,168.8,11.5,0.6000000000000001,1.1,28.039999,15.23,10.900001
-33.31388889,19.07472222,02-12-2014,209.40001,2.2,0.1,11.2,30.599998,15.5199995,4.6
-33.7075,18.97444444,02-12-2014,203.90001,3.0,0.2,12.900001,29.779999,16.039999,6.1
-25.20639,27.558,03-12-2014,174.0,182.3,9.1,4.7000003,31.42,18.19,173.3
-25.73411,27.21422,03-12-2014,165.7,168.5,8.4,3.8,29.05,15.4,160.40001
-26.45,28.085833,03-12-2014,159.7,154.3,7.7,3.8,27.4,14.45,146.90001
-27.273889,28.49,03-12-2014,158.8,133.9,6.7,7.6,27.21,13.58,129.2
-27.4275,28.525833,03-12-2014,157.90001,130.9,6.5,11.7,27.119999,13.38,133.6
-27.3,28.586944,03-12-2014,158.0,135.4,6.800000000000001,9.1,27.24,13.509999,131.90001
-30.160091,27.40124,03-12-2014,173.5,79.30000000000001,4.0,0.7,28.609999,13.88,75.4
-30.336111,27.359444,03-12-2014,173.6,79.7,4.0,0.7,28.64,13.41,75.8
-34.039722,22.133333,03-12-2014,152.40001,21.8,1.1,1.4,25.89,15.5,20.800001
-34.02861,22.22222,03-12-2014,149.2,24.8,1.2000000000000002,1.5,25.449999,15.25,23.6
-34.405833,19.600556,03-12-2014,158.3,3.2,0.2,9.0,25.16,14.839999,5.0
-33.13083,18.86278,03-12-2014,212.90001,1.8,0.1,10.0,31.14,16.23,3.9
-33.464444,18.740556,03-12-2014,205.1,2.5,0.1,9.3,29.23,15.839999,4.4
-30.830556,26.921389,04-12-2014,177.6,66.4,3.3000000000000003,0.6,29.33,13.03,63.100002
-25.362222,31.956667,04-12-2014,130.7,199.5,10.0,66.9,30.74,19.029999,130.7
-27.902778,24.615556,04-12-2014,210.3,43.0,2.1,0.2,33.66,17.24,40.8
-28.376944,24.303056,04-12-2014,212.7,35.2,1.8,0.2,33.579998,17.109999,33.4
-29.160278,26.573333,04-12-2014,192.5,58.2,2.9000000000000004,0.5,30.519999,14.58,55.3
-30.679722,26.7125,04-12-2014,183.40001,61.2,3.1,0.5,30.199999,13.58,58.2
-34.329722,18.990278,04-12-2014,157.6,3.4000000000000004,0.2,18.0,24.109999,14.63,8.3
-29.803611,30.516111,04-12-2014,134.8,135.9,6.800000000000001,80.1,26.66,16.92,132.7
-33.897778,20.012778,04-12-2014,193.5,2.0,0.1,1.9,30.31,15.37,2.0
-26.98472222,26.63227778,05-12-2014,178.2,93.4,4.7,0.6,29.789999,16.07,88.8
-25.99136,27.84208,08-12-2014,160.1,177.9,8.9,13.0,27.859999,15.42,160.1
-26.45,28.085833,08-12-2014,159.7,154.3,7.7,3.8,27.4,14.45,146.90001
-28.141944,26.417778,08-12-2014,191.90001,61.0,3.0,0.5,30.81,15.549999,57.9
-29.042222,24.6,08-12-2014,219.1,31.0,1.6,0.1,33.489998,16.48,29.5
-29.028629,24.638389,08-12-2014,218.2,31.8,1.6,0.1,33.41,16.41,30.2
-29.033333,23.983333,08-12-2014,217.3,27.5,1.4000000000000001,0.2,34.09,16.64,26.2
-28.460833,21.248889,08-12-2014,247.6,5.300000000000001,0.30000000000000004,0.0,35.91,17.99,5.1
-30.86013889,29.07125,08-12-2014,139.3,132.9,6.6000000000000005,4.3,26.82,15.49,126.700005
-30.77586667,29.03221667,08-12-2014,140.3,133.20000000000002,6.7,3.9,26.75,15.21,126.9
-29.140556,31.391944,09-12-2014,143.3,112.30000000000001,5.6000000000000005,5.5,28.529999,19.8,107.200005
-24.183889,30.823889,09-12-2014,139.7,236.5,11.8,86.8,31.4,19.81,139.7
-24.69514,27.40906,09-12-2014,178.1,182.4,9.1,2.6000001,32.2,19.41,173.3
-25.73411,27.21422,09-12-2014,165.7,168.5,8.4,3.8,29.05,15.4,160.40001
-28.747778,31.745833,09-12-2014,150.8,114.9,5.7,5.1,29.96,20.33,109.6
-28.801278,31.955389,09-12-2014,147.6,142.1,7.1000000000000005,7.0,29.3,20.17,135.8
-26.861111,28.884722,09-12-2014,156.1,156.20000000000002,7.800000000000001,4.4,26.789999,13.45,148.8
-28.1175,26.719444,09-12-2014,186.2,64.5,3.2,0.5,30.31,15.799999,61.3
-27.398611,26.614722,09-12-2014,187.7,75.8,3.8000000000000003,0.6,30.41,16.07,72.0
-30.568333,29.422778,09-12-2014,136.5,135.5,6.800000000000001,12.8,25.369999,12.7699995,130.3
-30.570833,29.150556,09-12-2014,138.0,135.4,6.800000000000001,7.1,25.23,12.62,129.90001
-31.554722,29.245556,09-12-2014,123.6,150.1,7.5,24.4,25.49,17.25,123.6
-25.45963889,28.26430556,09-12-2014,164.7,201.20000000000002,10.100000000000001,30.5,29.789999,16.67,164.7
-27.4,26.624722,09-12-2014,187.7,75.8,3.8000000000000003,0.6,30.41,16.07,72.0
-27.01011111,26.69808333,10-12-2014,180.0,91.9,4.6000000000000005,0.6,29.699999,15.98,87.3
-25.81048333,27.90955222,10-12-2014,163.7,182.20000000000002,9.1,13.5,28.859999,16.44,163.7
-29.641944,30.6875,10-12-2014,140.5,113.9,5.7,63.8,27.65,18.609999,128.6
-24.670833,28.560833,10-12-2014,159.5,255.4,29.900000000000002,70.4,29.83,16.71,159.5
-28.404444,30.013056,10-12-2014,160.8,110.60000000000001,5.5,17.1,29.119999,15.559999,134.40001
-26.648056,27.089444,10-12-2014,168.6,118.9,5.9,2.9,28.789999,15.339999,113.200005
-26.970278,27.211111,10-12-2014,170.40001,108.4,5.4,2.4,28.98,15.509999,103.1
-26.880278,26.965,10-12-2014,172.40001,104.80000000000001,5.2,2.2,29.41,15.83,99.700005
-26.98472222,26.63227778,10-12-2014,178.2,93.4,4.7,0.6,29.789999,16.07,88.8
-27.671111,27.236944,10-12-2014,177.90001,80.4,4.0,0.6,29.74,15.309999,76.4
-28.058889,30.373611,10-12-2014,155.7,151.8,7.6000000000000005,45.4,27.98,14.679999,151.5
-23.658056,31.05,11-12-2014,139.0,172.70000000000002,8.6,25.800001,32.16,20.539999,139.0
-23.281,30.54305556,11-12-2014,140.40001,174.5,8.700000000000001,32.4,31.13,20.22,140.40001
-27.5275,30.858056,11-12-2014,145.8,325.70000000000005,114.7,72.8,27.18,15.849999,145.8
-27.38972222,26.46388889,11-12-2014,189.40001,74.10000000000001,3.7,0.6,30.619999,16.06,70.4
-27.398611,26.614722,11-12-2014,187.7,75.8,3.8000000000000003,0.6,30.41,16.07,72.0
-27.4,26.624722,11-12-2014,187.7,75.8,3.8000000000000003,0.6,30.41,16.07,72.0
-24.679167,30.8025,12-12-2014,133.7,374.20000000000005,129.0,125.9,26.49,15.67,133.7
-29.744167,29.905833,12-12-2014,141.6,154.60000000000002,7.7,73.8,26.84,14.99,141.6
-26.73806,27.59194,15-12-2014,164.40001,130.0,6.5,3.1000001,27.939999,14.929999,123.8
-27.671111,27.236944,15-12-2014,177.90001,80.4,4.0,0.6,29.74,15.309999,76.4
-25.127778,27.628889,16-12-2014,173.40001,185.3,9.3,6.9,31.48,18.26,173.40001
-28.44555556,32.325,18-02-2015,130.2,67.5,3.4000000000000004,15.0,30.55,20.59,68.6
-26.970278,27.211111,16-12-2014,170.40001,108.4,5.4,2.4,28.98,15.509999,103.1
-27.01011111,26.69808333,17-12-2014,185.5,46.1,2.3000000000000003,0.6,31.179998,16.279999,43.8
-27.602222,29.942778,17-12-2014,162.3,57.2,2.9000000000000004,13.900001,29.279999,14.799999,60.3
-28.75,30.442778,17-12-2014,168.6,43.400000000000006,2.2,11.3,31.91,17.779999,46.3
-29.161667,30.629722,17-12-2014,148.40001,50.7,2.5,25.5,27.5,15.559999,79.9
-26.648056,27.089444,17-12-2014,174.8,48.1,2.4000000000000004,2.7,29.929998,15.46,45.9
-26.880278,26.965,17-12-2014,177.5,46.800000000000004,2.3000000000000003,2.1000001,30.529999,15.889999,44.600002
-26.45,28.085833,17-12-2014,164.5,50.6,2.5,3.5,28.849998,14.78,48.4
-26.98472222,26.63227778,17-12-2014,184.7,47.6,2.4000000000000004,0.6,31.34,16.539999,45.2
-33.501667,21.624167,17-12-2014,197.90001,12.8,0.6000000000000001,0.1,30.66,13.889999,12.1
-29.641944,30.6875,18-12-2014,155.40001,48.5,2.4000000000000004,29.9,29.63,18.99,80.0
-26.905,32.324722,18-12-2014,161.2,74.0,3.7,4.5,33.88,20.76,70.4
-27.169444,29.233889,18-12-2014,156.2,50.2,2.5,3.3,27.8,13.13,48.0
-26.861111,28.884722,18-12-2014,158.3,50.7,2.5,4.0,28.16,13.559999,48.5
-27.00222,28.76528,18-12-2014,159.6,49.0,2.4000000000000004,3.6000001,28.49,13.73,46.8
-28.376944,24.303056,18-12-2014,225.6,35.7,1.8,0.2,35.7,18.1,34.0
-34.250556,20.9925,18-12-2014,188.3,16.6,0.8,1.9,30.269999,17.34,15.8
-27.902778,24.615556,19-12-2014,223.7,39.0,2.0,0.2,35.41,18.3,37.100002
-22.43772222,31.07805556,21-12-2014,176.1,33.9,1.7000000000000002,15.8,34.7,21.279999,38.0
-24.282222,28.090278,22-12-2014,171.90001,55.6,2.8000000000000003,25.0,30.609999,17.26,80.8
-30.733889,29.828333,22-12-2014,151.0,31.5,1.6,23.2,28.15,17.109999,49.9
-26.970278,27.211111,22-12-2014,176.1,45.800000000000004,2.3000000000000003,2.2,30.15,15.65,43.7
-26.880278,26.965,22-12-2014,177.5,46.800000000000004,2.3000000000000003,2.1000001,30.529999,15.889999,44.600002
-26.45,28.085833,22-12-2014,164.5,50.6,2.5,3.5,28.849998,14.78,48.4
-27.01011111,26.69808333,23-12-2014,185.5,46.1,2.3000000000000003,0.6,31.179998,16.279999,43.8
-25.81048333,27.90955222,23-12-2014,171.0,57.0,2.8000000000000003,10.2,30.13,16.88,57.3
-22.225556,29.990556,23-12-2014,179.5,25.5,1.3,0.2,34.27,22.15,24.2
-22.91028,29.61111,23-12-2014,165.3,38.6,1.9000000000000001,18.6,31.199999,19.039999,55.3
-26.861111,28.884722,23-12-2014,158.3,50.7,2.5,4.0,28.16,13.559999,48.5
-27.00222,28.76528,23-12-2014,159.6,49.0,2.4000000000000004,3.6000001,28.49,13.73,46.8
-26.98472222,26.63227778,23-12-2014,184.7,47.6,2.4000000000000004,0.6,31.34,16.539999,45.2
-29.744167,29.905833,24-12-2014,157.2,45.800000000000004,2.3000000000000003,29.1,28.699999,15.389999,88.3
-29.161667,23.696389,31-12-2014,236.0,23.3,1.2000000000000002,0.1,36.17,18.47,22.1
-28.376944,24.303056,01-01-2015,225.6,35.7,1.8,0.2,35.7,18.1,34.0
-27.902778,24.615556,02-01-2015,223.7,39.0,2.0,0.2,35.41,18.3,37.100002
-25.99136,27.84208,05-01-2015,168.0,58.7,2.9000000000000004,9.8,29.21,15.929999,58.9
-29.987778,29.851667,05-01-2015,152.90001,43.400000000000006,2.2,30.800001,27.769999,14.79,87.1
-29.744167,29.905833,05-01-2015,157.2,45.800000000000004,2.3000000000000003,29.1,28.699999,15.389999,88.3
-26.970278,27.211111,05-01-2015,176.1,45.800000000000004,2.3000000000000003,2.2,30.15,15.65,43.7
-28.1175,26.719444,05-01-2015,191.5,38.0,1.9000000000000001,0.5,31.88,16.449999,36.100002
-27.671111,27.236944,05-01-2015,183.40001,40.6,2.0,0.6,30.98,15.45,38.600002
-29.140556,31.391944,06-01-2015,158.3,113.7,5.7,5.1,30.42,20.17,108.4
-25.73411,27.21422,06-01-2015,172.5,58.5,2.9000000000000004,3.5,30.179998,15.71,55.9
-30.733889,29.828333,06-01-2015,151.0,31.5,1.6,23.2,28.15,17.109999,49.9
-27.935,26.126667,06-01-2015,197.0,37.5,1.9000000000000001,0.5,32.11,15.91,35.600002
-28.141944,26.417778,06-01-2015,196.0,37.300000000000004,1.9000000000000001,0.5,32.079998,16.25,35.4
-27.398611,26.614722,06-01-2015,193.1,41.800000000000004,2.1,0.6,31.89,16.619999,39.7
-29.160278,26.573333,06-01-2015,200.8,33.9,1.7000000000000002,0.5,32.719997,15.309999,32.2
-28.69485,28.23487,06-01-2015,163.3,49.2,2.5,7.0,28.25,13.42,49.9
-28.883333,27.89,06-01-2015,168.90001,47.400000000000006,2.4000000000000004,7.5,29.38,14.12,48.4
-27.01011111,26.69808333,07-01-2015,185.5,46.1,2.3000000000000003,0.6,31.179998,16.279999,43.8
-25.81048333,27.90955222,07-01-2015,171.0,57.0,2.8000000000000003,10.2,30.13,16.88,57.3
-28.747778,31.745833,07-01-2015,161.6,73.10000000000001,3.7,4.7000003,31.31,20.27,69.8
-28.801278,31.955389,07-01-2015,161.1,71.3,3.6,6.3,30.96,20.449999,68.4
-28.404444,30.013056,07-01-2015,165.0,50.5,2.5,11.8,30.439999,15.809999,53.3
-26.648056,27.089444,07-01-2015,174.8,48.1,2.4000000000000004,2.7,29.929998,15.46,45.9
-26.880278,26.965,07-01-2015,177.5,46.800000000000004,2.3000000000000003,2.1000001,30.529999,15.889999,44.600002
-26.98472222,26.63227778,07-01-2015,184.7,47.6,2.4000000000000004,0.6,31.34,16.539999,45.2
-28.116667,26.725278,07-01-2015,191.5,38.0,1.9000000000000001,0.5,31.88,16.449999,36.100002
-30.160091,27.40124,07-01-2015,182.6,36.6,1.8,0.7,30.88,14.75,34.7
-30.336111,27.359444,07-01-2015,183.3,35.9,1.8,0.7,30.83,14.32,34.2
-29.615556,27.065278,07-01-2015,188.8,36.9,1.8,0.5,31.38,14.73,35.100002
-30.830556,26.921389,08-01-2015,189.40001,28.5,1.4000000000000001,0.6,31.5,14.0,27.1
-31.000833,26.353056,08-01-2015,194.1,26.0,1.3,0.4,31.179998,13.559999,24.7
-30.679722,26.7125,08-01-2015,194.3,28.0,1.4000000000000001,0.5,32.66,14.63,26.6
-23.838611,31.640833,09-01-2015,161.3,39.1,2.0,27.6,33.94,21.32,45.0
-27.5275,30.858056,09-01-2015,152.90001,110.80000000000001,5.5,42.7,28.359999,15.58,135.40001
-29.744167,29.905833,09-01-2015,157.2,45.800000000000004,2.3000000000000003,29.1,28.699999,15.389999,88.3
-30.398056,30.601944,09-01-2015,157.7,32.800000000000004,1.6,26.300001,29.16,20.8,51.9
-26.98472222,26.63227778,09-01-2015,184.7,47.6,2.4000000000000004,0.6,31.34,16.539999,45.2
-27.573056,24.746389,09-01-2015,215.40001,42.900000000000006,2.1,0.3,34.78,17.88,40.7
-29.658056,25.973333,09-01-2015,204.0,27.1,1.4000000000000001,0.4,32.77,15.219999,25.800001
-29.803611,30.516111,09-01-2015,151.7,45.2,2.3000000000000003,30.800001,28.59,17.449999,92.3
-28.735556,29.820556,12-01-2015,164.8,51.1,2.6,11.0,30.92,15.92,53.4
-26.970278,27.211111,12-01-2015,176.1,45.800000000000004,2.3000000000000003,2.2,30.15,15.65,43.7
-26.73806,27.59194,12-01-2015,168.90001,48.900000000000006,2.4000000000000004,2.8,29.3,15.219999,46.7
-25.127778,27.628889,13-01-2015,184.3,47.2,2.4000000000000004,6.3,32.53,18.359999,45.4
-25.20639,27.558,13-01-2015,182.8,47.6,2.4000000000000004,4.4,32.28,18.19,45.5
-24.69514,27.40906,13-01-2015,187.0,48.1,2.4000000000000004,2.6000001,32.64,19.4,45.7
-28.141944,26.417778,13-01-2015,196.0,37.300000000000004,1.9000000000000001,0.5,32.079998,16.25,35.4
-28.1175,26.719444,13-01-2015,191.5,38.0,1.9000000000000001,0.5,31.88,16.449999,36.100002
-28.116667,26.725278,13-01-2015,191.5,38.0,1.9000000000000001,0.5,31.88,16.449999,36.100002
-30.568333,29.422778,13-01-2015,153.40001,35.2,1.8,10.400001,27.38,13.349999,35.8
-30.570833,29.150556,13-01-2015,154.1,37.5,1.9000000000000001,6.2000003,27.17,13.219999,36.600002
-28.338333,31.373611,13-01-2015,157.40001,117.2,5.9,32.5,30.349998,18.279999,140.5
-28.068333,31.55,13-01-2015,164.40001,103.9,5.2,24.0,32.21,20.18,139.90001
-27.01011111,26.69808333,14-01-2015,185.5,46.1,2.3000000000000003,0.6,31.179998,16.279999,43.8
-29.641944,30.6875,14-01-2015,155.40001,48.5,2.4000000000000004,29.9,29.63,18.99,80.0
-24.39619444,27.08983333,14-01-2015,187.90001,44.0,2.2,1.9,33.04,19.56,41.8
-25.73411,27.21422,14-01-2015,172.5,58.5,2.9000000000000004,3.5,30.179998,15.71,55.9
-28.44555556,32.325,09-04-2015,85.6,105.5,5.300000000000001,29.7,27.019999,18.22,85.6
-27.602222,29.942778,14-01-2015,162.3,57.2,2.9000000000000004,13.900001,29.279999,14.799999,60.3
-28.75,30.442778,14-01-2015,168.6,43.400000000000006,2.2,11.3,31.91,17.779999,46.3
-29.161667,30.629722,14-01-2015,148.40001,50.7,2.5,25.5,27.5,15.559999,79.9
-26.648056,27.089444,14-01-2015,174.8,48.1,2.4000000000000004,2.7,29.929998,15.46,45.9
-26.45,28.085833,14-01-2015,164.5,50.6,2.5,3.5,28.849998,14.78,48.4
-27.38972222,26.46388889,14-01-2015,195.40001,41.6,2.1,0.6,32.04,16.76,39.5
-26.98472222,26.63227778,14-01-2015,184.7,47.6,2.4000000000000004,0.6,31.34,16.539999,45.2
-27.398611,26.614722,14-01-2015,193.1,41.800000000000004,2.1,0.6,31.89,16.619999,39.7
-31.104278,29.399722,14-01-2015,154.5,27.400000000000002,1.4000000000000001,7.4,28.49,17.789999,27.2
-31.396,29.2651,14-01-2015,155.2,27.200000000000003,1.4000000000000001,4.7000003,28.92,19.17,26.300001
-31.554722,29.245556,14-01-2015,146.7,29.700000000000003,1.5,15.1,27.599998,18.08,37.600002
-27.169444,29.233889,15-01-2015,156.2,50.2,2.5,3.3,27.8,13.13,48.0
-27.02314,28.59389,15-01-2015,161.8,48.6,2.4000000000000004,3.6000001,28.84,14.07,46.4
-27.398611,26.614722,15-01-2015,193.1,41.800000000000004,2.1,0.6,31.89,16.619999,39.7
-27.573056,24.746389,15-01-2015,215.40001,42.900000000000006,2.1,0.3,34.78,17.88,40.7
-28.376944,24.303056,15-01-2015,225.6,35.7,1.8,0.2,35.7,18.1,34.0
-31.031389,28.883333,15-01-2015,154.40001,31.700000000000003,1.6,4.4,28.349998,15.73,30.5
-30.86013889,29.07125,15-01-2015,158.0,30.5,1.5,4.0,28.81,16.27,29.300001
-30.77586667,29.03221667,15-01-2015,158.7,32.0,1.6,3.6000001,28.74,15.889999,30.7
-26.619444,27.980833,16-01-2015,167.2,48.5,2.4000000000000004,3.2,29.26,15.16,46.4
-27.671111,27.236944,16-01-2015,183.40001,40.6,2.0,0.6,30.98,15.45,38.600002
-27.902778,24.615556,16-01-2015,223.7,39.0,2.0,0.2,35.41,18.3,37.100002
-28.747778,31.745833,17-01-2015,137.7,91.9,4.6000000000000005,4.3,31.56,19.25,87.6
-25.99136,27.84208,19-01-2015,150.5,37.300000000000004,1.9000000000000001,8.0,29.49,14.13,37.3
-26.970278,27.211111,19-01-2015,158.5,36.9,1.8,2.1000001,30.08,13.79,35.2
-29.028629,24.638389,19-01-2015,187.90001,68.8,3.4000000000000004,0.1,33.51,15.049999,65.4
-29.033333,23.983333,19-01-2015,191.90001,58.7,2.9000000000000004,0.2,33.88,15.4,55.8
-33.818056,19.694722,19-01-2015,169.2,3.3000000000000003,0.2,4.5,30.0,15.29,3.7
-27.01011111,26.69808333,20-01-2015,164.0,37.300000000000004,1.9000000000000001,0.6,30.63,14.2699995,35.5
-22.225556,29.990556,20-01-2015,160.7,43.1,2.2,0.2,34.809998,21.23,41.0
-26.98472222,26.63227778,20-01-2015,164.40001,37.4,1.9000000000000001,0.6,30.81,14.57,35.5
-27.935,26.126667,20-01-2015,170.5,43.400000000000006,2.2,0.5,31.359999,13.95,41.3
-28.1175,26.719444,20-01-2015,167.8,41.2,2.1,0.5,30.99,14.04,39.2
-34.075556,20.145556,20-01-2015,154.8,3.9000000000000004,0.2,2.0,29.56,15.94,3.8
-32.502778,19.535833,20-01-2015,189.3,0.7000000000000001,0.0,0.4,33.01,15.049999,0.7
-29.161667,23.696389,21-01-2015,202.1,48.300000000000004,2.4000000000000004,0.1,34.36,15.969999,45.9
-25.81048333,27.90955222,21-01-2015,154.5,35.0,1.7000000000000002,8.3,30.66,15.25,35.2
-29.641944,30.6875,21-01-2015,130.90001,35.7,1.8,21.0,29.689999,17.74,42.9
-25.73411,27.21422,21-01-2015,156.0,35.1,1.8,3.3,30.359999,14.44,33.600002
-26.648056,27.089444,21-01-2015,157.40001,35.800000000000004,1.8,2.5,29.929998,13.61,34.2
-29.160278,26.573333,21-01-2015,167.6,46.0,2.3000000000000003,0.5,31.06,12.98,43.7
-29.033333,23.983333,21-01-2015,191.90001,58.7,2.9000000000000004,0.2,33.88,15.4,55.8
-26.03611,30.99778,22-01-2015,140.90001,104.0,5.2,72.5,30.34,17.13,119.3
-27.363611,31.783333,22-01-2015,137.6,63.400000000000006,3.2,22.7,32.69,18.57,66.3
-26.905,32.324722,22-01-2015,141.5,74.9,3.7,4.3,34.059998,19.88,71.3
-28.116667,26.725278,22-01-2015,167.8,41.2,2.1,0.5,30.99,14.04,39.2
-23.838611,31.640833,23-01-2015,139.40001,49.6,2.5,22.7,34.82,20.359999,52.0
-29.744167,29.905833,23-01-2015,129.6,37.6,1.9000000000000001,20.1,28.26,13.679999,44.600002
-28.96362,19.15486,24-01-2015,224.0,0.6000000000000001,0.0,0.0,37.079998,18.57,0.6
-26.73806,27.59194,26-01-2015,153.0,36.2,1.8,2.7,29.3,13.28,34.5
-26.45,28.085833,26-01-2015,147.90001,41.0,2.0,3.3,28.91,13.0199995,39.2
-34.065833,20.404167,27-01-2015,155.0,4.4,0.2,1.6,30.25,16.789999,4.3
-25.127778,27.628889,27-01-2015,163.90001,35.0,1.7000000000000002,5.8,32.86,17.19,33.7
-25.20639,27.558,27-01-2015,163.40001,33.5,1.7000000000000002,4.2000003,32.61,16.9,32.100002
-24.39619444,27.08983333,27-01-2015,170.0,36.1,1.8,1.9,33.719997,18.41,34.3
-24.69514,27.40906,27-01-2015,167.3,39.0,1.9000000000000001,2.5,33.23,18.24,37.100002
-27.169444,29.233889,27-01-2015,139.7,39.900000000000006,2.0,3.1000001,27.619999,11.5,38.2
-26.861111,28.884722,27-01-2015,144.6,41.900000000000006,2.1,3.7,28.41,12.009999,40.100002
-26.970278,27.211111,27-01-2015,158.5,36.9,1.8,2.1000001,30.08,13.79,35.2
-26.880278,26.965,27-01-2015,160.5,36.2,1.8,2.0,30.349998,14.049999,34.600002
-33.501667,21.624167,27-01-2015,156.5,9.1,0.5,0.1,28.92,12.759999,8.6
-32.595833,19.009444,27-01-2015,191.2,0.6000000000000001,0.0,2.8,32.829998,15.349999,0.8
-29.161667,23.696389,28-01-2015,202.1,48.300000000000004,2.4000000000000004,0.1,34.36,15.969999,45.9
-28.7115,24.07288889,28-01-2015,196.5,64.2,3.2,0.2,34.1,15.66,61.0
-27.01011111,26.69808333,28-01-2015,164.0,37.300000000000004,1.9000000000000001,0.6,30.63,14.2699995,35.5
-24.282222,28.090278,28-01-2015,153.0,51.7,2.6,17.6,31.16,16.359999,56.600002
-23.763056,27.908611,28-01-2015,161.0,49.800000000000004,2.5,8.400001,32.75,17.69,48.7
-23.658056,31.05,28-01-2015,138.7,53.7,2.7,15.6,33.48,20.05,54.8
-23.281,30.54305556,28-01-2015,139.6,97.10000000000001,4.9,17.6,32.3,19.8,97.3
-27.937778,31.209444,28-01-2015,134.5,94.5,4.7,28.0,30.06,16.13,110.5
-28.404444,30.013056,28-01-2015,140.2,35.5,1.8,9.2,30.08,14.0,36.4
-26.648056,27.089444,28-01-2015,157.40001,35.800000000000004,1.8,2.5,29.929998,13.61,34.2
-27.273889,28.49,28-01-2015,148.6,43.5,2.2,5.5,29.09,12.219999,42.2
-27.4275,28.525833,28-01-2015,147.5,43.300000000000004,2.2,6.7000003,28.9,12.009999,42.9
-27.3,28.586944,28-01-2015,147.2,43.5,2.2,6.0,28.859999,12.0,42.5
-26.98472222,26.63227778,28-01-2015,164.40001,37.4,1.9000000000000001,0.6,30.81,14.57,35.5
-34.405833,19.600556,28-01-2015,133.40001,4.7,0.2,6.7000003,25.039999,14.9,5.5
-28.068333,31.55,28-01-2015,138.90001,95.7,4.800000000000001,16.6,32.38,18.97,98.3
-28.058889,30.373611,28-01-2015,136.7,46.800000000000004,2.3000000000000003,13.3,28.9,13.23,50.4
-22.935,28.004167,29-01-2015,163.7,45.7,2.3000000000000003,0.2,33.85,19.43,43.4
-22.225556,29.990556,29-01-2015,160.7,43.1,2.2,0.2,34.809998,21.23,41.0
-24.670833,28.560833,29-01-2015,154.40001,41.7,2.1,17.9,31.57,15.98,47.600002
-27.5275,30.858056,29-01-2015,135.0,90.5,4.5,23.800001,29.21,14.75,104.9
-28.376944,24.303056,29-01-2015,191.3,66.8,3.3000000000000003,0.2,33.91,15.549999,63.5
-34.329722,18.990278,29-01-2015,133.7,4.9,0.2,12.7,24.359999,14.559999,6.8
-33.38056,19.30167,29-01-2015,169.6,2.5,0.1,6.3,28.76,13.33,3.3
-27.573056,24.746389,30-01-2015,188.40001,56.400000000000006,2.8000000000000003,0.3,33.46,15.599999,53.600002
-27.902778,24.615556,30-01-2015,191.1,60.800000000000004,3.0,0.2,33.899998,15.87,57.7
-25.99136,27.84208,02-02-2015,150.5,37.300000000000004,1.9000000000000001,8.0,29.49,14.13,37.3
-29.7775,29.470833,02-02-2015,127.4,57.2,2.9000000000000004,10.900001,25.91,10.96,59.2
-29.744167,29.905833,02-02-2015,129.6,37.6,1.9000000000000001,20.1,28.26,13.679999,44.600002
-26.970278,27.211111,02-02-2015,158.5,36.9,1.8,2.1000001,30.08,13.79,35.2
-28.116667,26.725278,02-02-2015,167.8,41.2,2.1,0.5,30.99,14.04,39.2
-27.671111,27.236944,02-02-2015,161.1,38.400000000000006,1.9000000000000001,0.6,30.279999,13.349999,36.5
-33.818056,19.694722,02-02-2015,169.2,3.3000000000000003,0.2,4.5,30.0,15.29,3.7
-29.140556,31.391944,03-02-2015,133.1,109.9,5.5,4.7000003,30.48,19.1,104.8
-25.73411,27.21422,03-02-2015,156.0,35.1,1.8,3.3,30.359999,14.44,33.600002
-28.801278,31.955389,03-02-2015,138.5,92.7,4.6000000000000005,5.8,31.3,19.529999,88.6
-29.987778,29.851667,03-02-2015,125.6,36.9,1.8,21.4,27.529999,13.24,44.5
-26.98472222,26.63227778,03-02-2015,164.40001,37.4,1.9000000000000001,0.6,30.81,14.57,35.5
-27.398611,26.614722,03-02-2015,167.6,39.900000000000006,2.0,0.6,31.199999,14.48,37.9
-33.31388889,19.07472222,03-02-2015,179.8,2.1,0.1,8.2,31.08,15.87,3.3
-25.45963889,28.26430556,03-02-2015,155.2,38.6,1.9000000000000001,12.7,31.599998,15.639999,41.5
-27.4,26.624722,03-02-2015,167.6,39.900000000000006,2.0,0.6,31.199999,14.48,37.9
-27.01011111,26.69808333,04-02-2015,164.0,37.300000000000004,1.9000000000000001,0.6,30.63,14.2699995,35.5
-25.81048333,27.90955222,04-02-2015,154.5,35.0,1.7000000000000002,8.3,30.66,15.25,35.2
-29.641944,30.6875,04-02-2015,130.90001,35.7,1.8,21.0,29.689999,17.74,42.9
-28.747778,31.745833,04-02-2015,137.7,91.9,4.6000000000000005,4.3,31.56,19.25,87.6
-26.648056,27.089444,04-02-2015,157.40001,35.800000000000004,1.8,2.5,29.929998,13.61,34.2
-27.671111,27.236944,04-02-2015,161.1,38.400000000000006,1.9000000000000001,0.6,30.279999,13.349999,36.5
-28.768056,20.720556,04-02-2015,218.6,1.7000000000000002,0.1,0.0,35.73,17.82,1.6
-32.94583,18.33667,04-02-2015,166.90001,1.0,0.0,4.5,28.46,15.009999,1.5
-30.13573889,30.67422222,05-02-2015,130.7,34.5,1.7000000000000002,20.0,29.3,19.33,41.4
-29.160278,26.573333,05-02-2015,167.6,46.0,2.3000000000000003,0.5,31.06,12.98,43.7
-33.13083,18.86278,05-02-2015,178.0,1.4000000000000001,0.1,7.4,31.55,16.42,2.5
-29.744167,29.905833,06-02-2015,129.6,37.6,1.9000000000000001,20.1,28.26,13.679999,44.600002
-29.380556,30.2775,06-02-2015,124.0,37.7,1.9000000000000001,19.6,27.42,13.13,44.5
-29.803611,30.516111,06-02-2015,128.0,35.6,1.8,21.300001,28.57,16.24,43.3
-23.838611,31.640833,09-02-2015,139.40001,49.6,2.5,22.7,34.82,20.359999,52.0
-25.49037,30.6986,09-02-2015,134.40001,77.2,3.9000000000000004,80.700005,29.269999,15.61,102.200005
-25.513889,31.224444,09-02-2015,133.8,81.2,4.1000000000000005,46.7,30.83,17.68,101.700005
-28.735556,29.820556,09-02-2015,140.6,34.800000000000004,1.7000000000000002,8.5,30.72,14.509999,35.600002
-26.970278,27.211111,09-02-2015,158.5,36.9,1.8,2.1000001,30.08,13.79,35.2
-26.45,28.085833,09-02-2015,147.90001,41.0,2.0,3.3,28.91,13.0199995,39.2
-25.447222,30.711667,09-02-2015,135.7,76.9,3.8000000000000003,69.8,29.789999,16.23,101.200005
-28.760833,17.730278,10-02-2015,218.1,0.6000000000000001,0.0,0.0,37.19,21.17,0.6
-27.01011111,26.69808333,10-02-2015,164.0,37.300000000000004,1.9000000000000001,0.6,30.63,14.2699995,35.5
-25.436111,31.982222,10-02-2015,130.2,69.8,3.5,30.800001,33.2,19.21,77.0
-25.20639,27.558,10-02-2015,163.40001,33.5,1.7000000000000002,4.2000003,32.61,16.9,32.100002
-24.69514,27.40906,10-02-2015,167.3,39.0,1.9000000000000001,2.5,33.23,18.24,37.100002
-23.281,30.54305556,10-02-2015,139.6,97.10000000000001,4.9,17.6,32.3,19.8,97.3
-25.681111,31.783333,10-02-2015,133.0,69.8,3.5,30.4,32.34,18.609999,77.700005
-25.398889,31.610556,10-02-2015,130.90001,66.60000000000001,3.3000000000000003,31.300001,32.35,18.96,75.700005
-24.99328,30.81444,10-02-2015,118.200005,110.80000000000001,5.5,114.1,25.279999,12.82,112.1
-27.602222,29.942778,10-02-2015,143.8,52.5,2.6,10.8,29.439999,13.469999,52.9
-26.861111,28.884722,10-02-2015,144.6,41.900000000000006,2.1,3.7,28.41,12.009999,40.100002
-26.648056,27.089444,10-02-2015,157.40001,35.800000000000004,1.8,2.5,29.929998,13.61,34.2
-26.98472222,26.63227778,10-02-2015,164.40001,37.4,1.9000000000000001,0.6,30.81,14.57,35.5
-28.141944,26.417778,10-02-2015,169.0,42.400000000000006,2.1,0.5,31.119999,13.969999,40.3
-28.1175,26.719444,10-02-2015,167.8,41.2,2.1,0.5,30.99,14.04,39.2
-28.116667,26.725278,10-02-2015,167.8,41.2,2.1,0.5,30.99,14.04,39.2
-29.1825,23.575556,10-02-2015,207.1,43.400000000000006,2.2,0.1,34.44,16.109999,41.2
-31.396,29.2651,10-02-2015,131.1,32.5,1.6,4.3,28.33,18.09,31.300001
-31.554722,29.245556,10-02-2015,123.700005,36.1,1.8,11.2,27.029999,16.99,38.2
-34.039722,22.133333,10-02-2015,128.5,17.900000000000002,0.9,1.3000001,26.13,15.62,17.1
-29.161667,23.696389,11-02-2015,202.1,48.300000000000004,2.4000000000000004,0.1,34.36,15.969999,45.9
-24.670833,28.560833,11-02-2015,154.40001,41.7,2.1,17.9,31.57,15.98,47.600002
-24.39619444,27.08983333,11-02-2015,170.0,36.1,1.8,1.9,33.719997,18.41,34.3
-24.058889,31.237222,11-02-2015,136.0,55.900000000000006,2.8000000000000003,23.9,33.329998,19.73,62.0
-25.362222,31.956667,11-02-2015,129.8,67.8,3.4000000000000004,30.300001,33.059998,19.18,75.1
-25.14944444,31.94055556,11-02-2015,128.0,69.2,3.5,29.6,32.39,18.74,76.6
-28.75,30.442778,11-02-2015,142.7,28.0,1.4000000000000001,8.8,31.74,16.529999,29.2
-29.161667,30.629722,11-02-2015,125.6,38.1,1.9000000000000001,17.800001,27.769999,14.4,43.9
-27.38972222,26.46388889,11-02-2015,169.3,41.0,2.0,0.6,31.349998,14.63,39.0
-27.398611,26.614722,11-02-2015,167.6,39.900000000000006,2.0,0.6,31.199999,14.48,37.9
-31.104278,29.399722,11-02-2015,129.40001,30.6,1.5,6.5,28.099998,16.64,30.0
-30.77586667,29.03221667,11-02-2015,134.2,35.5,1.8,3.4,28.07,14.429999,34.0
-34.005833,22.351111,11-02-2015,124.8,23.200000000000003,1.2000000000000002,1.6,25.16,15.42,22.1
-23.658056,31.05,12-02-2015,138.7,53.7,2.7,15.6,33.48,20.05,54.8
-27.671111,27.236944,12-02-2015,161.1,38.400000000000006,1.9000000000000001,0.6,30.279999,13.349999,36.5
-28.376944,24.303056,12-02-2015,191.3,66.8,3.3000000000000003,0.2,33.91,15.549999,63.5
-30.568333,29.422778,12-02-2015,127.200005,30.700000000000003,1.5,8.8,26.63,11.849999,30.7
-31.031389,28.883333,12-02-2015,132.0,37.300000000000004,1.9000000000000001,4.1,27.82,14.49,35.8
-30.86013889,29.07125,12-02-2015,132.6,34.2,1.7000000000000002,3.7,28.189999,14.9,32.8
-30.570833,29.150556,12-02-2015,128.90001,34.300000000000004,1.7000000000000002,5.4,26.199999,11.49,33.3
-28.338333,31.373611,12-02-2015,132.7,100.30000000000001,5.0,19.2,30.359999,16.9,108.6
-24.679167,30.8025,13-02-2015,126.6,122.4,6.1000000000000005,77.8,27.13,14.929999,121.200005
-22.769722,30.886944,13-02-2015,145.6,75.8,3.8000000000000003,23.1,32.89,19.89,81.0
-24.768889,31.39,13-02-2015,133.2,75.3,3.8000000000000003,32.7,32.84,19.449999,88.6
-24.9675,31.516667,13-02-2015,133.3,67.4,3.4000000000000004,29.6,33.03,19.8,76.3
-27.573056,24.746389,13-02-2015,188.40001,56.400000000000006,2.8000000000000003,0.3,33.46,15.599999,53.600002
-27.902778,24.615556,13-02-2015,191.1,60.800000000000004,3.0,0.2,33.899998,15.87,57.7
-28.96362,19.15486,14-02-2015,224.0,0.6000000000000001,0.0,0.0,37.079998,18.57,0.6
-25.99136,27.84208,16-02-2015,134.8,60.7,3.0,6.7000003,28.16,13.469999,58.9
-26.970278,27.211111,16-02-2015,140.1,58.0,2.9000000000000004,2.0,28.539999,13.809999,55.2
-26.73806,27.59194,16-02-2015,135.6,54.800000000000004,2.7,2.5,27.789999,12.91,52.2
-26.45,28.085833,16-02-2015,134.40001,60.1,3.0,3.0,27.49,12.67,57.3
-27.671111,27.236944,16-02-2015,138.90001,66.10000000000001,3.3000000000000003,0.6,28.789999,13.65,62.8
-32.502778,19.535833,16-02-2015,170.5,2.8000000000000003,0.1,0.4,32.93,15.48,2.7
-27.01011111,26.69808333,17-02-2015,144.90001,60.0,3.0,0.5,28.96,14.429999,57.0
-27.169444,29.233889,17-02-2015,125.700005,57.2,2.9000000000000004,2.9,26.49,11.41,54.5
-26.861111,28.884722,17-02-2015,131.3,59.0,2.9000000000000004,3.5,27.18,11.73,56.3
-27.02314,28.59389,17-02-2015,133.0,63.5,3.2,3.1000001,27.72,12.139999,60.5
-26.98472222,26.63227778,17-02-2015,145.90001,60.5,3.0,0.6,29.14,14.7,57.5
-29.160278,26.573333,17-02-2015,143.90001,77.80000000000001,3.9000000000000004,0.5,28.98,13.07,73.9
-28.69485,28.23487,17-02-2015,120.1,87.7,4.4,4.4,26.24,11.509999,84.3
-28.883333,27.89,17-02-2015,121.8,88.0,4.4,4.8,26.529999,12.009999,84.6
-31.436944,20.474722,17-02-2015,171.0,13.600000000000001,0.7000000000000001,0.0,31.17,13.7,12.900001
-34.075556,20.145556,17-02-2015,140.5,3.5,0.2,1.9,29.75,16.4,3.4
-32.595833,19.009444,17-02-2015,163.40001,2.3000000000000003,0.1,2.6000001,32.989998,16.06,2.3
-25.45963889,28.26430556,17-02-2015,145.7,51.900000000000006,2.6,10.1,30.48,15.12,51.9
-28.068333,31.55,17-02-2015,131.40001,44.0,2.2,12.900001,31.59,19.4,45.600002
-29.161667,23.696389,18-02-2015,178.0,71.9,3.6,0.1,32.63,15.61,68.3
-25.81048333,27.90955222,18-02-2015,140.0,56.0,2.8000000000000003,7.0,29.41,14.7,54.5
-22.225556,29.990556,18-02-2015,162.2,35.2,1.8,0.2,33.579998,20.09,33.4
-29.641944,30.6875,18-02-2015,123.5,119.10000000000001,6.0,18.7,29.369999,18.17,115.4
-25.73411,27.21422,18-02-2015,140.2,62.6,3.1,3.1000001,28.97,13.969999,59.7
-28.44555556,32.325,07-05-2015,84.6,12.100000000000001,0.6000000000000001,19.9,28.449999,16.359999,21.2
-26.648056,27.089444,18-02-2015,139.7,56.900000000000006,2.8000000000000003,2.3,28.289999,13.5,54.3
-26.880278,26.965,18-02-2015,141.7,58.1,2.9000000000000004,1.9,28.699999,14.04,55.4
-28.116667,26.725278,18-02-2015,144.0,66.3,3.3000000000000003,0.5,29.15,14.349999,63.0
-29.033333,23.983333,18-02-2015,174.5,67.60000000000001,3.4000000000000004,0.2,32.21,15.12,64.200005
-30.160091,27.40124,18-02-2015,129.40001,97.60000000000001,4.9,0.6,27.609999,12.91,92.700005
-30.336111,27.359444,18-02-2015,130.40001,95.30000000000001,4.800000000000001,0.7,27.66,12.67,90.6
-29.615556,27.065278,18-02-2015,132.7,97.30000000000001,4.9,0.5,27.84,12.65,92.5
-25.57877778,29.12747222,18-02-2015,146.7,50.5,2.5,10.0,30.179998,14.15,50.9
-30.830556,26.921389,19-02-2015,138.0,89.9,4.5,0.5,28.05,12.55,85.4
-28.141944,26.417778,19-02-2015,146.90001,65.7,3.3000000000000003,0.5,29.359999,14.0199995,62.4
-31.000833,26.353056,19-02-2015,142.40001,93.30000000000001,4.7,0.4,27.64,11.74,88.6
-30.679722,26.7125,19-02-2015,139.3,91.9,4.6000000000000005,0.5,28.65,12.849999,87.3
-34.250556,20.9925,19-02-2015,132.6,7.2,0.4,1.8000001,28.68,16.789999,6.9
-33.31388889,19.07472222,19-02-2015,158.7,3.0,0.1,7.3,31.63,16.23,3.7
-28.308889,31.9025,19-02-2015,131.0,61.800000000000004,3.1,12.6,31.369999,20.109999,62.4
-22.43772222,31.07805556,20-02-2015,156.8,31.8,1.6,10.5,33.899998,20.02,32.3
-29.744167,29.905833,20-02-2015,117.5,131.9,6.6000000000000005,28.0,27.68,14.099999,117.5
-29.658056,25.973333,20-02-2015,147.1,76.60000000000001,3.8000000000000003,0.4,28.789999,12.929999,72.700005
-29.7775,29.470833,23-02-2015,112.3,143.1,7.2,34.5,25.39,11.42,112.3
-29.987778,29.851667,23-02-2015,114.700005,138.6,6.9,38.4,27.13,13.74,114.700005
-29.744167,29.905833,23-02-2015,117.5,131.9,6.6000000000000005,28.0,27.68,14.099999,117.5
-26.45,28.085833,23-02-2015,134.40001,60.1,3.0,3.0,27.49,12.67,57.3
-29.042222,24.6,23-02-2015,172.8,59.300000000000004,3.0,0.1,31.539999,14.91,56.4
-29.033333,23.983333,23-02-2015,174.5,67.60000000000001,3.4000000000000004,0.2,32.21,15.12,64.200005
-34.031944,22.053333,23-02-2015,123.1,18.400000000000002,0.9,1.2,26.97,15.7699995,17.5
-33.38056,19.30167,23-02-2015,150.6,3.1,0.2,5.6,29.189999,13.49,3.7
-30.733889,29.828333,24-02-2015,118.700005,134.6,6.7,25.7,27.84,16.55,118.700005
-26.861111,28.884722,24-02-2015,131.3,59.0,2.9000000000000004,3.5,27.18,11.73,56.3
-27.00222,28.76528,24-02-2015,130.90001,61.0,3.1,3.1000001,27.41,11.9,58.2
-26.970278,27.211111,24-02-2015,140.1,58.0,2.9000000000000004,2.0,28.539999,13.809999,55.2
-26.619444,27.980833,24-02-2015,136.6,58.1,2.9000000000000004,2.8,27.9,13.009999,55.4
-29.028629,24.638389,24-02-2015,173.1,58.5,2.9000000000000004,0.1,31.46,14.91,55.600002
-33.13083,18.86278,24-02-2015,160.90001,2.5,0.1,6.6,32.02,16.98,3.2
-29.161667,23.696389,25-02-2015,178.0,71.9,3.6,0.1,32.63,15.61,68.3
-27.01011111,26.69808333,25-02-2015,144.90001,60.0,3.0,0.5,28.96,14.429999,57.0
-23.23572222,27.717,25-02-2015,163.3,42.800000000000004,2.1,0.4,33.03,17.43,40.7
-22.548889,28.898056,25-02-2015,156.7,39.900000000000006,2.0,0.1,32.0,17.09,37.9
-22.91028,29.61111,25-02-2015,147.2,42.7,2.1,10.3,30.769999,17.15,43.5
-27.937778,31.209444,25-02-2015,125.4,40.900000000000006,2.0,19.6,29.17,16.49,47.3
-26.905,32.324722,25-02-2015,135.0,33.1,1.7000000000000002,4.2000003,33.01,19.85,31.5
-28.404444,30.013056,25-02-2015,128.0,88.7,4.4,7.5,28.92,14.549999,85.9
-30.398056,30.601944,25-02-2015,124.8,138.3,6.9,25.7,28.9,20.24,124.8
-26.648056,27.089444,25-02-2015,139.7,56.900000000000006,2.8000000000000003,2.3,28.289999,13.5,54.3
-26.98472222,26.63227778,25-02-2015,145.90001,60.5,3.0,0.6,29.14,14.7,57.5
-34.405833,19.600556,25-02-2015,125.5,4.0,0.2,5.9,25.68,15.29,4.5
-32.94583,18.33667,25-02-2015,152.6,1.7000000000000002,0.1,4.1,29.019999,15.73,2.1000001
-24.282222,28.090278,26-02-2015,148.7,51.5,2.6,13.7,30.01,14.78,52.8
-23.763056,27.908611,26-02-2015,158.3,50.6,2.5,7.4,31.74,16.3,49.100002
-25.127778,27.628889,26-02-2015,156.1,45.2,2.3000000000000003,5.3,31.71,16.539999,43.4
-25.20639,27.558,26-02-2015,151.6,46.2,2.3000000000000003,3.9,31.48,16.33,44.2
-25.73411,27.21422,26-02-2015,140.2,62.6,3.1,3.1000001,28.97,13.969999,59.7
-27.5275,30.858056,26-02-2015,124.1,47.7,2.4000000000000004,17.2,27.9,14.599999,51.9
-27.363611,31.783333,26-02-2015,131.8,37.1,1.9000000000000001,18.800001,31.83,18.96,39.100002
-30.13573889,30.67422222,26-02-2015,123.8,136.20000000000002,6.800000000000001,25.6,29.07,19.77,123.8
-28.376944,24.303056,26-02-2015,171.7,61.5,3.1,0.2,32.399998,15.32,58.5
-34.329722,18.990278,26-02-2015,126.5,3.9000000000000004,0.2,11.1,24.97,15.059999,5.3
-24.69514,27.40906,27-02-2015,161.8,46.800000000000004,2.3000000000000003,2.4,31.99,17.48,44.5
-27.573056,24.746389,27-02-2015,166.3,60.2,3.0,0.3,31.63,15.7,57.2
-27.902778,24.615556,27-02-2015,168.5,59.7,3.0,0.2,32.11,15.86,56.7
-28.058889,30.373611,27-02-2015,125.3,78.7,3.9000000000000004,10.3,27.73,13.9,77.8
-29.803611,30.516111,27-02-2015,120.4,124.5,6.2,20.800001,28.439999,16.77,118.700005
-29.140556,31.391944,03-03-2015,126.700005,132.9,6.6000000000000005,4.7000003,30.099998,19.51,126.3
-26.03611,30.99778,03-03-2015,135.2,70.0,3.5,44.7,29.34,16.85,94.3
-28.801278,31.955389,03-03-2015,131.90001,111.4,5.6000000000000005,5.3,30.73,19.96,106.3
-26.970278,27.211111,03-03-2015,140.1,58.0,2.9000000000000004,2.0,28.539999,13.809999,55.2
-27.671111,27.236944,03-03-2015,138.90001,66.10000000000001,3.3000000000000003,0.6,28.789999,13.65,62.8
-34.031944,22.053333,03-03-2015,123.1,18.400000000000002,0.9,1.2,26.97,15.7699995,17.5
-34.039722,22.133333,03-03-2015,120.700005,19.900000000000002,1.0,1.3000001,26.789999,16.07,19.0
-25.45963889,28.26430556,03-03-2015,145.7,51.900000000000006,2.6,10.1,30.48,15.12,51.9
-27.01011111,26.69808333,04-03-2015,144.90001,60.0,3.0,0.5,28.96,14.429999,57.0
-25.81048333,27.90955222,04-03-2015,140.0,56.0,2.8000000000000003,7.0,29.41,14.7,54.5
-29.641944,30.6875,04-03-2015,123.5,119.10000000000001,6.0,18.7,29.369999,18.17,115.4
-28.747778,31.745833,04-03-2015,131.1,132.6,6.6000000000000005,4.0,30.8,19.63,126.200005
-26.648056,27.089444,04-03-2015,139.7,56.900000000000006,2.8000000000000003,2.3,28.289999,13.5,54.3
-26.880278,26.965,04-03-2015,141.7,58.1,2.9000000000000004,1.9,28.699999,14.04,55.4
-26.98472222,26.63227778,04-03-2015,145.90001,60.5,3.0,0.6,29.14,14.7,57.5
-27.398611,26.614722,04-03-2015,148.3,60.6,3.0,0.6,29.689999,14.809999,57.600002
-27.671111,27.236944,04-03-2015,138.90001,66.10000000000001,3.3000000000000003,0.6,28.789999,13.65,62.8
-34.02861,22.22222,04-03-2015,118.4,22.200000000000003,1.1,1.4,26.43,15.799999,21.1
-27.4,26.624722,04-03-2015,148.3,60.6,3.0,0.6,29.689999,14.809999,57.600002
-29.380556,30.2775,05-03-2015,114.1,119.30000000000001,6.0,19.5,26.849998,13.87,113.5
-26.73806,27.59194,05-03-2015,135.6,54.800000000000004,2.7,2.5,27.789999,12.91,52.2
-26.45,28.085833,05-03-2015,134.40001,60.1,3.0,3.0,27.49,12.67,57.3
-34.005833,22.351111,05-03-2015,116.8,26.5,1.3,1.5,26.08,15.75,25.2
-29.744167,29.905833,06-03-2015,117.5,131.9,6.6000000000000005,28.0,27.68,14.099999,117.5
-27.00222,28.76528,06-03-2015,130.90001,61.0,3.1,3.1000001,27.41,11.9,58.2
-27.02314,28.59389,06-03-2015,133.0,63.5,3.2,3.1000001,27.72,12.139999,60.5
-34.250556,20.9925,17-02-2011,130.40001,16.5,0.8,3.7,28.73,17.039999,15.900001
-22.43772222,31.07805556,09-03-2015,156.8,31.8,1.6,10.5,33.899998,20.02,32.3
-24.99328,30.81444,09-03-2015,117.8,63.7,3.2,84.8,24.769999,12.3,89.8
-28.735556,29.820556,09-03-2015,127.1,97.4,4.9,7.0,29.81,14.95,94.0
-26.970278,27.211111,09-03-2015,140.1,58.0,2.9000000000000004,2.0,28.539999,13.809999,55.2
-26.880278,26.965,09-03-2015,141.7,58.1,2.9000000000000004,1.9,28.699999,14.04,55.4
-26.510278,28.351389,09-03-2015,133.1,61.2,3.1,3.7,27.49,12.37,58.4
-26.73806,27.59194,09-03-2015,135.6,54.800000000000004,2.7,2.5,27.789999,12.91,52.2
-26.45,28.085833,09-03-2015,134.40001,60.1,3.0,3.0,27.49,12.67,57.3
-26.98472222,26.63227778,09-03-2015,145.90001,60.5,3.0,0.6,29.14,14.7,57.5
-29.160278,26.573333,09-03-2015,143.90001,77.80000000000001,3.9000000000000004,0.5,28.98,13.07,73.9
-27.01011111,26.69808333,10-03-2015,144.90001,60.0,3.0,0.5,28.96,14.429999,57.0
-25.20639,27.558,10-03-2015,151.6,46.2,2.3000000000000003,3.9,31.48,16.33,44.2
-26.861111,28.884722,10-03-2015,131.3,59.0,2.9000000000000004,3.5,27.18,11.73,56.3
-26.648056,27.089444,10-03-2015,139.7,56.900000000000006,2.8000000000000003,2.3,28.289999,13.5,54.3
-27.802778,28.768333,10-03-2015,121.4,65.2,3.3000000000000003,5.1,26.5,11.37,63.0
-26.98472222,26.63227778,10-03-2015,145.90001,60.5,3.0,0.6,29.14,14.7,57.5
-28.141944,26.417778,10-03-2015,146.90001,65.7,3.3000000000000003,0.5,29.359999,14.0199995,62.4
-34.250556,20.9925,21-08-2013,89.700005,19.1,1.0,3.9,19.949999,7.9199996,18.4
-28.1175,26.719444,10-03-2015,144.0,66.3,3.3000000000000003,0.5,29.15,14.349999,63.0
-28.69485,28.23487,10-03-2015,120.1,87.7,4.4,4.4,26.24,11.509999,84.3
-29.615556,27.065278,10-03-2015,132.7,97.30000000000001,4.9,0.5,27.84,12.65,92.5
-28.883333,27.89,10-03-2015,121.8,88.0,4.4,4.8,26.529999,12.009999,84.6
-34.250556,20.9925,15-04-2014,92.3,58.5,2.9000000000000004,2.7,26.119999,13.12,55.7
-34.250556,20.9925,20-05-2014,61.0,37.6,1.9000000000000001,2.5,20.83,6.66,35.8
-34.250556,20.9925,19-06-2014,55.7,25.0,1.2000000000000002,2.4,19.85,6.44,23.800001
-34.250556,20.9925,15-07-2014,55.7,25.0,1.2000000000000002,2.4,19.85,6.44,23.800001
-34.250556,20.9925,25-09-2014,138.90001,5.0,0.2,2.1000001,25.67,12.87,4.8
-31.396,29.2651,10-03-2015,123.200005,136.20000000000002,6.800000000000001,10.5,28.15,18.539999,123.200005
-31.554722,29.245556,10-03-2015,117.700005,133.20000000000002,6.7,20.0,27.3,17.789999,117.700005
-28.338333,31.373611,10-03-2015,124.5,56.900000000000006,2.8000000000000003,14.1,29.41,17.25,59.2
-28.068333,31.55,10-03-2015,131.40001,44.0,2.2,12.900001,31.59,19.4,45.600002
-29.161667,23.696389,11-03-2015,178.0,71.9,3.6,0.1,32.63,15.61,68.3
-24.282222,28.090278,11-03-2015,148.7,51.5,2.6,13.7,30.01,14.78,52.8
-22.769722,30.886944,11-03-2015,143.6,48.5,2.4000000000000004,18.300001,31.38,18.77,51.0
-28.44555556,32.325,11-03-2015,130.2,67.5,3.4000000000000004,15.0,30.55,20.59,68.6
-27.00222,28.76528,11-03-2015,130.90001,61.0,3.1,3.1000001,27.41,11.9,58.2
-27.02314,28.59389,11-03-2015,133.0,63.5,3.2,3.1000001,27.72,12.139999,60.5
-27.273889,28.49,11-03-2015,132.3,69.10000000000001,3.5,4.8,27.63,12.04,66.3
-27.4275,28.525833,11-03-2015,128.8,68.60000000000001,3.4000000000000004,5.6,27.289999,11.809999,66.3
-27.3,28.586944,11-03-2015,130.8,67.3,3.4000000000000004,5.2000003,27.5,11.88,64.8
-28.141944,26.417778,11-03-2015,146.90001,65.7,3.3000000000000003,0.5,29.359999,14.0199995,62.4
-28.1175,26.719444,11-03-2015,144.0,66.3,3.3000000000000003,0.5,29.15,14.349999,63.0
-28.116667,26.725278,11-03-2015,144.0,66.3,3.3000000000000003,0.5,29.15,14.349999,63.0
-27.671111,27.236944,11-03-2015,138.90001,66.10000000000001,3.3000000000000003,0.6,28.789999,13.65,62.8
-34.092222,21.295278,29-11-2011,173.1,16.6,0.8,5.4,27.42,14.95,16.9
-34.092222,21.295278,18-04-2012,66.3,10.100000000000001,0.5,3.0,22.71,8.55,9.900001
-30.160091,27.40124,11-03-2015,129.40001,97.60000000000001,4.9,0.6,27.609999,12.91,92.700005
-34.092222,21.295278,12-06-2012,50.2,54.800000000000004,2.7,4.8,20.449999,6.41,50.2
-30.336111,27.359444,11-03-2015,130.40001,95.30000000000001,4.800000000000001,0.7,27.66,12.67,90.6
-30.568333,29.422778,11-03-2015,114.700005,122.30000000000001,6.1000000000000005,10.3,26.3,12.45,114.700005
-30.570833,29.150556,11-03-2015,114.4,110.5,5.5,4.9,25.8,12.05,105.5
-31.104278,29.399722,11-03-2015,119.9,137.4,6.9,17.2,27.81,17.01,119.9
-30.830556,26.921389,12-03-2015,138.0,89.9,4.5,0.5,28.05,12.55,85.4
-24.670833,28.560833,12-03-2015,148.40001,39.300000000000004,2.0,13.900001,30.26,14.7,41.4
-28.75,30.442778,12-03-2015,130.90001,83.60000000000001,4.2,7.2000003,30.63,16.77,81.0
-29.161667,30.629722,12-03-2015,116.3,117.9,5.9,16.800001,26.869999,14.71,113.0
-26.619444,27.980833,12-03-2015,136.6,58.1,2.9000000000000004,2.8,27.9,13.009999,55.4
-34.092222,21.295278,05-11-2013,144.90001,45.800000000000004,2.3000000000000003,1.8000001,25.869999,13.73,43.600002
-27.38972222,26.46388889,12-03-2015,150.1,61.1,3.1,0.5,29.9,14.91,58.100002
-34.092222,21.295278,07-01-2014,163.8,55.7,2.8000000000000003,1.7,29.89,17.47,53.0
-28.1175,26.719444,12-03-2015,144.0,66.3,3.3000000000000003,0.5,29.15,14.349999,63.0
-27.398611,26.614722,12-03-2015,148.3,60.6,3.0,0.6,29.689999,14.809999,57.600002
-29.160278,26.573333,12-03-2015,143.90001,77.80000000000001,3.9000000000000004,0.5,28.98,13.07,73.9
-31.000833,26.353056,12-03-2015,142.40001,93.30000000000001,4.7,0.4,27.64,11.74,88.6
-30.679722,26.7125,12-03-2015,139.3,91.9,4.6000000000000005,0.5,28.65,12.849999,87.3
-31.031389,28.883333,12-03-2015,120.200005,114.30000000000001,5.7,3.8,27.449999,14.849999,108.9
-30.86013889,29.07125,12-03-2015,120.3,116.80000000000001,5.800000000000001,3.4,27.81,15.299999,111.200005
-30.77586667,29.03221667,12-03-2015,120.1,113.60000000000001,5.7,3.1000001,27.63,14.82,108.1
-34.250556,20.9925,12-03-2015,132.6,7.2,0.4,1.8000001,28.68,16.789999,6.9
-28.308889,31.9025,12-03-2015,131.0,61.800000000000004,3.1,12.6,31.369999,20.109999,62.4
-27.4,26.624722,12-03-2015,148.3,60.6,3.0,0.6,29.689999,14.809999,57.600002
-28.116667,26.725278,13-03-2015,144.0,66.3,3.3000000000000003,0.5,29.15,14.349999,63.0
-27.573056,24.746389,13-03-2015,166.3,60.2,3.0,0.3,31.63,15.7,57.2
-27.902778,24.615556,13-03-2015,168.5,59.7,3.0,0.2,32.11,15.86,56.7
-29.987778,29.851667,14-03-2015,114.700005,138.6,6.9,38.4,27.13,13.74,114.700005
-25.99136,27.84208,16-03-2015,134.8,60.7,3.0,6.7000003,28.16,13.469999,58.9
-26.45,28.085833,16-03-2015,134.40001,60.1,3.0,3.0,27.49,12.67,57.3
-32.502778,19.535833,16-03-2015,170.5,2.8000000000000003,0.1,0.4,32.93,15.48,2.7
-22.225556,29.990556,17-03-2015,103.6,44.900000000000006,2.2,0.2,29.789999,17.49,42.7
-24.183889,30.823889,17-03-2015,97.6,52.400000000000006,2.6,14.2,28.84,16.63,52.9
-26.861111,28.884722,17-03-2015,100.8,37.5,1.9000000000000001,3.3,24.269999,8.429999,35.8
-27.802778,28.768333,17-03-2015,95.4,23.8,1.2000000000000002,4.3,22.98,7.3799996,23.4
-34.075556,20.145556,17-03-2015,88.0,4.4,0.2,1.8000001,24.91,12.19,4.3
-32.595833,19.009444,17-03-2015,107.9,3.2,0.2,2.5,27.849998,12.009999,3.1000001
-25.45963889,28.26430556,17-03-2015,109.200005,54.400000000000006,2.7,8.400001,27.74,12.38,53.4
-25.81048333,27.90955222,18-03-2015,105.9,61.6,3.1,6.1,26.019999,12.07,59.4
-29.641944,30.6875,18-03-2015,85.8,10.0,0.5,15.0,25.46,14.73,13.2
-26.905,32.324722,18-03-2015,91.1,48.2,2.4000000000000004,4.0,29.82,17.6,45.9
-29.758889,30.935278,18-03-2015,84.9,31.900000000000002,1.6,15.400001,25.539999,16.42,34.600002
-27.00222,28.76528,18-03-2015,101.5,35.800000000000004,1.8,2.9,24.279999,8.25,34.2
-26.619444,27.980833,18-03-2015,104.5,33.5,1.7000000000000002,2.6000001,24.42,9.5199995,32.0
-33.13083,18.86278,18-03-2015,101.4,3.8000000000000003,0.2,5.9,26.91,13.57,4.3
-27.01011111,26.69808333,19-03-2015,112.5,24.5,1.2000000000000002,0.5,25.5,10.4,23.300001
-23.658056,31.05,19-03-2015,93.700005,43.6,2.2,11.400001,28.63,17.01,43.2
-24.058889,31.237222,19-03-2015,94.6,40.300000000000004,2.0,15.8,28.869999,17.07,41.4
-27.363611,31.783333,19-03-2015,88.1,46.6,2.3000000000000003,16.1,28.57,16.15,47.0
-26.648056,27.089444,19-03-2015,105.200005,31.8,1.6,2.2,25.029999,10.04,30.300001
-26.970278,27.211111,19-03-2015,106.0,29.200000000000003,1.5,1.9,25.1,9.91,27.800001
-26.880278,26.965,19-03-2015,106.9,28.5,1.4000000000000001,1.8000001,25.31,10.24,27.2
-27.4275,28.525833,19-03-2015,99.200005,28.5,1.4000000000000001,4.8,23.689999,7.46,27.9
-26.98472222,26.63227778,19-03-2015,112.200005,25.6,1.3,0.5,25.689999,10.599999,24.300001
-24.679167,30.8025,20-03-2015,84.200005,95.60000000000001,4.800000000000001,58.100002,22.81,11.509999,84.200005
-29.744167,29.905833,20-03-2015,86.9,8.5,0.4,19.6,23.72,9.94,16.4
-28.96362,19.15486,21-03-2015,135.2,12.3,0.6000000000000001,0.0,31.13,14.059999,11.7
-25.49037,30.6986,23-03-2015,93.9,68.9,3.4000000000000004,44.4,25.269999,12.82,72.8
-29.744167,29.905833,23-03-2015,86.9,8.5,0.4,19.6,23.72,9.94,16.4
-26.970278,27.211111,23-03-2015,106.0,29.200000000000003,1.5,1.9,25.1,9.91,27.800001
-29.042222,24.6,23-03-2015,110.5,23.6,1.2000000000000002,0.1,25.41,9.69,22.4
-29.033333,23.983333,23-03-2015,110.200005,26.200000000000003,1.3,0.2,25.82,9.889999,24.9
-33.501667,21.624167,23-03-2015,92.6,20.6,1.0,0.1,24.74,9.28,19.6
-33.38056,19.30167,23-03-2015,96.8,3.7,0.2,5.1,23.519999,9.65,4.0
-27.01011111,26.69808333,24-03-2015,112.5,24.5,1.2000000000000002,0.5,25.5,10.4,23.300001
-22.935,28.004167,24-03-2015,108.5,48.300000000000004,2.4000000000000004,0.2,29.17,14.49,45.9
-34.065833,20.404167,24-03-2015,87.4,7.0,0.4,1.5,25.51,12.69,6.7000003
-23.763056,27.908611,24-03-2015,109.5,58.6,2.9000000000000004,6.6,28.49,12.96,56.5
-23.23572222,27.717,24-03-2015,109.6,44.6,2.2,0.4,29.279999,14.37,42.4
-25.127778,27.628889,24-03-2015,111.6,49.1,2.5,4.9,28.539999,13.04,47.100002
-25.20639,27.558,24-03-2015,110.0,51.1,2.6,3.7,28.39,12.98,48.7
-24.69514,27.40906,24-03-2015,117.1,51.6,2.6,2.3,28.96,13.71,49.100002
-25.681111,31.783333,24-03-2015,87.8,41.1,2.1,20.0,28.439999,16.74,43.100002
-25.67386,31.57527,24-03-2015,90.9,48.7,2.4000000000000004,20.2,28.779999,16.949999,50.600002
-30.733889,29.828333,24-03-2015,86.0,9.9,0.5,17.800001,23.68,12.639999,17.4
-29.987778,29.851667,24-03-2015,84.9,9.0,0.4,24.300001,23.14,9.679999,22.6
-26.648056,27.089444,24-03-2015,105.200005,31.8,1.6,2.2,25.029999,10.04,30.300001
-26.880278,26.965,24-03-2015,106.9,28.5,1.4000000000000001,1.8000001,25.31,10.24,27.2
-26.73806,27.59194,24-03-2015,102.1,34.2,1.7000000000000002,2.3,24.3,9.5199995,32.600002
-26.45,28.085833,24-03-2015,103.0,37.0,1.9000000000000001,2.9,24.269999,9.42,35.3
-27.273889,28.49,24-03-2015,100.6,31.8,1.6,4.3,24.05,7.69,30.7
-27.3,28.586944,24-03-2015,100.0,31.200000000000003,1.6,4.6,23.93,7.7,30.2
-26.98472222,26.63227778,24-03-2015,112.200005,25.6,1.3,0.5,25.689999,10.599999,24.300001
-29.028629,24.638389,24-03-2015,109.700005,23.700000000000003,1.2000000000000002,0.1,25.49,9.76,22.5
-33.31388889,19.07472222,24-03-2015,99.200005,4.0,0.2,6.6,26.13,12.59,4.6
-22.225556,29.990556,25-03-2015,103.6,44.900000000000006,2.2,0.2,29.789999,17.49,42.7
-25.436111,31.982222,25-03-2015,87.700005,46.0,2.3000000000000003,20.7,29.199999,17.109999,47.7
-22.548889,28.898056,25-03-2015,99.3,46.900000000000006,2.3000000000000003,0.1,28.689999,15.089999,44.600002
-22.91028,29.61111,25-03-2015,98.6,51.300000000000004,2.6,8.5,27.529999,15.24,50.5
-25.362222,31.956667,25-03-2015,88.0,43.5,2.2,20.300001,29.289999,17.3,45.3
-25.14944444,31.94055556,25-03-2015,88.700005,38.6,1.9000000000000001,19.7,28.779999,17.19,40.600002
-28.404444,30.013056,25-03-2015,96.700005,7.9,0.4,6.4,25.67,10.8,8.7
-30.398056,30.601944,25-03-2015,87.4,22.900000000000002,1.1,18.7,25.109999,16.84,28.7
-27.169444,29.233889,25-03-2015,96.8,33.6,1.7000000000000002,2.7,23.47,8.0,32.100002
-26.861111,28.884722,25-03-2015,100.8,37.5,1.9000000000000001,3.3,24.269999,8.429999,35.8
-27.00222,28.76528,25-03-2015,101.5,35.800000000000004,1.8,2.9,24.279999,8.25,34.2
-27.4275,28.525833,25-03-2015,99.200005,28.5,1.4000000000000001,4.8,23.689999,7.46,27.9
-34.405833,19.600556,25-03-2015,79.1,5.1000000000000005,0.30000000000000004,5.3,21.73,12.15,5.4
-32.94583,18.33667,25-03-2015,101.6,3.2,0.2,3.7,24.71,12.48,3.4
-25.57877778,29.12747222,25-03-2015,107.700005,64.0,3.2,8.2,27.42,11.29,62.5
-26.03611,30.99778,26-03-2015,97.5,67.3,3.4000000000000004,35.5,25.91,13.82,73.1
-27.937778,31.209444,26-03-2015,88.9,42.5,2.1,15.2,25.55,13.63,44.7
-30.13573889,30.67422222,26-03-2015,86.9,11.3,0.6000000000000001,18.6,25.289999,16.5,17.7
-26.619444,27.980833,26-03-2015,104.5,33.5,1.7000000000000002,2.6000001,24.42,9.5199995,32.0
-28.376944,24.303056,26-03-2015,114.1,23.700000000000003,1.2000000000000002,0.2,26.71,10.07,22.6
-34.329722,18.990278,26-03-2015,79.6,5.300000000000001,0.30000000000000004,9.900001,20.89,12.13,6.3
-33.897778,20.012778,26-03-2015,92.700005,4.0,0.2,1.6,25.439999,11.9,3.9
-27.573056,24.746389,27-03-2015,116.0,22.5,1.1,0.3,26.8,10.51,21.4
-27.902778,24.615556,27-03-2015,116.4,22.700000000000003,1.1,0.2,26.9,10.66,21.6
-29.803611,30.516111,27-03-2015,84.700005,9.4,0.5,16.2,24.63,13.0199995,13.5
-25.99136,27.84208,30-03-2015,101.6,57.5,2.9000000000000004,5.8,24.75,10.94,55.5
-29.380556,30.2775,30-03-2015,82.0,9.600000000000001,0.5,15.1,23.39,10.17,13.5
-29.140556,31.391944,31-03-2015,84.9,80.10000000000001,4.0,4.4,26.3,16.57,76.4
-28.801278,31.955389,31-03-2015,86.200005,95.7,4.800000000000001,10.0,27.039999,17.34,86.200005
-26.45,28.085833,31-03-2015,103.0,37.0,1.9000000000000001,2.9,24.269999,9.42,35.3
-25.45963889,28.26430556,31-03-2015,109.200005,54.400000000000006,2.7,8.400001,27.74,12.38,53.4
-34.031944,22.053333,04-12-2014,153.90001,20.200000000000003,1.0,1.3000001,26.06,15.16,19.300001
-29.161667,23.696389,01-04-2015,110.4,27.6,1.4000000000000001,0.1,25.74,10.24,26.2
-25.81048333,27.90955222,01-04-2015,105.9,61.6,3.1,6.1,26.019999,12.07,59.4
-28.747778,31.745833,01-04-2015,86.1,78.30000000000001,3.9000000000000004,3.8,27.08,16.88,74.6
-26.861111,28.884722,01-04-2015,100.8,37.5,1.9000000000000001,3.3,24.269999,8.429999,35.8
-27.00222,28.76528,01-04-2015,101.5,35.800000000000004,1.8,2.9,24.279999,8.25,34.2
-29.033333,23.983333,01-04-2015,110.200005,26.200000000000003,1.3,0.2,25.82,9.889999,24.9
-29.744167,29.905833,02-04-2015,86.9,8.5,0.4,19.6,23.72,9.94,16.4
-28.96362,19.15486,04-04-2015,135.2,12.3,0.6000000000000001,0.0,31.13,14.059999,11.7
-34.039722,22.133333,19-01-2011,121.4,12.4,0.6000000000000001,2.2,26.74,18.24,11.900001
-25.127778,27.628889,07-04-2015,111.6,49.1,2.5,4.9,28.539999,13.04,47.100002
-25.20639,27.558,07-04-2015,110.0,51.1,2.6,3.7,28.39,12.98,48.7
-24.69514,27.40906,07-04-2015,117.1,51.6,2.6,2.3,28.96,13.71,49.100002
-24.99328,30.81444,07-04-2015,82.6,95.60000000000001,4.800000000000001,93.1,22.119999,10.5,82.6
-28.735556,29.820556,07-04-2015,95.0,8.0,0.4,6.0,25.98,11.139999,8.7
-26.73806,27.59194,07-04-2015,102.1,34.2,1.7000000000000002,2.3,24.3,9.5199995,32.600002
-27.398611,26.614722,07-04-2015,115.6,20.8,1.0,0.5,26.039999,10.4,19.800001
-27.671111,27.236944,07-04-2015,108.5,19.0,1.0,0.5,25.09,9.44,18.1
-31.396,29.2651,07-04-2015,85.5,29.400000000000002,1.5,8.5,23.92,14.28,30.0
-31.554722,29.245556,07-04-2015,83.6,56.0,2.8000000000000003,13.5,23.3,13.86,59.7
-28.338333,31.373611,07-04-2015,84.5,53.800000000000004,2.7,11.2,25.48,14.16,54.0
-28.068333,31.55,07-04-2015,90.5,40.0,2.0,10.6,27.76,16.449999,40.4
-25.73411,27.21422,08-04-2015,105.8,45.800000000000004,2.3000000000000003,2.9,25.91,11.15,43.7
-27.169444,29.233889,08-04-2015,96.8,33.6,1.7000000000000002,2.7,23.47,8.0,32.100002
-26.861111,28.884722,08-04-2015,100.8,37.5,1.9000000000000001,3.3,24.269999,8.429999,35.8
-26.98472222,26.63227778,08-04-2015,112.200005,25.6,1.3,0.5,25.689999,10.599999,24.300001
-27.398611,26.614722,08-04-2015,115.6,20.8,1.0,0.5,26.039999,10.4,19.800001
-30.568333,29.422778,08-04-2015,81.700005,9.600000000000001,0.5,8.7,21.369999,7.52,10.7
-30.570833,29.150556,08-04-2015,81.9,9.700000000000001,0.5,4.4,21.05,7.3799996,9.7
-31.104278,29.399722,08-04-2015,84.6,10.600000000000001,0.5,12.7,23.35,12.809999,14.5
-34.031944,22.053333,08-04-2015,83.6,41.900000000000006,2.1,1.2,23.49,12.23,39.9
-27.4,26.624722,08-04-2015,115.6,20.8,1.0,0.5,26.039999,10.4,19.800001
-27.01011111,26.69808333,09-04-2015,112.5,24.5,1.2000000000000002,0.5,25.5,10.4,23.300001
-24.768889,31.39,09-04-2015,92.3,56.900000000000006,2.8000000000000003,20.1,28.449999,17.16,58.7
-28.44555556,32.325,04-06-2015,65.9,20.8,1.0,15.3,24.73,14.059999,24.5
-27.602222,29.942778,09-04-2015,102.6,27.3,1.4000000000000001,7.6,25.779999,10.48,27.2
-28.75,30.442778,09-04-2015,93.3,7.6000000000000005,0.4,6.1,26.83,13.29,8.3
-29.161667,30.629722,09-04-2015,82.200005,11.100000000000001,0.6000000000000001,13.2,23.05,11.42,14.1
-26.648056,27.089444,09-04-2015,105.200005,31.8,1.6,2.2,25.029999,10.04,30.300001
-26.970278,27.211111,09-04-2015,106.0,29.200000000000003,1.5,1.9,25.1,9.91,27.800001
-26.880278,26.965,09-04-2015,106.9,28.5,1.4000000000000001,1.8000001,25.31,10.24,27.2
-28.376944,24.303056,09-04-2015,114.1,23.700000000000003,1.2000000000000002,0.2,26.71,10.07,22.6
-29.1825,23.575556,09-04-2015,110.3,28.200000000000003,1.4000000000000001,0.1,25.64,10.34,26.800001
-31.031389,28.883333,09-04-2015,85.3,20.200000000000003,1.0,3.5,22.64,10.15,19.5
-30.86013889,29.07125,09-04-2015,85.200005,11.4,0.6000000000000001,3.2,23.029999,10.65,11.0
-30.77586667,29.03221667,09-04-2015,84.700005,9.700000000000001,0.5,2.9,22.769999,10.28,9.400001
-28.308889,31.9025,09-04-2015,85.1,63.1,3.2,10.3,27.619999,17.42,62.2
-27.671111,27.236944,10-04-2015,108.5,19.0,1.0,0.5,25.09,9.44,18.1
-27.573056,24.746389,10-04-2015,116.0,22.5,1.1,0.3,26.8,10.51,21.4
-34.039722,22.133333,08-04-2015,82.200005,44.900000000000006,2.2,1.3000001,23.369999,12.62,42.7
-27.902778,24.615556,10-04-2015,116.4,22.700000000000003,1.1,0.2,26.9,10.66,21.6
-34.02861,22.22222,10-04-2015,81.700005,47.900000000000006,2.4000000000000004,1.3000001,22.98,12.429999,45.600002
-24.679167,30.8025,13-04-2015,84.200005,95.60000000000001,4.800000000000001,58.100002,22.81,11.509999,84.200005
-25.99136,27.84208,13-04-2015,101.6,57.5,2.9000000000000004,5.8,24.75,10.94,55.5
-34.02861,22.22222,20-01-2011,119.3,13.3,0.7000000000000001,1.8000001,26.22,18.0,12.7
-34.02861,22.22222,17-03-2011,86.8,18.6,0.9,1.6,23.0,12.599999,17.7
-34.02861,22.22222,19-04-2011,76.9,22.3,1.1,1.6,23.289999,12.75,21.2
-34.02861,22.22222,19-05-2011,66.0,121.60000000000001,8.4,48.8,20.109999,9.2699995,66.0
-34.02861,22.22222,14-06-2011,66.0,121.60000000000001,8.4,48.8,20.109999,9.2699995,66.0
-26.970278,27.211111,13-04-2015,106.0,29.200000000000003,1.5,1.9,25.1,9.91,27.800001
-26.45,28.085833,13-04-2015,103.0,37.0,1.9000000000000001,2.9,24.269999,9.42,35.3
-34.02861,22.22222,12-10-2011,118.200005,21.900000000000002,1.1,12.0,21.859999,11.639999,25.7
-28.1175,26.719444,13-04-2015,107.0,17.7,0.9,0.5,24.83,9.71,16.800001
-28.116667,26.725278,13-04-2015,107.0,17.7,0.9,0.5,24.83,9.71,16.800001
-33.818056,19.694722,13-04-2015,94.8,4.0,0.2,3.7,25.16,11.61,4.2000003
-27.01011111,26.69808333,14-04-2015,112.5,24.5,1.2000000000000002,0.5,25.5,10.4,23.300001
-34.02861,22.22222,24-04-2012,74.200005,9.700000000000001,0.5,4.2000003,22.279999,10.849999,9.6
-34.02861,22.22222,26-06-2012,61.3,85.60000000000001,4.3,24.0,18.699999,6.35,61.3
-24.058889,31.237222,14-04-2015,94.6,40.300000000000004,2.0,15.8,28.869999,17.07,41.4
-25.681111,31.783333,14-04-2015,87.8,41.1,2.1,20.0,28.439999,16.74,43.100002
-34.02861,22.22222,11-10-2012,101.3,74.4,3.7,8.7,20.609999,11.65,72.8
-25.362222,31.956667,14-04-2015,88.0,43.5,2.2,20.300001,29.289999,17.3,45.3
-34.02861,22.22222,06-12-2012,143.1,14.200000000000001,0.7000000000000001,6.3,25.66,15.96,14.5
-34.02861,22.22222,07-01-2013,156.6,31.8,1.6,5.5,26.23,16.9,30.9
-25.398889,31.610556,14-04-2015,90.3,47.5,2.4000000000000004,20.4,28.82,17.039999,49.4
-34.02861,22.22222,06-02-2013,130.3,36.1,1.8,4.9,26.46,16.71,34.9
-34.02861,22.22222,07-03-2013,121.3,15.4,0.8,4.5,26.92,15.349999,15.1
-26.861111,28.884722,14-04-2015,100.8,37.5,1.9000000000000001,3.3,24.269999,8.429999,35.8
-26.648056,27.089444,14-04-2015,105.200005,31.8,1.6,2.2,25.029999,10.04,30.300001
-34.02861,22.22222,05-06-2013,65.200005,31.0,1.6,3.5,20.27,8.22,29.800001
-34.02861,22.22222,03-07-2013,70.5,24.200000000000003,1.2000000000000002,3.2,21.4,9.429999,23.2
-26.98472222,26.63227778,14-04-2015,112.200005,25.6,1.3,0.5,25.689999,10.599999,24.300001
-27.935,26.126667,14-04-2015,113.0,19.400000000000002,1.0,0.5,25.76,9.05,18.4
-28.141944,26.417778,14-04-2015,108.8,17.6,0.9,0.5,25.09,9.37,16.800001
-28.1175,26.719444,14-04-2015,107.0,17.7,0.9,0.5,24.83,9.71,16.800001
-34.02861,22.22222,13-12-2013,150.40001,12.4,0.6000000000000001,2.4,25.3,15.66,11.900001
-29.160278,26.573333,14-04-2015,101.700005,16.6,0.8,0.5,23.99,7.75,15.8
-28.69485,28.23487,14-04-2015,92.700005,16.0,0.8,3.8,22.43,7.35,15.900001
-28.883333,27.89,14-04-2015,92.9,17.6,0.9,4.1,22.48,7.8399997,17.4
-34.02861,22.22222,03-04-2014,83.700005,70.7,3.5,2.0,24.15,13.049999,67.200005
-34.02861,22.22222,08-05-2014,82.200005,26.5,1.3,1.9,23.23,11.96,25.2
-34.02861,22.22222,04-06-2014,75.0,29.700000000000003,1.5,1.8000001,21.26,8.62,28.300001
-34.075556,20.145556,14-04-2015,88.0,4.4,0.2,1.8000001,24.91,12.19,4.3
-32.595833,19.009444,14-04-2015,107.9,3.2,0.2,2.5,27.849998,12.009999,3.1000001
-25.45963889,28.26430556,14-04-2015,109.200005,54.400000000000006,2.7,8.400001,27.74,12.38,53.4
-34.02861,22.22222,12-01-2015,164.3,21.0,1.0,1.5,27.23,16.8,20.0
-34.02861,22.22222,29-01-2015,126.200005,19.6,1.0,1.4,25.619999,15.41,18.7
-25.81048333,27.90955222,15-04-2015,105.9,61.6,3.1,6.1,26.019999,12.07,59.4
-22.935,28.004167,15-04-2015,108.5,48.300000000000004,2.4000000000000004,0.2,29.17,14.49,45.9
-29.641944,30.6875,15-04-2015,85.8,10.0,0.5,15.0,25.46,14.73,13.2
-23.23572222,27.717,15-04-2015,109.6,44.6,2.2,0.4,29.279999,14.37,42.4
-22.548889,28.898056,15-04-2015,99.3,46.900000000000006,2.3000000000000003,0.1,28.689999,15.089999,44.600002
-22.91028,29.61111,15-04-2015,98.6,51.300000000000004,2.6,8.5,27.529999,15.24,50.5
-22.769722,30.886944,15-04-2015,96.1,60.900000000000006,3.0,15.1,28.699999,17.1,61.0
-34.02861,22.22222,04-11-2015,130.5,59.400000000000006,3.0,1.1,23.07,12.799999,56.4
-25.49037,30.6986,15-04-2015,93.9,68.9,3.4000000000000004,44.4,25.269999,12.82,72.8
-25.513889,31.224444,15-04-2015,92.6,63.5,3.2,24.9,26.84,15.5,67.6
-27.00222,28.76528,15-04-2015,101.5,35.800000000000004,1.8,2.9,24.279999,8.25,34.2
-27.38972222,26.46388889,15-04-2015,116.3,21.0,1.1,0.5,26.18,10.45,20.0
-27.398611,26.614722,15-04-2015,115.6,20.8,1.0,0.5,26.039999,10.4,19.800001
-30.160091,27.40124,15-04-2015,90.8,23.5,1.2000000000000002,0.6,22.23,7.85,22.4
-30.336111,27.359444,15-04-2015,89.200005,29.1,1.5,0.7,22.07,7.62,27.6
-29.615556,27.065278,15-04-2015,94.3,19.700000000000003,1.0,0.5,22.57,7.48,18.7
-34.092222,21.295278,15-04-2015,86.9,26.0,1.3,1.0,25.269999,11.57,24.7
-25.447222,30.711667,15-04-2015,95.1,65.9,3.3000000000000003,37.8,25.689999,13.559999,70.5
-29.641944,30.6875,16-04-2015,79.5,11.200000000000001,0.6000000000000001,12.5,27.46,12.61,13.1
-30.830556,26.921389,16-04-2015,78.1,7.6000000000000005,0.4,0.5,22.189999,4.61,7.2000003
-24.282222,28.090278,16-04-2015,96.1,0.0,0.0,9.6,27.4,6.5899997,1.7
-23.763056,27.908611,16-04-2015,104.6,0.0,0.0,5.9,29.34,8.7,0.6
-27.671111,27.236944,16-04-2015,90.200005,3.6,0.2,0.5,25.5,4.91,3.4
-31.000833,26.353056,16-04-2015,77.1,7.0,0.4,0.4,21.46,3.62,6.7000003
-30.679722,26.7125,16-04-2015,81.5,6.7,0.30000000000000004,0.4,22.71,4.46,6.4
-34.405833,19.600556,13-02-2013,130.5,54.1,2.7,7.4,25.619999,16.4,52.7
-34.405833,19.600556,13-03-2013,126.6,19.900000000000002,1.0,6.5,25.849998,15.2699995,19.9
-34.405833,19.600556,10-04-2013,83.9,38.5,1.9000000000000001,5.8,22.119999,11.139999,37.3
-34.405833,19.600556,08-05-2013,60.7,43.2,2.2,5.2000003,20.56,10.66,41.600002
-34.250556,20.9925,16-04-2015,73.3,18.900000000000002,0.9,1.7,23.93,10.86,18.0
-33.13083,18.86278,16-04-2015,64.1,16.1,0.8,5.4,24.0,11.969999,15.8
-29.744167,29.905833,17-04-2015,76.9,7.5,0.4,15.3,25.16,6.92,11.400001
-29.658056,25.973333,17-04-2015,85.200005,4.800000000000001,0.2,0.4,23.82,4.16,4.5
-34.405833,19.600556,25-09-2013,108.6,36.9,1.8,19.800001,20.65,12.03,57.3
-29.7775,29.470833,20-04-2015,75.8,9.4,0.5,10.8,23.17,4.43,13.6
-29.987778,29.851667,20-04-2015,74.3,9.5,0.5,18.2,24.8,6.7999997,15.1
-29.744167,29.905833,20-04-2015,76.9,7.5,0.4,15.3,25.16,6.92,11.400001
-34.405833,19.600556,12-02-2014,136.6,7.0,0.30000000000000004,7.6,26.64,17.47,7.9
-34.405833,19.600556,12-03-2014,113.1,58.900000000000006,2.9000000000000004,6.6,23.31,14.45,56.9
-33.38056,19.30167,20-04-2015,60.4,19.1,1.0,4.6,20.93,8.51,18.6
-28.760833,17.730278,21-04-2015,106.8,0.1,0.0,0.0,29.67,13.66,0.1
-34.065833,20.404167,21-04-2015,69.9,17.1,0.9,1.5,24.14,10.78,16.300001
-25.127778,27.628889,21-04-2015,96.5,0.1,0.0,4.6,28.109999,7.64,0.4
-25.20639,27.558,21-04-2015,96.200005,0.1,0.0,3.5,28.07,7.6699996,0.3
-24.39619444,27.08983333,21-04-2015,99.4,0.0,0.0,1.8000001,28.4,8.0,0.0
-24.69514,27.40906,21-04-2015,96.9,0.0,0.0,2.3,27.779999,7.8199997,0.1
-26.03611,30.99778,21-04-2015,90.4,1.2000000000000002,0.1,27.5,26.699999,10.03,9.1
-27.937778,31.209444,21-04-2015,79.8,2.7,0.1,12.5,27.529999,11.38,5.2000003
-30.733889,29.828333,21-04-2015,77.200005,20.0,1.0,13.7,25.07,10.41,23.0
-26.98472222,26.63227778,21-04-2015,93.8,1.9000000000000001,0.1,0.5,26.15,6.0899997,1.8000001
-33.31388889,19.07472222,21-04-2015,59.9,19.200000000000003,1.0,5.9,23.42,11.179999,18.9
-27.01011111,26.69808333,22-04-2015,93.3,1.9000000000000001,0.1,0.5,26.05,5.8799996,1.8000001
-28.404444,30.013056,22-04-2015,86.9,5.300000000000001,0.30000000000000004,5.6,26.64,6.7799997,5.9
-30.398056,30.601944,22-04-2015,90.1,28.900000000000002,1.4000000000000001,14.900001,27.39,15.65,31.4
-34.329722,18.990278,06-07-2011,49.9,53.400000000000006,2.7,92.700005,16.56,7.9199996,49.9
-26.648056,27.089444,22-04-2015,92.200005,1.4000000000000001,0.1,2.0,25.4,5.14,1.4
-34.329722,18.990278,28-09-2011,113.5,28.700000000000003,1.4000000000000001,31.800001,19.88,11.29,55.7
-34.329722,18.990278,25-10-2011,129.3,60.5,3.0,22.7,20.65,11.66,66.5
-34.329722,18.990278,24-11-2011,158.2,23.5,1.2000000000000002,17.9,23.05,13.58,27.2
-34.329722,18.990278,22-12-2011,170.40001,8.200000000000001,0.4,14.8,26.39,16.8,10.900001
-26.970278,27.211111,22-04-2015,91.200005,1.9000000000000001,0.1,1.8000001,25.5,5.2,1.9
-26.880278,26.965,22-04-2015,92.5,1.7000000000000002,0.1,1.7,25.67,5.38,1.7
-34.329722,18.990278,04-04-2012,83.700005,64.60000000000001,3.2,9.8,21.25,12.34,62.600002
-34.329722,18.990278,03-05-2012,57.5,44.7,2.2,8.900001,18.449999,10.32,43.4
-34.329722,18.990278,24-05-2012,47.9,102.5,5.1000000000000005,58.3,16.619999,9.099999,47.9
-34.329722,18.990278,19-07-2012,62.0,124.0,62.0,94.4,14.98,7.98,62.0
-34.329722,18.990278,16-08-2012,62.0,124.0,62.0,94.4,14.98,7.98,62.0
-34.405833,19.600556,22-04-2015,63.7,26.3,1.3,4.8,20.789999,11.349999,25.5
-34.329722,18.990278,11-10-2012,106.1,77.5,3.9000000000000004,69.0,19.02,11.73,93.4
-33.7075,18.97444444,22-04-2015,66.6,30.3,1.5,6.6,23.06,11.11,29.5
-28.058889,30.373611,22-04-2015,85.0,5.6000000000000005,0.30000000000000004,7.2000003,25.88,6.7999997,6.6
-25.57877778,29.12747222,22-04-2015,97.6,0.2,0.0,6.9,27.82,6.91,1.4
-27.5275,30.858056,23-04-2015,78.9,2.2,0.1,11.3,26.06,8.46,4.4
-30.13573889,30.67422222,23-04-2015,85.8,22.8,1.1,14.7,27.51,15.089999,25.5
-34.329722,18.990278,11-04-2013,86.9,43.900000000000006,2.2,11.2,21.3,11.19,43.3
-34.329722,18.990278,09-05-2013,60.0,63.300000000000004,3.2,11.3,19.789999,11.32,60.0
-34.329722,18.990278,06-06-2013,46.8,131.20000000000002,6.6000000000000005,89.1,16.08,7.93,46.8
-28.376944,24.303056,23-04-2015,97.1,2.4000000000000004,0.1,0.2,27.099998,6.8799996,2.2
-34.329722,18.990278,01-08-2013,62.2,224.60000000000002,157.0,94.4,15.54,8.33,62.2
-34.329722,18.990278,29-08-2013,74.5,89.0,14.5,94.4,15.79,8.65,74.5
-34.329722,18.990278,26-09-2013,108.8,47.7,2.4000000000000004,54.3,19.529999,12.2699995,85.4
-34.329722,18.990278,23-04-2015,61.0,34.5,1.7000000000000002,8.900001,19.96,11.98,33.7
-34.329722,18.990278,23-01-2014,136.7,5.300000000000001,0.30000000000000004,14.5,26.0,17.16,8.0
-32.94583,18.33667,23-04-2015,65.6,12.100000000000001,0.6000000000000001,3.4,22.85,11.62,11.8
-33.897778,20.012778,23-04-2015,65.9,17.3,0.9,1.5,23.699999,10.04,16.5
-27.573056,24.746389,24-04-2015,98.0,2.0,0.1,0.3,27.42,6.62,1.9
-27.902778,24.615556,24-04-2015,99.6,2.4000000000000004,0.1,0.2,27.539999,7.02,2.3
-33.870833,20.003333,27-04-2015,62.3,16.8,0.8,1.4,23.93,9.95,16.1
-29.140556,31.391944,28-04-2015,82.200005,60.2,3.0,4.1,27.68,14.34,57.5
-25.99136,27.84208,28-04-2015,92.3,0.9,0.0,5.1,24.96,5.92,1.5
-28.801278,31.955389,28-04-2015,83.200005,62.800000000000004,3.1,8.7,28.14,15.07,61.0
-26.970278,27.211111,28-04-2015,91.200005,1.9000000000000001,0.1,1.8000001,25.5,5.2,1.9
-26.73806,27.59194,28-04-2015,89.6,1.7000000000000002,0.1,2.2,24.5,4.63,1.8000001
-26.45,28.085833,28-04-2015,88.9,1.5,0.1,2.7,24.38,4.56,1.6
-33.501667,21.624167,28-04-2015,76.0,11.9,0.6000000000000001,0.1,23.35,7.87,11.3
-28.760833,17.730278,29-04-2015,106.8,0.1,0.0,0.0,29.67,13.66,0.1
-34.329722,18.990278,25-06-2015,47.100002,109.60000000000001,59.0,94.4,15.0199995,8.5199995,47.100002
-34.329722,18.990278,23-07-2015,63.4,38.2,1.9000000000000001,77.3,15.28,7.93,53.4
-34.329722,18.990278,27-08-2015,83.9,41.900000000000006,2.1,52.600002,18.84,10.559999,64.4
-34.329722,18.990278,01-10-2015,120.8,13.3,0.7000000000000001,30.1,21.73,13.23,35.2
-28.7115,24.07288889,29-04-2015,95.8,2.3000000000000003,0.1,0.2,27.109999,6.8799996,2.2
-27.01011111,26.69808333,29-04-2015,93.3,1.9000000000000001,0.1,0.5,26.05,5.8799996,1.8000001
-25.73411,27.21422,29-04-2015,95.6,0.7000000000000001,0.0,2.7,26.43,6.5699997,0.8
-28.747778,31.745833,29-04-2015,79.1,56.6,2.8000000000000003,3.6000001,28.07,14.34,54.0
-26.861111,28.884722,29-04-2015,89.3,2.1,0.1,3.1000001,23.769999,3.22,2.2
-27.00222,28.76528,29-04-2015,90.0,2.6,0.1,2.8,23.92,2.97,2.7
-26.648056,27.089444,29-04-2015,92.200005,1.4000000000000001,0.1,2.0,25.4,5.14,1.4
-26.880278,26.965,29-04-2015,92.5,1.7000000000000002,0.1,1.7,25.67,5.38,1.7
-26.98472222,26.63227778,29-04-2015,93.8,1.9000000000000001,0.1,0.5,26.15,6.0899997,1.8000001
-27.935,26.126667,29-04-2015,91.700005,3.3000000000000003,0.2,0.5,25.869999,4.44,3.2
-28.141944,26.417778,29-04-2015,89.9,4.3,0.2,0.5,25.55,4.8599997,4.1
-28.1175,26.719444,29-04-2015,89.5,4.3,0.2,0.5,25.42,5.24,4.1
-29.1825,23.575556,29-04-2015,94.4,1.9000000000000001,0.1,0.1,26.619999,7.1499996,1.8000001
-25.45963889,28.26430556,29-04-2015,96.3,0.2,0.0,7.2000003,28.01,7.72,1.4
-25.81048333,27.90955222,30-04-2015,94.3,0.7000000000000001,0.0,5.4,26.25,6.97,1.4
-29.744167,29.905833,30-04-2015,76.9,7.5,0.4,15.3,25.16,6.92,11.400001
-29.380556,30.2775,30-04-2015,74.200005,7.7,0.4,12.5,24.63,7.23,10.0
-27.602222,29.942778,01-05-2015,90.9,2.4000000000000004,0.1,6.6,26.8,6.3399997,3.3
-28.735556,29.820556,04-05-2015,78.1,5.2,0.30000000000000004,5.2000003,26.71,6.77,5.7000003
-26.510278,28.351389,04-05-2015,90.200005,1.6,0.1,3.3,24.939999,4.54,1.7
-26.73806,27.59194,04-05-2015,89.6,1.7000000000000002,0.1,2.2,24.5,4.63,1.8000001
-27.671111,27.236944,04-05-2015,90.200005,3.6,0.2,0.5,25.5,4.91,3.4
-25.127778,27.628889,05-05-2015,96.5,0.1,0.0,4.6,28.109999,7.64,0.4
-25.20639,27.558,05-05-2015,96.200005,0.1,0.0,3.5,28.07,7.6699996,0.3
-24.69514,27.40906,05-05-2015,96.9,0.0,0.0,2.3,27.779999,7.8199997,0.1
-27.169444,29.233889,05-05-2015,87.5,2.1,0.1,2.5,23.42,3.23,2.2
-27.802778,28.768333,05-05-2015,86.5,4.800000000000001,0.2,3.8,23.189999,2.69,5.1
-27.398611,26.614722,05-05-2015,93.0,2.9000000000000004,0.1,0.5,26.49,5.91,2.8
-34.031944,22.053333,05-05-2015,74.6,21.0,1.0,1.2,23.779999,11.66,19.9
-34.039722,22.133333,05-05-2015,76.0,21.1,1.1,1.2,23.89,12.07,20.1
-28.338333,31.373611,05-05-2015,75.8,8.1,0.4,9.3,27.41,12.3,9.5
-28.068333,31.55,05-05-2015,78.3,3.6,0.2,9.0,28.869999,13.38,5.0
-27.4,26.624722,05-05-2015,93.0,2.9000000000000004,0.1,0.5,26.49,5.91,2.8
-27.01011111,26.69808333,06-05-2015,93.3,1.9000000000000001,0.1,0.5,26.05,5.8799996,1.8000001
-29.641944,30.6875,06-05-2015,79.5,11.200000000000001,0.6000000000000001,12.5,27.46,12.61,13.1
-24.39619444,27.08983333,06-05-2015,99.4,0.0,0.0,1.8000001,28.4,8.0,0.0
-28.75,30.442778,06-05-2015,80.200005,5.6000000000000005,0.30000000000000004,5.3,28.369999,10.44,6.1
-27.02314,28.59389,06-05-2015,91.1,2.7,0.1,2.8,24.609999,3.52,2.7
-26.648056,27.089444,06-05-2015,92.200005,1.4000000000000001,0.1,2.0,25.4,5.14,1.4
-26.970278,27.211111,06-05-2015,91.200005,1.9000000000000001,0.1,1.8000001,25.5,5.2,1.9
-26.880278,26.965,06-05-2015,92.5,1.7000000000000002,0.1,1.7,25.67,5.38,1.7
-27.4275,28.525833,06-05-2015,88.6,3.9000000000000004,0.2,4.2000003,23.789999,2.6,4.3
-27.3,28.586944,06-05-2015,89.200005,3.4000000000000004,0.2,4.1,24.01,2.73,3.7
-26.98472222,26.63227778,06-05-2015,93.8,1.9000000000000001,0.1,0.5,26.15,6.0899997,1.8000001
-33.870833,20.003333,31-03-2011,98.8,22.8,1.1,2.4,25.75,11.929999,21.9
-33.870833,20.003333,23-08-2011,90.5,12.3,0.6000000000000001,11.1,22.869999,8.58,20.0
-33.870833,20.003333,20-09-2011,133.3,12.4,0.6000000000000001,8.0,25.14,11.17,14.8
-33.870833,20.003333,26-10-2011,156.7,38.0,1.9000000000000001,6.4,26.65,12.139999,37.8
-33.870833,20.003333,16-11-2011,193.5,11.3,0.6000000000000001,5.3,29.58,14.78,11.8
-33.870833,20.003333,02-04-2012,97.0,46.1,2.3000000000000003,3.2,26.39,11.38,44.2
-33.870833,20.003333,01-05-2012,59.4,16.8,0.8,2.9,22.4,8.53,16.2
-33.870833,20.003333,22-05-2012,42.100002,54.300000000000004,2.7,12.400001,19.89,6.22,42.100002
-33.870833,20.003333,19-06-2012,45.100002,64.3,3.2,28.300001,18.08,4.0899997,45.100002
-34.005833,22.351111,06-05-2015,77.3,24.1,1.2000000000000002,1.4,23.369999,12.05,22.9
-33.870833,20.003333,10-09-2012,87.1,28.5,1.4000000000000001,12.1,21.74,7.8799996,39.4
-33.870833,20.003333,08-10-2012,121.8,31.700000000000003,1.6,8.5,24.279999,11.429999,33.600002
-33.870833,20.003333,05-11-2012,166.90001,11.5,0.6000000000000001,6.7000003,28.439999,13.58,12.8
-33.870833,20.003333,06-02-2013,155.7,36.300000000000004,1.8,4.1,31.38,17.3,35.100002
-33.870833,20.003333,12-02-2013,155.7,36.300000000000004,1.8,4.1,31.38,17.3,35.100002
-33.870833,20.003333,11-03-2013,143.5,13.600000000000001,0.7000000000000001,3.6000001,31.199999,16.039999,13.3
-33.870833,20.003333,08-04-2013,98.0,27.200000000000003,1.4000000000000001,3.3,26.01,10.929999,26.2
-33.870833,20.003333,03-06-2013,47.600002,55.5,2.8000000000000003,8.1,18.96,4.69,47.600002
-33.870833,20.003333,29-07-2013,71.200005,96.4,4.800000000000001,26.800001,19.439999,6.3199997,71.200005
-33.870833,20.003333,29-08-2013,89.3,33.1,1.7000000000000002,12.400001,20.76,7.52,45.9
-33.870833,20.003333,23-09-2013,124.200005,26.5,1.3,8.7,24.85,11.79,28.9
-33.870833,20.003333,21-10-2013,163.0,21.1,1.1,6.7000003,28.289999,14.09,22.0
-28.44555556,32.325,30-06-2015,71.200005,178.70000000000002,48.0,74.8,24.06,14.389999,71.200005
-33.870833,20.003333,20-01-2014,160.0,6.5,0.30000000000000004,4.1,32.11,18.4,6.8
-33.870833,20.003333,10-02-2014,160.0,6.5,0.30000000000000004,4.1,32.11,18.4,6.8
-33.870833,20.003333,10-03-2014,131.7,37.7,1.9000000000000001,3.7,28.449999,15.2,36.2
-33.870833,20.003333,07-04-2014,88.9,31.3,1.6,3.3,27.289999,12.7699995,30.1
-33.870833,20.003333,19-05-2014,52.2,50.2,2.5,2.7,20.27,5.7,47.9
-33.870833,20.003333,26-06-2014,48.3,41.7,2.1,2.5,19.439999,5.41,39.9
-33.870833,20.003333,31-07-2014,67.4,51.2,2.6,2.4,21.0,7.94,48.8
-33.870833,20.003333,04-09-2014,90.6,20.900000000000002,1.0,2.2,24.01,9.429999,20.0
-33.870833,20.003333,02-10-2014,146.7,3.2,0.2,2.1000001,27.619999,12.15,3.2
-33.870833,20.003333,26-02-2015,138.90001,3.3000000000000003,0.2,1.6,30.82,16.279999,3.2
-29.161667,30.629722,07-05-2015,73.0,9.600000000000001,0.5,11.0,23.75,8.72,11.400001
-33.870833,20.003333,25-06-2015,42.7,52.6,2.6,29.5,18.42,5.7599998,42.7
-33.870833,20.003333,23-07-2015,62.100002,32.5,1.6,12.6,19.26,5.7799997,47.8
-33.870833,20.003333,27-08-2015,86.1,30.0,1.5,8.8,23.519999,9.75,32.3
-33.870833,20.003333,29-10-2015,163.1,33.800000000000004,1.7000000000000002,5.6,27.97,13.09,33.3
-33.870833,20.003333,03-12-2015,192.6,12.0,0.6000000000000001,4.8,31.99,16.51,12.2
-26.619444,27.980833,07-05-2015,89.5,1.9000000000000001,0.1,2.5,24.57,4.6,2.0
-27.573056,24.746389,07-05-2015,98.0,2.0,0.1,0.3,27.42,6.62,1.9
-28.376944,24.303056,07-05-2015,97.1,2.4000000000000004,0.1,0.2,27.099998,6.8799996,2.2
-34.02861,22.22222,07-05-2015,78.0,22.5,1.1,1.3000001,23.63,12.0,21.4
-28.308889,31.9025,07-05-2015,76.8,11.600000000000001,0.6000000000000001,8.8,28.91,15.0,12.5
-27.902778,24.615556,08-05-2015,99.6,2.4000000000000004,0.1,0.2,27.539999,7.02,2.3
-28.058889,30.373611,10-05-2015,85.0,5.6000000000000005,0.30000000000000004,7.2000003,25.88,6.7999997,6.6
-29.161667,23.696389,11-05-2015,94.0,1.9000000000000001,0.1,0.1,26.689999,7.0499997,1.8000001
-24.058889,31.237222,11-05-2015,85.3,0.7000000000000001,0.0,13.6,30.32,13.2,2.9
-25.49037,30.6986,11-05-2015,90.6,0.6000000000000001,0.0,34.2,27.109999,9.53,10.7
-24.99328,30.81444,11-05-2015,81.0,0.7000000000000001,0.0,57.600002,24.43,7.5699997,36.2
-26.648056,27.089444,11-05-2015,92.200005,1.4000000000000001,0.1,2.0,25.4,5.14,1.4
-26.970278,27.211111,11-05-2015,91.200005,1.9000000000000001,0.1,1.8000001,25.5,5.2,1.9
-26.880278,26.965,11-05-2015,92.5,1.7000000000000002,0.1,1.7,25.67,5.38,1.7
-29.160278,26.573333,11-05-2015,85.1,5.300000000000001,0.30000000000000004,0.4,24.42,3.58,5.0
-31.396,29.2651,11-05-2015,86.3,27.400000000000002,1.4000000000000001,7.2000003,26.359999,13.5,27.4
-31.554722,29.245556,11-05-2015,93.8,28.400000000000002,1.4000000000000001,10.3,26.14,13.509999,30.1
-33.818056,19.694722,11-05-2015,68.0,21.8,1.1,3.3,22.99,10.059999,21.0
-32.502778,19.535833,11-05-2015,79.5,5.300000000000001,0.30000000000000004,0.4,24.48,8.61,5.1
-25.447222,30.711667,11-05-2015,91.5,0.6000000000000001,0.0,30.0,27.55,9.99,8.3
-33.818056,19.694722,03-06-2013,52.5,80.80000000000001,4.0,27.7,17.94,4.7999997,52.5
-33.818056,19.694722,29-07-2013,74.6,135.3,39.5,39.5,18.35,6.22,74.6
-28.7115,24.07288889,12-05-2015,95.8,2.3000000000000003,0.1,0.2,27.109999,6.8799996,2.2
-27.01011111,26.69808333,12-05-2015,93.3,1.9000000000000001,0.1,0.5,26.05,5.8799996,1.8000001
-25.81048333,27.90955222,12-05-2015,94.3,0.7000000000000001,0.0,5.4,26.25,6.97,1.4
-25.99136,27.84208,12-05-2015,92.3,0.9,0.0,5.1,24.96,5.92,1.5
-25.681111,31.783333,12-05-2015,86.200005,1.5,0.1,17.2,31.31,13.96,4.3
-25.67386,31.57527,12-05-2015,86.700005,1.3,0.1,17.300001,30.75,13.4,4.2000003
-25.513889,31.224444,12-05-2015,86.6,1.2000000000000002,0.1,20.4,27.8,11.37,5.6
-24.768889,31.39,12-05-2015,83.1,1.2000000000000002,0.1,16.9,29.8,12.99,4.2000003
-24.9675,31.516667,12-05-2015,81.8,1.1,0.1,16.300001,29.539999,12.62,3.9
-27.363611,31.783333,12-05-2015,79.4,2.1,0.1,14.1,29.99,13.12,4.0
-26.73806,27.59194,12-05-2015,89.6,1.7000000000000002,0.1,2.2,24.5,4.63,1.8000001
-26.45,28.085833,12-05-2015,88.9,1.5,0.1,2.7,24.38,4.56,1.6
-26.98472222,26.63227778,12-05-2015,93.8,1.9000000000000001,0.1,0.5,26.15,6.0899997,1.8000001
-28.69485,28.23487,12-05-2015,82.3,6.2,0.30000000000000004,3.3,22.779999,2.99,6.4
-29.615556,27.065278,12-05-2015,82.6,6.5,0.30000000000000004,0.5,23.14,3.8,6.2000003
-28.883333,27.89,12-05-2015,78.8,5.300000000000001,0.30000000000000004,3.6000001,22.56,3.31,5.6
-29.1825,23.575556,12-05-2015,94.4,1.9000000000000001,0.1,0.1,26.619999,7.1499996,1.8000001
-30.570833,29.150556,12-05-2015,73.4,13.5,0.7000000000000001,4.1,22.26,5.39,13.2
-31.104278,29.399722,12-05-2015,80.5,24.900000000000002,1.2000000000000002,10.2,24.99,10.92,26.1
-34.075556,20.145556,12-05-2015,63.8,17.8,0.9,1.8000001,23.289999,10.4,17.0
-32.595833,19.009444,12-05-2015,71.6,7.7,0.4,2.4,24.59,9.94,7.4
-34.075556,20.145556,26-01-2011,148.40001,6.5,0.30000000000000004,2.4,30.83,18.56,6.3
-34.075556,20.145556,23-02-2011,137.0,12.8,0.6000000000000001,2.2,29.74,16.63,12.2
-25.436111,31.982222,13-05-2015,83.0,1.8,0.1,17.800001,31.59,13.84,4.5
-25.362222,31.956667,13-05-2015,85.1,1.5,0.1,17.5,31.8,14.059999,4.2000003
-34.075556,20.145556,28-06-2011,43.7,44.5,2.2,30.5,18.96,5.77,43.0
-25.398889,31.610556,13-05-2015,86.3,1.2000000000000002,0.1,17.5,31.109999,13.2699995,4.1
-25.14944444,31.94055556,13-05-2015,84.200005,1.3,0.1,16.9,31.179998,13.92,4.0
-26.861111,28.884722,13-05-2015,89.3,2.1,0.1,3.1000001,23.769999,3.22,2.2
-27.273889,28.49,13-05-2015,89.700005,3.4000000000000004,0.2,3.8,24.09,2.79,3.6000001
-27.802778,28.768333,13-05-2015,86.5,4.800000000000001,0.2,3.8,23.189999,2.69,5.1
-27.935,26.126667,13-05-2015,91.700005,3.3000000000000003,0.2,0.5,25.869999,4.44,3.2
-30.160091,27.40124,13-05-2015,80.4,6.7,0.30000000000000004,0.6,22.58,4.67,6.4
-30.336111,27.359444,13-05-2015,79.9,7.7,0.4,0.6,22.47,4.71,7.3
-30.568333,29.422778,13-05-2015,72.700005,14.200000000000001,0.7000000000000001,7.6,22.67,5.45,14.6
-31.031389,28.883333,13-05-2015,77.1,14.4,0.7000000000000001,3.3,24.449999,8.55,13.900001
-30.86013889,29.07125,13-05-2015,75.700005,14.8,0.7000000000000001,3.0,24.64,8.65,14.2
-30.77586667,29.03221667,13-05-2015,76.5,15.0,0.8,2.8,24.43,8.2699995,14.400001
-33.38056,19.30167,13-05-2015,60.4,19.1,1.0,4.6,20.93,8.51,18.6
-33.08883333,19.21878333,13-05-2015,70.0,13.200000000000001,0.7000000000000001,3.5,20.39,7.5299997,12.8
-25.45963889,28.26430556,13-05-2015,96.3,0.2,0.0,7.2000003,28.01,7.72,1.4
-29.641944,30.6875,14-05-2015,79.5,11.200000000000001,0.6000000000000001,12.5,27.46,12.61,13.1
-30.830556,26.921389,14-05-2015,78.1,7.6000000000000005,0.4,0.5,22.189999,4.61,7.2000003
-24.282222,28.090278,14-05-2015,96.1,0.0,0.0,9.6,27.4,6.5899997,1.7
-23.658056,31.05,14-05-2015,86.5,0.7000000000000001,0.0,10.0,30.109999,13.04,2.0
-27.273889,28.49,14-05-2015,89.700005,3.4000000000000004,0.2,3.8,24.09,2.79,3.6000001
-31.000833,26.353056,14-05-2015,77.1,7.0,0.4,0.4,21.46,3.62,6.7000003
-30.534167,24.961944,14-05-2015,85.5,2.4000000000000004,0.1,0.0,23.17,5.65,2.2
-33.7075,18.97444444,14-05-2015,66.6,30.3,1.5,6.6,23.06,11.11,29.5
-29.744167,29.905833,15-05-2015,76.9,7.5,0.4,15.3,25.16,6.92,11.400001
-29.7775,29.470833,18-05-2015,60.4,35.6,1.8,8.400001,17.029999,-0.5,36.3
-29.744167,29.905833,18-05-2015,63.2,35.6,1.8,12.6,20.539999,3.49,36.600002
-34.065833,20.404167,19-05-2015,45.4,56.800000000000004,2.8000000000000003,10.0,20.06,6.8199997,45.4
-34.075556,20.145556,23-09-2013,119.3,31.400000000000002,1.6,9.8,23.99,11.92,33.4
-24.679167,30.8025,19-05-2015,68.1,11.600000000000001,0.6000000000000001,27.4,20.84,5.18,20.300001
-25.127778,27.628889,19-05-2015,80.5,14.3,0.7000000000000001,4.3,22.96,3.54,13.8
-25.20639,27.558,19-05-2015,80.8,17.400000000000002,0.9,3.4,22.82,3.61,16.7
-24.39619444,27.08983333,19-05-2015,83.9,16.0,0.8,1.7,23.42,4.02,15.2
-24.69514,27.40906,19-05-2015,81.5,18.2,0.9,2.2,22.869999,3.84,17.300001
-30.733889,29.828333,19-05-2015,65.200005,64.5,3.2,13.0,20.07,6.74,61.9
-29.987778,29.851667,19-05-2015,63.5,40.7,2.0,14.7,20.109999,3.3899999,42.2
-27.02314,28.59389,19-05-2015,68.5,23.200000000000003,1.2000000000000002,2.6000001,18.4,-0.96,22.2
-28.141944,26.417778,19-05-2015,70.0,30.1,1.5,0.5,18.109999,0.44,28.6
-28.1175,26.719444,19-05-2015,71.6,29.6,1.5,0.5,18.35,1.1999999,28.1
-34.092222,21.295278,19-05-2015,48.5,55.2,2.8000000000000003,4.8,20.3,6.0699997,48.5
-33.31388889,19.07472222,19-05-2015,45.7,107.30000000000001,5.4,62.2,18.8,7.0499997,45.7
-29.161667,23.696389,20-05-2015,73.9,27.5,1.4000000000000001,0.1,20.05,2.25,26.2
-22.225556,29.990556,20-05-2015,86.6,1.5,0.1,0.2,26.47,8.79,1.4
-24.183889,30.823889,20-05-2015,78.700005,3.9000000000000004,0.2,10.5,27.279999,9.91,5.2000003
-24.058889,31.237222,20-05-2015,72.9,2.6,0.1,11.900001,26.91,10.16,4.1
-26.03611,30.99778,20-05-2015,72.8,4.9,0.2,22.6,22.519999,7.52,9.6
-34.075556,20.145556,09-06-2015,46.2,61.5,3.1,14.0,19.189999,6.5699997,46.2
-27.937778,31.209444,20-05-2015,64.8,5.9,0.30000000000000004,10.7,22.72,8.61,7.4
-28.404444,30.013056,20-05-2015,67.5,32.300000000000004,1.6,4.9,21.15,3.1899998,31.300001
-32.595833,19.009444,17-03-2011,111.1,19.3,1.0,2.3,27.56,11.78,18.4
-32.595833,19.009444,13-04-2011,111.1,19.3,1.0,2.3,27.56,11.78,18.4
-26.880278,26.965,20-05-2015,76.6,20.8,1.0,1.6,19.58,1.74,19.9
-32.595833,19.009444,14-06-2011,52.7,73.2,3.7,19.1,19.279999,6.42,52.7
-32.595833,19.009444,15-07-2011,50.7,20.200000000000003,1.0,13.8,19.369999,5.22,24.5
-32.595833,19.009444,11-08-2011,79.5,41.1,2.1,10.900001,21.1,6.0,41.9
-32.595833,19.009444,05-10-2011,148.1,9.700000000000001,0.5,7.8,26.109999,10.349999,10.5
-28.96362,19.15486,20-05-2015,83.4,10.9,0.5,0.0,22.13,6.94,10.400001
-34.405833,19.600556,20-05-2015,47.9,92.80000000000001,4.6000000000000005,45.100002,16.9,8.17,47.9
-33.13083,18.86278,20-05-2015,51.5,97.2,4.9,46.2,18.88,8.11,51.5
-27.5275,30.858056,21-05-2015,67.700005,5.0,0.30000000000000004,9.6,21.17,5.45,6.4
-30.13573889,30.67422222,21-05-2015,72.3,64.2,3.2,12.8,23.84,12.38,62.9
-32.595833,19.009444,10-04-2012,114.8,42.0,2.1,4.2000003,28.33,11.5,40.3
-32.595833,19.009444,08-05-2012,69.6,12.100000000000001,0.6000000000000001,3.9,22.789999,8.62,11.8
-27.38972222,26.46388889,21-05-2015,75.3,37.0,1.8,0.5,19.74,1.68,35.100002
-32.595833,19.009444,24-07-2012,72.3,69.4,3.5,8.0,18.92,5.52,66.8
-32.595833,19.009444,22-08-2012,93.6,24.5,1.2000000000000002,6.9,22.05,7.1,24.300001
-27.398611,26.614722,21-05-2015,76.4,36.7,1.8,0.5,19.859999,2.03,34.8
-28.376944,24.303056,21-05-2015,75.6,26.200000000000003,1.3,0.2,20.46,2.4199998,24.9
-34.250556,20.9925,21-05-2015,50.5,59.7,3.0,7.9,20.039999,7.0099998,50.5
-34.329722,18.990278,21-05-2015,48.0,136.9,6.800000000000001,90.9,16.22,8.75,48.0
-32.94583,18.33667,21-05-2015,51.600002,79.10000000000001,4.0,27.0,18.3,8.72,51.600002
-27.4,26.624722,21-05-2015,76.4,36.7,1.8,0.5,19.859999,2.03,34.8
-27.902778,24.615556,22-05-2015,76.9,22.1,1.1,0.2,20.72,2.71,21.0
-29.803611,30.516111,22-05-2015,63.7,50.300000000000004,2.5,11.400001,21.35,6.18,49.7
-33.501667,21.624167,23-05-2015,57.5,34.9,1.7000000000000002,0.1,18.72,4.43,33.100002
-25.99136,27.84208,25-05-2015,75.5,15.3,0.8,4.6,19.439999,2.35,15.0
-26.970278,27.211111,25-05-2015,75.9,20.5,1.0,1.7,19.18,1.48,19.6
-32.595833,19.009444,20-08-2013,94.0,27.700000000000003,1.4000000000000001,11.400001,20.82,6.39,29.5
-26.880278,26.965,25-05-2015,76.6,20.8,1.0,1.6,19.58,1.74,19.9
-32.595833,19.009444,08-10-2013,146.5,9.700000000000001,0.5,9.400001,26.22,11.05,11.3
-26.73806,27.59194,25-05-2015,73.0,18.7,0.9,2.1000001,18.48,0.90999997,17.9
-26.45,28.085833,25-05-2015,74.4,18.8,0.9,2.5,18.779999,0.76,18.0
-27.01011111,26.69808333,26-05-2015,76.700005,26.1,1.3,0.5,19.58,2.1699998,24.800001
-29.380556,30.2775,26-05-2015,62.5,33.0,1.7000000000000002,10.6,20.02,3.6399999,33.2
-26.861111,28.884722,26-05-2015,66.6,17.6,0.9,2.9,18.01,-0.95,16.9
-26.648056,27.089444,26-05-2015,76.0,19.6,1.0,1.9,19.43,1.43,18.7
-32.595833,19.009444,24-06-2014,53.100002,53.900000000000006,2.7,4.2000003,19.17,5.66,51.3
-32.595833,19.009444,23-09-2014,164.40001,1.1,0.1,3.4,28.76,11.639999,1.3000001
-26.98472222,26.63227778,26-05-2015,77.200005,25.900000000000002,1.3,0.5,19.68,2.26,24.6
-28.141944,26.417778,26-05-2015,70.0,30.1,1.5,0.5,18.109999,0.44,28.6
-25.45963889,28.26430556,26-05-2015,79.9,8.4,0.4,6.3,22.89,3.75,8.900001
-25.81048333,27.90955222,27-05-2015,76.8,12.200000000000001,0.6000000000000001,4.8,20.92,3.1999998,12.2
-32.595833,19.009444,09-06-2015,49.0,77.80000000000001,3.9000000000000004,27.4,19.4,6.35,49.0
-32.595833,19.009444,21-07-2015,71.200005,58.800000000000004,2.9000000000000004,18.5,19.82,5.5299997,60.9
-32.595833,19.009444,18-08-2015,99.200005,9.1,0.5,13.5,23.949999,9.11,13.7
-22.225556,29.990556,27-05-2015,86.6,1.5,0.1,0.2,26.47,8.79,1.4
-24.282222,28.090278,27-05-2015,81.0,6.4,0.30000000000000004,8.400001,22.81,2.2,7.3
-28.747778,31.745833,27-05-2015,64.200005,44.0,2.2,3.4,24.43,11.809999,42.0
-27.00222,28.76528,27-05-2015,65.9,22.400000000000002,1.1,2.6000001,17.93,-1.25,21.4
-27.273889,28.49,27-05-2015,66.4,32.4,1.6,3.5,17.84,-1.53,31.1
-29.033333,23.983333,27-05-2015,74.0,28.1,1.4000000000000001,0.1,20.07,1.99,26.7
-33.08883333,19.21878333,15-10-2013,133.90001,13.600000000000001,0.7000000000000001,12.900001,21.56,8.21,18.7
-25.57877778,29.12747222,28-05-2015,80.3,7.1000000000000005,0.4,6.1,23.14,3.11,7.6
-29.744167,29.905833,29-05-2015,63.2,35.6,1.8,12.6,20.539999,3.49,36.600002
-28.768056,20.720556,29-05-2015,82.9,13.3,0.7000000000000001,0.0,21.48,5.2999997,12.6
-22.225556,29.990556,01-06-2015,86.6,1.5,0.1,0.2,26.47,8.79,1.4
-33.08883333,19.21878333,23-06-2014,56.5,57.800000000000004,2.9000000000000004,11.6,15.679999,3.01,55.2
-26.510278,28.351389,01-06-2015,76.5,15.600000000000001,0.8,3.1000001,19.46,0.55,15.0
-33.08883333,19.21878333,12-08-2014,66.3,64.8,3.2,10.7,16.97,5.22,62.5
-33.08883333,19.21878333,10-09-2014,103.4,19.400000000000002,1.0,8.6,20.17,5.5699997,20.4
-33.08883333,19.21878333,22-10-2014,168.40001,27.5,1.4000000000000001,6.3,24.48,10.21,27.1
-33.08883333,19.21878333,20-11-2014,198.90001,1.7000000000000002,0.1,5.6,27.48,12.15,2.4
-33.08883333,19.21878333,14-01-2015,205.3,9.3,0.5,5.0,29.49,13.37,9.400001
-33.08883333,19.21878333,18-02-2015,152.2,3.0,0.1,4.1,28.59,12.75,3.2
-33.08883333,19.21878333,19-03-2015,99.3,3.3000000000000003,0.2,3.8,23.0,8.91,3.5
-33.08883333,19.21878333,15-04-2015,99.3,3.3000000000000003,0.2,3.8,23.0,8.91,3.5
-27.671111,27.236944,01-06-2015,75.8,28.0,1.4000000000000001,0.5,19.1,1.4399999,26.6
-33.08883333,19.21878333,19-08-2015,99.1,14.700000000000001,0.7000000000000001,14.8,19.85,6.23,22.6
-33.08883333,19.21878333,16-09-2015,144.7,3.0,0.2,11.1,23.76,9.36,6.6
-30.568333,29.422778,01-06-2015,61.3,47.900000000000006,2.4000000000000004,6.7000003,17.75,1.3,46.4
-33.08883333,19.21878333,25-11-2015,200.1,11.0,0.6000000000000001,7.5,28.91,12.849999,11.900001
-31.396,29.2651,01-06-2015,75.700005,65.10000000000001,3.3000000000000003,6.2000003,22.24,10.219999,62.8
-25.127778,27.628889,02-06-2015,80.5,14.3,0.7000000000000001,4.3,22.96,3.54,13.8
-25.20639,27.558,02-06-2015,80.8,17.400000000000002,0.9,3.4,22.82,3.61,16.7
-32.502778,19.535833,13-06-2011,59.2,63.800000000000004,3.2,1.9,18.76,4.94,59.2
-24.69514,27.40906,02-06-2015,81.5,18.2,0.9,2.2,22.869999,3.84,17.300001
-27.935,26.126667,02-06-2015,71.5,26.1,1.3,0.5,18.71,-0.22999999,24.800001
-28.1175,26.719444,02-06-2015,71.6,29.6,1.5,0.5,18.35,1.1999999,28.1
-27.398611,26.614722,02-06-2015,76.4,36.7,1.8,0.5,19.859999,2.03,34.8
-30.160091,27.40124,02-06-2015,57.5,55.900000000000006,2.8000000000000003,0.6,15.48,0.64,53.100002
-30.336111,27.359444,02-06-2015,56.5,53.7,2.7,0.6,15.15,0.31,51.0
-31.104278,29.399722,02-06-2015,68.5,66.8,3.3000000000000003,9.400001,20.289999,7.22,64.3
-32.502778,19.535833,27-07-2012,77.3,52.300000000000004,2.6,0.90000004,18.85,4.3399997,49.7
-34.031944,22.053333,02-06-2015,57.4,54.2,2.7,1.1,20.71,8.679999,51.5
-34.039722,22.133333,02-06-2015,57.9,56.1,2.8000000000000003,1.2,20.82,9.19,53.3
-34.02861,22.22222,02-06-2015,61.3,58.1,2.9000000000000004,1.3000001,20.51,9.2699995,55.2
-28.338333,31.373611,02-06-2015,64.6,10.100000000000001,0.5,8.0,23.289999,10.08,10.900001
-28.068333,31.55,02-06-2015,62.600002,6.9,0.30000000000000004,7.8,24.519999,10.87,7.7000003
-27.4,26.624722,02-06-2015,76.4,36.7,1.8,0.5,19.859999,2.03,34.8
-30.830556,26.921389,03-06-2015,56.8,51.300000000000004,2.6,0.5,15.45,0.04,48.8
-24.670833,28.560833,03-06-2015,78.8,5.0,0.30000000000000004,8.5,22.619999,3.4199998,6.0
-24.39619444,27.08983333,03-06-2015,83.9,16.0,0.8,1.7,23.42,4.02,15.2
-28.75,30.442778,03-06-2015,67.8,25.900000000000002,1.3,4.7000003,23.49,7.0099998,25.2
-29.161667,30.629722,03-06-2015,60.600002,47.400000000000006,2.4000000000000004,9.400001,19.119999,5.5699997,46.7
-27.802778,28.768333,03-06-2015,62.9,31.0,1.6,3.3,16.91,-1.27,29.9
-31.000833,26.353056,03-06-2015,57.8,48.400000000000006,2.4000000000000004,0.4,15.44,-0.93,46.0
-30.679722,26.7125,03-06-2015,59.9,48.900000000000006,2.4000000000000004,0.4,16.64,0.41,46.5
-30.570833,29.150556,03-06-2015,60.600002,40.900000000000006,2.0,3.7,16.67,1.14,39.100002
-28.058889,30.373611,03-06-2015,67.3,34.7,1.7000000000000002,6.3,20.3,3.48,33.9
-28.760833,17.730278,04-06-2015,84.700005,7.4,0.4,0.0,23.32,9.75,7.1
-32.502778,19.535833,09-06-2014,64.6,44.0,2.2,0.5,19.41,4.68,41.8
-28.44555556,32.325,28-07-2015,85.5,6.5,0.30000000000000004,27.5,25.46,13.86,53.5
-27.273889,28.49,04-06-2015,66.4,32.4,1.6,3.5,17.84,-1.53,31.1
-27.573056,24.746389,04-06-2015,77.3,21.5,1.1,0.3,20.5,2.34,20.4
-28.376944,24.303056,04-06-2015,75.6,26.200000000000003,1.3,0.2,20.46,2.4199998,24.9
-31.031389,28.883333,04-06-2015,68.3,46.2,2.3000000000000003,3.1000001,19.82,4.92,44.100002
-30.86013889,29.07125,04-06-2015,65.0,49.6,2.5,2.8,19.76,5.0499997,47.3
-32.502778,19.535833,13-04-2015,116.3,2.8000000000000003,0.1,0.4,27.449999,11.13,2.7
-30.77586667,29.03221667,04-06-2015,64.5,47.300000000000004,2.4000000000000004,2.6000001,19.529999,4.81,45.100002
-32.502778,19.535833,08-06-2015,55.600002,63.6,3.2,5.2000003,18.939999,4.94,55.600002
-27.902778,24.615556,05-06-2015,76.9,22.1,1.1,0.2,20.72,2.71,21.0
-32.502778,19.535833,17-08-2015,113.6,5.9,0.30000000000000004,3.0,24.17,8.139999,6.1
-31.554722,29.245556,05-06-2015,84.5,66.4,3.3000000000000003,8.400001,22.619999,10.71,65.0
-32.502778,19.535833,19-10-2015,206.0,6.9,0.30000000000000004,2.3,29.779999,12.099999,6.8
-25.99136,27.84208,08-06-2015,75.5,15.3,0.8,4.6,19.439999,2.35,15.0
-31.5653,18.3306,05-01-2011,218.2,2.1,0.1,0.3,31.17,16.65,2.0
-31.5653,18.3306,09-02-2011,174.90001,1.6,0.1,0.3,31.189999,17.5,1.5
-31.5653,18.3306,16-03-2011,166.40001,6.7,0.30000000000000004,0.3,30.64,16.26,6.4
-31.5653,18.3306,12-04-2011,119.1,13.9,0.7000000000000001,0.3,26.68,12.44,13.2
-26.970278,27.211111,08-06-2015,75.9,20.5,1.0,1.7,19.18,1.48,19.6
-26.880278,26.965,08-06-2015,76.6,20.8,1.0,1.6,19.58,1.74,19.9
-26.73806,27.59194,08-06-2015,73.0,18.7,0.9,2.1000001,18.48,0.90999997,17.9
-26.45,28.085833,08-06-2015,74.4,18.8,0.9,2.5,18.779999,0.76,18.0
-33.818056,19.694722,08-06-2015,51.0,90.2,4.5,38.100002,18.6,6.0499997,51.0
-31.5653,18.3306,09-11-2011,188.7,8.6,0.4,0.3,26.92,11.87,8.2
-31.5653,18.3306,21-12-2011,222.7,0.7000000000000001,0.0,0.3,31.98,17.21,0.7
-31.5653,18.3306,17-01-2012,189.3,1.3,0.1,0.3,30.97,15.49,1.2
-31.5653,18.3306,15-02-2012,189.3,1.3,0.1,0.3,30.97,15.49,1.2
-31.5653,18.3306,13-03-2012,169.5,5.4,0.30000000000000004,0.3,30.519999,15.58,5.2000003
-31.5653,18.3306,17-04-2012,88.6,5.0,0.2,0.2,23.83,9.719999,4.7000003
-31.5653,18.3306,17-05-2012,66.5,41.0,2.1,0.2,20.91,8.29,39.0
-31.5653,18.3306,29-05-2012,66.5,41.0,2.1,0.2,20.91,8.29,39.0
-27.01011111,26.69808333,09-06-2015,76.700005,26.1,1.3,0.5,19.58,2.1699998,24.800001
-25.73411,27.21422,09-06-2015,81.8,19.1,1.0,2.5,20.76,3.06,18.300001
-27.363611,31.783333,09-06-2015,66.1,4.2,0.2,12.6,26.13,10.8,5.6
-26.861111,28.884722,09-06-2015,66.6,17.6,0.9,2.9,18.01,-0.95,16.9
-31.5653,18.3306,23-10-2012,200.5,10.600000000000001,0.5,0.2,28.75,13.429999,10.1
-31.5653,18.3306,13-11-2012,200.5,10.600000000000001,0.5,0.2,28.75,13.429999,10.1
-31.5653,18.3306,04-12-2012,203.2,13.100000000000001,0.7000000000000001,0.2,29.98,16.119999,12.400001
-31.5653,18.3306,26-03-2013,122.9,16.5,0.8,0.2,26.96,11.94,15.7
-31.5653,18.3306,23-04-2013,91.9,14.5,0.7000000000000001,0.2,25.23,11.259999,13.8
-31.5653,18.3306,21-05-2013,68.4,54.7,2.7,0.2,20.25,7.33,51.9
-27.00222,28.76528,09-06-2015,65.9,22.400000000000002,1.1,2.6000001,17.93,-1.25,21.4
-27.02314,28.59389,09-06-2015,68.5,23.200000000000003,1.2000000000000002,2.6000001,18.4,-0.96,22.2
-31.5653,18.3306,28-01-2014,186.8,1.0,0.0,0.2,31.67,17.289999,0.90000004
-31.5653,18.3306,12-02-2014,186.8,1.0,0.0,0.2,31.67,17.289999,0.90000004
-31.5653,18.3306,04-03-2014,166.0,9.1,0.5,0.2,29.26,14.179999,8.7
-31.5653,18.3306,01-04-2014,121.6,5.800000000000001,0.30000000000000004,0.2,28.15,13.429999,5.5
-31.5653,18.3306,13-05-2014,95.4,15.700000000000001,0.8,0.2,25.06,11.719999,14.900001
-26.648056,27.089444,09-06-2015,76.0,19.6,1.0,1.9,19.43,1.43,18.7
-26.98472222,26.63227778,09-06-2015,77.200005,25.900000000000002,1.3,0.5,19.68,2.26,24.6
-27.935,26.126667,09-06-2015,71.5,26.1,1.3,0.5,18.71,-0.22999999,24.800001
-28.141944,26.417778,09-06-2015,70.0,30.1,1.5,0.5,18.109999,0.44,28.6
-31.5653,18.3306,21-10-2014,183.90001,12.3,0.6000000000000001,0.2,27.16,13.44,11.7
-31.5653,18.3306,25-11-2014,213.1,0.6000000000000001,0.0,0.2,29.73,14.589999,0.5
-31.5653,18.3306,27-01-2015,187.40001,0.1,0.0,0.2,30.429998,14.66,0.1
-31.5653,18.3306,17-02-2015,169.6,1.2000000000000002,0.1,0.2,31.47,15.67,1.2
-31.5653,18.3306,17-03-2015,119.1,3.5,0.2,0.2,26.91,12.48,3.3
-31.5653,18.3306,14-04-2015,119.1,3.5,0.2,0.2,26.91,12.48,3.3
-31.5653,18.3306,12-05-2015,89.5,2.0,0.1,0.2,25.74,10.88,1.9
-31.5653,18.3306,09-06-2015,66.5,58.0,2.9000000000000004,0.2,20.51,8.389999,55.100002
-28.1175,26.719444,09-06-2015,71.6,29.6,1.5,0.5,18.35,1.1999999,28.1
-29.160278,26.573333,09-06-2015,65.8,35.6,1.8,0.4,17.51,-0.35,33.8
-31.5653,18.3306,15-09-2015,111.6,3.2,0.2,0.2,24.32,10.78,3.0
-31.5653,18.3306,20-10-2015,196.6,4.7,0.2,0.2,27.849998,12.88,4.4
-31.5653,18.3306,24-11-2015,214.3,2.1,0.1,0.2,31.24,15.36,2.0
-32.601389,18.750556,10-05-2011,70.9,34.300000000000004,1.7000000000000002,1.9,24.6,11.599999,32.600002
-32.601389,18.750556,13-06-2011,60.100002,76.0,3.8000000000000003,14.0,19.25,7.35,60.100002
-32.601389,18.750556,12-07-2011,57.100002,19.900000000000002,1.0,10.5,19.3,6.22,22.300001
-32.601389,18.750556,10-08-2011,80.700005,41.900000000000006,2.1,8.5,20.859999,6.66,41.9
-32.601389,18.750556,06-09-2011,103.0,9.4,0.5,7.1,23.26,8.19,10.3
-32.601389,18.750556,03-11-2011,185.0,17.6,0.9,5.4,28.119999,12.0,17.4
-32.601389,18.750556,29-05-2012,57.0,60.800000000000004,3.0,4.0,19.82,7.4199996,57.0
-32.601389,18.750556,03-07-2012,51.3,38.300000000000004,1.9000000000000001,3.7,17.49,5.0699997,36.7
-32.601389,18.750556,31-07-2012,72.0,70.7,3.5,3.4,18.69,6.2,67.4
-32.601389,18.750556,28-08-2012,93.1,27.400000000000002,1.4000000000000001,3.2,21.66,7.72,26.300001
-32.601389,18.750556,26-09-2012,153.5,13.3,0.7000000000000001,3.0,25.439999,11.0199995,12.900001
-32.601389,18.750556,23-10-2012,195.0,8.3,0.4,2.8,30.09,13.469999,8.1
-28.69485,28.23487,09-06-2015,61.5,42.6,2.1,2.9,16.15,-0.47,40.8
-32.601389,18.750556,16-07-2013,54.9,25.5,1.3,12.8,19.93,7.46,30.1
-32.601389,18.750556,13-08-2013,72.700005,80.9,4.0,16.9,18.83,6.7999997,72.700005
-32.601389,18.750556,10-09-2013,92.200005,31.1,1.6,12.0,20.369999,7.0299997,34.5
-32.601389,18.750556,09-10-2013,148.1,10.0,0.5,9.400001,25.849998,11.42,12.1
-32.601389,18.750556,05-11-2013,190.2,5.7,0.30000000000000004,7.7000003,29.789999,13.94,7.0
-32.601389,18.750556,26-11-2013,222.8,9.4,0.5,6.6,32.149998,16.08,10.0
-32.601389,18.750556,12-06-2014,62.7,63.7,3.2,3.7,19.92,7.1499996,60.7
-32.601389,18.750556,17-07-2014,75.200005,53.2,2.7,3.2,20.93,8.559999,50.7
-32.601389,18.750556,28-08-2014,103.3,17.0,0.8,3.0,23.9,8.87,16.300001
-32.601389,18.750556,25-09-2014,166.90001,1.3,0.1,2.8,28.46,12.05,1.4
-32.601389,18.750556,23-10-2014,183.40001,21.700000000000003,1.1,2.7,28.93,13.67,20.800001
-32.601389,18.750556,27-11-2014,223.40001,1.0,0.1,2.5,31.679998,15.15,1.1
-32.601389,18.750556,25-02-2015,166.0,2.1,0.1,2.2,32.25,16.029999,2.1000001
-32.601389,18.750556,21-05-2015,57.5,83.2,4.2,23.5,19.38,7.2799997,57.5
-32.601389,18.750556,26-06-2015,53.7,41.6,2.1,18.1,18.33,6.89,44.9
-32.601389,18.750556,30-07-2015,72.700005,58.300000000000004,2.9000000000000004,12.7,19.619999,6.29,60.7
-32.601389,18.750556,27-08-2015,100.1,9.600000000000001,0.5,9.8,23.56,9.719999,12.0
-32.601389,18.750556,29-10-2015,193.5,11.9,0.6000000000000001,6.8,29.429998,13.04,12.5
-28.883333,27.89,09-06-2015,58.3,41.7,2.1,3.1000001,15.78,-1.23,40.0
-25.45963889,28.26430556,09-06-2015,79.9,8.4,0.4,6.3,22.89,3.75,8.900001
-25.81048333,27.90955222,10-06-2015,76.8,12.200000000000001,0.6000000000000001,4.8,20.92,3.1999998,12.2
-29.641944,30.6875,10-06-2015,65.3,52.300000000000004,2.6,10.8,23.17,9.28,51.4
-24.282222,28.090278,10-06-2015,81.0,6.4,0.30000000000000004,8.400001,22.81,2.2,7.3
-23.763056,27.908611,10-06-2015,89.6,5.0,0.30000000000000004,5.4,24.91,5.1099997,5.3
-23.23572222,27.717,10-06-2015,89.9,2.5,0.1,0.4,25.46,5.45,2.4
-24.058889,31.237222,10-06-2015,72.9,2.6,0.1,11.900001,26.91,10.16,4.1
-27.802778,28.768333,10-06-2015,62.9,31.0,1.6,3.3,16.91,-1.27,29.9
-27.671111,27.236944,10-06-2015,75.8,28.0,1.4000000000000001,0.5,19.1,1.4399999,26.6
-30.160091,27.40124,10-06-2015,57.5,55.900000000000006,2.8000000000000003,0.6,15.48,0.64,53.100002
-30.336111,27.359444,10-06-2015,56.5,53.7,2.7,0.6,15.15,0.31,51.0
-29.615556,27.065278,10-06-2015,61.5,47.2,2.4000000000000004,0.5,16.33,0.19999999,44.8
-33.38056,19.30167,10-06-2015,46.600002,99.7,5.0,52.7,16.26,4.5099998,46.600002
-33.08883333,19.21878333,10-06-2015,50.3,83.5,4.2,32.600002,15.639999,3.73,50.3
-25.57877778,29.12747222,10-06-2015,80.3,7.1000000000000005,0.4,6.1,23.14,3.11,7.6
-22.225556,29.990556,11-06-2015,86.6,1.5,0.1,0.2,26.47,8.79,1.4
-30.830556,26.921389,11-06-2015,56.8,51.300000000000004,2.6,0.5,15.45,0.04,48.8
-24.95861111,29.39527778,11-06-2015,80.6,4.3,0.2,4.5,24.72,4.62,4.8
-27.02314,28.59389,11-06-2015,68.5,23.200000000000003,1.2000000000000002,2.6000001,18.4,-0.96,22.2
-27.4275,28.525833,11-06-2015,65.3,30.400000000000002,1.5,3.7,17.6,-1.5699999,29.300001
-27.3,28.586944,11-06-2015,65.1,28.900000000000002,1.4000000000000001,3.7,17.72,-1.55,27.800001
-27.38972222,26.46388889,11-06-2015,75.3,37.0,1.8,0.5,19.74,1.68,35.100002
-27.398611,26.614722,11-06-2015,76.4,36.7,1.8,0.5,19.859999,2.03,34.8
-31.000833,26.353056,11-06-2015,57.8,48.400000000000006,2.4000000000000004,0.4,15.44,-0.93,46.0
-30.679722,26.7125,11-06-2015,59.9,48.900000000000006,2.4000000000000004,0.4,16.64,0.41,46.5
-30.534167,24.961944,11-06-2015,55.0,33.0,1.7000000000000002,0.0,14.219999,-0.89,31.4
-33.7075,18.97444444,11-06-2015,49.5,140.4,24.8,72.700005,18.24,7.27,49.5
-33.72266667,18.61691667,11-06-2015,47.5,118.60000000000001,15.200000000000001,61.2,17.82,8.17,47.5
-27.356667,27.286389,11-06-2015,74.200005,25.5,1.3,0.6,18.84,1.15,24.2
-29.641944,30.6875,12-06-2015,65.3,52.300000000000004,2.6,10.8,23.17,9.28,51.4
-29.744167,29.905833,12-06-2015,63.2,35.6,1.8,12.6,20.539999,3.49,36.600002
-26.619444,27.980833,12-06-2015,73.200005,20.0,1.0,2.3,18.69,0.71,19.1
-27.573056,24.746389,12-06-2015,77.3,21.5,1.1,0.3,20.5,2.34,20.4
-29.658056,25.973333,12-06-2015,61.2,33.4,1.7000000000000002,0.4,16.05,-0.58,31.7
-23.658056,31.05,15-06-2015,73.3,1.8,0.1,9.0,26.66,9.87,2.7
-29.7775,29.470833,15-06-2015,60.4,35.6,1.8,8.400001,17.029999,-0.5,36.3
-29.987778,29.851667,15-06-2015,63.5,40.7,2.0,14.7,20.109999,3.3899999,42.2
-29.744167,29.905833,15-06-2015,63.2,35.6,1.8,12.6,20.539999,3.49,36.600002
-24.679167,30.8025,16-06-2015,73.3,24.6,1.2000000000000002,22.0,21.359999,5.5699997,28.7
-25.127778,27.628889,16-06-2015,89.8,12.600000000000001,0.6000000000000001,4.1,23.73,4.12,12.3
-25.20639,27.558,16-06-2015,89.0,12.700000000000001,0.6000000000000001,3.2,23.48,4.1,12.2
-24.39619444,27.08983333,16-06-2015,90.200005,7.300000000000001,0.4,1.7,23.93,4.46,6.9
-24.69514,27.40906,16-06-2015,88.700005,11.600000000000001,0.6000000000000001,2.2,23.23,4.38,11.1
-22.769722,30.886944,17-06-2015,82.9,6.7,0.30000000000000004,10.1,27.59,11.719999,7.6
-24.058889,31.237222,17-06-2015,73.9,12.5,0.6000000000000001,10.6,27.529999,10.599999,13.1
-28.404444,30.013056,17-06-2015,70.200005,15.0,0.8,4.4,21.369999,4.16,14.8
-30.733889,29.828333,17-06-2015,64.3,51.900000000000006,2.6,10.8,19.38,7.43,51.5
-30.398056,30.601944,17-06-2015,79.6,88.9,4.4,18.0,22.55,13.71,79.6
-27.273889,28.49,17-06-2015,71.6,16.400000000000002,0.8,3.2,18.67,-0.84,15.900001
-34.092222,21.295278,17-06-2015,48.4,52.400000000000006,2.6,6.2000003,18.82,5.8599997,48.4
-28.058889,30.373611,17-06-2015,68.200005,17.8,0.9,5.6,20.26,4.13,17.6
-27.5275,30.858056,18-06-2015,69.0,12.3,0.6000000000000001,8.400001,21.5,6.14,12.900001
-30.13573889,30.67422222,18-06-2015,75.5,72.8,3.6,11.900001,22.74,13.09,70.1
-26.880278,26.965,18-06-2015,80.3,9.9,0.5,1.5,20.119999,2.61,9.400001
-28.1175,26.719444,18-06-2015,75.8,12.100000000000001,0.6000000000000001,0.4,18.58,1.99,11.5
-28.376944,24.303056,18-06-2015,80.9,5.7,0.30000000000000004,0.2,21.02,2.99,5.4
-31.394444,20.947222,18-06-2015,64.6,10.5,0.5,0.0,15.809999,1.55,10.0
-29.651389,22.746389,18-06-2015,75.8,6.6000000000000005,0.30000000000000004,0.0,19.42,3.25,6.2000003
-34.250556,20.9925,18-06-2015,49.2,56.900000000000006,2.8000000000000003,12.7,18.65,6.93,49.2
-33.13083,18.86278,04-07-2012,45.9,62.6,3.1,34.9,17.17,6.0099998,45.9
-24.183889,30.823889,19-06-2015,80.8,8.1,0.4,9.400001,27.56,10.179999,8.900001
-27.902778,24.615556,19-06-2015,84.1,5.800000000000001,0.30000000000000004,0.2,21.21,3.54,5.5
-29.803611,30.516111,19-06-2015,66.6,32.0,1.6,10.0,20.84,7.3799996,31.9
-25.99136,27.84208,22-06-2015,80.3,6.300000000000001,0.30000000000000004,4.2000003,20.43,3.11,6.5
-25.49037,30.6986,22-06-2015,81.8,17.6,0.9,23.800001,23.869999,6.99,20.9
-24.99328,30.81444,22-06-2015,72.1,27.0,1.4000000000000001,31.2,20.98,5.16,34.600002
-26.970278,27.211111,22-06-2015,79.3,9.4,0.5,1.6,19.58,2.04,9.0
-26.880278,26.965,22-06-2015,80.3,9.9,0.5,1.5,20.119999,2.61,9.400001
-26.73806,27.59194,22-06-2015,76.1,12.4,0.6000000000000001,2.0,19.119999,1.65,11.900001
-26.45,28.085833,22-06-2015,77.3,12.9,0.6000000000000001,2.4,19.66,1.55,12.400001
-27.273889,28.49,22-06-2015,71.6,16.400000000000002,0.8,3.2,18.67,-0.84,15.900001
-27.01011111,26.69808333,23-06-2015,82.0,7.7,0.4,0.5,20.0,2.97,7.4
-25.436111,31.982222,23-06-2015,74.4,17.3,0.9,14.0,28.64,11.33,18.1
-29.140556,31.391944,23-06-2015,71.200005,57.6,2.9000000000000004,3.7,23.22,12.219999,54.9
-34.065833,20.404167,23-06-2015,47.5,49.900000000000006,2.5,10.0,18.699999,6.85,47.4
-22.43772222,31.07805556,23-06-2015,84.4,2.7,0.1,6.4,29.269999,11.09,3.3
-25.681111,31.783333,23-06-2015,79.1,16.1,0.8,13.400001,28.31,11.62,16.9
-25.67386,31.57527,23-06-2015,74.5,18.1,0.9,13.400001,27.779999,10.889999,18.9
-25.398889,31.610556,23-06-2015,75.200005,18.0,0.9,13.6,27.97,10.23,18.800001
-28.801278,31.955389,23-06-2015,72.4,147.1,14.5,67.8,24.109999,12.799999,72.4
-27.00222,28.76528,23-06-2015,72.1,19.6,1.0,2.5,18.73,-0.51,18.800001
-26.98472222,26.63227778,23-06-2015,82.1,7.9,0.4,0.5,19.84,2.9099998,7.5
-28.1175,26.719444,23-06-2015,75.8,12.100000000000001,0.6000000000000001,0.4,18.58,1.99,11.5
-25.45963889,28.26430556,23-06-2015,88.4,8.5,0.4,5.6,23.9,4.43,8.8
-29.161667,23.696389,24-06-2015,74.9,6.0,0.30000000000000004,0.1,19.73,2.47,5.7000003
-31.860278,18.6875,24-06-2015,65.4,28.0,1.4000000000000001,0.4,18.939999,7.1099997,26.6
-25.362222,31.956667,24-06-2015,74.9,17.400000000000002,0.9,13.7,28.81,11.28,18.1
-24.768889,31.39,24-06-2015,71.9,21.200000000000003,1.1,13.0,26.26,10.0199995,21.9
-24.9675,31.516667,24-06-2015,68.700005,19.3,1.0,12.7,25.73,9.03,19.9
-28.747778,31.745833,24-06-2015,73.0,118.5,5.9,42.9,24.119999,12.179999,73.0
-27.273889,28.49,24-06-2015,71.6,16.400000000000002,0.8,3.2,18.67,-0.84,15.900001
-29.033333,23.983333,24-06-2015,76.3,7.6000000000000005,0.4,0.1,19.91,2.1499999,7.2000003
-26.03611,30.99778,25-06-2015,76.700005,23.200000000000003,1.2000000000000002,19.2,22.8,7.6499996,25.5
-33.7075,18.97444444,17-02-2011,154.6,11.9,0.6000000000000001,7.6,30.849998,16.43,12.2
-26.648056,27.089444,25-06-2015,80.6,8.200000000000001,0.4,1.8000001,20.0,2.1399999,7.9
-28.460833,21.248889,25-06-2015,86.9,0.9,0.0,0.0,21.22,5.0699997,0.90000004
-32.94583,18.33667,25-06-2015,51.0,48.1,2.4000000000000004,24.6,17.39,8.139999,48.100002
-33.897778,20.012778,25-06-2015,46.0,52.800000000000004,2.6,17.2,18.22,5.87,46.0
-33.7075,18.97444444,25-01-2012,177.6,8.4,0.4,8.7,31.14,17.32,9.2
-33.7075,18.97444444,22-02-2012,152.90001,31.5,1.6,7.7000003,30.16,16.5,30.9
-33.7075,18.97444444,21-03-2012,104.1,58.7,2.9000000000000004,7.0,25.939999,12.469999,56.600002
-29.744167,29.905833,26-06-2015,67.1,25.0,1.2000000000000002,10.8,20.13,4.49,25.6
-25.81048333,27.90955222,29-06-2015,84.1,6.300000000000001,0.30000000000000004,4.4,21.869999,3.78,6.4
-26.510278,28.351389,29-06-2015,79.1,17.5,0.9,2.9,20.1,1.4,16.800001
-26.45,28.085833,29-06-2015,77.3,12.9,0.6000000000000001,2.4,19.66,1.55,12.400001
-27.671111,27.236944,29-06-2015,82.8,9.4,0.5,0.5,19.57,2.29,8.900001
-25.127778,27.628889,30-06-2015,89.8,12.600000000000001,0.6000000000000001,4.1,23.73,4.12,12.3
-25.20639,27.558,30-06-2015,89.0,12.700000000000001,0.6000000000000001,3.2,23.48,4.1,12.2
-24.69514,27.40906,30-06-2015,88.700005,11.600000000000001,0.6000000000000001,2.2,23.23,4.38,11.1
-28.735556,29.820556,30-06-2015,68.0,15.200000000000001,0.8,4.1,21.73,3.6999998,14.900001
-26.861111,28.884722,30-06-2015,74.5,20.5,1.0,2.7,18.72,-0.21,19.7
-27.00222,28.76528,30-06-2015,72.1,19.6,1.0,2.5,18.73,-0.51,18.800001
-27.02314,28.59389,30-06-2015,75.1,19.5,1.0,2.5,19.14,-0.24,18.7
-27.398611,26.614722,30-06-2015,83.4,12.0,0.6000000000000001,0.5,20.47,2.9399998,11.400001
-31.436944,20.474722,30-06-2015,64.5,12.3,0.6000000000000001,0.0,15.849999,1.79,11.7
-29.651389,22.746389,30-06-2015,75.8,6.6000000000000005,0.30000000000000004,0.0,19.42,3.25,6.2000003
-28.338333,31.373611,30-06-2015,68.8,28.8,1.4000000000000001,7.0,23.14,10.65,28.300001
-28.068333,31.55,30-06-2015,64.4,31.3,1.6,7.0,24.23,11.09,30.6
-28.308889,31.9025,30-06-2015,68.1,97.80000000000001,4.9,32.4,24.24,12.41,68.1
-27.4,26.624722,30-06-2015,83.4,12.0,0.6000000000000001,0.5,20.47,2.9399998,11.400001
-29.161667,23.696389,01-07-2015,74.9,6.0,0.30000000000000004,0.1,19.73,2.47,5.7000003
-27.602222,29.942778,01-07-2015,81.700005,10.700000000000001,0.5,5.3,21.689999,3.8999999,10.8
-27.169444,29.233889,01-07-2015,68.3,14.5,0.7000000000000001,2.2,17.96,-0.12,13.900001
-27.273889,28.49,01-07-2015,71.6,16.400000000000002,0.8,3.2,18.67,-0.84,15.900001
-27.4275,28.525833,01-07-2015,69.8,15.5,0.8,3.4,18.24,-0.90999997,15.1
-27.3,28.586944,01-07-2015,71.4,15.9,0.8,3.3,18.56,-0.88,15.400001
-27.802778,28.768333,01-07-2015,64.9,16.0,0.8,3.0,17.359999,-0.51,15.5
-33.7075,18.97444444,28-01-2015,178.0,3.3000000000000003,0.2,9.3,30.57,16.17,4.7000003
-33.7075,18.97444444,19-02-2015,159.2,3.4000000000000004,0.2,8.2,30.97,16.26,4.3
-33.7075,18.97444444,25-03-2015,97.9,4.6000000000000005,0.2,7.3,25.609999,12.28,5.2000003
-27.935,26.126667,01-07-2015,81.3,11.0,0.6000000000000001,0.5,19.42,0.84,10.5
-28.141944,26.417778,01-07-2015,73.4,13.9,0.7000000000000001,0.5,18.3,1.09,13.2
-27.671111,27.236944,01-07-2015,82.8,9.4,0.5,0.5,19.57,2.29,8.900001
-28.75,30.442778,02-07-2015,68.9,14.5,0.7000000000000001,4.2000003,23.359999,8.0,14.2
-29.161667,30.629722,02-07-2015,65.8,26.6,1.3,8.2,18.55,6.6,26.4
-27.4275,28.525833,02-07-2015,69.8,15.5,0.8,3.4,18.24,-0.90999997,15.1
-27.802778,28.768333,02-07-2015,64.9,16.0,0.8,3.0,17.359999,-0.51,15.5
-28.376944,24.303056,02-07-2015,80.9,5.7,0.30000000000000004,0.2,21.02,2.99,5.4
-29.744167,29.905833,03-07-2015,67.1,25.0,1.2000000000000002,10.8,20.13,4.49,25.6
-27.573056,24.746389,03-07-2015,82.8,4.5,0.2,0.3,20.55,2.76,4.3
-27.902778,24.615556,03-07-2015,84.1,5.800000000000001,0.30000000000000004,0.2,21.21,3.54,5.5
-25.99136,27.84208,06-07-2015,80.3,6.300000000000001,0.30000000000000004,4.2000003,20.43,3.11,6.5
-26.45,28.085833,06-07-2015,77.3,12.9,0.6000000000000001,2.4,19.66,1.55,12.400001
-22.225556,29.990556,07-07-2015,89.4,3.7,0.2,0.2,27.55,9.16,3.5
-23.658056,31.05,07-07-2015,75.700005,9.5,0.5,8.1,27.51,10.2699995,9.8
-27.363611,31.783333,07-07-2015,68.200005,18.8,0.9,11.3,25.93,10.91,19.1
-26.861111,28.884722,07-07-2015,74.5,20.5,1.0,2.7,18.72,-0.21,19.7
-27.00222,28.76528,07-07-2015,72.1,19.6,1.0,2.5,18.73,-0.51,18.800001
-27.3,28.586944,07-07-2015,71.4,15.9,0.8,3.3,18.56,-0.88,15.400001
-31.396,29.2651,07-07-2015,74.1,84.4,4.2,12.2,21.15,10.849999,74.1
-31.554722,29.245556,07-07-2015,81.5,86.30000000000001,4.3,8.900001,21.23,11.15,81.5
-34.031944,22.053333,07-07-2015,62.4,53.400000000000006,2.7,1.1,19.47,8.46,50.7
-25.45963889,28.26430556,07-07-2015,88.4,8.5,0.4,5.6,23.9,4.43,8.8
-25.81048333,27.90955222,08-07-2015,84.1,6.300000000000001,0.30000000000000004,4.4,21.869999,3.78,6.4
-29.641944,30.6875,08-07-2015,69.4,35.800000000000004,1.8,9.5,22.71,10.16,35.3
-23.23572222,27.717,08-07-2015,95.4,7.5,0.4,0.4,26.42,5.45,7.1
-24.670833,28.560833,08-07-2015,83.9,6.0,0.30000000000000004,7.5,23.46,4.02,6.7000003
-22.91028,29.61111,08-07-2015,88.1,5.1000000000000005,0.30000000000000004,5.6,26.18,7.73,5.6
-26.970278,27.211111,08-07-2015,79.3,9.4,0.5,1.6,19.58,2.04,9.0
-27.38972222,26.46388889,08-07-2015,82.5,12.100000000000001,0.6000000000000001,0.5,20.289999,2.47,11.5
-30.534167,24.961944,08-07-2015,52.7,24.200000000000003,1.2000000000000002,0.0,13.679999,-0.85999995,23.0
-30.570833,29.150556,08-07-2015,61.0,36.1,1.8,3.5,16.59,2.36,34.600002
-31.104278,29.399722,08-07-2015,66.4,69.3,3.5,9.3,19.42,7.8799996,65.9
-30.77586667,29.03221667,08-07-2015,65.1,42.1,2.1,2.5,18.939999,5.83,40.2
-34.039722,22.133333,08-07-2015,61.9,55.7,2.8000000000000003,1.2,19.64,8.94,53.0
-34.02861,22.22222,08-07-2015,62.0,59.800000000000004,3.0,1.2,19.41,9.03,56.9
-32.94583,18.33667,03-12-2015,198.90001,7.2,0.4,5.9,29.56,15.79,7.8
-33.464444,18.740556,20-07-2011,75.3,58.7,2.9000000000000004,26.5,19.17,6.7999997,64.8
-33.464444,18.740556,17-08-2011,94.1,22.8,1.1,16.7,20.91,8.8,31.5
-33.464444,18.740556,14-09-2011,94.1,22.8,1.1,16.7,20.91,8.8,31.5
-33.464444,18.740556,12-10-2011,136.7,13.5,0.7000000000000001,12.5,24.0,11.04,17.1
-33.464444,18.740556,09-11-2011,167.90001,27.1,1.4000000000000001,10.0,25.67,12.179999,28.2
-33.464444,18.740556,26-06-2012,46.7,82.60000000000001,11.700000000000001,57.3,16.539999,5.98,46.7
-33.464444,18.740556,24-07-2012,64.8,92.4,27.6,57.3,16.77,6.74,64.8
-27.01011111,26.69808333,09-07-2015,82.0,7.7,0.4,0.5,20.0,2.97,7.4
-33.464444,18.740556,18-09-2012,137.90001,28.900000000000002,1.4000000000000001,19.4,23.41,11.53,44.9
-33.464444,18.740556,16-10-2012,137.90001,28.900000000000002,1.4000000000000001,19.4,23.41,11.53,44.9
-33.464444,18.740556,15-11-2012,178.90001,8.8,0.4,13.8,27.47,13.44,13.900001
-24.282222,28.090278,09-07-2015,85.5,11.200000000000001,0.6000000000000001,7.5,23.869999,2.73,11.6
-33.464444,18.740556,24-07-2013,65.5,147.3,75.60000000000001,57.3,17.22,7.29,65.5
-33.464444,18.740556,21-08-2013,83.5,66.60000000000001,3.3000000000000003,44.5,18.3,7.85,76.0
-33.464444,18.740556,11-09-2013,83.5,66.60000000000001,3.3000000000000003,44.5,18.3,7.85,76.0
-33.464444,18.740556,09-10-2013,134.6,17.2,0.9,20.5,23.81,11.98,40.4
-33.464444,18.740556,06-11-2013,174.3,9.3,0.5,14.3,27.26,14.07,15.0
-33.464444,18.740556,27-11-2013,209.6,9.9,0.5,11.2,29.83,16.51,12.6
-33.464444,18.740556,16-07-2014,49.8,95.10000000000001,33.800000000000004,57.3,17.75,7.23,49.8
-33.464444,18.740556,27-08-2014,96.5,30.700000000000003,1.5,21.1,21.74,9.59,65.4
-33.464444,18.740556,01-10-2014,159.2,3.8000000000000003,0.2,14.6,26.74,12.19,10.1
-33.464444,18.740556,29-10-2014,172.2,24.8,1.2000000000000002,11.3,26.8,13.679999,26.800001
-23.23572222,27.717,09-07-2015,95.4,7.5,0.4,0.4,26.42,5.45,7.1
-33.464444,18.740556,23-07-2015,66.3,44.800000000000004,2.2,42.3,17.44,6.7999997,57.600002
-33.464444,18.740556,20-08-2015,93.700005,23.700000000000003,1.2000000000000002,20.2,21.689999,10.099999,44.600002
-33.464444,18.740556,17-09-2015,146.7,4.4,0.2,14.2,26.01,12.99,10.2
-26.648056,27.089444,09-07-2015,80.6,8.200000000000001,0.4,1.8000001,20.0,2.1399999,7.9
-26.880278,26.965,09-07-2015,80.3,9.9,0.5,1.5,20.119999,2.61,9.400001
-26.98472222,26.63227778,09-07-2015,82.1,7.9,0.4,0.5,19.84,2.9099998,7.5
-31.031389,28.883333,09-07-2015,66.4,43.300000000000004,2.2,3.0,19.039999,5.83,41.3
-33.72266667,18.61691667,11-06-2014,50.0,107.2,5.4,57.7,18.449999,8.13,50.0
-30.86013889,29.07125,09-07-2015,65.0,42.900000000000006,2.1,2.7,19.119999,6.0,40.9
-33.970833,22.548333,20-01-2011,116.4,17.2,0.9,4.1,25.63,17.97,16.7
-33.970833,22.548333,28-02-2011,113.9,28.3,1.4000000000000001,3.8,25.84,16.13,27.2
-33.970833,22.548333,04-04-2011,83.6,20.6,1.0,3.6000001,22.42,12.71,19.9
-33.970833,22.548333,03-05-2011,74.5,29.1,1.5,3.3,22.66,12.9,27.9
-33.970833,22.548333,05-07-2011,56.7,91.7,35.0,53.9,18.68,8.78,56.7
-33.970833,22.548333,31-08-2011,92.700005,8.6,0.4,19.6,20.26,10.07,35.100002
-33.970833,22.548333,14-09-2011,92.700005,8.6,0.4,19.6,20.26,10.07,35.100002
-33.970833,22.548333,11-10-2011,114.6,32.800000000000004,1.6,13.6,21.27,11.679999,37.100002
-33.970833,22.548333,25-11-2011,146.0,36.5,1.8,8.7,23.75,14.929999,36.5
-33.970833,22.548333,20-01-2012,120.700005,37.1,1.9000000000000001,6.5,25.199999,16.6,36.2
-33.970833,22.548333,20-03-2012,84.9,38.800000000000004,1.9000000000000001,5.2000003,23.449999,11.469999,37.4
-34.005833,22.351111,09-07-2015,60.7,66.0,3.3000000000000003,3.4,19.07,9.32,60.7
-33.970833,22.548333,09-07-2012,56.100002,105.30000000000001,8.700000000000001,53.9,17.58,6.72,56.100002
-33.970833,22.548333,17-08-2012,87.3,14.3,0.7000000000000001,19.300001,19.15,9.17,36.100002
-33.970833,22.548333,19-09-2012,97.4,113.80000000000001,5.7,30.0,19.96,11.74,97.4
-33.970833,22.548333,17-10-2012,133.40001,34.800000000000004,1.7000000000000002,17.2,23.039999,13.58,45.9
-33.970833,22.548333,23-11-2012,136.1,17.900000000000002,0.9,12.5,24.779999,16.09,21.7
-33.970833,22.548333,13-12-2012,136.1,17.900000000000002,0.9,12.5,24.779999,16.09,21.7
-33.970833,22.548333,30-01-2013,127.8,43.800000000000004,2.2,8.3,25.939999,16.699999,43.2
-33.970833,22.548333,13-02-2013,127.8,43.800000000000004,2.2,8.3,25.939999,16.699999,43.2
-22.43772222,31.07805556,10-07-2015,84.4,2.7,0.1,6.4,29.269999,11.09,3.3
-33.970833,22.548333,19-06-2013,65.3,28.8,1.4000000000000001,4.6,20.41,9.98,27.800001
-33.970833,22.548333,19-07-2013,78.6,71.60000000000001,3.6,4.2000003,19.06,8.19,68.4
-33.970833,22.548333,21-08-2013,90.1,9.9,0.5,3.9,19.01,8.389999,9.7
-33.970833,22.548333,20-09-2013,108.200005,134.5,6.7,23.4,21.16,11.95,108.200005
-33.970833,22.548333,17-10-2013,126.5,79.60000000000001,4.0,15.2,23.17,14.009999,83.9
-33.970833,22.548333,05-11-2013,126.5,79.60000000000001,4.0,15.2,23.17,14.009999,83.9
-33.970833,22.548333,08-11-2013,126.5,79.60000000000001,4.0,15.2,23.17,14.009999,83.9
-33.970833,22.548333,15-01-2014,141.2,92.2,4.6000000000000005,9.3,25.699999,17.99,89.8
-33.970833,22.548333,05-03-2014,108.5,40.2,2.0,6.7000003,23.859999,15.059999,39.2
-33.970833,22.548333,02-04-2014,81.4,81.9,4.1000000000000005,6.3,23.55,13.009999,78.3
-33.970833,22.548333,08-05-2014,79.700005,31.3,1.6,5.6,22.699999,12.0,30.5
-28.7115,24.07288889,13-07-2015,79.5,5.6000000000000005,0.30000000000000004,0.2,20.66,2.55,5.3
-33.970833,22.548333,09-07-2014,66.200005,15.9,0.8,4.6,19.949999,8.95,15.6
-33.970833,22.548333,06-08-2014,76.700005,26.3,1.3,4.2000003,20.34,10.0,25.300001
-33.970833,22.548333,03-09-2014,93.4,60.300000000000004,3.0,3.9,21.46,10.62,57.600002
-33.970833,22.548333,08-10-2014,121.200005,10.600000000000001,0.5,3.6000001,22.88,12.54,10.3
-33.970833,22.548333,07-01-2015,155.6,27.200000000000003,1.4000000000000001,3.0,26.17,16.81,26.0
-33.970833,22.548333,04-02-2015,122.700005,27.8,1.4000000000000001,2.8,25.029999,15.429999,26.6
-33.970833,22.548333,05-03-2015,114.6,31.400000000000002,1.6,2.7,25.72,15.87,30.0
-33.970833,22.548333,08-04-2015,78.200005,62.6,3.1,2.6000001,22.289999,12.429999,59.600002
-33.970833,22.548333,07-05-2015,75.4,25.1,1.3,2.5,23.01,12.09,24.0
-33.970833,22.548333,02-06-2015,62.0,64.60000000000001,3.2,2.4,19.689999,9.559999,61.4
-33.970833,22.548333,08-07-2015,57.600002,73.0,3.6,14.1,18.41,9.58,57.600002
-33.970833,22.548333,05-08-2015,69.4,36.9,1.8,10.900001,18.33,7.8799996,38.3
-33.970833,22.548333,02-09-2015,87.4,93.0,4.7,11.900001,20.77,10.94,87.4
-33.970833,22.548333,06-10-2015,120.1,38.400000000000006,1.9000000000000001,9.5,23.109999,13.46,38.8
-33.970833,22.548333,04-11-2015,126.9,87.0,4.3,8.0,22.449999,12.91,84.200005
-33.970833,22.548333,03-12-2015,154.6,16.1,0.8,6.9,25.99,16.72,16.4
-34.005833,22.351111,21-01-2011,118.3,15.100000000000001,0.8,3.3,25.76,17.99,14.6
-34.005833,22.351111,11-02-2011,118.3,15.100000000000001,0.8,3.3,25.76,17.99,14.6
-34.005833,22.351111,17-03-2011,85.4,19.700000000000003,1.0,2.9,22.67,12.66,18.9
-34.005833,22.351111,19-04-2011,76.3,25.1,1.3,2.8,23.019999,12.809999,24.0
-34.005833,22.351111,17-05-2011,65.700005,129.70000000000002,15.200000000000001,51.600002,19.74,9.51,65.700005
-34.005833,22.351111,21-06-2011,59.600002,83.2,23.6,51.600002,19.43,8.5199995,59.600002
-24.679167,30.8025,13-07-2015,73.3,24.6,1.2000000000000002,22.0,21.359999,5.5699997,28.7
-34.005833,22.351111,12-10-2011,117.200005,27.400000000000002,1.4000000000000001,12.900001,21.41,11.639999,31.6
-29.7775,29.470833,13-07-2015,59.5,23.700000000000003,1.2000000000000002,6.9,16.63,-0.12,24.0
-29.744167,29.905833,13-07-2015,67.1,25.0,1.2000000000000002,10.8,20.13,4.49,25.6
-29.160278,26.573333,13-07-2015,70.6,15.5,0.8,0.4,17.91,0.37,14.7
-34.005833,22.351111,26-06-2012,60.100002,94.80000000000001,4.7,37.100002,18.34,6.5899997,60.100002
-34.005833,22.351111,18-07-2012,75.200005,54.400000000000006,2.7,25.0,18.859999,8.13,63.7
-29.1825,23.575556,13-07-2015,75.8,7.4,0.4,0.0,19.74,2.82,7.0
-25.127778,27.628889,14-07-2015,89.8,12.600000000000001,0.6000000000000001,4.1,23.73,4.12,12.3
-24.39619444,27.08983333,14-07-2015,90.200005,7.300000000000001,0.4,1.7,23.93,4.46,6.9
-24.69514,27.40906,14-07-2015,88.700005,11.600000000000001,0.6000000000000001,2.2,23.23,4.38,11.1
-28.69485,28.23487,14-07-2015,63.4,15.200000000000001,0.8,2.6000001,16.3,0.84,14.7
-34.005833,22.351111,05-04-2013,87.1,24.0,1.2000000000000002,4.9,23.21,11.49,23.300001
-28.883333,27.89,14-07-2015,60.3,14.100000000000001,0.7000000000000001,2.8,15.83,-0.089999996,13.7
-34.005833,22.351111,04-07-2013,69.0,26.400000000000002,1.3,3.8,21.07,9.719999,25.4
-34.005833,22.351111,06-08-2013,79.4,67.5,3.4000000000000004,3.5,19.18,8.059999,64.4
-24.183889,30.823889,15-07-2015,80.8,8.1,0.4,9.400001,27.56,10.179999,8.900001
-25.20639,27.558,15-07-2015,89.0,12.700000000000001,0.6000000000000001,3.2,23.48,4.1,12.2
-34.005833,22.351111,04-12-2013,147.1,13.9,0.7000000000000001,2.7,24.74,15.7,13.3
-34.005833,22.351111,22-01-2014,125.700005,23.200000000000003,1.2000000000000002,2.5,26.34,17.96,22.2
-34.005833,22.351111,20-02-2014,110.0,36.9,1.8,2.3,24.16,14.88,35.2
-22.769722,30.886944,15-07-2015,82.9,6.7,0.30000000000000004,10.1,27.59,11.719999,7.6
-34.005833,22.351111,03-04-2014,82.3,76.60000000000001,3.8000000000000003,2.2,23.8,13.059999,72.9
-28.404444,30.013056,15-07-2015,70.200005,15.0,0.8,4.4,21.369999,4.16,14.8
-30.733889,29.828333,15-07-2015,64.3,51.900000000000006,2.6,10.8,19.38,7.43,51.5
-30.160091,27.40124,15-07-2015,59.4,20.0,1.0,0.6,15.089999,1.3,19.0
-30.336111,27.359444,15-07-2015,58.2,22.700000000000003,1.1,0.6,14.7,0.76,21.6
-29.615556,27.065278,15-07-2015,66.700005,19.900000000000002,1.0,0.5,16.63,0.81,19.0
-34.005833,22.351111,04-11-2014,121.3,88.4,4.4,1.7,22.35,13.0199995,84.1
-34.005833,22.351111,03-12-2014,146.0,29.3,1.5,1.7,24.9,15.299999,27.9
-28.058889,30.373611,15-07-2015,68.200005,17.8,0.9,5.6,20.26,4.13,17.6
-30.830556,26.921389,16-07-2015,59.4,30.5,1.5,0.5,15.07,0.39,29.0
-34.005833,22.351111,10-04-2015,80.200005,54.5,2.7,1.5,22.6,12.45,51.8
-27.937778,31.209444,16-07-2015,67.1,14.700000000000001,0.7000000000000001,9.3,23.07,9.57,15.3
-34.005833,22.351111,04-06-2015,61.0,61.400000000000006,3.1,1.4,20.16,9.5,58.4
-27.5275,30.858056,16-07-2015,69.0,12.3,0.6000000000000001,8.400001,21.5,6.14,12.900001
-30.13573889,30.67422222,16-07-2015,75.5,72.8,3.6,11.900001,22.74,13.09,70.1
-30.398056,30.601944,16-07-2015,79.6,88.9,4.4,18.0,22.55,13.71,79.6
-27.02314,28.59389,16-07-2015,75.1,19.5,1.0,2.5,19.14,-0.24,18.7
-27.273889,28.49,16-07-2015,71.6,16.400000000000002,0.8,3.2,18.67,-0.84,15.900001
-27.935,26.126667,16-07-2015,81.3,11.0,0.6000000000000001,0.5,19.42,0.84,10.5
-28.141944,26.417778,16-07-2015,73.4,13.9,0.7000000000000001,0.5,18.3,1.09,13.2
-28.1175,26.719444,16-07-2015,75.8,12.100000000000001,0.6000000000000001,0.4,18.58,1.99,11.5
-31.000833,26.353056,16-07-2015,59.7,33.2,1.7000000000000002,0.3,14.86,-0.7,31.6
-30.679722,26.7125,16-07-2015,63.0,27.700000000000003,1.4000000000000001,0.4,16.44,1.0,26.4
-30.534167,24.961944,16-07-2015,52.7,24.200000000000003,1.2000000000000002,0.0,13.679999,-0.85999995,23.0
-29.744167,29.905833,17-07-2015,91.700005,14.100000000000001,0.7000000000000001,9.400001,22.3,4.0099998,14.8
-27.902778,24.615556,17-07-2015,117.9,19.400000000000002,1.0,0.2,23.949999,2.04,18.4
-29.803611,30.516111,17-07-2015,87.6,20.3,1.0,8.8,22.869999,7.29,20.4
-27.01011111,26.69808333,20-07-2015,111.9,20.1,1.0,0.5,23.01,2.46,19.1
-29.140556,31.391944,20-07-2015,86.8,52.400000000000006,2.6,3.5,25.31,12.21,50.0
-25.99136,27.84208,20-07-2015,106.4,11.200000000000001,0.6000000000000001,3.8,23.51,3.77,11.0
-26.648056,27.089444,20-07-2015,109.200005,22.3,1.1,1.7,23.1,2.33,21.300001
-26.880278,26.965,20-07-2015,110.9,21.6,1.1,1.5,23.019999,2.22,20.6
-26.73806,27.59194,20-07-2015,107.8,13.600000000000001,0.7000000000000001,1.9,22.56,2.1499999,13.0
-26.45,28.085833,20-07-2015,103.1,11.700000000000001,0.6000000000000001,2.3,22.99,2.47,11.2
-26.98472222,26.63227778,20-07-2015,112.4,20.400000000000002,1.0,0.5,23.199999,2.85,19.4
-32.502778,19.535833,20-07-2015,73.9,49.0,2.5,3.4,19.67,4.21,47.3
-34.065833,20.404167,21-07-2015,64.9,27.900000000000002,1.4000000000000001,8.0,19.449999,6.5,28.5
-31.860278,18.6875,21-07-2015,81.6,66.10000000000001,3.3000000000000003,0.4,20.73,6.45,62.8
-33.980556,21.653333,21-07-2015,63.3,25.700000000000003,1.3,0.8,19.539999,5.81,24.5
-26.006389,29.253889,21-07-2015,105.8,6.4,0.30000000000000004,5.4,24.029999,2.97,6.7000003
-28.801278,31.955389,21-07-2015,89.5,39.7,2.0,35.100002,25.869999,13.0199995,70.5
-27.00222,28.76528,21-07-2015,96.6,16.6,0.8,2.4,21.83,-0.08,15.900001
-27.38972222,26.46388889,21-07-2015,112.700005,20.8,1.0,0.5,23.55,1.68,19.7
-27.398611,26.614722,21-07-2015,113.8,20.6,1.0,0.5,23.699999,1.93,19.6
-34.092222,21.295278,21-07-2015,63.100002,28.5,1.4000000000000001,5.2000003,19.34,5.13,28.1
-31.5653,18.3306,21-07-2015,82.9,62.800000000000004,3.1,0.2,20.92,7.68,59.600002
-27.4,26.624722,21-07-2015,113.8,20.6,1.0,0.5,23.699999,1.93,19.6
-25.81048333,27.90955222,22-07-2015,108.0,9.200000000000001,0.5,4.0,24.81,4.5,9.1
-28.747778,31.745833,22-07-2015,92.8,44.6,2.2,21.800001,26.18,12.259999,63.5
-26.970278,27.211111,22-07-2015,111.4,20.0,1.0,1.5,23.189999,2.29,19.1
-26.880278,26.965,22-07-2015,110.9,21.6,1.1,1.5,23.019999,2.22,20.6
-27.273889,28.49,22-07-2015,96.700005,25.0,1.3,3.0,21.8,-0.5,24.0
-28.141944,26.417778,22-07-2015,106.8,21.5,1.1,0.4,22.0,0.65,20.4
-28.1175,26.719444,22-07-2015,107.200005,20.400000000000002,1.0,0.4,22.0,1.3,19.4
-34.250556,20.9925,22-07-2015,65.9,27.700000000000003,1.4000000000000001,10.400001,19.08,6.2599998,28.7
-34.405833,19.600556,22-07-2015,60.4,32.300000000000004,1.6,37.100002,16.02,7.2799997,49.5
-33.38056,19.30167,22-07-2015,66.0,55.6,2.8000000000000003,44.5,15.95,3.8799999,61.2
-33.08883333,19.21878333,22-07-2015,65.0,54.5,2.7,23.5,15.45,2.9299998,57.600002
-24.95861111,29.39527778,23-07-2015,110.6,1.7000000000000002,0.1,3.6000001,28.31,6.3799996,2.0
-33.7075,18.97444444,23-07-2015,68.200005,49.1,2.5,59.100002,17.96,6.91,60.3
-25.57877778,29.12747222,23-07-2015,111.8,3.6,0.2,4.8,27.019999,5.12,3.9
-33.897778,20.012778,23-07-2015,68.4,31.8,1.6,10.8,19.05,5.79,36.7
-26.619444,27.980833,27-07-2015,103.3,12.200000000000001,0.6000000000000001,2.1000001,22.869999,2.24,11.7
-25.127778,27.628889,28-07-2015,114.200005,12.0,0.6000000000000001,3.8,26.849998,5.43,11.7
-25.20639,27.558,28-07-2015,114.5,10.8,0.5,3.1000001,26.539999,5.1,10.400001
-24.69514,27.40906,28-07-2015,115.4,9.700000000000001,0.5,2.1000001,26.619999,6.29,9.3
-28.44555556,32.325,25-08-2015,100.8,73.3,3.7,19.0,25.189999,16.27,78.1
-27.169444,29.233889,28-07-2015,93.4,14.700000000000001,0.7000000000000001,2.1000001,21.369999,0.39999998,14.1
-27.935,26.126667,28-07-2015,108.1,24.200000000000003,1.2000000000000002,0.5,22.5,0.19,23.0
-28.141944,26.417778,28-07-2015,106.8,21.5,1.1,0.4,22.0,0.65,20.4
-28.1175,26.719444,28-07-2015,107.200005,20.400000000000002,1.0,0.4,22.0,1.3,19.4
-27.398611,26.614722,28-07-2015,113.8,20.6,1.0,0.5,23.699999,1.93,19.6
-27.671111,27.236944,28-07-2015,111.200005,22.8,1.1,0.5,23.119999,1.55,21.6
-28.69485,28.23487,28-07-2015,92.700005,35.0,1.8,2.4,19.3,0.45999998,33.5
-33.501667,21.624167,28-07-2015,79.6,20.5,1.0,0.1,18.6,3.82,19.5
-33.31388889,19.07472222,28-07-2015,67.9,55.7,2.8000000000000003,58.3,18.35,6.37,62.4
-28.338333,31.373611,28-07-2015,93.0,9.1,0.5,6.3,25.08,9.809999,9.400001
-28.068333,31.55,28-07-2015,90.6,2.9000000000000004,0.1,6.3,26.769999,11.34,3.5
-28.308889,31.9025,28-07-2015,85.0,8.200000000000001,0.4,19.5,26.43,12.55,20.7
-27.4,26.624722,28-07-2015,113.8,20.6,1.0,0.5,23.699999,1.93,19.6
-29.161667,23.696389,29-07-2015,109.9,27.400000000000002,1.4000000000000001,0.1,22.369999,1.77,26.1
-27.602222,29.942778,29-07-2015,100.200005,10.8,0.5,4.8,24.43,4.12,10.8
-27.802778,28.768333,29-07-2015,92.700005,24.8,1.2000000000000002,2.7,20.609999,-0.48999998,23.800001
-33.13083,18.86278,29-07-2015,64.200005,51.300000000000004,2.6,48.4,18.539999,6.98,58.100002
-26.03611,30.99778,30-07-2015,100.6,0.9,0.0,16.7,25.67,8.67,3.3
-28.75,30.442778,30-07-2015,94.6,15.3,0.8,3.9,25.439999,7.31,15.0
-29.161667,30.629722,30-07-2015,85.6,20.8,1.0,7.3,21.6,6.62,20.7
-27.02314,28.59389,30-07-2015,99.9,17.7,0.9,2.4,22.439999,0.32999998,16.9
-27.273889,28.49,30-07-2015,96.700005,25.0,1.3,3.0,21.8,-0.5,24.0
-27.4275,28.525833,30-07-2015,95.700005,25.6,1.3,3.1000001,21.449999,-0.64,24.6
-27.3,28.586944,30-07-2015,96.8,24.900000000000002,1.2000000000000002,3.1000001,21.74,-0.44,23.9
-27.573056,24.746389,30-07-2015,117.200005,18.400000000000002,0.9,0.3,23.8,1.89,17.5
-28.460833,21.248889,30-07-2015,123.200005,28.200000000000003,1.4000000000000001,0.0,23.56,3.84,26.800001
-32.94583,18.33667,30-07-2015,65.8,44.400000000000006,2.2,14.6,18.38,7.7,52.2
-29.641944,30.6875,31-07-2015,88.200005,26.200000000000003,1.3,8.5,23.85,9.19,25.9
-24.95861111,29.39527778,31-07-2015,110.6,1.7000000000000002,0.1,3.6000001,28.31,6.3799996,2.0
-28.141944,26.417778,31-07-2015,106.8,21.5,1.1,0.4,22.0,0.65,20.4
-28.1175,26.719444,31-07-2015,107.200005,20.400000000000002,1.0,0.4,22.0,1.3,19.4
-27.902778,24.615556,31-07-2015,117.9,19.400000000000002,1.0,0.2,23.949999,2.04,18.4
-25.99136,27.84208,03-08-2015,106.4,11.200000000000001,0.6000000000000001,3.8,23.51,3.77,11.0
-26.73806,27.59194,03-08-2015,107.8,13.600000000000001,0.7000000000000001,1.9,22.56,2.1499999,13.0
-26.45,28.085833,03-08-2015,103.1,11.700000000000001,0.6000000000000001,2.3,22.99,2.47,11.2
-29.160278,26.573333,03-08-2015,100.200005,21.700000000000003,1.1,0.4,20.6,-0.76,20.6
-31.396,29.2651,03-08-2015,94.1,14.200000000000001,0.7000000000000001,9.6,22.109999,10.0199995,16.2
-31.554722,29.245556,03-08-2015,96.8,14.200000000000001,0.7000000000000001,7.5,21.75,9.86,14.900001
-26.861111,28.884722,04-08-2015,97.9,12.4,0.6000000000000001,2.6000001,21.89,0.28,11.900001
-27.00222,28.76528,04-08-2015,96.6,16.6,0.8,2.4,21.83,-0.08,15.900001
-26.970278,27.211111,04-08-2015,111.4,20.0,1.0,1.5,23.189999,2.29,19.1
-26.880278,26.965,04-08-2015,110.9,21.6,1.1,1.5,23.019999,2.22,20.6
-28.69485,28.23487,04-08-2015,92.700005,35.0,1.8,2.4,19.3,0.45999998,33.5
-29.615556,27.065278,04-08-2015,97.0,24.200000000000003,1.2000000000000002,0.5,19.41,0.06,23.0
-28.883333,27.89,04-08-2015,92.700005,32.1,1.6,2.6000001,19.16,-0.03,30.7
-30.568333,29.422778,04-08-2015,90.4,9.8,0.5,5.5,19.65,2.1499999,9.900001
-30.570833,29.150556,04-08-2015,93.8,9.8,0.5,3.2,19.529999,2.21,9.5
-31.104278,29.399722,04-08-2015,88.6,12.4,0.6000000000000001,7.9,21.34,7.69,13.2
-34.031944,22.053333,04-08-2015,69.8,27.8,1.4000000000000001,1.1,19.16,7.17,26.4
-34.039722,22.133333,04-08-2015,70.3,28.5,1.4000000000000001,1.1,19.189999,7.6,27.1
-25.45963889,28.26430556,04-08-2015,112.5,7.800000000000001,0.4,5.1,26.88,5.25,7.9
-27.01011111,26.69808333,05-08-2015,111.9,20.1,1.0,0.5,23.01,2.46,19.1
-25.81048333,27.90955222,05-08-2015,108.0,9.200000000000001,0.5,4.0,24.81,4.5,9.1
-24.670833,28.560833,05-08-2015,111.200005,1.8,0.1,6.7000003,26.8,5.52,2.4
-25.73411,27.21422,05-08-2015,112.200005,20.6,1.0,2.3,24.49,3.86,19.7
-26.648056,27.089444,05-08-2015,109.200005,22.3,1.1,1.7,23.1,2.33,21.300001
-26.98472222,26.63227778,05-08-2015,112.4,20.400000000000002,1.0,0.5,23.199999,2.85,19.4
-27.935,26.126667,05-08-2015,108.1,24.200000000000003,1.2000000000000002,0.5,22.5,0.19,23.0
-30.160091,27.40124,05-08-2015,93.8,27.1,1.4000000000000001,0.6,18.88,1.3199999,25.7
-30.336111,27.359444,05-08-2015,92.5,28.8,1.4000000000000001,0.6,18.699999,1.05,27.300001
-28.768056,20.720556,05-08-2015,120.700005,19.8,1.0,0.0,23.859999,4.61,18.800001
-31.031389,28.883333,05-08-2015,93.8,11.5,0.6000000000000001,2.8,20.96,5.17,11.1
-30.86013889,29.07125,05-08-2015,95.5,11.100000000000001,0.6000000000000001,2.5,21.14,5.2799997,10.7
-30.77586667,29.03221667,05-08-2015,97.6,11.600000000000001,0.6000000000000001,2.4,21.09,5.08,11.2
-34.02861,22.22222,05-08-2015,70.3,30.5,1.5,1.2,18.85,7.5699997,29.0
-30.830556,26.921389,06-08-2015,89.5,27.5,1.4000000000000001,0.5,18.33,0.26999998,26.1
-22.769722,30.886944,06-08-2015,103.1,0.1,0.0,9.1,29.519999,12.75,1.1
-26.905,32.324722,06-08-2015,91.8,1.9000000000000001,0.1,3.6000001,29.46,12.7699995,1.9
-28.141944,26.417778,06-08-2015,106.8,21.5,1.1,0.4,22.0,0.65,20.4
-31.000833,26.353056,06-08-2015,87.200005,31.8,1.6,0.3,17.75,-0.74,30.2
-30.679722,26.7125,06-08-2015,90.9,27.0,1.3,0.4,18.99,0.19,25.6
-30.534167,24.961944,06-08-2015,87.6,30.3,1.5,0.0,17.42,-1.12,28.7
-23.658056,31.05,07-08-2015,97.5,0.2,0.0,7.4,29.76,12.03,0.90000004
-23.838611,31.640833,07-08-2015,95.6,0.30000000000000004,0.0,11.2,30.13,11.59,1.3000001
-24.058889,31.237222,07-08-2015,95.6,0.30000000000000004,0.0,9.6,29.57,12.21,1.3000001
-29.7775,29.470833,10-08-2015,87.5,19.200000000000003,1.0,5.9,19.199999,0.32,19.300001
-29.987778,29.851667,10-08-2015,89.3,13.8,0.7000000000000001,10.6,21.74,3.99,14.8
-24.69514,27.40906,11-08-2015,115.4,9.700000000000001,0.5,2.1000001,26.619999,6.29,9.3
-24.99328,30.81444,11-08-2015,94.1,0.4,0.0,25.7,23.0,5.31,5.9
-30.733889,29.828333,11-08-2015,91.8,13.0,0.6000000000000001,9.2,21.699999,7.41,13.900001
-25.127778,27.628889,12-08-2015,114.200005,12.0,0.6000000000000001,3.8,26.849998,5.43,11.7
-25.20639,27.558,12-08-2015,114.5,10.8,0.5,3.1000001,26.539999,5.1,10.400001
-24.768889,31.39,12-08-2015,85.700005,0.7000000000000001,0.0,11.6,28.51,11.42,2.0
-24.9675,31.516667,12-08-2015,88.5,0.7000000000000001,0.0,11.400001,28.18,10.889999,1.9
-27.937778,31.209444,12-08-2015,94.9,2.4000000000000004,0.1,8.3,25.33,9.2699995,3.4
-28.404444,30.013056,12-08-2015,97.3,18.8,0.9,4.0,24.3,4.6,18.300001
-30.398056,30.601944,12-08-2015,91.1,25.700000000000003,1.3,14.400001,23.029999,12.36,27.9
-28.141944,26.417778,12-08-2015,106.8,21.5,1.1,0.4,22.0,0.65,20.4
-28.1175,26.719444,12-08-2015,107.200005,20.400000000000002,1.0,0.4,22.0,1.3,19.4
-27.671111,27.236944,12-08-2015,111.200005,22.8,1.1,0.5,23.119999,1.55,21.6
-28.058889,30.373611,12-08-2015,95.9,15.700000000000001,0.8,5.0,23.71,4.8199997,15.5
-30.13573889,30.67422222,13-08-2015,87.5,28.1,1.4000000000000001,10.3,23.17,11.79,28.300001
-27.38972222,26.46388889,13-08-2015,112.700005,20.8,1.0,0.5,23.55,1.68,19.7
-27.398611,26.614722,13-08-2015,113.8,20.6,1.0,0.5,23.699999,1.93,19.6
-27.902778,24.615556,13-08-2015,117.9,19.400000000000002,1.0,0.2,23.949999,2.04,18.4
-27.4,26.624722,13-08-2015,113.8,20.6,1.0,0.5,23.699999,1.93,19.6
-29.744167,29.905833,14-08-2015,91.700005,14.100000000000001,0.7000000000000001,9.400001,22.3,4.0099998,14.8
-29.380556,30.2775,17-08-2015,104.700005,37.2,1.9000000000000001,7.4,24.08,9.16,36.100002
-26.73806,27.59194,17-08-2015,140.3,40.5,2.0,1.8000001,25.789999,8.69,38.5
-26.45,28.085833,17-08-2015,136.40001,39.6,2.0,2.2,25.64,8.8,37.8
-28.760833,17.730278,18-08-2015,147.2,0.5,0.0,0.0,29.13,14.17,0.4
-29.140556,31.391944,18-08-2015,103.3,64.8,3.2,3.3,25.98,15.339999,61.7
-31.860278,18.6875,18-08-2015,113.700005,4.800000000000001,0.2,0.4,24.15,9.75,4.6
-24.679167,30.8025,18-08-2015,119.1,37.800000000000004,1.9000000000000001,16.0,24.529999,9.809999,38.4
-25.99136,27.84208,18-08-2015,138.5,38.800000000000004,1.9000000000000001,3.5,26.41,9.75,37.100002
-28.801278,31.955389,18-08-2015,104.0,68.3,3.4000000000000004,20.9,26.08,15.679999,79.0
-27.937778,31.209444,18-08-2015,110.8,41.0,2.1,7.4,26.3,12.83,39.8
-26.861111,28.884722,18-08-2015,125.4,37.1,1.9000000000000001,2.5,24.51,6.3799996,35.4
-27.00222,28.76528,18-08-2015,124.8,39.5,2.0,2.2,24.71,6.3999996,37.600002
-26.970278,27.211111,18-08-2015,145.5,37.6,1.9000000000000001,1.5,26.49,8.99,35.8
-26.880278,26.965,18-08-2015,146.2,38.0,1.9000000000000001,1.4,26.59,9.2,36.100002
-30.160091,27.40124,18-08-2015,121.200005,21.3,1.1,0.6,23.71,7.3799996,20.300001
-34.092222,21.295278,18-08-2015,88.9,51.2,2.6,4.5,22.369999,9.29,49.4
-33.818056,19.694722,18-08-2015,99.200005,32.6,1.6,11.900001,22.67,9.5,38.4
-31.5653,18.3306,18-08-2015,111.6,3.2,0.2,0.2,24.32,10.78,3.0
-22.91028,29.61111,19-08-2015,135.7,15.700000000000001,0.8,4.6,28.199999,12.58,15.3
-25.73411,27.21422,19-08-2015,145.3,44.300000000000004,2.2,2.2,27.26,9.639999,42.2
-26.006389,29.253889,19-08-2015,133.2,37.4,1.9000000000000001,4.9,25.96,8.4,36.0
-24.058889,31.237222,19-08-2015,118.4,22.0,1.1,8.7,28.9,14.559999,21.800001
-28.747778,31.745833,19-08-2015,105.700005,63.7,3.2,15.400001,26.68,15.5,66.8
-26.648056,27.089444,19-08-2015,144.40001,42.1,2.1,1.7,26.47,8.88,40.100002
-27.273889,28.49,19-08-2015,126.0,43.900000000000006,2.2,2.8,24.869999,6.3399997,41.9
-26.98472222,26.63227778,19-08-2015,148.40001,36.6,1.8,0.5,26.72,9.62,34.8
-33.38056,19.30167,19-08-2015,91.9,23.1,1.2000000000000002,19.2,20.359999,7.21,47.2
-25.45963889,28.26430556,19-08-2015,143.3,31.0,1.6,4.6,29.019999,10.849999,29.9
-25.81048333,27.90955222,20-08-2015,139.1,32.2,1.6,3.7,27.56,10.58,30.9
-24.183889,30.823889,20-08-2015,124.8,20.6,1.0,7.6,28.699999,13.88,20.300001
-24.282222,28.090278,20-08-2015,142.90001,18.6,0.9,6.1,28.31,10.13,18.300001
-27.935,26.126667,20-08-2015,147.7,19.8,1.0,0.5,26.71,7.62,18.800001
-28.141944,26.417778,20-08-2015,145.2,17.5,0.9,0.4,26.34,7.8799996,16.6
-28.1175,26.719444,20-08-2015,147.2,19.3,1.0,0.4,26.39,8.42,18.4
-33.7075,18.97444444,20-08-2015,92.0,32.7,1.6,26.2,22.539999,10.44,64.0
-24.95861111,29.39527778,21-08-2015,140.7,25.1,1.3,3.3,29.38,10.92,24.2
-27.573056,24.746389,21-08-2015,153.3,17.5,0.9,0.3,28.5,9.3,16.6
-29.380556,30.2775,22-08-2015,104.700005,37.2,1.9000000000000001,7.4,24.08,9.16,36.100002
-28.735556,29.820556,24-08-2015,117.5,29.1,1.5,3.4,27.05,9.95,28.0
-28.308889,31.9025,24-08-2015,104.1,61.900000000000006,3.1,14.400001,26.92,15.83,63.9
-34.065833,20.404167,25-08-2015,87.8,33.300000000000004,1.7000000000000002,6.7000003,23.14,10.37,33.0
-25.127778,27.628889,25-08-2015,147.7,26.0,1.3,3.6000001,29.48,11.9,24.9
-25.20639,27.558,25-08-2015,148.1,26.700000000000003,1.3,2.9,29.25,11.75,25.5
-28.44555556,32.325,21-09-2015,139.0,114.10000000000001,5.7,14.8,28.49,17.94,112.700005
-26.619444,27.980833,25-08-2015,137.40001,37.7,1.9000000000000001,2.0,25.81,8.849999,35.9
-26.510278,28.351389,25-08-2015,134.8,36.800000000000004,1.8,2.7,25.689999,8.32,35.100002
-27.671111,27.236944,25-08-2015,143.1,28.5,1.4000000000000001,0.5,26.56,8.559999,27.0
-33.501667,21.624167,25-08-2015,100.1,34.300000000000004,1.7000000000000002,0.1,21.939999,7.0499997,32.600002
-33.31388889,19.07472222,25-08-2015,89.4,22.3,1.1,24.7,22.699999,9.65,54.9
-28.068333,31.55,25-08-2015,109.0,49.1,2.5,5.7000003,27.59,15.009999,47.3
-29.161667,23.696389,26-08-2015,139.90001,5.300000000000001,0.30000000000000004,0.1,27.05,8.809999,5.0
-28.7115,24.07288889,26-08-2015,144.5,8.1,0.4,0.2,28.25,8.53,7.7000003
-29.641944,30.6875,26-08-2015,104.0,45.5,2.3000000000000003,7.7000003,25.26,13.4,44.100002
-27.169444,29.233889,26-08-2015,122.9,40.6,2.0,2.0,24.22,6.3799996,38.7
-27.802778,28.768333,26-08-2015,121.0,36.5,1.8,2.5,23.8,5.91,34.9
-27.398611,26.614722,26-08-2015,151.8,27.8,1.4000000000000001,0.5,27.32,9.179999,26.4
-34.405833,19.600556,26-08-2015,83.9,40.5,2.0,19.1,19.41,10.4,56.5
-33.13083,18.86278,26-08-2015,88.8,16.6,0.8,22.300001,22.8,10.37,42.0
-27.4,26.624722,26-08-2015,151.8,27.8,1.4000000000000001,0.5,27.32,9.179999,26.4
-27.602222,29.942778,27-08-2015,127.9,39.300000000000004,2.0,4.4,26.39,9.21,37.8
-28.75,30.442778,27-08-2015,118.3,30.1,1.5,3.5,27.859999,12.42,28.9
-29.161667,30.629722,27-08-2015,104.700005,41.0,2.1,6.6,23.73,10.16,39.7
-32.94583,18.33667,27-08-2015,94.1,11.9,0.6000000000000001,10.6,21.99,10.78,15.400001
-23.838611,31.640833,28-08-2015,121.3,16.0,0.8,10.400001,29.75,14.08,16.0
-24.058889,31.237222,28-08-2015,118.4,22.0,1.1,8.7,28.9,14.559999,21.800001
-29.744167,29.905833,28-08-2015,104.3,33.7,1.7000000000000002,8.3,24.97,9.099999,33.0
-29.1825,23.575556,29-08-2015,138.2,4.7,0.2,0.0,27.14,9.05,4.5
-25.99136,27.84208,31-08-2015,138.5,38.800000000000004,1.9000000000000001,3.5,26.41,9.75,37.100002
-26.73806,27.59194,31-08-2015,140.3,40.5,2.0,1.8000001,25.789999,8.69,38.5
-26.45,28.085833,31-08-2015,136.40001,39.6,2.0,2.2,25.64,8.8,37.8
-27.363611,31.783333,01-09-2015,109.9,38.800000000000004,1.9000000000000001,9.5,28.08,14.79,37.7
-26.861111,28.884722,01-09-2015,125.4,37.1,1.9000000000000001,2.5,24.51,6.3799996,35.4
-27.00222,28.76528,01-09-2015,124.8,39.5,2.0,2.2,24.71,6.3999996,37.600002
-26.970278,27.211111,01-09-2015,145.5,37.6,1.9000000000000001,1.5,26.49,8.99,35.8
-27.273889,28.49,01-09-2015,126.0,43.900000000000006,2.2,2.8,24.869999,6.3399997,41.9
-27.4275,28.525833,01-09-2015,124.4,42.800000000000004,2.1,2.8,24.46,6.04,40.9
-27.3,28.586944,01-09-2015,124.200005,42.300000000000004,2.1,2.9,24.66,6.27,40.4
-27.935,26.126667,01-09-2015,147.7,19.8,1.0,0.5,26.71,7.62,18.800001
-31.396,29.2651,01-09-2015,103.9,50.6,2.5,7.9,24.32,13.73,49.7
-31.554722,29.245556,01-09-2015,104.6,52.900000000000006,2.6,6.5,23.64,13.12,51.3
-34.005833,22.351111,01-09-2015,88.8,83.60000000000001,4.2,3.0,20.96,10.8,79.6
-25.45963889,28.26430556,01-09-2015,143.3,31.0,1.6,4.6,29.019999,10.849999,29.9
-25.447222,30.711667,01-09-2015,121.700005,34.800000000000004,1.7000000000000002,16.800001,25.97,11.2,35.100002
-27.01011111,26.69808333,02-09-2015,148.0,36.0,1.8,0.5,26.64,9.429999,34.2
-25.81048333,27.90955222,02-09-2015,139.1,32.2,1.6,3.7,27.56,10.58,30.9
-25.436111,31.982222,02-09-2015,113.8,20.900000000000002,1.0,11.6,29.0,14.13,20.9
-23.658056,31.05,02-09-2015,120.200005,20.200000000000003,1.0,6.8,29.109999,14.45,19.7
-25.681111,31.783333,02-09-2015,115.8,21.6,1.1,11.1,28.039999,14.179999,21.6
-25.362222,31.956667,02-09-2015,114.0,21.200000000000003,1.1,11.3,29.17,14.4,21.2
-27.02314,28.59389,02-09-2015,127.6,40.900000000000006,2.0,2.2,25.16,6.83,39.0
-26.648056,27.089444,02-09-2015,144.40001,42.1,2.1,1.7,26.47,8.88,40.100002
-27.273889,28.49,02-09-2015,126.0,43.900000000000006,2.2,2.8,24.869999,6.3399997,41.9
-27.4275,28.525833,02-09-2015,124.4,42.800000000000004,2.1,2.8,24.46,6.04,40.9
-27.3,28.586944,02-09-2015,124.200005,42.300000000000004,2.1,2.9,24.66,6.27,40.4
-30.570833,29.150556,02-09-2015,106.5,27.8,1.4000000000000001,3.0,22.949999,6.94,26.7
-31.104278,29.399722,02-09-2015,104.700005,43.6,2.2,6.9,24.15,12.07,42.4
-30.77586667,29.03221667,02-09-2015,106.9,29.700000000000003,1.5,2.2,24.109999,9.599999,28.300001
-34.031944,22.053333,02-09-2015,90.1,61.300000000000004,3.1,1.1,21.75,10.54,58.3
-29.641944,30.6875,03-09-2015,104.0,45.5,2.3000000000000003,7.7000003,25.26,13.4,44.100002
-25.398889,31.610556,03-09-2015,114.700005,22.700000000000003,1.1,11.2,28.14,14.139999,22.7
-27.802778,28.768333,03-09-2015,121.0,36.5,1.8,2.5,23.8,5.91,34.9
-27.935,26.126667,03-09-2015,147.7,19.8,1.0,0.5,26.71,7.62,18.800001
-28.141944,26.417778,03-09-2015,145.2,17.5,0.9,0.4,26.34,7.8799996,16.6
-30.679722,26.7125,03-09-2015,120.9,17.7,0.9,0.4,24.16,6.5899997,16.800001
-30.568333,29.422778,03-09-2015,106.8,28.8,1.4000000000000001,5.0,23.42,7.2999997,27.800001
-31.031389,28.883333,03-09-2015,106.3,30.6,1.5,2.7,23.91,9.58,29.2
-30.86013889,29.07125,03-09-2015,105.5,31.200000000000003,1.6,2.4,24.269999,9.94,29.800001
-29.987778,29.851667,07-09-2015,104.8,34.9,1.7000000000000002,9.400001,24.519999,8.74,34.5
-29.744167,29.905833,07-09-2015,104.3,33.7,1.7000000000000002,8.3,24.97,9.099999,33.0
-29.160278,26.573333,07-09-2015,138.5,16.7,0.8,0.4,25.699999,6.74,15.900001
-25.57877778,29.12747222,07-09-2015,142.1,31.3,1.6,4.4,28.76,10.49,30.2
-22.225556,29.990556,08-09-2015,141.1,20.200000000000003,1.0,0.2,30.24,15.12,19.1
-22.91028,29.61111,08-09-2015,135.7,15.700000000000001,0.8,4.6,28.199999,12.58,15.3
-25.127778,27.628889,08-09-2015,147.7,26.0,1.3,3.6000001,29.48,11.9,24.9
-25.20639,27.558,08-09-2015,148.1,26.700000000000003,1.3,2.9,29.25,11.75,25.5
-24.69514,27.40906,08-09-2015,149.8,24.1,1.2000000000000002,2.1000001,29.359999,13.049999,22.9
-23.838611,31.640833,08-09-2015,121.3,16.0,0.8,10.400001,29.75,14.08,16.0
-26.006389,29.253889,08-09-2015,133.2,37.4,1.9000000000000001,4.9,25.96,8.4,36.0
-30.733889,29.828333,08-09-2015,104.4,39.900000000000006,2.0,8.1,24.23,11.469999,39.0
-29.7775,29.470833,08-09-2015,107.0,30.5,1.5,5.1,24.119999,7.5499997,29.800001
-28.141944,26.417778,08-09-2015,145.2,17.5,0.9,0.4,26.34,7.8799996,16.6
-27.671111,27.236944,08-09-2015,143.1,28.5,1.4000000000000001,0.5,26.56,8.559999,27.0
-28.69485,28.23487,08-09-2015,119.4,31.3,1.6,2.2,22.96,7.04,29.9
-29.615556,27.065278,08-09-2015,129.2,19.1,1.0,0.4,24.289999,6.83,18.1
-28.883333,27.89,08-09-2015,120.8,28.200000000000003,1.4000000000000001,2.4,23.4,7.66,27.0
-24.058889,31.237222,09-09-2015,118.4,22.0,1.1,8.7,28.9,14.559999,21.800001
-27.937778,31.209444,09-09-2015,110.8,41.0,2.1,7.4,26.3,12.83,39.8
-28.404444,30.013056,09-09-2015,120.200005,33.7,1.7000000000000002,3.7,26.789999,10.03,32.4
-30.398056,30.601944,09-09-2015,99.700005,59.6,3.0,12.1,24.31,15.9,58.9
-27.398611,26.614722,09-09-2015,151.8,27.8,1.4000000000000001,0.5,27.32,9.179999,26.4
-30.160091,27.40124,09-09-2015,121.200005,21.3,1.1,0.6,23.71,7.3799996,20.300001
-30.336111,27.359444,09-09-2015,120.5,22.700000000000003,1.1,0.6,23.55,7.0699997,21.6
-28.058889,30.373611,09-09-2015,116.8,40.7,2.0,4.6,25.31,9.42,39.2
-27.4,26.624722,09-09-2015,151.8,27.8,1.4000000000000001,0.5,27.32,9.179999,26.4
-29.161667,23.696389,10-09-2015,139.90001,5.300000000000001,0.30000000000000004,0.1,27.05,8.809999,5.0
-30.830556,26.921389,10-09-2015,118.6,18.900000000000002,0.9,0.5,23.49,6.3999996,17.9
-24.282222,28.090278,10-09-2015,142.90001,18.6,0.9,6.1,28.31,10.13,18.300001
-22.769722,30.886944,10-09-2015,126.6,26.8,1.3,8.3,28.939999,14.839999,26.300001
-27.5275,30.858056,10-09-2015,108.200005,40.7,2.0,6.8,25.08,10.21,39.4
-30.13573889,30.67422222,10-09-2015,98.5,54.800000000000004,2.7,9.0,24.51,15.42,53.3
-31.000833,26.353056,10-09-2015,118.5,14.600000000000001,0.7000000000000001,0.3,23.15,5.14,13.900001
-30.679722,26.7125,10-09-2015,120.9,17.7,0.9,0.4,24.16,6.5899997,16.800001
-30.534167,24.961944,10-09-2015,130.5,6.300000000000001,0.30000000000000004,0.0,24.58,7.1099997,6.0
-24.95861111,29.39527778,11-09-2015,140.7,25.1,1.3,3.3,29.38,10.92,24.2
-29.744167,29.905833,11-09-2015,104.3,33.7,1.7000000000000002,8.3,24.97,9.099999,33.0
-27.573056,24.746389,11-09-2015,153.3,17.5,0.9,0.3,28.5,9.3,16.6
-29.651389,22.746389,11-09-2015,137.3,3.4000000000000004,0.2,0.0,27.07,9.62,3.2
-29.1825,23.575556,11-09-2015,138.2,4.7,0.2,0.0,27.14,9.05,4.5
-29.803611,30.516111,11-09-2015,101.700005,42.800000000000004,2.1,8.0,24.72,11.84,41.5
-26.73806,27.59194,14-09-2015,140.3,40.5,2.0,1.8000001,25.789999,8.69,38.5
-26.45,28.085833,14-09-2015,136.40001,39.6,2.0,2.2,25.64,8.8,37.8
-32.502778,19.535833,14-09-2015,113.6,5.9,0.30000000000000004,3.0,24.17,8.139999,6.1
-29.140556,31.391944,15-09-2015,103.3,64.8,3.2,3.3,25.98,15.339999,61.7
-31.860278,18.6875,15-09-2015,113.700005,4.800000000000001,0.2,0.4,24.15,9.75,4.6
-24.679167,30.8025,15-09-2015,119.1,37.800000000000004,1.9000000000000001,16.0,24.529999,9.809999,38.4
-28.801278,31.955389,15-09-2015,104.0,68.3,3.4000000000000004,20.9,26.08,15.679999,79.0
-26.861111,28.884722,15-09-2015,125.4,37.1,1.9000000000000001,2.5,24.51,6.3799996,35.4
-27.00222,28.76528,15-09-2015,124.8,39.5,2.0,2.2,24.71,6.3999996,37.600002
-26.970278,27.211111,15-09-2015,145.5,37.6,1.9000000000000001,1.5,26.49,8.99,35.8
-26.880278,26.965,15-09-2015,146.2,38.0,1.9000000000000001,1.4,26.59,9.2,36.100002
-34.092222,21.295278,15-09-2015,88.9,51.2,2.6,4.5,22.369999,9.29,49.4
-34.075556,20.145556,15-09-2015,86.1,33.1,1.7000000000000002,9.0,22.55,9.87,34.3
-32.595833,19.009444,15-09-2015,99.200005,9.1,0.5,13.5,23.949999,9.11,13.7
-25.45963889,28.26430556,15-09-2015,143.3,31.0,1.6,4.6,29.019999,10.849999,29.9
-27.01011111,26.69808333,16-09-2015,202.5,15.8,0.8,0.5,31.89,12.94,15.0
-25.81048333,27.90955222,16-09-2015,186.3,21.900000000000002,1.1,3.4,31.849998,13.86,21.1
-29.641944,30.6875,16-09-2015,144.5,27.3,1.4000000000000001,7.0,28.14,16.039999,26.6
-24.670833,28.560833,16-09-2015,188.2,25.3,1.3,5.6,33.69,14.03,24.6
-24.058889,31.237222,16-09-2015,149.1,27.1,1.4000000000000001,8.0,31.279999,19.22,26.5
-26.648056,27.089444,16-09-2015,195.0,15.100000000000001,0.8,1.6,31.41,12.58,14.400001
-26.98472222,26.63227778,16-09-2015,203.1,15.3,0.8,0.5,32.13,13.2699995,14.5
-34.250556,20.9925,16-09-2015,130.2,15.5,0.8,7.7000003,25.359999,13.92,15.900001
-33.38056,19.30167,16-09-2015,142.5,4.800000000000001,0.2,13.3,24.23,10.3,10.400001
-24.183889,30.823889,17-09-2015,154.40001,23.900000000000002,1.2000000000000002,7.0,32.09,18.84,23.300001
-26.03611,30.99778,17-09-2015,152.6,80.60000000000001,4.0,13.400001,30.64,15.259999,78.1
-28.747778,31.745833,17-09-2015,148.7,87.80000000000001,4.4,12.1,29.99,17.49,86.700005
-27.935,26.126667,17-09-2015,204.5,15.3,0.8,0.4,31.99,11.429999,14.5
-28.141944,26.417778,17-09-2015,200.2,15.0,0.7000000000000001,0.4,31.46,11.88,14.2
-33.7075,18.97444444,17-09-2015,141.8,7.1000000000000005,0.4,18.300001,26.43,13.44,14.7
-28.44555556,32.325,20-10-2015,140.40001,106.80000000000001,5.300000000000001,12.1,28.24,17.58,104.1
-28.735556,29.820556,21-09-2015,155.5,21.5,1.1,3.2,30.47,13.09,20.7
-26.648056,27.089444,21-09-2015,195.0,15.100000000000001,0.8,1.6,31.41,12.58,14.400001
-26.619444,27.980833,21-09-2015,179.6,21.1,1.1,1.9,30.109999,12.12,20.1
-26.510278,28.351389,21-09-2015,173.90001,24.5,1.2000000000000002,2.5,29.96,11.13,23.4
-33.501667,21.624167,21-09-2015,144.5,12.0,0.6000000000000001,0.1,25.65,10.21,11.400001
-28.338333,31.373611,21-09-2015,148.1,106.30000000000001,5.300000000000001,5.2000003,29.32,15.16,101.5
-28.068333,31.55,21-09-2015,154.0,98.9,4.9,5.2000003,31.17,17.15,94.5
-28.308889,31.9025,21-09-2015,145.5,104.10000000000001,5.2,11.5,30.47,17.83,101.8
-25.127778,27.628889,22-09-2015,197.7,16.2,0.8,3.4,34.48,15.469999,15.6
-25.20639,27.558,22-09-2015,196.1,16.2,0.8,2.8,34.219997,15.219999,15.5
-24.69514,27.40906,22-09-2015,202.0,16.5,0.8,2.0,34.95,17.109999,15.7
-27.169444,29.233889,22-09-2015,160.2,30.0,1.5,1.9,28.88,10.24,28.6
-29.161667,23.696389,23-09-2015,206.7,15.100000000000001,0.8,0.1,33.68,13.32,14.3
-28.7115,24.07288889,23-09-2015,214.40001,17.7,0.9,0.2,34.35,13.0,16.800001
-27.02314,28.59389,23-09-2015,169.7,35.0,1.7000000000000002,2.1000001,29.91,10.99,33.3
-27.4275,28.525833,23-09-2015,165.6,36.6,1.8,2.6000001,29.06,10.19,34.9
-27.3,28.586944,23-09-2015,167.5,39.800000000000004,2.0,2.7,29.429998,10.5199995,38.100002
-27.398611,26.614722,23-09-2015,201.40001,19.0,0.9,0.5,32.2,12.759999,18.0
-27.4,26.624722,23-09-2015,201.40001,19.0,0.9,0.5,32.2,12.759999,18.0
-27.602222,29.942778,24-09-2015,164.90001,38.300000000000004,1.9000000000000001,4.1,30.24,12.24,36.7
-28.75,30.442778,24-09-2015,155.7,20.200000000000003,1.0,3.3,31.13,14.95,19.4
-29.161667,30.629722,24-09-2015,144.6,27.0,1.3,6.0,27.349998,12.92,26.2
-29.744167,29.905833,25-09-2015,145.40001,23.200000000000003,1.2000000000000002,7.5,27.949999,12.19,22.800001
-27.902778,24.615556,25-09-2015,220.5,15.4,0.8,0.2,34.7,13.67,14.6
-25.99136,27.84208,28-09-2015,178.7,22.6,1.1,3.3,30.49,12.71,21.7
-26.45,28.085833,28-09-2015,178.3,23.1,1.2000000000000002,2.1000001,29.859999,11.79,22.0
-34.065833,20.404167,29-09-2015,133.0,8.8,0.4,5.8,26.67,13.969999,9.3
-24.99328,30.81444,29-09-2015,133.2,61.2,3.1,19.1,26.26,11.219999,61.0
-27.363611,31.783333,29-09-2015,149.5,64.7,3.2,8.8,31.74,16.869999,62.2
-26.861111,28.884722,29-09-2015,165.40001,29.3,1.5,2.4,29.029999,10.33,27.9
-26.970278,27.211111,29-09-2015,194.0,17.2,0.9,1.4,31.31,12.639999,16.4
-26.880278,26.965,29-09-2015,198.8,16.0,0.8,1.3000001,31.699999,12.889999,15.2
-27.38972222,26.46388889,29-09-2015,203.0,17.3,0.9,0.5,32.17,12.719999,16.5
-33.31388889,19.07472222,29-09-2015,146.0,4.4,0.2,17.2,26.699999,12.88,11.7
-25.45963889,28.26430556,29-09-2015,190.2,24.3,1.2000000000000002,4.3,33.41,14.04,23.4
-27.01011111,26.69808333,30-09-2015,202.5,15.8,0.8,0.5,31.89,12.94,15.0
-25.81048333,27.90955222,30-09-2015,186.3,21.900000000000002,1.1,3.4,31.849998,13.86,21.1
-29.641944,30.6875,30-09-2015,144.5,27.3,1.4000000000000001,7.0,28.14,16.039999,26.6
-24.768889,31.39,30-09-2015,148.0,38.7,1.9000000000000001,9.6,31.34,18.35,37.600002
-27.00222,28.76528,30-09-2015,165.7,33.1,1.7000000000000002,2.1000001,29.4,10.49,31.6
-26.648056,27.089444,30-09-2015,195.0,15.100000000000001,0.8,1.6,31.41,12.58,14.400001
-27.273889,28.49,30-09-2015,168.2,43.1,2.2,2.6000001,29.359999,10.54,41.100002
-26.98472222,26.63227778,30-09-2015,203.1,15.3,0.8,0.5,32.13,13.2699995,14.5
-31.031389,28.883333,30-09-2015,144.6,21.5,1.1,2.6000001,26.949999,12.679999,20.6
-30.86013889,29.07125,30-09-2015,146.40001,20.3,1.0,2.3,27.34,13.139999,19.4
-30.77586667,29.03221667,30-09-2015,148.1,19.5,1.0,2.1000001,27.31,12.78,18.6
-34.405833,19.600556,30-09-2015,120.700005,10.0,0.5,13.6,22.85,13.179999,15.0
-32.94583,18.33667,30-09-2015,147.2,2.3000000000000003,0.1,8.3,26.029999,13.38,4.4
-26.73806,27.59194,01-10-2015,185.90001,18.7,0.9,1.7,30.359999,12.2,17.800001
-27.935,26.126667,01-10-2015,204.5,15.3,0.8,0.4,31.99,11.429999,14.5
-28.141944,26.417778,01-10-2015,200.2,15.0,0.7000000000000001,0.4,31.46,11.88,14.2
-30.160091,27.40124,01-10-2015,174.0,22.200000000000003,1.1,0.6,28.67,11.46,21.1
-33.13083,18.86278,01-10-2015,149.2,3.1,0.2,15.6,27.51,13.57,9.6
-33.897778,20.012778,01-10-2015,141.0,7.1000000000000005,0.4,6.4,26.81,12.91,8.3
-29.7775,29.470833,05-10-2015,139.6,22.700000000000003,1.1,4.5,25.75,9.2699995,22.2
-29.987778,29.851667,05-10-2015,141.90001,24.0,1.2000000000000002,8.400001,27.01,11.42,23.800001
-29.744167,29.905833,05-10-2015,145.40001,23.200000000000003,1.2000000000000002,7.5,27.949999,12.19,22.800001
-31.396,29.2651,05-10-2015,144.40001,30.6,1.5,6.7000003,26.97,16.33,30.300001
-31.554722,29.245556,05-10-2015,138.6,33.800000000000004,1.7000000000000002,5.7000003,26.119999,15.65,32.9
-24.679167,30.8025,06-10-2015,144.7,53.900000000000006,2.7,14.1,28.15,13.469999,53.100002
-25.127778,27.628889,06-10-2015,197.7,16.2,0.8,3.4,34.48,15.469999,15.6
-25.20639,27.558,06-10-2015,196.1,16.2,0.8,2.8,34.219997,15.219999,15.5
-24.69514,27.40906,06-10-2015,202.0,16.5,0.8,2.0,34.95,17.109999,15.7
-23.658056,31.05,06-10-2015,151.8,23.400000000000002,1.2000000000000002,6.3,31.369999,19.47,22.7
-30.733889,29.828333,06-10-2015,140.7,26.8,1.3,7.2000003,26.81,13.91,26.300001
-30.568333,29.422778,06-10-2015,144.5,20.700000000000003,1.0,4.6,26.119999,10.41,20.0
-30.570833,29.150556,06-10-2015,143.3,19.900000000000002,1.0,2.9,25.9,9.889999,19.1
-31.104278,29.399722,06-10-2015,143.6,26.0,1.3,6.1,26.88,14.849999,25.5
-34.031944,22.053333,06-10-2015,125.9,19.1,1.0,1.0,24.199999,13.37,18.2
-34.039722,22.133333,06-10-2015,125.5,20.400000000000002,1.0,1.1,24.18,13.63,19.4
-29.641944,30.6875,07-10-2015,144.5,27.3,1.4000000000000001,7.0,28.14,16.039999,26.6
-24.058889,31.237222,07-10-2015,149.1,27.1,1.4000000000000001,8.0,31.279999,19.22,26.5
-27.937778,31.209444,07-10-2015,151.1,98.7,4.9,6.8,29.49,14.839999,94.4
-28.404444,30.013056,07-10-2015,155.2,25.1,1.3,3.4,30.06,12.799999,24.1
-30.398056,30.601944,07-10-2015,139.6,34.6,1.7000000000000002,10.400001,27.01,17.92,34.5
-34.02861,22.22222,07-10-2015,124.1,23.8,1.2000000000000002,1.1,23.75,13.389999,22.7
-34.005833,22.351111,07-10-2015,123.3,30.700000000000003,1.5,2.8,23.279999,13.389999,29.300001
-28.058889,30.373611,07-10-2015,157.0,36.0,1.8,4.2000003,29.679998,12.75,34.600002
-24.183889,30.823889,08-10-2015,154.40001,23.900000000000002,1.2000000000000002,7.0,32.09,18.84,23.300001
-27.5275,30.858056,08-10-2015,149.0,93.80000000000001,4.7,6.2000003,29.199999,13.38,89.700005
-30.13573889,30.67422222,08-10-2015,139.7,33.1,1.7000000000000002,8.1,27.31,17.68,32.4
-27.273889,28.49,08-10-2015,168.2,43.1,2.2,2.6000001,29.359999,10.54,41.100002
-27.4275,28.525833,08-10-2015,165.6,36.6,1.8,2.6000001,29.06,10.19,34.9
-31.396,29.2651,08-10-2015,144.40001,30.6,1.5,6.7000003,26.97,16.33,30.300001
-29.161667,23.696389,09-10-2015,206.7,15.100000000000001,0.8,0.1,33.68,13.32,14.3
-29.744167,29.905833,09-10-2015,145.40001,23.200000000000003,1.2000000000000002,7.5,27.949999,12.19,22.800001
-27.573056,24.746389,09-10-2015,214.1,15.0,0.8,0.3,34.18,13.429999,14.3
-27.902778,24.615556,09-10-2015,220.5,15.4,0.8,0.2,34.7,13.67,14.6
-29.803611,30.516111,09-10-2015,142.90001,27.5,1.4000000000000001,7.2000003,27.41,14.429999,26.800001
-25.99136,27.84208,12-10-2015,178.7,22.6,1.1,3.3,30.49,12.71,21.7
-26.73806,27.59194,12-10-2015,185.90001,18.7,0.9,1.7,30.359999,12.2,17.800001
-26.45,28.085833,12-10-2015,178.3,23.1,1.2000000000000002,2.1000001,29.859999,11.79,22.0
-29.140556,31.391944,13-10-2015,145.2,93.2,4.7,3.2,28.869999,17.35,88.700005
-28.801278,31.955389,13-10-2015,145.7,92.5,4.6000000000000005,15.400001,29.439999,17.66,93.4
-26.861111,28.884722,13-10-2015,165.40001,29.3,1.5,2.4,29.029999,10.33,27.9
-26.880278,26.965,13-10-2015,198.8,16.0,0.8,1.3000001,31.699999,12.889999,15.2
-27.38972222,26.46388889,13-10-2015,203.0,17.3,0.9,0.5,32.17,12.719999,16.5
-28.141944,26.417778,13-10-2015,200.2,15.0,0.7000000000000001,0.4,31.46,11.88,14.2
-28.1175,26.719444,13-10-2015,195.90001,15.4,0.8,0.4,31.31,12.349999,14.6
-27.398611,26.614722,13-10-2015,201.40001,19.0,0.9,0.5,32.2,12.759999,18.0
-25.45963889,28.26430556,13-10-2015,190.2,24.3,1.2000000000000002,4.3,33.41,14.04,23.4
-27.01011111,26.69808333,14-10-2015,202.5,15.8,0.8,0.5,31.89,12.94,15.0
-25.81048333,27.90955222,14-10-2015,186.3,21.900000000000002,1.1,3.4,31.849998,13.86,21.1
-25.73411,27.21422,14-10-2015,195.3,15.3,0.8,2.1000001,31.84,12.83,14.7
-22.769722,30.886944,14-10-2015,162.3,21.0,1.1,7.6,32.27,20.32,20.7
-28.747778,31.745833,14-10-2015,148.7,87.80000000000001,4.4,12.1,29.99,17.49,86.700005
-29.380556,30.2775,14-10-2015,140.3,24.400000000000002,1.2000000000000002,6.7000003,26.849998,11.49,23.9
-27.00222,28.76528,14-10-2015,165.7,33.1,1.7000000000000002,2.1000001,29.4,10.49,31.6
-26.648056,27.089444,14-10-2015,195.0,15.100000000000001,0.8,1.6,31.41,12.58,14.400001
-27.273889,28.49,14-10-2015,168.2,43.1,2.2,2.6000001,29.359999,10.54,41.100002
-26.98472222,26.63227778,14-10-2015,203.1,15.3,0.8,0.5,32.13,13.2699995,14.5
-27.671111,27.236944,14-10-2015,195.5,16.7,0.8,0.5,31.47,12.38,15.900001
-26.03611,30.99778,15-10-2015,152.6,80.60000000000001,4.0,13.400001,30.64,15.259999,78.1
-28.141944,26.417778,15-10-2015,200.2,15.0,0.7000000000000001,0.4,31.46,11.88,14.2
-24.058889,31.237222,16-10-2015,149.1,27.1,1.4000000000000001,8.0,31.279999,19.22,26.5
-28.735556,29.820556,19-10-2015,171.40001,30.5,1.5,3.0,29.189999,12.61,29.2
-26.619444,27.980833,19-10-2015,184.40001,45.800000000000004,2.3000000000000003,1.8000001,28.09,12.15,43.600002
-29.160278,26.573333,19-10-2015,212.0,20.1,1.0,0.4,29.46,10.61,19.1
-33.818056,19.694722,19-10-2015,173.2,36.4,1.8,7.0,27.34,12.7699995,36.3
-25.447222,30.711667,19-10-2015,161.3,88.9,4.4,13.8,28.88,15.28,85.8
-28.760833,17.730278,20-10-2015,238.7,2.5,0.1,0.0,33.34,17.24,2.4
-31.860278,18.6875,20-10-2015,205.2,6.4,0.30000000000000004,0.4,29.099998,12.62,6.1
-25.127778,27.628889,20-10-2015,207.5,48.6,2.4000000000000004,3.3,32.57,16.039999,46.3
-25.20639,27.558,20-10-2015,207.0,47.6,2.4000000000000004,2.7,32.43,15.79,45.4
-24.69514,27.40906,20-10-2015,211.1,48.400000000000006,2.4000000000000004,2.0,33.03,17.4,46.0
-25.681111,31.783333,20-10-2015,157.5,70.7,3.5,9.400001,31.199999,17.4,67.9
-25.67386,31.57527,20-10-2015,166.90001,75.9,3.8000000000000003,9.3,32.1,18.59,72.8
-28.44555556,32.325,17-11-2015,162.3,13.5,0.7000000000000001,10.3,31.01,21.119999,14.7
-27.802778,28.768333,20-10-2015,172.8,39.300000000000004,2.0,2.1000001,26.689999,9.63,37.5
-27.671111,27.236944,20-10-2015,202.90001,27.8,1.4000000000000001,0.5,29.73,11.99,26.4
-28.69485,28.23487,20-10-2015,177.1,31.5,1.6,1.9,25.91,9.65,30.1
-28.883333,27.89,20-10-2015,183.2,28.0,1.4000000000000001,2.0,26.769999,10.15,26.800001
-34.092222,21.295278,20-10-2015,145.5,54.300000000000004,2.7,3.5,25.35,12.69,52.0
-32.595833,19.009444,20-10-2015,194.3,10.5,0.5,9.0,30.0,12.78,11.7
-28.338333,31.373611,20-10-2015,151.8,107.80000000000001,5.4,4.8,28.49,14.809999,102.8
-29.161667,23.696389,21-10-2015,236.8,4.6000000000000005,0.2,0.1,32.38,12.74,4.4
-30.830556,26.921389,21-10-2015,191.90001,37.4,1.9000000000000001,0.5,27.84,9.22,35.5
-24.670833,28.560833,21-10-2015,192.90001,66.7,3.3000000000000003,5.2000003,31.25,14.86,63.8
-22.91028,29.61111,21-10-2015,175.7,44.0,2.2,3.9,31.769999,17.9,42.100002
-28.058889,30.373611,27-04-2015,85.0,5.6000000000000005,0.30000000000000004,7.2000003,25.88,6.7999997,6.6
-26.006389,29.253889,21-10-2015,168.6,74.60000000000001,3.7,4.2000003,27.22,11.139999,71.200005
-25.362222,31.956667,21-10-2015,158.1,59.900000000000006,3.0,9.7,32.03,17.869999,57.7
-25.398889,31.610556,21-10-2015,158.40001,67.60000000000001,3.4000000000000004,9.5,31.34,17.869999,65.0
-27.602222,29.942778,21-10-2015,178.90001,51.5,2.6,3.8,29.09,12.07,49.3
-27.169444,29.233889,21-10-2015,169.1,50.1,2.5,1.9,26.92,10.09,47.600002
-26.510278,28.351389,21-10-2015,178.90001,55.0,2.8000000000000003,2.4,27.66,11.099999,52.4
-27.398611,26.614722,21-10-2015,210.5,27.5,1.4000000000000001,0.5,30.31,12.71,26.2
-30.336111,27.359444,21-10-2015,186.0,41.300000000000004,2.1,0.6,27.43,9.92,39.3
-29.615556,27.065278,21-10-2015,195.5,26.200000000000003,1.3,0.4,28.08,10.219999,24.9
-34.250556,20.9925,21-10-2015,149.1,50.1,2.5,6.8,25.39,13.62,48.5
-33.38056,19.30167,21-10-2015,171.7,26.0,1.3,10.400001,25.39,10.53,27.7
-33.08883333,19.21878333,21-10-2015,174.6,19.3,1.0,8.900001,24.9,9.61,20.5
-27.4,26.624722,21-10-2015,210.5,27.5,1.4000000000000001,0.5,30.31,12.71,26.2
-28.75,30.442778,22-10-2015,170.40001,28.3,1.4000000000000001,3.0,30.06,14.599999,27.1
-29.161667,30.629722,22-10-2015,144.6,39.0,1.9000000000000001,5.5,25.92,11.809999,37.5
-27.02314,28.59389,22-10-2015,178.7,48.400000000000006,2.4000000000000004,2.1000001,27.619999,10.62,46.100002
-27.4275,28.525833,22-10-2015,176.7,41.1,2.1,2.4,27.369999,10.13,39.2
-27.3,28.586944,22-10-2015,177.1,43.2,2.2,2.5,27.439999,10.28,41.2
-31.000833,26.353056,22-10-2015,190.90001,23.6,1.2000000000000002,0.3,27.369999,8.389999,22.4
-30.679722,26.7125,22-10-2015,195.0,33.800000000000004,1.7000000000000002,0.4,28.71,9.55,32.100002
-33.7075,18.97444444,22-10-2015,175.3,34.1,1.7000000000000002,14.2,27.539999,13.44,36.5
-29.744167,29.905833,23-10-2015,150.0,72.60000000000001,3.6,6.8,26.32,11.45,69.6
-27.573056,24.746389,23-10-2015,230.7,15.9,0.8,0.3,32.469997,13.36,15.1
-27.902778,24.615556,23-10-2015,240.1,13.3,0.7000000000000001,0.2,32.899998,13.5199995,12.6
-29.658056,25.973333,23-10-2015,214.2,12.9,0.6000000000000001,0.4,29.06,10.37,12.2
-25.99136,27.84208,26-10-2015,183.90001,49.0,2.4000000000000004,3.0,28.26,12.98,46.7
-26.45,28.085833,26-10-2015,181.90001,50.0,2.5,2.0,27.68,11.65,47.600002
-31.554722,29.245556,26-10-2015,130.90001,134.1,6.7,5.3,24.85,14.45,127.8
-33.501667,21.624167,26-10-2015,159.6,34.1,1.7000000000000002,0.1,25.39,9.87,32.4
-25.73411,27.21422,27-10-2015,194.1,43.7,2.2,2.0,29.699999,12.88,41.600002
-27.363611,31.783333,27-10-2015,161.2,76.9,3.8000000000000003,8.1,30.73,17.01,73.700005
-26.970278,27.211111,27-10-2015,196.7,34.2,1.7000000000000002,1.4,29.26,12.38,32.600002
-26.880278,26.965,27-10-2015,199.90001,31.900000000000002,1.6,1.3000001,29.539999,12.679999,30.4
-31.104278,29.399722,27-10-2015,139.5,113.30000000000001,5.7,5.5,25.529999,13.679999,108.3
-33.31388889,19.07472222,27-10-2015,177.40001,23.3,1.2000000000000002,13.3,28.029999,12.95,25.9
-25.45963889,28.26430556,27-10-2015,193.5,55.900000000000006,2.8000000000000003,3.9,30.9,14.259999,53.4
-28.760833,17.730278,28-10-2015,238.7,2.5,0.1,0.0,33.34,17.24,2.4
-29.161667,23.696389,28-10-2015,236.8,4.6000000000000005,0.2,0.1,32.38,12.74,4.4
-28.7115,24.07288889,28-10-2015,238.7,6.9,0.30000000000000004,0.2,32.73,12.54,6.5
-27.01011111,26.69808333,28-10-2015,204.6,27.900000000000002,1.4000000000000001,0.5,29.779999,12.91,26.5
-29.641944,30.6875,28-10-2015,139.7,39.0,1.9000000000000001,6.4,26.849998,15.08,37.600002
-27.00222,28.76528,28-10-2015,176.6,49.7,2.5,2.0,27.49,10.469999,47.3
-26.648056,27.089444,28-10-2015,195.5,34.7,1.7000000000000002,1.5,29.08,12.37,33.0
-26.98472222,26.63227778,28-10-2015,205.1,27.8,1.4000000000000001,0.5,29.849998,13.09,26.4
-29.651389,22.746389,28-10-2015,239.6,2.1,0.1,0.0,31.96,14.049999,2.0
-29.1825,23.575556,28-10-2015,237.2,4.1000000000000005,0.2,0.0,32.28,12.91,3.9
-34.405833,19.600556,28-10-2015,138.7,46.300000000000004,2.3000000000000003,10.6,23.09,12.63,46.9
-33.13083,18.86278,28-10-2015,181.6,17.8,0.9,12.1,28.76,13.58,20.300001
-25.81048333,27.90955222,29-10-2015,190.0,48.7,2.4000000000000004,3.2,29.48,14.21,46.5
-30.570833,29.150556,29-10-2015,147.0,77.30000000000001,3.9000000000000004,2.7,24.51,9.08,73.6
-30.77586667,29.03221667,29-10-2015,150.40001,82.2,4.1000000000000005,2.1000001,25.91,11.75,78.200005
-34.329722,18.990278,29-10-2015,139.40001,55.300000000000004,2.8000000000000003,21.9,22.15,12.559999,60.7
-32.94583,18.33667,29-10-2015,172.5,14.0,0.7000000000000001,6.9,26.38,13.19,14.8
-30.568333,29.422778,30-10-2015,143.5,85.30000000000001,4.3,4.3,24.64,9.349999,81.4
-31.031389,28.883333,30-10-2015,147.40001,90.60000000000001,4.5,2.4,25.51,11.7,86.200005
-30.86013889,29.07125,30-10-2015,148.5,87.60000000000001,4.4,2.2,25.92,12.17,83.3
-29.987778,29.851667,01-11-2015,143.5,81.10000000000001,4.1000000000000005,7.6,25.35,10.83,77.8
-29.7775,29.470833,02-11-2015,149.3,76.7,3.8000000000000003,4.1,24.769999,9.3,73.3
-29.987778,29.851667,02-11-2015,143.5,81.10000000000001,4.1000000000000005,7.6,25.35,10.83,77.8
-25.127778,27.628889,03-11-2015,207.5,48.6,2.4000000000000004,3.3,32.57,16.039999,46.3
-25.20639,27.558,03-11-2015,207.0,47.6,2.4000000000000004,2.7,32.43,15.79,45.4
-30.733889,29.828333,03-11-2015,135.7,110.30000000000001,5.5,6.5,25.289999,12.92,105.5
-34.031944,22.053333,03-11-2015,134.40001,49.400000000000006,2.5,1.0,23.66,12.82,46.9
-27.937778,31.209444,04-11-2015,157.90001,100.80000000000001,5.0,6.2000003,28.349998,14.46,96.3
-28.404444,30.013056,04-11-2015,171.3,31.400000000000002,1.6,3.2,29.06,12.04,30.1
-30.398056,30.601944,04-11-2015,133.0,114.0,5.7,9.1,26.18,16.71,109.5
-29.615556,27.065278,04-11-2015,195.5,26.200000000000003,1.3,0.4,28.08,10.219999,24.9
-34.005833,22.351111,04-11-2015,128.40001,73.7,3.7,2.7,22.76,12.67,70.200005
-28.058889,30.373611,04-11-2015,167.40001,43.6,2.2,3.9,28.16,11.66,41.7
-22.91028,29.61111,05-11-2015,175.7,44.0,2.2,3.9,31.769999,17.9,42.100002
-27.5275,30.858056,05-11-2015,157.8,114.7,5.7,5.7000003,27.539999,12.82,109.4
-30.13573889,30.67422222,05-11-2015,134.40001,86.80000000000001,4.3,7.3,26.42,16.529999,83.200005
-29.744167,29.905833,06-11-2015,150.0,72.60000000000001,3.6,6.8,26.32,11.45,69.6
-27.573056,24.746389,06-11-2015,230.7,15.9,0.8,0.3,32.469997,13.36,15.1
-27.902778,24.615556,06-11-2015,240.1,13.3,0.7000000000000001,0.2,32.899998,13.5199995,12.6
-29.803611,30.516111,06-11-2015,137.3,61.300000000000004,3.1,6.6,25.99,13.429999,58.8
-25.99136,27.84208,09-11-2015,183.90001,49.0,2.4000000000000004,3.0,28.26,12.98,46.7
-29.380556,30.2775,09-11-2015,143.1,49.5,2.5,6.2000003,25.57,10.7,47.600002
-26.73806,27.59194,09-11-2015,188.2,40.5,2.0,1.6,28.14,11.969999,38.5
-29.160278,26.573333,09-11-2015,212.0,20.1,1.0,0.4,29.46,10.61,19.1
-29.651389,22.746389,09-11-2015,239.6,2.1,0.1,0.0,31.96,14.049999,2.0
-28.747778,31.745833,10-11-2015,150.40001,110.5,5.5,10.0,29.519999,17.029999,107.1
-28.141944,26.417778,10-11-2015,212.6,22.3,1.1,0.4,30.019999,11.75,21.2
-27.671111,27.236944,10-11-2015,202.90001,27.8,1.4000000000000001,0.5,29.73,11.99,26.4
-28.69485,28.23487,10-11-2015,177.1,31.5,1.6,1.9,25.91,9.65,30.1
-29.615556,27.065278,10-11-2015,195.5,26.200000000000003,1.3,0.4,28.08,10.219999,24.9
-28.883333,27.89,10-11-2015,183.2,28.0,1.4000000000000001,2.0,26.769999,10.15,26.800001
-31.394444,20.947222,10-11-2015,212.3,4.3,0.2,0.0,28.849998,10.94,4.1
-25.45963889,28.26430556,10-11-2015,193.5,55.900000000000006,2.8000000000000003,3.9,30.9,14.259999,53.4
-25.81048333,27.90955222,11-11-2015,190.0,48.7,2.4000000000000004,3.2,29.48,14.21,46.5
-29.140556,31.391944,11-11-2015,140.90001,110.60000000000001,5.5,3.0,28.099998,16.529999,105.200005
-28.801278,31.955389,11-11-2015,146.7,104.2,5.2,12.3,29.21,17.029999,102.1
-27.00222,28.76528,11-11-2015,176.6,49.7,2.5,2.0,27.49,10.469999,47.3
-26.970278,27.211111,11-11-2015,196.7,34.2,1.7000000000000002,1.4,29.26,12.38,32.600002
-26.880278,26.965,11-11-2015,199.90001,31.900000000000002,1.6,1.3000001,29.539999,12.679999,30.4
-27.273889,28.49,11-11-2015,180.2,43.1,2.2,2.4,27.56,10.3,41.100002
-27.38972222,26.46388889,11-11-2015,211.6,26.1,1.3,0.5,30.429998,12.65,24.800001
-27.398611,26.614722,11-11-2015,210.5,27.5,1.4000000000000001,0.5,30.31,12.71,26.2
-30.336111,27.359444,11-11-2015,186.0,41.300000000000004,2.1,0.6,27.43,9.92,39.3
-27.4,26.624722,11-11-2015,210.5,27.5,1.4000000000000001,0.5,30.31,12.71,26.2
-27.01011111,26.69808333,12-11-2015,204.6,27.900000000000002,1.4000000000000001,0.5,29.779999,12.91,26.5
-30.830556,26.921389,12-11-2015,191.90001,37.4,1.9000000000000001,0.5,27.84,9.22,35.5
-23.658056,31.05,12-11-2015,173.1,45.6,2.3000000000000003,5.9,32.82,19.35,43.7
-26.648056,27.089444,12-11-2015,195.5,34.7,1.7000000000000002,1.5,29.08,12.37,33.0
-26.98472222,26.63227778,12-11-2015,205.1,27.8,1.4000000000000001,0.5,29.849998,13.09,26.4
-27.935,26.126667,12-11-2015,216.3,19.900000000000002,1.0,0.4,30.33,11.3,18.9
-28.1175,26.719444,12-11-2015,207.90001,23.6,1.2000000000000002,0.4,29.75,12.03,22.5
-31.000833,26.353056,12-11-2015,190.90001,23.6,1.2000000000000002,0.3,27.369999,8.389999,22.4
-30.679722,26.7125,12-11-2015,195.0,33.800000000000004,1.7000000000000002,0.4,28.71,9.55,32.100002
-26.619444,27.980833,16-11-2015,190.0,36.6,1.8,1.8000001,30.92,15.65,34.9
-24.679167,30.8025,17-11-2015,162.7,68.60000000000001,3.4000000000000004,11.400001,29.26,16.06,66.4
-25.127778,27.628889,17-11-2015,203.40001,48.400000000000006,2.4000000000000004,3.1000001,34.579998,18.93,46.100002
-25.20639,27.558,17-11-2015,204.40001,48.2,2.4000000000000004,2.6000001,34.52,18.869999,45.9
-24.99328,30.81444,17-11-2015,149.90001,64.60000000000001,3.2,15.2,27.31,14.16,63.100002
-27.169444,29.233889,17-11-2015,177.0,34.4,1.7000000000000002,1.8000001,29.41,13.78,32.8
-26.510278,28.351389,17-11-2015,183.8,39.2,2.0,2.3,30.359999,14.49,37.3
-27.273889,28.49,17-11-2015,186.7,31.1,1.6,2.3,30.269999,14.389999,29.7
-27.3,28.586944,17-11-2015,185.6,31.1,1.6,2.3,30.24,14.28,29.7
-27.671111,27.236944,17-11-2015,209.5,19.0,1.0,0.5,32.93,16.3,18.1
-34.092222,21.295278,17-11-2015,173.5,13.100000000000001,0.7000000000000001,3.2,29.34,16.34,12.8
-33.501667,21.624167,17-11-2015,189.6,9.0,0.5,0.1,29.73,13.429999,8.6
-28.338333,31.373611,17-11-2015,164.90001,37.0,1.9000000000000001,4.4,31.349998,18.449999,35.5
-24.670833,28.560833,18-11-2015,187.5,59.1,3.0,4.8,32.86,17.25,56.5
-25.73411,27.21422,18-11-2015,194.2,47.300000000000004,2.4000000000000004,1.9,32.07,16.109999,45.0
-24.058889,31.237222,18-11-2015,174.1,42.0,2.1,6.9,34.55,20.73,40.4
-24.034167,31.123611,18-11-2015,173.90001,44.300000000000004,2.2,6.1,34.01,20.279999,42.5
-27.602222,29.942778,18-11-2015,185.90001,35.0,1.7000000000000002,3.5,31.789999,15.66,33.5
-27.02314,28.59389,18-11-2015,185.5,33.800000000000004,1.7000000000000002,2.0,30.33,14.45,32.2
-27.4275,28.525833,18-11-2015,186.1,29.900000000000002,1.5,2.3,30.179998,14.21,28.6
-27.802778,28.768333,18-11-2015,181.8,27.900000000000002,1.4000000000000001,2.0,29.769999,13.71,26.6
-27.398611,26.614722,18-11-2015,218.2,19.8,1.0,0.5,33.59,17.07,18.800001
-34.250556,20.9925,18-11-2015,180.8,14.0,0.7000000000000001,6.1,29.32,17.13,14.0
-27.4,26.624722,18-11-2015,218.2,19.8,1.0,0.5,33.59,17.07,18.800001
-24.183889,30.823889,19-11-2015,173.7,45.5,2.3000000000000003,6.0,34.07,20.18,43.7
-28.75,30.442778,19-11-2015,181.40001,15.600000000000001,0.8,2.8,33.11,18.56,15.0
-29.161667,30.629722,19-11-2015,155.0,17.6,0.9,5.1,28.789999,15.98,17.1
-27.3,28.586944,19-11-2015,185.6,31.1,1.6,2.3,30.24,14.28,29.7
-29.744167,29.905833,20-11-2015,161.0,26.900000000000002,1.3,6.3,29.539999,15.889999,26.1
-27.573056,24.746389,20-11-2015,235.0,14.0,0.7000000000000001,0.3,36.17,18.08,13.3
-27.902778,24.615556,20-11-2015,230.90001,11.600000000000001,0.6000000000000001,0.2,36.51,18.33,11.0
-25.99136,27.84208,23-11-2015,187.6,46.0,2.3000000000000003,2.9,31.01,16.18,43.9
-26.73806,27.59194,23-11-2015,193.3,33.9,1.7000000000000002,1.6,31.109999,15.799999,32.3
-26.45,28.085833,23-11-2015,186.7,38.7,1.9000000000000001,1.9,30.5,15.23,36.9
-31.554722,29.245556,23-11-2015,145.2,29.700000000000003,1.5,4.8,27.93,18.41,28.7
-32.502778,19.535833,23-11-2015,234.0,5.0,0.30000000000000004,2.1000001,34.0,15.36,5.0
-25.447222,30.711667,23-11-2015,167.0,48.800000000000004,2.4000000000000004,12.7,30.82,17.5,47.4
-29.641944,30.6875,24-11-2015,158.7,16.8,0.8,6.0,30.349998,19.5,16.4
-25.681111,31.783333,24-11-2015,165.1,31.700000000000003,1.6,8.8,32.89,19.38,30.7
-25.67386,31.57527,24-11-2015,171.40001,33.800000000000004,1.7000000000000002,8.7,33.559998,20.48,32.8
-25.513889,31.224444,24-11-2015,166.3,43.7,2.2,9.2,31.21,18.57,42.2
-26.861111,28.884722,24-11-2015,182.40001,35.800000000000004,1.8,2.2,29.83,14.12,34.100002
-26.970278,27.211111,24-11-2015,199.8,28.6,1.4000000000000001,1.3000001,32.09,16.359999,27.2
-26.880278,26.965,24-11-2015,201.8,28.6,1.4000000000000001,1.2,32.53,16.71,27.300001
-31.104278,29.399722,24-11-2015,154.2,28.0,1.4000000000000001,5.0,29.029999,18.07,27.1
-31.396,29.2651,24-11-2015,155.7,27.8,1.4000000000000001,5.2000003,29.199999,19.42,27.1
-33.818056,19.694722,24-11-2015,202.7,13.100000000000001,0.7000000000000001,5.9,31.279999,15.929999,13.6
-34.075556,20.145556,24-11-2015,182.5,12.700000000000001,0.6000000000000001,5.3,30.89,16.68,12.900001
-32.595833,19.009444,24-11-2015,221.2,6.6000000000000005,0.30000000000000004,7.7000003,33.96,15.69,7.5
-25.45963889,28.26430556,24-11-2015,192.90001,49.300000000000004,2.5,3.7,32.93,17.21,47.100002
-27.01011111,26.69808333,25-11-2015,210.0,25.5,1.3,0.5,32.84,16.93,24.2
-25.81048333,27.90955222,25-11-2015,191.90001,46.800000000000004,2.3000000000000003,3.0,31.99,17.13,44.7
-25.436111,31.982222,25-11-2015,164.6,29.3,1.5,9.2,33.91,19.6,28.6
-25.362222,31.956667,25-11-2015,162.1,29.6,1.5,9.0,33.3,19.289999,28.800001
-25.398889,31.610556,25-11-2015,162.90001,34.300000000000004,1.7000000000000002,8.8,32.63,19.699999,33.3
-25.14944444,31.94055556,25-11-2015,162.40001,30.700000000000003,1.5,8.6,33.19,19.48,29.800001
-27.00222,28.76528,25-11-2015,183.40001,34.300000000000004,1.7000000000000002,2.0,30.07,14.29,32.7
-26.648056,27.089444,25-11-2015,197.3,32.9,1.6,1.5,31.9,16.15,31.300001
-27.273889,28.49,25-11-2015,186.7,31.1,1.6,2.3,30.269999,14.389999,29.7
-26.98472222,26.63227778,25-11-2015,207.8,26.200000000000003,1.3,0.5,32.93,17.02,24.9
-30.568333,29.422778,25-11-2015,157.8,25.400000000000002,1.3,4.0,28.07,13.9,24.5
-30.570833,29.150556,25-11-2015,159.7,25.5,1.3,2.6000001,27.92,13.75,24.4
-33.38056,19.30167,25-11-2015,196.40001,13.3,0.7000000000000001,8.5,29.369999,13.74,14.5
-30.86013889,29.07125,26-11-2015,161.8,25.700000000000003,1.3,2.1000001,29.439999,16.63,24.5
-30.77586667,29.03221667,26-11-2015,162.90001,25.700000000000003,1.3,2.0,29.39,16.359999,24.5
-33.7075,18.97444444,26-11-2015,203.1,17.5,0.9,11.7,31.14,16.73,19.1
-31.031389,28.883333,27-11-2015,161.1,26.6,1.3,2.3,29.039999,16.16,25.300001
-29.7775,29.470833,30-11-2015,157.8,30.400000000000002,1.5,3.7,27.56,13.36,29.300001
-34.065833,20.404167,01-12-2015,177.6,11.8,0.6000000000000001,4.5,31.42,17.529999,11.7
-25.127778,27.628889,01-12-2015,203.40001,48.400000000000006,2.4000000000000004,3.1000001,34.579998,18.93,46.100002
-25.20639,27.558,01-12-2015,204.40001,48.2,2.4000000000000004,2.6000001,34.52,18.869999,45.9
-28.404444,30.013056,01-12-2015,181.5,15.8,0.8,3.0,31.949999,16.32,15.2
-30.733889,29.828333,01-12-2015,151.7,29.6,1.5,5.9,28.769999,17.44,28.7
-27.398611,26.614722,01-12-2015,218.2,19.8,1.0,0.5,33.59,17.07,18.800001
-34.031944,22.053333,01-12-2015,162.7,12.200000000000001,0.6000000000000001,1.0,27.359999,16.42,11.6
-34.039722,22.133333,01-12-2015,161.8,12.4,0.6000000000000001,1.0,27.189999,16.779999,11.8
-33.31388889,19.07472222,01-12-2015,207.5,12.9,0.6000000000000001,10.900001,31.99,16.23,14.6
-29.161667,23.696389,02-12-2015,232.1,4.3,0.2,0.0,37.1,18.199999,4.1
-25.73411,27.21422,02-12-2015,194.2,47.300000000000004,2.4000000000000004,1.9,32.07,16.109999,45.0
-27.5275,30.858056,02-12-2015,166.3,29.900000000000002,1.5,5.3,29.97,16.4,28.9
-30.398056,30.601944,02-12-2015,155.2,30.8,1.5,8.2,29.64,21.05,30.2
-27.671111,27.236944,02-12-2015,209.5,19.0,1.0,0.5,32.93,16.3,18.1
-31.436944,20.474722,02-12-2015,235.8,5.1000000000000005,0.30000000000000004,0.0,33.149998,14.0,4.8
-34.02861,22.22222,02-12-2015,159.2,13.3,0.7000000000000001,1.1,26.75,16.55,12.7
-34.405833,19.600556,02-12-2015,163.0,17.0,0.9,8.8,26.47,15.74,18.0
-33.13083,18.86278,02-12-2015,209.90001,10.700000000000001,0.5,10.0,32.559998,16.93,12.3
-34.005833,22.351111,02-12-2015,156.5,14.4,0.7000000000000001,2.5,26.23,16.609999,13.8
-28.058889,30.373611,02-12-2015,176.40001,22.8,1.1,3.6000001,30.81,15.37,21.9
-23.658056,31.05,03-12-2015,177.1,36.1,1.8,5.5,34.719997,20.8,34.7
-34.329722,18.990278,03-12-2015,166.40001,18.900000000000002,0.9,17.4,25.51,15.53,22.5
-29.803611,30.516111,03-12-2015,152.7,22.400000000000002,1.1,6.1,29.349998,17.82,21.800001
-29.744167,29.905833,04-12-2015,161.0,26.900000000000002,1.3,6.3,29.539999,15.889999,26.1
-27.935,26.126667,04-12-2015,222.8,12.9,0.6000000000000001,0.4,34.219997,16.25,12.2
-27.902778,24.615556,04-12-2015,230.90001,11.600000000000001,0.6000000000000001,0.2,36.51,18.33,11.0
-28.058889,30.373611,05-12-2015,176.40001,22.8,1.1,3.6000001,30.81,15.37,21.9
-24.058889,31.237222,06-12-2015,174.1,42.0,2.1,6.9,34.55,20.73,40.4
-25.99136,27.84208,07-12-2015,187.6,46.0,2.3000000000000003,2.9,31.01,16.18,43.9
-29.380556,30.2775,07-12-2015,152.7,20.1,1.0,5.7000003,28.42,15.099999,19.5
-26.73806,27.59194,07-12-2015,193.3,33.9,1.7000000000000002,1.6,31.109999,15.799999,32.3
-26.45,28.085833,07-12-2015,186.7,38.7,1.9000000000000001,1.9,30.5,15.23,36.9
-29.160278,26.573333,07-12-2015,220.1,10.0,0.5,0.4,33.69,15.73,9.5
-29.140556,31.391944,08-12-2015,161.8,112.30000000000001,5.6000000000000005,2.9,31.13,20.58,106.8
-26.861111,28.884722,08-12-2015,182.40001,35.800000000000004,1.8,2.2,29.83,14.12,34.100002
-26.970278,27.211111,08-12-2015,199.8,28.6,1.4000000000000001,1.3000001,32.09,16.359999,27.2
-26.880278,26.965,08-12-2015,201.8,28.6,1.4000000000000001,1.2,32.53,16.71,27.300001
-28.69485,28.23487,08-12-2015,186.40001,18.1,0.9,1.7,29.46,14.17,17.300001
-29.615556,27.065278,08-12-2015,208.7,11.700000000000001,0.6000000000000001,0.4,32.219997,15.049999,11.1
-28.883333,27.89,08-12-2015,190.6,16.7,0.8,1.9,30.16,14.66,16.0
-33.501667,21.624167,08-12-2015,189.6,9.0,0.5,0.1,29.73,13.429999,8.6
-25.45963889,28.26430556,08-12-2015,192.90001,49.300000000000004,2.5,3.7,32.93,17.21,47.100002
-27.01011111,26.69808333,09-12-2015,210.0,25.5,1.3,0.5,32.84,16.93,24.2
-25.81048333,27.90955222,09-12-2015,191.90001,46.800000000000004,2.3000000000000003,3.0,31.99,17.13,44.7
-24.670833,28.560833,09-12-2015,187.5,59.1,3.0,4.8,32.86,17.25,56.5
-22.91028,29.61111,09-12-2015,179.1,44.0,2.2,3.6000001,33.36,19.38,42.100002
-28.747778,31.745833,09-12-2015,171.40001,104.7,5.2,8.5,32.66,21.02,100.9
-26.98472222,26.63227778,09-12-2015,207.8,26.200000000000003,1.3,0.5,32.93,17.02,24.9
-27.671111,27.236944,09-12-2015,209.5,19.0,1.0,0.5,32.93,16.3,18.1
-30.336111,27.359444,09-12-2015,201.5,13.4,0.7000000000000001,0.6,31.58,14.67,12.8
-34.092222,21.295278,09-12-2015,173.5,13.100000000000001,0.7000000000000001,3.2,29.34,16.34,12.8
-29.641944,30.6875,10-12-2015,158.7,16.8,0.8,6.0,30.349998,19.5,16.4
-22.769722,30.886944,10-12-2015,183.1,46.6,2.3000000000000003,6.6,34.85,20.65,44.8
-28.801278,31.955389,10-12-2015,169.6,67.5,3.4000000000000004,10.2,31.99,20.88,66.1
-27.38972222,26.46388889,10-12-2015,219.6,19.5,1.0,0.5,33.79,17.06,18.5
-27.935,26.126667,10-12-2015,222.8,12.9,0.6000000000000001,0.4,34.219997,16.25,12.2
-33.897778,20.012778,12-01-2012,199.8,6.800000000000001,0.30000000000000004,4.3,32.329998,17.58,7.1
-33.897778,20.012778,01-03-2012,133.5,26.3,1.3,3.5,29.8,16.34,25.300001
-27.398611,26.614722,10-12-2015,218.2,19.8,1.0,0.5,33.59,17.07,18.800001
-30.679722,26.7125,10-12-2015,211.40001,9.9,0.5,0.4,32.93,14.69,9.5
-33.897778,20.012778,19-06-2012,48.2,64.7,3.2,16.6,17.92,4.23,48.2
-27.4,26.624722,10-12-2015,218.2,19.8,1.0,0.5,33.59,17.07,18.800001
-34.250556,20.9925,11-12-2015,180.8,14.0,0.7000000000000001,6.1,29.32,17.13,14.0
-28.735556,29.820556,14-12-2015,180.3,15.8,0.8,2.8,32.219997,16.84,15.2
-33.897778,20.012778,18-01-2013,156.8,38.2,1.9000000000000001,3.8,31.07,17.1,36.7
-26.619444,27.980833,14-12-2015,190.0,36.6,1.8,1.8000001,30.92,15.65,34.9
-24.679167,30.8025,15-12-2015,162.7,68.60000000000001,3.4000000000000004,11.400001,29.26,16.06,66.4
-27.169444,29.233889,15-12-2015,177.0,34.4,1.7000000000000002,1.8000001,29.41,13.78,32.8
-26.510278,28.351389,15-12-2015,183.8,39.2,2.0,2.3,30.359999,14.49,37.3
-27.671111,27.236944,15-12-2015,209.5,19.0,1.0,0.5,32.93,16.3,18.1
-29.161667,23.696389,16-12-2015,232.1,4.3,0.2,0.0,37.1,18.199999,4.1
-25.127778,27.628889,16-12-2015,203.40001,48.400000000000006,2.4000000000000004,3.1000001,34.579998,18.93,46.100002
-25.20639,27.558,16-12-2015,204.40001,48.2,2.4000000000000004,2.6000001,34.52,18.869999,45.9
-27.602222,29.942778,16-12-2015,185.90001,35.0,1.7000000000000002,3.5,31.789999,15.66,33.5
-27.00222,28.76528,16-12-2015,183.40001,34.300000000000004,1.7000000000000002,2.0,30.07,14.29,32.7
-27.02314,28.59389,16-12-2015,185.5,33.800000000000004,1.7000000000000002,2.0,30.33,14.45,32.2
-27.273889,28.49,16-12-2015,186.7,31.1,1.6,2.3,30.269999,14.389999,29.7
-27.4275,28.525833,16-12-2015,186.1,29.900000000000002,1.5,2.3,30.179998,14.21,28.6
-27.3,28.586944,16-12-2015,185.6,31.1,1.6,2.3,30.24,14.28,29.7
-33.897778,20.012778,26-02-2015,141.0,3.3000000000000003,0.2,1.6,30.55,16.109999,3.2
-27.398611,26.614722,16-12-2015,218.2,19.8,1.0,0.5,33.59,17.07,18.800001
-29.033333,23.983333,16-12-2015,230.7,5.5,0.30000000000000004,0.1,36.78,17.77,5.3
-33.897778,20.012778,21-05-2015,50.0,64.8,3.2,13.0,19.41,6.0699997,50.0
-33.897778,20.012778,27-08-2015,91.200005,30.200000000000003,1.5,8.0,23.22,9.65,31.4
-33.897778,20.012778,29-10-2015,167.8,35.4,1.8,5.4,27.57,13.0,34.7
-33.897778,20.012778,03-12-2015,195.6,11.4,0.6000000000000001,4.7000003,31.66,16.289999,11.6
-27.4,26.624722,16-12-2015,218.2,19.8,1.0,0.5,33.59,17.07,18.800001
-24.183889,30.823889,17-12-2015,169.90001,34.4,1.7000000000000002,5.6,34.0,20.6,33.100002
-29.161667,30.629722,17-12-2015,134.6,134.20000000000002,6.7,4.8,27.199999,16.699999,127.8
-27.802778,28.768333,17-12-2015,149.7,102.4,5.1000000000000005,1.9,28.099998,14.0,97.4
-29.744167,29.905833,18-12-2015,140.8,141.6,7.1000000000000005,5.8,28.199999,16.5,135.0
-27.902778,24.615556,18-12-2015,207.90001,109.2,5.5,0.2,34.899998,19.9,103.700005
-25.99136,27.84208,21-12-2015,169.5,73.60000000000001,3.7,2.7,29.5,16.699999,70.1
-26.73806,27.59194,21-12-2015,165.5,79.7,4.0,1.5,29.3,16.1,75.8
-26.45,28.085833,21-12-2015,163.2,77.80000000000001,3.9000000000000004,1.8000001,29.0,15.599999,74.0
-28.404444,30.013056,22-12-2015,149.2,132.20000000000002,6.6000000000000005,2.8,30.199999,16.8,125.8
-27.00222,28.76528,22-12-2015,155.5,94.0,4.7,1.9,28.599998,14.599999,89.4
-26.970278,27.211111,22-12-2015,171.2,78.7,3.9000000000000004,1.3000001,30.0,16.6,74.8
-26.880278,26.965,22-12-2015,172.40001,78.60000000000001,3.9000000000000004,1.2,30.3,16.8,74.700005
-27.273889,28.49,22-12-2015,157.0,93.30000000000001,4.7,2.2,28.8,15.0,88.8
-25.45963889,28.26430556,22-12-2015,177.40001,52.400000000000006,2.6,3.4,31.5,17.5,50.0
-27.01011111,26.69808333,23-12-2015,179.5,79.5,4.0,0.5,30.9,17.3,75.5
-25.81048333,27.90955222,23-12-2015,173.90001,67.60000000000001,3.4000000000000004,2.8,30.5,17.6,64.4
-27.5275,30.858056,23-12-2015,146.3,134.70000000000002,6.7,4.9,28.5,16.5,128.3
-26.861111,28.884722,23-12-2015,154.7,94.5,4.7,2.1000001,28.3,14.4,89.9
-26.98472222,26.63227778,23-12-2015,178.7,81.2,4.1000000000000005,0.5,31.0,17.5,77.1
-27.935,26.126667,23-12-2015,181.2,73.9,3.7,0.4,31.4,17.1,70.200005
-29.744167,29.905833,31-12-2015,140.8,141.6,7.1000000000000005,5.8,28.199999,16.5,135.0
