Latitude,Longitude,Sample Date,pet,ppt,q,soil,tmax,tmin,aet
-28.760833,17.730278,02-01-2011,174.2,32.7,1.6,0.0,36.1,22.689999,31.1
-26.861111,28.884722,03-01-2011,124.1,51.1,2.6,12.8,27.16,13.219999,53.8
-26.45,28.085833,03-01-2011,127.5,62.7,3.1,6.8,27.519999,14.09,60.8
-27.671111,27.236944,03-01-2011,129.7,84.2,4.2,7.2000003,28.869999,14.639999,83.200005
-27.356667,27.286389,03-01-2011,129.2,78.0,3.9000000000000004,7.8,28.67,14.69,77.3
-27.01011111,26.69808333,04-01-2011,98.6,106.0,5.300000000000001,5.9,24.18,9.809999,98.6
-25.127778,27.628889,04-01-2011,105.5,135.1,6.800000000000001,24.0,27.17,12.62,105.5
-25.20639,27.558,04-01-2011,103.700005,143.4,7.2,33.600002,27.0,12.5199995,103.700005
-24.69514,27.40906,04-01-2011,111.8,141.1,7.1000000000000005,23.6,27.74,13.49,111.8
-26.98472222,26.63227778,04-01-2011,98.200005,109.30000000000001,5.5,10.7,24.35,9.98,98.200005
-28.141944,26.417778,04-01-2011,93.8,90.9,4.5,4.8,23.88,8.78,87.700005
-27.398611,26.614722,04-01-2011,100.9,97.2,4.9,2.9,24.8,9.87,92.700005
-33.501667,21.624167,04-01-2011,100.200005,16.3,0.8,0.1,24.55,9.33,15.5
-32.502778,19.535833,04-01-2011,119.9,16.2,0.8,0.6,27.06,10.92,15.400001
-25.45963889,28.26430556,04-01-2011,103.6,141.9,7.1000000000000005,32.5,26.4,12.04,103.6
-27.495556,26.074722,04-01-2011,99.700005,99.5,5.0,0.4,24.73,9.17,94.5
-26.648056,27.089444,05-01-2011,83.5,63.300000000000004,3.2,12.2,21.92,5.92,70.5
-26.970278,27.211111,05-01-2011,82.1,66.7,3.3000000000000003,14.900001,21.859999,6.14,72.5
-27.38972222,26.46388889,05-01-2011,83.200005,97.4,4.9,9.7,22.81,6.98,83.200005
-27.044444,27.005,05-01-2011,82.4,74.60000000000001,3.7,13.0,21.949999,6.25,75.6
-30.830556,26.921389,06-01-2011,57.0,54.1,2.7,8.0,14.589999,-0.94,53.100002
-27.00222,28.76528,06-01-2011,70.0,26.400000000000002,1.3,15.6,17.38,-2.55,37.100002
-27.02314,28.59389,06-01-2011,72.4,27.0,1.3,13.5,17.869999,-2.26,32.600002
-30.679722,26.7125,06-01-2011,59.8,44.900000000000006,2.2,5.1,15.74,-0.61,44.4
-30.160091,27.40124,06-01-2011,57.4,53.800000000000004,2.7,15.900001,14.62,-0.44,54.0
-32.595833,19.009444,06-01-2011,52.7,73.2,3.7,19.1,19.279999,6.42,52.7
-25.99136,27.84208,10-01-2011,173.2,48.0,2.4000000000000004,6.3,28.539999,11.05,46.7
-26.73806,27.59194,10-01-2011,179.40001,39.5,2.0,5.3,28.34,10.179999,38.5
-26.45,28.085833,10-01-2011,172.90001,45.300000000000004,2.3000000000000003,5.6,27.91,10.01,43.9
-30.86013889,29.07125,10-01-2011,138.0,28.8,1.4000000000000001,9.900001,25.609999,10.95,30.1
-27.356667,27.286389,10-01-2011,185.8,31.6,1.6,3.7,29.06,10.19,30.5
-27.01011111,26.69808333,11-01-2011,191.7,44.300000000000004,2.2,2.3,30.09,12.559999,42.3
-25.73411,27.21422,11-01-2011,182.5,56.2,2.8000000000000003,5.6,29.99,12.88,54.2
-26.98472222,26.63227778,11-01-2011,192.0,44.300000000000004,2.2,2.7,30.16,12.74,42.4
-27.398611,26.614722,11-01-2011,197.40001,45.2,2.3000000000000003,2.7,30.63,12.32,43.2
-27.671111,27.236944,11-01-2011,192.1,42.2,2.1,2.9,30.029999,11.679999,40.5
-29.160278,26.573333,11-01-2011,199.1,29.5,1.5,2.7,29.3,9.62,28.4
-34.250556,20.9925,11-01-2011,140.2,51.900000000000006,2.6,12.3,24.189999,12.67,52.8
-25.45963889,28.26430556,11-01-2011,182.8,54.2,2.7,5.7000003,31.4,14.759999,52.2
-25.81048333,27.90955222,12-01-2011,164.1,100.5,5.0,5.1,28.97,16.56,96.1
-27.273889,28.49,12-01-2011,164.3,104.7,5.2,4.4,27.599998,14.009999,100.1
-27.4275,28.525833,12-01-2011,163.6,107.7,5.4,3.8,27.46,13.75,102.8
-28.883333,27.89,12-01-2011,164.2,105.80000000000001,5.300000000000001,3.3,26.349998,12.929999,101.0
-27.00222,28.76528,13-01-2011,161.6,95.4,4.800000000000001,5.0,27.63,14.11,91.200005
-27.02314,28.59389,13-01-2011,163.1,97.60000000000001,4.9,4.8,27.8,14.2,93.3
-30.534167,24.961944,13-01-2011,205.0,44.900000000000006,2.2,0.0,29.9,13.13,42.600002
-28.460833,21.248889,13-01-2011,244.7,52.300000000000004,2.6,0.0,33.62,16.89,49.600002
-29.658056,25.973333,14-01-2011,186.90001,71.0,3.6,2.2,28.289999,12.61,67.700005
-28.760833,17.730278,16-01-2011,257.5,1.3,0.1,0.0,34.98,19.64,1.2
-25.513889,31.224444,17-01-2011,149.40001,105.80000000000001,5.300000000000001,13.2,28.0,17.51,102.200005
-26.861111,28.884722,17-01-2011,161.0,89.0,4.5,5.2000003,27.43,14.009999,85.200005
-31.554722,29.245556,17-01-2011,123.700005,106.2,5.300000000000001,36.100002,24.68,16.57,115.3
-28.058889,30.373611,17-01-2011,158.0,99.60000000000001,5.0,4.2000003,28.029999,14.679999,95.0
-25.127778,27.628889,18-01-2011,169.3,112.2,5.6000000000000005,6.1,31.17,17.97,107.1
-25.20639,27.558,18-01-2011,170.0,112.9,5.6000000000000005,6.5,31.109999,17.91,108.0
-24.69514,27.40906,18-01-2011,172.90001,121.0,6.0,7.0,31.609999,18.789999,115.6
-25.681111,31.783333,18-01-2011,149.2,65.4,3.3000000000000003,10.7,29.599998,18.289999,63.100002
-27.802778,28.768333,18-01-2011,159.1,107.80000000000001,5.4,3.3,26.91,13.11,102.8
-27.398611,26.614722,18-01-2011,191.90001,84.9,4.2,2.5,29.939999,15.61,80.9
-31.104278,29.399722,18-01-2011,134.1,101.80000000000001,5.1000000000000005,21.6,25.75,16.289999,115.700005
-31.396,29.2651,18-01-2011,134.5,98.7,4.9,23.9,25.96,17.63,119.5
-33.38056,19.30167,18-01-2011,194.3,13.4,0.7000000000000001,8.2,26.59,11.87,14.400001
-33.31388889,19.07472222,18-01-2011,205.90001,13.8,0.7000000000000001,10.2,29.13,14.309999,15.1
-27.495556,26.074722,18-01-2011,194.2,79.9,4.0,2.8,29.939999,14.9,76.3
-24.39619444,27.08983333,19-01-2011,169.2,96.5,4.800000000000001,8.400001,31.679998,18.75,92.6
-26.970278,27.211111,19-01-2011,173.90001,96.2,4.800000000000001,3.5,28.859999,15.42,91.8
-26.880278,26.965,19-01-2011,175.5,93.9,4.7,3.3,29.15,15.61,89.6
-27.273889,28.49,19-01-2011,164.3,104.7,5.2,4.4,27.599998,14.009999,100.1
-27.3,28.586944,19-01-2011,163.40001,103.80000000000001,5.2,4.2000003,27.63,13.929999,99.1
-27.044444,27.005,19-01-2011,178.7,93.5,4.7,3.3,29.25,15.57,89.200005
-30.568333,29.422778,19-01-2011,137.7,105.30000000000001,5.300000000000001,8.5,24.699999,12.12,101.5
-30.570833,29.150556,19-01-2011,138.90001,108.5,5.4,6.5,24.51,11.94,104.1
-34.031944,22.053333,19-01-2011,157.5,20.200000000000003,1.0,7.0,25.33,14.79,20.6
-33.13083,18.86278,19-01-2011,207.1,12.200000000000001,0.6000000000000001,7.5,29.59,14.95,12.7
-33.7075,18.97444444,19-01-2011,200.3,19.6,1.0,11.8,28.39,14.78,21.2
-25.57877778,29.12747222,19-01-2011,161.6,102.30000000000001,5.1000000000000005,4.8,29.429998,15.799999,97.8
-26.006389,29.253889,20-01-2011,152.0,96.5,4.800000000000001,5.5,27.09,14.0199995,92.3
-27.02314,28.59389,20-01-2011,163.1,97.60000000000001,4.9,4.8,27.8,14.2,93.3
-30.679722,26.7125,20-01-2011,180.90001,68.10000000000001,3.4000000000000004,2.1000001,28.599998,12.28,64.9
-28.460833,21.248889,20-01-2011,244.7,52.300000000000004,2.6,0.0,33.62,16.89,49.600002
-30.77586667,29.03221667,20-01-2011,141.5,104.30000000000001,5.2,6.6,26.0,14.53,100.200005
-24.925278,29.324444,21-01-2011,162.40001,109.5,5.5,4.0,30.97,17.51,104.5
-28.460833,21.248889,21-01-2011,244.7,52.300000000000004,2.6,0.0,33.62,16.89,49.600002
-24.679167,30.8025,24-01-2011,143.3,149.0,7.4,16.7,25.99,15.07,141.7
-25.99136,27.84208,24-01-2011,161.1,98.5,4.9,4.9,28.039999,15.62,94.200005
-25.49037,30.6986,24-01-2011,144.7,122.5,6.1000000000000005,17.2,26.84,15.66,118.4
-26.970278,27.211111,24-01-2011,173.90001,96.2,4.800000000000001,3.5,28.859999,15.42,91.8
-27.671111,27.236944,24-01-2011,182.90001,94.2,4.7,2.7,29.48,15.049999,89.8
-27.356667,27.286389,24-01-2011,182.40001,94.80000000000001,4.7,3.0,29.23,15.32,90.4
-27.01011111,26.69808333,25-01-2011,183.5,90.9,4.5,2.2,29.289999,15.61,86.6
-26.98472222,26.63227778,25-01-2011,181.40001,91.80000000000001,4.6000000000000005,2.5,29.349998,15.679999,87.4
-27.398611,26.614722,25-01-2011,191.90001,84.9,4.2,2.5,29.939999,15.61,80.9
-33.818056,19.694722,25-01-2011,201.8,12.3,0.6000000000000001,6.2000003,28.73,14.099999,12.900001
-25.45963889,28.26430556,25-01-2011,164.5,104.7,5.2,5.1,29.849998,16.63,100.0
-33.897778,20.012778,25-01-2011,196.1,11.0,0.5,4.9,29.26,14.559999,11.3
-25.81048333,27.90955222,26-01-2011,164.1,100.5,5.0,5.1,28.97,16.56,96.1
-34.065833,20.404167,26-01-2011,179.3,12.700000000000001,0.6000000000000001,6.2000003,29.189999,15.91,13.2
-24.058889,31.237222,26-01-2011,154.6,63.300000000000004,3.2,1.4,31.59,19.869999,60.100002
-26.648056,27.089444,26-01-2011,170.90001,93.9,4.7,3.4,28.599998,15.219999,89.6
-26.880278,26.965,26-01-2011,175.5,93.9,4.7,3.3,29.15,15.61,89.6
-27.273889,28.49,26-01-2011,164.3,104.7,5.2,4.4,27.599998,14.009999,100.1
-27.044444,27.005,26-01-2011,178.7,93.5,4.7,3.3,29.25,15.57,89.200005
-34.092222,21.295278,26-01-2011,173.1,16.6,0.8,5.4,27.42,14.95,16.9
-27.02314,28.59389,27-01-2011,163.1,97.60000000000001,4.9,4.8,27.8,14.2,93.3
-26.73806,27.59194,27-01-2011,168.1,96.30000000000001,4.800000000000001,4.1,28.13,15.17,92.0
-28.760833,17.730278,30-01-2011,257.5,1.3,0.1,0.0,34.98,19.64,1.2
-26.861111,28.884722,31-01-2011,161.0,89.0,4.5,5.2000003,27.43,14.009999,85.200005
-26.73806,27.59194,31-01-2011,168.1,96.30000000000001,4.800000000000001,4.1,28.13,15.17,92.0
-25.127778,27.628889,01-02-2011,169.3,112.2,5.6000000000000005,6.1,31.17,17.97,107.1
-24.69514,27.40906,01-02-2011,172.90001,121.0,6.0,7.0,31.609999,18.789999,115.6
-27.363611,31.783333,01-02-2011,154.40001,75.0,3.8000000000000003,10.6,30.019999,18.93,72.3
-27.802778,28.768333,01-02-2011,159.1,107.80000000000001,5.4,3.3,26.91,13.11,102.8
-29.160278,26.573333,01-02-2011,190.1,84.30000000000001,4.2,2.4,28.949999,13.07,80.4
-34.329722,18.990278,01-02-2011,158.2,23.5,1.2000000000000002,17.9,23.05,13.58,27.2
-25.20639,27.558,02-02-2011,170.0,112.9,5.6000000000000005,6.5,31.109999,17.91,108.0
-23.281,30.54305556,03-02-2011,154.40001,99.5,5.0,6.2000003,30.859999,19.76,95.0
-28.801278,31.955389,03-02-2011,150.2,89.60000000000001,4.5,11.0,28.939999,19.64,87.6
-27.00222,28.76528,03-02-2011,161.6,95.4,4.800000000000001,5.0,27.63,14.11,91.200005
-27.02314,28.59389,03-02-2011,163.1,97.60000000000001,4.9,4.8,27.8,14.2,93.3
-27.3,28.586944,03-02-2011,163.40001,103.80000000000001,5.2,4.2000003,27.63,13.929999,99.1
-30.679722,26.7125,03-02-2011,180.90001,68.10000000000001,3.4000000000000004,2.1000001,28.599998,12.28,64.9
-28.460833,21.248889,03-02-2011,244.7,52.300000000000004,2.6,0.0,33.62,16.89,49.600002
-28.460833,21.248889,04-02-2011,244.7,52.300000000000004,2.6,0.0,33.62,16.89,49.600002
-29.140556,31.391944,07-02-2011,143.5,108.7,5.4,4.8,28.07,19.279999,103.6
-25.99136,27.84208,07-02-2011,161.1,98.5,4.9,4.9,28.039999,15.62,94.200005
-24.058889,31.237222,07-02-2011,154.6,63.300000000000004,3.2,1.4,31.59,19.869999,60.100002
-26.73806,27.59194,07-02-2011,168.1,96.30000000000001,4.800000000000001,4.1,28.13,15.17,92.0
-30.86013889,29.07125,07-02-2011,140.6,101.60000000000001,5.1000000000000005,7.0,26.07,14.799999,97.700005
-27.356667,27.286389,07-02-2011,182.40001,94.80000000000001,4.7,3.0,29.23,15.32,90.4
-28.058889,30.373611,07-02-2011,158.0,99.60000000000001,5.0,4.2000003,28.029999,14.679999,95.0
-27.01011111,26.69808333,08-02-2011,183.5,90.9,4.5,2.2,29.289999,15.61,86.6
-27.169444,29.233889,08-02-2011,157.3,90.0,4.5,4.0,26.93,13.59,86.0
-26.98472222,26.63227778,08-02-2011,181.40001,91.80000000000001,4.6000000000000005,2.5,29.349998,15.679999,87.4
-27.398611,26.614722,08-02-2011,191.90001,84.9,4.2,2.5,29.939999,15.61,80.9
-27.573056,24.746389,08-02-2011,208.40001,75.2,3.8000000000000003,0.4,31.66,15.66,71.5
-33.501667,21.624167,08-02-2011,189.1,13.0,0.7000000000000001,0.1,27.64,11.98,12.400001
-32.502778,19.535833,08-02-2011,233.40001,4.800000000000001,0.2,1.3000001,30.92,13.57,4.7000003
-25.45963889,28.26430556,08-02-2011,164.5,104.7,5.2,5.1,29.849998,16.63,100.0
-26.970278,27.211111,09-02-2011,173.90001,96.2,4.800000000000001,3.5,28.859999,15.42,91.8
-27.273889,28.49,09-02-2011,164.3,104.7,5.2,4.4,27.599998,14.009999,100.1
-28.69485,28.23487,09-02-2011,160.7,103.4,5.2,3.1000001,25.769999,12.639999,98.6
-28.883333,27.89,09-02-2011,164.2,105.80000000000001,5.300000000000001,3.3,26.349998,12.929999,101.0
-27.02314,28.59389,10-02-2011,163.1,97.60000000000001,4.9,4.8,27.8,14.2,93.3
-30.679722,26.7125,10-02-2011,180.90001,68.10000000000001,3.4000000000000004,2.1000001,28.599998,12.28,64.9
-30.534167,24.961944,10-02-2011,205.0,44.900000000000006,2.2,0.0,29.9,13.13,42.600002
-34.031944,22.053333,10-02-2011,157.5,20.200000000000003,1.0,7.0,25.33,14.79,20.6
-34.039722,22.133333,10-02-2011,156.0,21.1,1.1,7.3,25.16,15.12,21.6
-32.595833,19.009444,10-02-2011,218.5,7.300000000000001,0.4,6.1,30.83,13.759999,7.6
-28.801278,31.955389,11-02-2011,150.2,89.60000000000001,4.5,11.0,28.939999,19.64,87.6
-29.658056,25.973333,11-02-2011,186.90001,71.0,3.6,2.2,28.289999,12.61,67.700005
-28.068333,31.55,11-02-2011,159.1,77.30000000000001,3.9000000000000004,2.3,30.42,19.76,73.5
-28.760833,17.730278,13-02-2011,257.5,1.3,0.1,0.0,34.98,19.64,1.2
-29.7775,29.470833,14-02-2011,138.3,148.1,7.4,8.900001,24.17,11.82,138.3
-29.987778,29.851667,14-02-2011,136.0,127.0,6.4,10.8,25.42,13.759999,122.4
-29.744167,29.905833,14-02-2011,141.6,126.30000000000001,6.300000000000001,8.7,26.31,14.46,121.1
-26.861111,28.884722,14-02-2011,161.0,89.0,4.5,5.2000003,27.43,14.009999,85.200005
-26.45,28.085833,14-02-2011,162.5,90.0,4.5,4.5,27.789999,14.849999,86.0
-31.396,29.2651,14-02-2011,134.5,98.7,4.9,23.9,25.96,17.63,119.5
-25.20639,27.558,15-02-2011,170.0,112.9,5.6000000000000005,6.5,31.109999,17.91,108.0
-24.69514,27.40906,15-02-2011,172.90001,121.0,6.0,7.0,31.609999,18.789999,115.6
-26.006389,29.253889,15-02-2011,152.0,96.5,4.800000000000001,5.5,27.09,14.0199995,92.3
-27.802778,28.768333,15-02-2011,159.1,107.80000000000001,5.4,3.3,26.91,13.11,102.8
-27.398611,26.614722,15-02-2011,191.90001,84.9,4.2,2.5,29.939999,15.61,80.9
-27.671111,27.236944,15-02-2011,182.90001,94.2,4.7,2.7,29.48,15.049999,89.8
-29.160278,26.573333,15-02-2011,190.1,84.30000000000001,4.2,2.4,28.949999,13.07,80.4
-30.568333,29.422778,15-02-2011,137.7,105.30000000000001,5.300000000000001,8.5,24.699999,12.12,101.5
-30.570833,29.150556,15-02-2011,138.90001,108.5,5.4,6.5,24.51,11.94,104.1
-33.38056,19.30167,15-02-2011,194.3,13.4,0.7000000000000001,8.2,26.59,11.87,14.400001
-33.31388889,19.07472222,15-02-2011,205.90001,13.8,0.7000000000000001,10.2,29.13,14.309999,15.1
-27.495556,26.074722,15-02-2011,194.2,79.9,4.0,2.8,29.939999,14.9,76.3
-25.436111,31.982222,16-02-2011,148.90001,61.800000000000004,3.1,12.400001,30.689999,18.58,60.0
-24.39619444,27.08983333,16-02-2011,169.2,96.5,4.800000000000001,8.400001,31.679998,18.75,92.6
-25.67386,31.57527,16-02-2011,154.8,81.0,4.1000000000000005,11.400001,30.3,19.39,78.1
-30.733889,29.828333,16-02-2011,132.40001,114.80000000000001,5.7,33.100002,25.43,15.65,120.0
-30.398056,30.601944,16-02-2011,134.7,125.4,6.300000000000001,49.0,26.41,19.43,127.0
-27.273889,28.49,16-02-2011,164.3,104.7,5.2,4.4,27.599998,14.009999,100.1
-27.3,28.586944,16-02-2011,163.40001,103.80000000000001,5.2,4.2000003,27.63,13.929999,99.1
-27.044444,27.005,16-02-2011,178.7,93.5,4.7,3.3,29.25,15.57,89.200005
-30.86013889,29.07125,16-02-2011,140.6,101.60000000000001,5.1000000000000005,7.0,26.07,14.799999,97.700005
-30.77586667,29.03221667,16-02-2011,141.5,104.30000000000001,5.2,6.6,26.0,14.53,100.200005
-33.13083,18.86278,16-02-2011,207.1,12.200000000000001,0.6000000000000001,7.5,29.59,14.95,12.7
-24.925278,29.324444,17-02-2011,162.40001,109.5,5.5,4.0,30.97,17.51,104.5
-27.00222,28.76528,17-02-2011,161.6,95.4,4.800000000000001,5.0,27.63,14.11,91.200005
-27.02314,28.59389,17-02-2011,163.1,97.60000000000001,4.9,4.8,27.8,14.2,93.3
-22.43772222,31.07805556,18-02-2011,172.0,112.30000000000001,5.6000000000000005,0.5,33.94,20.96,106.700005
-29.803611,30.516111,18-02-2011,134.2,120.7,6.0,11.3,26.14,16.369999,116.5
-25.99136,27.84208,21-02-2011,161.1,98.5,4.9,4.9,28.039999,15.62,94.200005
-26.861111,28.884722,21-02-2011,161.0,89.0,4.5,5.2000003,27.43,14.009999,85.200005
-26.73806,27.59194,21-02-2011,168.1,96.30000000000001,4.800000000000001,4.1,28.13,15.17,92.0
-26.45,28.085833,21-02-2011,162.5,90.0,4.5,4.5,27.789999,14.849999,86.0
-27.01011111,26.69808333,22-02-2011,183.5,90.9,4.5,2.2,29.289999,15.61,86.6
-27.169444,29.233889,22-02-2011,157.3,90.0,4.5,4.0,26.93,13.59,86.0
-26.98472222,26.63227778,22-02-2011,181.40001,91.80000000000001,4.6000000000000005,2.5,29.349998,15.679999,87.4
-27.398611,26.614722,22-02-2011,191.90001,84.9,4.2,2.5,29.939999,15.61,80.9
-29.160278,26.573333,22-02-2011,190.1,84.30000000000001,4.2,2.4,28.949999,13.07,80.4
-33.818056,19.694722,22-02-2011,201.8,12.3,0.6000000000000001,6.2000003,28.73,14.099999,12.900001
-25.81048333,27.90955222,23-02-2011,164.1,100.5,5.0,5.1,28.97,16.56,96.1
-29.641944,30.6875,23-02-2011,139.7,111.0,5.6000000000000005,10.400001,27.15,18.08,107.1
-34.065833,20.404167,23-02-2011,179.3,12.700000000000001,0.6000000000000001,6.2000003,29.189999,15.91,13.2
-33.980556,21.653333,23-02-2011,164.5,15.8,0.8,4.6,26.83,14.37,15.8
-22.769722,30.886944,23-02-2011,159.8,120.60000000000001,6.0,5.5,32.01,19.9,114.9
-27.00222,28.76528,23-02-2011,161.6,95.4,4.800000000000001,5.0,27.63,14.11,91.200005
-27.02314,28.59389,23-02-2011,163.1,97.60000000000001,4.9,4.8,27.8,14.2,93.3
-27.38972222,26.46388889,23-02-2011,193.3,83.7,4.2,2.6000001,30.07,15.54,79.8
-27.398611,26.614722,23-02-2011,191.90001,84.9,4.2,2.5,29.939999,15.61,80.9
-27.671111,27.236944,23-02-2011,182.90001,94.2,4.7,2.7,29.48,15.049999,89.8
-27.356667,27.286389,23-02-2011,182.40001,94.80000000000001,4.7,3.0,29.23,15.32,90.4
-33.897778,20.012778,23-02-2011,196.1,11.0,0.5,4.9,29.26,14.559999,11.3
-23.763056,27.908611,24-02-2011,156.3,109.0,5.5,5.5,30.519999,17.46,104.1
-23.23572222,27.717,24-02-2011,162.0,82.0,4.1000000000000005,0.5,31.82,18.71,77.9
-28.44555556,32.325,24-02-2011,144.8,85.4,4.3,17.2,28.019999,19.92,87.5
-30.679722,26.7125,24-02-2011,180.90001,68.10000000000001,3.4000000000000004,2.1000001,28.599998,12.28,64.9
-30.160091,27.40124,24-02-2011,171.3,84.5,4.2,3.6000001,27.289999,12.719999,80.700005
-30.336111,27.359444,24-02-2011,171.90001,82.9,4.1000000000000005,3.8,27.3,12.259999,79.3
-28.460833,21.248889,24-02-2011,244.7,52.300000000000004,2.6,0.0,33.62,16.89,49.600002
-22.91028,29.61111,25-02-2011,151.90001,112.60000000000001,5.6000000000000005,1.2,30.48,18.59,107.0
-28.760833,17.730278,27-02-2011,257.5,1.3,0.1,0.0,34.98,19.64,1.2
-24.183889,30.823889,01-03-2011,152.3,94.10000000000001,4.7,7.0,30.939999,19.23,90.0
-27.398611,26.614722,01-03-2011,191.90001,84.9,4.2,2.5,29.939999,15.61,80.9
-27.671111,27.236944,01-03-2011,182.90001,94.2,4.7,2.7,29.48,15.049999,89.8
-29.160278,26.573333,01-03-2011,190.1,84.30000000000001,4.2,2.4,28.949999,13.07,80.4
-27.495556,26.074722,01-03-2011,194.2,79.9,4.0,2.8,29.939999,14.9,76.3
-23.658056,31.05,02-03-2011,156.40001,65.4,3.3000000000000003,1.2,31.859999,20.039999,62.2
-26.648056,27.089444,02-03-2011,170.90001,93.9,4.7,3.4,28.599998,15.219999,89.6
-27.802778,28.768333,02-03-2011,159.1,107.80000000000001,5.4,3.3,26.91,13.11,102.8
-24.679167,30.8025,03-03-2011,143.3,149.0,7.4,16.7,25.99,15.07,141.7
-27.273889,28.49,03-03-2011,164.3,104.7,5.2,4.4,27.599998,14.009999,100.1
-27.3,28.586944,03-03-2011,163.40001,103.80000000000001,5.2,4.2000003,27.63,13.929999,99.1
-30.679722,26.7125,03-03-2011,180.90001,68.10000000000001,3.4000000000000004,2.1000001,28.599998,12.28,64.9
-27.02314,28.59389,04-03-2011,163.1,97.60000000000001,4.9,4.8,27.8,14.2,93.3
-25.99136,27.84208,07-03-2011,161.1,98.5,4.9,4.9,28.039999,15.62,94.200005
-31.554722,29.245556,07-03-2011,123.700005,106.2,5.300000000000001,36.100002,24.68,16.57,115.3
-27.01011111,26.69808333,08-03-2011,183.5,90.9,4.5,2.2,29.289999,15.61,86.6
-27.802778,28.768333,08-03-2011,159.1,107.80000000000001,5.4,3.3,26.91,13.11,102.8
-26.98472222,26.63227778,08-03-2011,181.40001,91.80000000000001,4.6000000000000005,2.5,29.349998,15.679999,87.4
-27.398611,26.614722,08-03-2011,191.90001,84.9,4.2,2.5,29.939999,15.61,80.9
-27.671111,27.236944,08-03-2011,182.90001,94.2,4.7,2.7,29.48,15.049999,89.8
-29.160278,26.573333,08-03-2011,190.1,84.30000000000001,4.2,2.4,28.949999,13.07,80.4
-31.396,29.2651,08-03-2011,134.5,98.7,4.9,23.9,25.96,17.63,119.5
-25.45963889,28.26430556,08-03-2011,164.5,104.7,5.2,5.1,29.849998,16.63,100.0
-25.81048333,27.90955222,09-03-2011,164.1,100.5,5.0,5.1,28.97,16.56,96.1
-22.225556,29.990556,09-03-2011,164.1,78.7,3.9000000000000004,0.2,32.969997,21.289999,74.8
-26.03611,30.99778,09-03-2011,155.6,142.70000000000002,7.1000000000000005,15.5,28.119999,17.32,137.7
-28.404444,30.013056,09-03-2011,160.6,99.7,5.0,3.4,29.06,15.54,95.0
-29.380556,30.2775,09-03-2011,134.90001,117.4,5.9,9.0,25.3,13.86,112.8
-26.648056,27.089444,09-03-2011,170.90001,93.9,4.7,3.4,28.599998,15.219999,89.6
-26.970278,27.211111,09-03-2011,173.90001,96.2,4.800000000000001,3.5,28.859999,15.42,91.8
-27.273889,28.49,09-03-2011,164.3,104.7,5.2,4.4,27.599998,14.009999,100.1
-27.3,28.586944,09-03-2011,163.40001,103.80000000000001,5.2,4.2000003,27.63,13.929999,99.1
-27.044444,27.005,09-03-2011,178.7,93.5,4.7,3.3,29.25,15.57,89.200005
-28.69485,28.23487,09-03-2011,160.7,103.4,5.2,3.1000001,25.769999,12.639999,98.6
-28.883333,27.89,09-03-2011,164.2,105.80000000000001,5.300000000000001,3.3,26.349998,12.929999,101.0
-30.568333,29.422778,09-03-2011,137.7,105.30000000000001,5.300000000000001,8.5,24.699999,12.12,101.5
-30.570833,29.150556,09-03-2011,138.90001,108.5,5.4,6.5,24.51,11.94,104.1
-34.329722,18.990278,09-03-2011,158.2,23.5,1.2000000000000002,17.9,23.05,13.58,27.2
-30.830556,26.921389,10-03-2011,175.90001,68.9,3.4000000000000004,2.7,27.859999,11.849999,65.8
-25.49037,30.6986,10-03-2011,144.7,122.5,6.1000000000000005,17.2,26.84,15.66,118.4
-29.380556,30.2775,10-03-2011,134.90001,117.4,5.9,9.0,25.3,13.86,112.8
-30.86013889,29.07125,10-03-2011,140.6,101.60000000000001,5.1000000000000005,7.0,26.07,14.799999,97.700005
-30.77586667,29.03221667,10-03-2011,141.5,104.30000000000001,5.2,6.6,26.0,14.53,100.200005
-29.658056,25.973333,11-03-2011,186.90001,71.0,3.6,2.2,28.289999,12.61,67.700005
-30.534167,24.961944,11-03-2011,205.0,44.900000000000006,2.2,0.0,29.9,13.13,42.600002
-31.031389,28.883333,11-03-2011,138.90001,102.10000000000001,5.1000000000000005,7.0,25.63,14.299999,98.0
-34.039722,22.133333,11-03-2011,156.0,21.1,1.1,7.3,25.16,15.12,21.6
-28.760833,17.730278,13-03-2011,257.5,1.3,0.1,0.0,34.98,19.64,1.2
-29.7775,29.470833,14-03-2011,138.3,148.1,7.4,8.900001,24.17,11.82,138.3
-29.987778,29.851667,14-03-2011,136.0,127.0,6.4,10.8,25.42,13.759999,122.4
-29.744167,29.905833,14-03-2011,141.6,126.30000000000001,6.300000000000001,8.7,26.31,14.46,121.1
-26.861111,28.884722,14-03-2011,161.0,89.0,4.5,5.2000003,27.43,14.009999,85.200005
-26.73806,27.59194,14-03-2011,168.1,96.30000000000001,4.800000000000001,4.1,28.13,15.17,92.0
-26.45,28.085833,14-03-2011,162.5,90.0,4.5,4.5,27.789999,14.849999,86.0
-25.127778,27.628889,15-03-2011,169.3,112.2,5.6000000000000005,6.1,31.17,17.97,107.1
-25.20639,27.558,15-03-2011,170.0,112.9,5.6000000000000005,6.5,31.109999,17.91,108.0
-24.69514,27.40906,15-03-2011,172.90001,121.0,6.0,7.0,31.609999,18.789999,115.6
-25.73411,27.21422,15-03-2011,164.0,114.0,5.7,4.9,28.75,15.25,108.9
-26.006389,29.253889,15-03-2011,152.0,96.5,4.800000000000001,5.5,27.09,14.0199995,92.3
-28.747778,31.745833,15-03-2011,152.90001,97.7,4.9,6.4,29.599998,19.8,93.6
-30.733889,29.828333,15-03-2011,132.40001,114.80000000000001,5.7,33.100002,25.43,15.65,120.0
-27.398611,26.614722,15-03-2011,191.90001,84.9,4.2,2.5,29.939999,15.61,80.9
-27.495556,26.074722,15-03-2011,194.2,79.9,4.0,2.8,29.939999,14.9,76.3
-24.282222,28.090278,16-03-2011,155.40001,99.0,4.9,6.6,29.25,16.48,94.8
-30.398056,30.601944,16-03-2011,134.7,125.4,6.300000000000001,49.0,26.41,19.43,127.0
-30.27402,30.69602,16-03-2011,134.40001,124.0,6.2,34.100002,26.349998,19.369999,124.4
-26.880278,26.965,16-03-2011,175.5,93.9,4.7,3.3,29.15,15.61,89.6
-27.273889,28.49,16-03-2011,164.3,104.7,5.2,4.4,27.599998,14.009999,100.1
-34.031944,22.053333,16-03-2011,157.5,20.200000000000003,1.0,7.0,25.33,14.79,20.6
-23.763056,27.908611,17-03-2011,156.3,109.0,5.5,5.5,30.519999,17.46,104.1
-27.00222,28.76528,17-03-2011,161.6,95.4,4.800000000000001,5.0,27.63,14.11,91.200005
-27.02314,28.59389,17-03-2011,163.1,97.60000000000001,4.9,4.8,27.8,14.2,93.3
-24.925278,29.324444,18-03-2011,162.40001,109.5,5.5,4.0,30.97,17.51,104.5
-29.803611,30.516111,18-03-2011,134.2,120.7,6.0,11.3,26.14,16.369999,116.5
-26.970278,27.211111,21-03-2011,173.90001,96.2,4.800000000000001,3.5,28.859999,15.42,91.8
-27.01011111,26.69808333,22-03-2011,183.5,90.9,4.5,2.2,29.289999,15.61,86.6
-25.99136,27.84208,22-03-2011,161.1,98.5,4.9,4.9,28.039999,15.62,94.200005
-26.861111,28.884722,22-03-2011,161.0,89.0,4.5,5.2000003,27.43,14.009999,85.200005
-26.45,28.085833,22-03-2011,162.5,90.0,4.5,4.5,27.789999,14.849999,86.0
-27.398611,26.614722,22-03-2011,191.90001,84.9,4.2,2.5,29.939999,15.61,80.9
-33.501667,21.624167,22-03-2011,189.1,13.0,0.7000000000000001,0.1,27.64,11.98,12.400001
-33.31388889,19.07472222,22-03-2011,205.90001,13.8,0.7000000000000001,10.2,29.13,14.309999,15.1
-28.338333,31.373611,22-03-2011,148.5,94.60000000000001,4.7,2.9,28.3,17.35,90.0
-29.641944,30.6875,23-03-2011,139.7,111.0,5.6000000000000005,10.400001,27.15,18.08,107.1
-28.735556,29.820556,23-03-2011,157.90001,104.9,5.2,3.2,29.14,15.839999,99.9
-26.648056,27.089444,23-03-2011,170.90001,93.9,4.7,3.4,28.599998,15.219999,89.6
-27.044444,27.005,23-03-2011,178.7,93.5,4.7,3.3,29.25,15.57,89.200005
-29.160278,26.573333,23-03-2011,190.1,84.30000000000001,4.2,2.4,28.949999,13.07,80.4
-33.13083,18.86278,23-03-2011,207.1,12.200000000000001,0.6000000000000001,7.5,29.59,14.95,12.7
-25.45963889,28.26430556,23-03-2011,164.5,104.7,5.2,5.1,29.849998,16.63,100.0
-25.81048333,27.90955222,24-03-2011,164.1,100.5,5.0,5.1,28.97,16.56,96.1
-27.602222,29.942778,24-03-2011,165.8,98.7,4.9,4.1,29.22,15.29,94.1
-27.3,28.586944,24-03-2011,163.40001,103.80000000000001,5.2,4.2000003,27.63,13.929999,99.1
-33.38056,19.30167,24-03-2011,194.3,13.4,0.7000000000000001,8.2,26.59,11.87,14.400001
-27.00222,28.76528,25-03-2011,161.6,95.4,4.800000000000001,5.0,27.63,14.11,91.200005
-27.02314,28.59389,25-03-2011,163.1,97.60000000000001,4.9,4.8,27.8,14.2,93.3
-30.160091,27.40124,25-03-2011,171.3,84.5,4.2,3.6000001,27.289999,12.719999,80.700005
-30.336111,27.359444,25-03-2011,171.90001,82.9,4.1000000000000005,3.8,27.3,12.259999,79.3
-28.760833,17.730278,27-03-2011,257.5,1.3,0.1,0.0,34.98,19.64,1.2
-22.43772222,31.07805556,28-03-2011,172.0,112.30000000000001,5.6000000000000005,0.5,33.94,20.96,106.700005
-26.73806,27.59194,28-03-2011,168.1,96.30000000000001,4.800000000000001,4.1,28.13,15.17,92.0
-25.127778,27.628889,29-03-2011,169.3,112.2,5.6000000000000005,6.1,31.17,17.97,107.1
-25.20639,27.558,29-03-2011,170.0,112.9,5.6000000000000005,6.5,31.109999,17.91,108.0
-24.69514,27.40906,29-03-2011,172.90001,121.0,6.0,7.0,31.609999,18.789999,115.6
-27.169444,29.233889,29-03-2011,157.3,90.0,4.5,4.0,26.93,13.59,86.0
-26.98472222,26.63227778,29-03-2011,181.40001,91.80000000000001,4.6000000000000005,2.5,29.349998,15.679999,87.4
-28.141944,26.417778,29-03-2011,192.90001,83.30000000000001,4.2,2.5,29.789999,14.54,79.5
-28.116667,26.725278,29-03-2011,188.7,84.0,4.2,2.5,29.539999,15.009999,80.1
-27.398611,26.614722,29-03-2011,191.90001,84.9,4.2,2.5,29.939999,15.61,80.9
-29.160278,26.573333,29-03-2011,190.1,84.30000000000001,4.2,2.4,28.949999,13.07,80.4
-27.495556,26.074722,29-03-2011,194.2,79.9,4.0,2.8,29.939999,14.9,76.3
-34.065833,20.404167,30-03-2011,179.3,12.700000000000001,0.6000000000000001,6.2000003,29.189999,15.91,13.2
-27.363611,31.783333,30-03-2011,154.40001,75.0,3.8000000000000003,10.6,30.019999,18.93,72.3
-26.905,32.324722,30-03-2011,159.5,52.2,2.6,9.5,31.529999,19.46,50.4
-28.75,30.442778,30-03-2011,161.1,98.10000000000001,4.9,3.4,30.07,17.529999,93.5
-29.161667,30.629722,30-03-2011,137.6,114.30000000000001,5.7,8.3,25.699999,14.74,109.8
-26.880278,26.965,30-03-2011,175.5,93.9,4.7,3.3,29.15,15.61,89.6
-27.398611,26.614722,30-03-2011,191.90001,84.9,4.2,2.5,29.939999,15.61,80.9
-28.69485,28.23487,30-03-2011,160.7,103.4,5.2,3.1000001,25.769999,12.639999,98.6
-28.883333,27.89,30-03-2011,164.2,105.80000000000001,5.300000000000001,3.3,26.349998,12.929999,101.0
-33.818056,19.694722,30-03-2011,201.8,12.3,0.6000000000000001,6.2000003,28.73,14.099999,12.900001
-34.075556,20.145556,30-03-2011,183.2,13.3,0.7000000000000001,6.2000003,28.57,14.969999,13.8
-27.00222,28.76528,31-03-2011,161.6,95.4,4.800000000000001,5.0,27.63,14.11,91.200005
-27.02314,28.59389,31-03-2011,163.1,97.60000000000001,4.9,4.8,27.8,14.2,93.3
-30.679722,26.7125,31-03-2011,180.90001,68.10000000000001,3.4000000000000004,2.1000001,28.599998,12.28,64.9
-30.534167,24.961944,31-03-2011,205.0,44.900000000000006,2.2,0.0,29.9,13.13,42.600002
-33.897778,20.012778,31-03-2011,196.1,11.0,0.5,4.9,29.26,14.559999,11.3
-22.769722,30.886944,01-04-2011,159.8,120.60000000000001,6.0,5.5,32.01,19.9,114.9
-27.802778,28.768333,01-04-2011,159.1,107.80000000000001,5.4,3.3,26.91,13.11,102.8
-27.5275,30.858056,02-04-2011,150.3,107.2,5.4,7.2000003,27.09,15.63,102.700005
-25.99136,27.84208,04-04-2011,161.1,98.5,4.9,4.9,28.039999,15.62,94.200005
-25.513889,31.224444,04-04-2011,149.40001,105.80000000000001,5.300000000000001,13.2,28.0,17.51,102.200005
-25.398889,31.610556,04-04-2011,146.8,69.8,3.5,11.3,29.41,18.67,67.4
-24.183889,30.823889,05-04-2011,152.3,94.10000000000001,4.7,7.0,30.939999,19.23,90.0
-23.281,30.54305556,05-04-2011,154.40001,99.5,5.0,6.2000003,30.859999,19.76,95.0
-25.362222,31.956667,05-04-2011,146.6,61.5,3.1,11.6,30.09,18.279999,59.600002
-29.380556,30.2775,05-04-2011,134.90001,117.4,5.9,9.0,25.3,13.86,112.8
-27.398611,26.614722,05-04-2011,191.90001,84.9,4.2,2.5,29.939999,15.61,80.9
-25.45963889,28.26430556,05-04-2011,164.5,104.7,5.2,5.1,29.849998,16.63,100.0
-25.81048333,27.90955222,06-04-2011,164.1,100.5,5.0,5.1,28.97,16.56,96.1
-23.658056,31.05,06-04-2011,156.40001,65.4,3.3000000000000003,1.2,31.859999,20.039999,62.2
-24.058889,31.237222,06-04-2011,154.6,63.300000000000004,3.2,1.4,31.59,19.869999,60.100002
-24.034167,31.123611,06-04-2011,153.8,73.7,3.7,1.2,31.039999,19.42,70.0
-24.99328,30.81444,06-04-2011,131.40001,145.6,7.300000000000001,32.2,23.949999,13.13,131.40001
-25.14944444,31.94055556,06-04-2011,146.8,62.1,3.1,9.6,30.01,18.49,59.8
-27.937778,31.209444,06-04-2011,154.3,82.30000000000001,4.1000000000000005,2.9,28.3,17.25,78.3
-28.404444,30.013056,06-04-2011,160.6,99.7,5.0,3.4,29.06,15.54,95.0
-26.880278,26.965,06-04-2011,175.5,93.9,4.7,3.3,29.15,15.61,89.6
-31.000833,26.353056,06-04-2011,181.2,53.800000000000004,2.7,2.0,27.609999,11.16,51.4
-24.679167,30.8025,07-04-2011,143.3,149.0,7.4,16.7,25.99,15.07,141.7
-24.99328,30.81444,07-04-2011,131.40001,145.6,7.300000000000001,32.2,23.949999,13.13,131.40001
-27.02314,28.59389,07-04-2011,163.1,97.60000000000001,4.9,4.8,27.8,14.2,93.3
-28.760833,17.730278,10-04-2011,257.5,1.3,0.1,0.0,34.98,19.64,1.2
-26.73806,27.59194,10-04-2011,168.1,96.30000000000001,4.800000000000001,4.1,28.13,15.17,92.0
-25.49037,30.6986,11-04-2011,144.7,122.5,6.1000000000000005,17.2,26.84,15.66,118.4
-29.987778,29.851667,11-04-2011,136.0,127.0,6.4,10.8,25.42,13.759999,122.4
-29.744167,29.905833,11-04-2011,141.6,126.30000000000001,6.300000000000001,8.7,26.31,14.46,121.1
-26.861111,28.884722,11-04-2011,161.0,89.0,4.5,5.2000003,27.43,14.009999,85.200005
-26.970278,27.211111,11-04-2011,173.90001,96.2,4.800000000000001,3.5,28.859999,15.42,91.8
-26.45,28.085833,11-04-2011,162.5,90.0,4.5,4.5,27.789999,14.849999,86.0
-31.396,29.2651,11-04-2011,134.5,98.7,4.9,23.9,25.96,17.63,119.5
-31.554722,29.245556,11-04-2011,123.700005,106.2,5.300000000000001,36.100002,24.68,16.57,115.3
-27.356667,27.286389,11-04-2011,182.40001,94.80000000000001,4.7,3.0,29.23,15.32,90.4
-25.447222,30.711667,11-04-2011,146.6,120.30000000000001,6.0,15.8,27.359999,16.32,116.0
-27.01011111,26.69808333,12-04-2011,183.5,90.9,4.5,2.2,29.289999,15.61,86.6
-25.127778,27.628889,12-04-2011,169.3,112.2,5.6000000000000005,6.1,31.17,17.97,107.1
-25.20639,27.558,12-04-2011,170.0,112.9,5.6000000000000005,6.5,31.109999,17.91,108.0
-24.69514,27.40906,12-04-2011,172.90001,121.0,6.0,7.0,31.609999,18.789999,115.6
-25.73411,27.21422,12-04-2011,164.0,114.0,5.7,4.9,28.75,15.25,108.9
-26.006389,29.253889,12-04-2011,152.0,96.5,4.800000000000001,5.5,27.09,14.0199995,92.3
-26.03611,30.99778,12-04-2011,155.6,142.70000000000002,7.1000000000000005,15.5,28.119999,17.32,137.7
-28.801278,31.955389,12-04-2011,150.2,89.60000000000001,4.5,11.0,28.939999,19.64,87.6
-30.733889,29.828333,12-04-2011,132.40001,114.80000000000001,5.7,33.100002,25.43,15.65,120.0
-27.169444,29.233889,12-04-2011,157.3,90.0,4.5,4.0,26.93,13.59,86.0
-27.802778,28.768333,12-04-2011,159.1,107.80000000000001,5.4,3.3,26.91,13.11,102.8
-26.98472222,26.63227778,12-04-2011,181.40001,91.80000000000001,4.6000000000000005,2.5,29.349998,15.679999,87.4
-27.398611,26.614722,12-04-2011,191.90001,84.9,4.2,2.5,29.939999,15.61,80.9
-29.160278,26.573333,12-04-2011,190.1,84.30000000000001,4.2,2.4,28.949999,13.07,80.4
-30.568333,29.422778,12-04-2011,137.7,105.30000000000001,5.300000000000001,8.5,24.699999,12.12,101.5
-30.570833,29.150556,12-04-2011,138.90001,108.5,5.4,6.5,24.51,11.94,104.1
-33.501667,21.624167,12-04-2011,189.1,13.0,0.7000000000000001,0.1,27.64,11.98,12.400001
-27.495556,26.074722,12-04-2011,194.2,79.9,4.0,2.8,29.939999,14.9,76.3
-25.57877778,29.12747222,12-04-2011,161.6,102.30000000000001,5.1000000000000005,4.8,29.429998,15.799999,97.8
-28.801278,31.955389,13-04-2011,150.2,89.60000000000001,4.5,11.0,28.939999,19.64,87.6
-30.398056,30.601944,13-04-2011,134.7,125.4,6.300000000000001,49.0,26.41,19.43,127.0
-30.27402,30.69602,13-04-2011,134.40001,124.0,6.2,34.100002,26.349998,19.369999,124.4
-26.648056,27.089444,13-04-2011,170.90001,93.9,4.7,3.4,28.599998,15.219999,89.6
-27.044444,27.005,13-04-2011,178.7,93.5,4.7,3.3,29.25,15.57,89.200005
-31.031389,28.883333,13-04-2011,138.90001,102.10000000000001,5.1000000000000005,7.0,25.63,14.299999,98.0
-30.86013889,29.07125,13-04-2011,140.6,101.60000000000001,5.1000000000000005,7.0,26.07,14.799999,97.700005
-24.925278,29.324444,14-04-2011,162.40001,109.5,5.5,4.0,30.97,17.51,104.5
-27.00222,28.76528,14-04-2011,161.6,95.4,4.800000000000001,5.0,27.63,14.11,91.200005
-27.02314,28.59389,14-04-2011,163.1,97.60000000000001,4.9,4.8,27.8,14.2,93.3
-30.160091,27.40124,14-04-2011,171.3,84.5,4.2,3.6000001,27.289999,12.719999,80.700005
-30.336111,27.359444,14-04-2011,171.90001,82.9,4.1000000000000005,3.8,27.3,12.259999,79.3
-30.830556,26.921389,15-04-2011,175.90001,68.9,3.4000000000000004,2.7,27.859999,11.849999,65.8
-27.902778,24.615556,15-04-2011,208.0,70.8,3.5,0.3,32.02,15.94,67.200005
-34.031944,22.053333,15-04-2011,157.5,20.200000000000003,1.0,7.0,25.33,14.79,20.6
-29.803611,30.516111,15-04-2011,134.2,120.7,6.0,11.3,26.14,16.369999,116.5
-22.43772222,31.07805556,16-04-2011,172.0,112.30000000000001,5.6000000000000005,0.5,33.94,20.96,106.700005
-25.99136,27.84208,18-04-2011,161.1,98.5,4.9,4.9,28.039999,15.62,94.200005
-34.039722,22.133333,18-04-2011,156.0,21.1,1.1,7.3,25.16,15.12,21.6
-28.735556,29.820556,19-04-2011,157.90001,104.9,5.2,3.2,29.14,15.839999,99.9
-27.802778,28.768333,19-04-2011,159.1,107.80000000000001,5.4,3.3,26.91,13.11,102.8
-33.38056,19.30167,19-04-2011,194.3,13.4,0.7000000000000001,8.2,26.59,11.87,14.400001
-33.31388889,19.07472222,19-04-2011,205.90001,13.8,0.7000000000000001,10.2,29.13,14.309999,15.1
-27.356667,27.286389,19-04-2011,182.40001,94.80000000000001,4.7,3.0,29.23,15.32,90.4
-28.068333,31.55,19-04-2011,159.1,77.30000000000001,3.9000000000000004,2.3,30.42,19.76,73.5
-27.398611,26.614722,20-04-2011,191.90001,84.9,4.2,2.5,29.939999,15.61,80.9
-29.160278,26.573333,20-04-2011,190.1,84.30000000000001,4.2,2.4,28.949999,13.07,80.4
-30.830556,26.921389,21-04-2011,175.90001,68.9,3.4000000000000004,2.7,27.859999,11.849999,65.8
-27.363611,31.783333,21-04-2011,154.40001,75.0,3.8000000000000003,10.6,30.019999,18.93,72.3
-27.044444,27.005,21-04-2011,178.7,93.5,4.7,3.3,29.25,15.57,89.200005
-27.902778,24.615556,21-04-2011,208.0,70.8,3.5,0.3,32.02,15.94,67.200005
-28.760833,17.730278,25-04-2011,257.5,1.3,0.1,0.0,34.98,19.64,1.2
-26.861111,28.884722,25-04-2011,161.0,89.0,4.5,5.2000003,27.43,14.009999,85.200005
-26.970278,27.211111,25-04-2011,173.90001,96.2,4.800000000000001,3.5,28.859999,15.42,91.8
-26.45,28.085833,25-04-2011,162.5,90.0,4.5,4.5,27.789999,14.849999,86.0
-27.01011111,26.69808333,26-04-2011,183.5,90.9,4.5,2.2,29.289999,15.61,86.6
-25.127778,27.628889,26-04-2011,169.3,112.2,5.6000000000000005,6.1,31.17,17.97,107.1
-25.20639,27.558,26-04-2011,170.0,112.9,5.6000000000000005,6.5,31.109999,17.91,108.0
-24.69514,27.40906,26-04-2011,172.90001,121.0,6.0,7.0,31.609999,18.789999,115.6
-27.169444,29.233889,26-04-2011,157.3,90.0,4.5,4.0,26.93,13.59,86.0
-26.98472222,26.63227778,26-04-2011,181.40001,91.80000000000001,4.6000000000000005,2.5,29.349998,15.679999,87.4
-27.398611,26.614722,26-04-2011,191.90001,84.9,4.2,2.5,29.939999,15.61,80.9
-27.495556,26.074722,26-04-2011,194.2,79.9,4.0,2.8,29.939999,14.9,76.3
-34.065833,20.404167,27-04-2011,179.3,12.700000000000001,0.6000000000000001,6.2000003,29.189999,15.91,13.2
-28.75,30.442778,27-04-2011,161.1,98.10000000000001,4.9,3.4,30.07,17.529999,93.5
-29.161667,30.629722,27-04-2011,137.6,114.30000000000001,5.7,8.3,25.699999,14.74,109.8
-26.880278,26.965,27-04-2011,175.5,93.9,4.7,3.3,29.15,15.61,89.6
-33.897778,20.012778,28-04-2011,196.1,11.0,0.5,4.9,29.26,14.559999,11.3
-25.99136,27.84208,02-05-2011,161.1,98.5,4.9,4.9,28.039999,15.62,94.200005
-29.380556,30.2775,03-05-2011,134.90001,117.4,5.9,9.0,25.3,13.86,112.8
-26.45,28.085833,03-05-2011,162.5,90.0,4.5,4.5,27.789999,14.849999,86.0
-27.902778,24.615556,03-05-2011,208.0,70.8,3.5,0.3,32.02,15.94,67.200005
-25.45963889,28.26430556,03-05-2011,164.5,104.7,5.2,5.1,29.849998,16.63,100.0
-25.57877778,29.12747222,03-05-2011,161.6,102.30000000000001,5.1000000000000005,4.8,29.429998,15.799999,97.8
-25.81048333,27.90955222,04-05-2011,164.1,100.5,5.0,5.1,28.97,16.56,96.1
-26.006389,29.253889,04-05-2011,152.0,96.5,4.800000000000001,5.5,27.09,14.0199995,92.3
-28.404444,30.013056,04-05-2011,160.6,99.7,5.0,3.4,29.06,15.54,95.0
-27.802778,28.768333,04-05-2011,159.1,107.80000000000001,5.4,3.3,26.91,13.11,102.8
-27.356667,27.286389,04-05-2011,182.40001,94.80000000000001,4.7,3.0,29.23,15.32,90.4
-27.937778,31.209444,05-05-2011,154.3,82.30000000000001,4.1000000000000005,2.9,28.3,17.25,78.3
-27.5275,30.858056,05-05-2011,150.3,107.2,5.4,7.2000003,27.09,15.63,102.700005
-27.3,28.586944,05-05-2011,163.40001,103.80000000000001,5.2,4.2000003,27.63,13.929999,99.1
-27.398611,26.614722,05-05-2011,191.90001,84.9,4.2,2.5,29.939999,15.61,80.9
-27.00222,28.76528,06-05-2011,161.6,95.4,4.800000000000001,5.0,27.63,14.11,91.200005
-27.02314,28.59389,06-05-2011,163.1,97.60000000000001,4.9,4.8,27.8,14.2,93.3
-26.648056,27.089444,06-05-2011,170.90001,93.9,4.7,3.4,28.599998,15.219999,89.6
-26.970278,27.211111,06-05-2011,173.90001,96.2,4.800000000000001,3.5,28.859999,15.42,91.8
-28.760833,17.730278,08-05-2011,257.5,1.3,0.1,0.0,34.98,19.64,1.2
-29.7775,29.470833,09-05-2011,138.3,148.1,7.4,8.900001,24.17,11.82,138.3
-29.744167,29.905833,09-05-2011,141.6,126.30000000000001,6.300000000000001,8.7,26.31,14.46,121.1
-26.861111,28.884722,09-05-2011,161.0,89.0,4.5,5.2000003,27.43,14.009999,85.200005
-26.970278,27.211111,09-05-2011,173.90001,96.2,4.800000000000001,3.5,28.859999,15.42,91.8
-31.104278,29.399722,09-05-2011,134.1,101.80000000000001,5.1000000000000005,21.6,25.75,16.289999,115.700005
-25.127778,27.628889,10-05-2011,169.3,112.2,5.6000000000000005,6.1,31.17,17.97,107.1
-25.20639,27.558,10-05-2011,170.0,112.9,5.6000000000000005,6.5,31.109999,17.91,108.0
-24.69514,27.40906,10-05-2011,172.90001,121.0,6.0,7.0,31.609999,18.789999,115.6
-24.058889,31.237222,10-05-2011,154.6,63.300000000000004,3.2,1.4,31.59,19.869999,60.100002
-24.034167,31.123611,10-05-2011,153.8,73.7,3.7,1.2,31.039999,19.42,70.0
-28.747778,31.745833,10-05-2011,152.90001,97.7,4.9,6.4,29.599998,19.8,93.6
-30.733889,29.828333,10-05-2011,132.40001,114.80000000000001,5.7,33.100002,25.43,15.65,120.0
-26.98472222,26.63227778,10-05-2011,181.40001,91.80000000000001,4.6000000000000005,2.5,29.349998,15.679999,87.4
-27.398611,26.614722,10-05-2011,191.90001,84.9,4.2,2.5,29.939999,15.61,80.9
-29.160278,26.573333,10-05-2011,190.1,84.30000000000001,4.2,2.4,28.949999,13.07,80.4
-31.396,29.2651,10-05-2011,134.5,98.7,4.9,23.9,25.96,17.63,119.5
-33.501667,21.624167,10-05-2011,189.1,13.0,0.7000000000000001,0.1,27.64,11.98,12.400001
-32.502778,19.535833,10-05-2011,233.40001,4.800000000000001,0.2,1.3000001,30.92,13.57,4.7000003
-31.5653,18.3306,10-05-2011,208.7,2.9000000000000004,0.1,0.3,28.32,13.7,2.7
-27.495556,26.074722,10-05-2011,194.2,79.9,4.0,2.8,29.939999,14.9,76.3
-24.183889,30.823889,11-05-2011,152.3,94.10000000000001,4.7,7.0,30.939999,19.23,90.0
-28.801278,31.955389,11-05-2011,150.2,89.60000000000001,4.5,11.0,28.939999,19.64,87.6
-30.398056,30.601944,11-05-2011,134.7,125.4,6.300000000000001,49.0,26.41,19.43,127.0
-30.27402,30.69602,11-05-2011,134.40001,124.0,6.2,34.100002,26.349998,19.369999,124.4
-27.00222,28.76528,11-05-2011,161.6,95.4,4.800000000000001,5.0,27.63,14.11,91.200005
-27.02314,28.59389,11-05-2011,163.1,97.60000000000001,4.9,4.8,27.8,14.2,93.3
-27.273889,28.49,11-05-2011,164.3,104.7,5.2,4.4,27.599998,14.009999,100.1
-27.4275,28.525833,11-05-2011,163.6,107.7,5.4,3.8,27.46,13.75,102.8
-27.044444,27.005,11-05-2011,178.7,93.5,4.7,3.3,29.25,15.57,89.200005
-22.225556,29.990556,24-11-2014,179.5,25.5,1.3,0.2,34.27,22.15,24.2
-30.568333,29.422778,11-05-2011,137.7,105.30000000000001,5.300000000000001,8.5,24.699999,12.12,101.5
-30.570833,29.150556,11-05-2011,138.90001,108.5,5.4,6.5,24.51,11.94,104.1
-32.595833,19.009444,11-05-2011,218.5,7.300000000000001,0.4,6.1,30.83,13.759999,7.6
-29.140556,31.391944,12-05-2011,143.5,108.7,5.4,4.8,28.07,19.279999,103.6
-29.641944,30.6875,12-05-2011,139.7,111.0,5.6000000000000005,10.400001,27.15,18.08,107.1
-24.679167,30.8025,12-05-2011,143.3,149.0,7.4,16.7,25.99,15.07,141.7
-30.830556,26.921389,12-05-2011,175.90001,68.9,3.4000000000000004,2.7,27.859999,11.849999,65.8
-30.13573889,30.67422222,12-05-2011,136.5,119.10000000000001,6.0,13.1,26.74,19.369999,116.0
-26.73806,27.59194,12-05-2011,168.1,96.30000000000001,4.800000000000001,4.1,28.13,15.17,92.0
-31.000833,26.353056,12-05-2011,181.2,53.800000000000004,2.7,2.0,27.609999,11.16,51.4
-22.225556,29.990556,30-07-2015,192.8,29.700000000000003,1.5,0.2,35.86,22.09,28.2
-22.225556,29.990556,03-08-2015,192.8,29.700000000000003,1.5,0.2,35.86,22.09,28.2
-30.679722,26.7125,12-05-2011,180.90001,68.10000000000001,3.4000000000000004,2.1000001,28.599998,12.28,64.9
-31.031389,28.883333,12-05-2011,138.90001,102.10000000000001,5.1000000000000005,7.0,25.63,14.299999,98.0
-30.86013889,29.07125,12-05-2011,140.6,101.60000000000001,5.1000000000000005,7.0,26.07,14.799999,97.700005
-30.77586667,29.03221667,12-05-2011,141.5,104.30000000000001,5.2,6.6,26.0,14.53,100.200005
-24.925278,29.324444,13-05-2011,162.40001,109.5,5.5,4.0,30.97,17.51,104.5
-29.658056,25.973333,13-05-2011,186.90001,71.0,3.6,2.2,28.289999,12.61,67.700005
-30.534167,24.961944,13-05-2011,205.0,44.900000000000006,2.2,0.0,29.9,13.13,42.600002
-29.803611,30.516111,13-05-2011,134.2,120.7,6.0,11.3,26.14,16.369999,116.5
-25.447222,30.711667,13-05-2011,146.6,120.30000000000001,6.0,15.8,27.359999,16.32,116.0
-25.99136,27.84208,16-05-2011,161.1,98.5,4.9,4.9,28.039999,15.62,94.200005
-25.513889,31.224444,16-05-2011,149.40001,105.80000000000001,5.300000000000001,13.2,28.0,17.51,102.200005
-26.861111,28.884722,16-05-2011,161.0,89.0,4.5,5.2000003,27.43,14.009999,85.200005
-26.970278,27.211111,16-05-2011,173.90001,96.2,4.800000000000001,3.5,28.859999,15.42,91.8
-34.031944,22.053333,16-05-2011,157.5,20.200000000000003,1.0,7.0,25.33,14.79,20.6
-34.039722,22.133333,16-05-2011,156.0,21.1,1.1,7.3,25.16,15.12,21.6
-33.38056,19.30167,16-05-2011,194.3,13.4,0.7000000000000001,8.2,26.59,11.87,14.400001
-33.31388889,19.07472222,16-05-2011,205.90001,13.8,0.7000000000000001,10.2,29.13,14.309999,15.1
-27.01011111,26.69808333,17-05-2011,183.5,90.9,4.5,2.2,29.289999,15.61,86.6
-25.436111,31.982222,17-05-2011,148.90001,61.800000000000004,3.1,12.400001,30.689999,18.58,60.0
-25.681111,31.783333,17-05-2011,149.2,65.4,3.3000000000000003,10.7,29.599998,18.289999,63.100002
-25.67386,31.57527,17-05-2011,154.8,81.0,4.1000000000000005,11.400001,30.3,19.39,78.1
-26.98472222,26.63227778,17-05-2011,181.40001,91.80000000000001,4.6000000000000005,2.5,29.349998,15.679999,87.4
-27.398611,26.614722,17-05-2011,191.90001,84.9,4.2,2.5,29.939999,15.61,80.9
-25.45963889,28.26430556,17-05-2011,164.5,104.7,5.2,5.1,29.849998,16.63,100.0
-28.338333,31.373611,17-05-2011,148.5,94.60000000000001,4.7,2.9,28.3,17.35,90.0
-28.068333,31.55,17-05-2011,159.1,77.30000000000001,3.9000000000000004,2.3,30.42,19.76,73.5
-25.81048333,27.90955222,18-05-2011,164.1,100.5,5.0,5.1,28.97,16.56,96.1
-24.768889,31.39,18-05-2011,148.6,74.8,3.7,11.2,29.89,18.859999,72.3
-26.880278,26.965,18-05-2011,175.5,93.9,4.7,3.3,29.15,15.61,89.6
-28.801278,31.955389,19-05-2011,150.2,89.60000000000001,4.5,11.0,28.939999,19.64,87.6
-27.169444,29.233889,19-05-2011,157.3,90.0,4.5,4.0,26.93,13.59,86.0
-25.447222,30.711667,19-05-2011,146.6,120.30000000000001,6.0,15.8,27.359999,16.32,116.0
-22.548889,28.898056,20-05-2011,161.40001,83.80000000000001,4.2,0.1,32.23,18.859999,79.6
-22.43772222,31.07805556,20-05-2011,172.0,112.30000000000001,5.6000000000000005,0.5,33.94,20.96,106.700005
-27.902778,24.615556,20-05-2011,208.0,70.8,3.5,0.3,32.02,15.94,67.200005
-28.760833,17.730278,22-05-2011,257.5,1.3,0.1,0.0,34.98,19.64,1.2
-25.49037,30.6986,23-05-2011,144.7,122.5,6.1000000000000005,17.2,26.84,15.66,118.4
-28.75,30.442778,23-05-2011,161.1,98.10000000000001,4.9,3.4,30.07,17.529999,93.5
-26.73806,27.59194,23-05-2011,168.1,96.30000000000001,4.800000000000001,4.1,28.13,15.17,92.0
-26.45,28.085833,23-05-2011,162.5,90.0,4.5,4.5,27.789999,14.849999,86.0
-27.356667,27.286389,23-05-2011,182.40001,94.80000000000001,4.7,3.0,29.23,15.32,90.4
-22.935,28.004167,24-05-2011,164.0,81.80000000000001,4.1000000000000005,0.3,32.6,19.21,77.700005
-33.980556,21.653333,24-05-2011,164.5,15.8,0.8,4.6,26.83,14.37,15.8
-25.127778,27.628889,24-05-2011,169.3,112.2,5.6000000000000005,6.1,31.17,17.97,107.1
-25.20639,27.558,24-05-2011,170.0,112.9,5.6000000000000005,6.5,31.109999,17.91,108.0
-24.69514,27.40906,24-05-2011,172.90001,121.0,6.0,7.0,31.609999,18.789999,115.6
-27.363611,31.783333,24-05-2011,154.40001,75.0,3.8000000000000003,10.6,30.019999,18.93,72.3
-27.169444,29.233889,24-05-2011,157.3,90.0,4.5,4.0,26.93,13.59,86.0
-27.802778,28.768333,24-05-2011,159.1,107.80000000000001,5.4,3.3,26.91,13.11,102.8
-28.141944,26.417778,24-05-2011,192.90001,83.30000000000001,4.2,2.5,29.789999,14.54,79.5
-28.116667,26.725278,24-05-2011,188.7,84.0,4.2,2.5,29.539999,15.009999,80.1
-27.398611,26.614722,24-05-2011,191.90001,84.9,4.2,2.5,29.939999,15.61,80.9
-27.671111,27.236944,24-05-2011,182.90001,94.2,4.7,2.7,29.48,15.049999,89.8
-28.69485,28.23487,24-05-2011,160.7,103.4,5.2,3.1000001,25.769999,12.639999,98.6
-34.092222,21.295278,24-05-2011,173.1,16.6,0.8,5.4,27.42,14.95,16.9
-27.495556,26.074722,24-05-2011,194.2,79.9,4.0,2.8,29.939999,14.9,76.3
-34.065833,20.404167,25-05-2011,179.3,12.700000000000001,0.6000000000000001,6.2000003,29.189999,15.91,13.2
-23.23572222,27.717,25-05-2011,162.0,82.0,4.1000000000000005,0.5,31.82,18.71,77.9
-28.75,30.442778,25-05-2011,161.1,98.10000000000001,4.9,3.4,30.07,17.529999,93.5
-29.161667,30.629722,25-05-2011,137.6,114.30000000000001,5.7,8.3,25.699999,14.74,109.8
-26.648056,27.089444,25-05-2011,170.90001,93.9,4.7,3.4,28.599998,15.219999,89.6
-27.273889,28.49,25-05-2011,164.3,104.7,5.2,4.4,27.599998,14.009999,100.1
-27.4275,28.525833,25-05-2011,163.6,107.7,5.4,3.8,27.46,13.75,102.8
-27.3,28.586944,25-05-2011,163.40001,103.80000000000001,5.2,4.2000003,27.63,13.929999,99.1
-27.398611,26.614722,25-05-2011,191.90001,84.9,4.2,2.5,29.939999,15.61,80.9
-27.044444,27.005,25-05-2011,178.7,93.5,4.7,3.3,29.25,15.57,89.200005
-30.679722,26.7125,25-05-2011,180.90001,68.10000000000001,3.4000000000000004,2.1000001,28.599998,12.28,64.9
-34.250556,20.9925,25-05-2011,179.40001,17.6,0.9,10.1,27.33,15.65,18.9
-33.818056,19.694722,25-05-2011,201.8,12.3,0.6000000000000001,6.2000003,28.73,14.099999,12.900001
-34.075556,20.145556,25-05-2011,183.2,13.3,0.7000000000000001,6.2000003,28.57,14.969999,13.8
-30.398056,30.601944,26-05-2011,134.7,125.4,6.300000000000001,49.0,26.41,19.43,127.0
-30.27402,30.69602,26-05-2011,134.40001,124.0,6.2,34.100002,26.349998,19.369999,124.4
-27.00222,28.76528,26-05-2011,161.6,95.4,4.800000000000001,5.0,27.63,14.11,91.200005
-27.02314,28.59389,26-05-2011,163.1,97.60000000000001,4.9,4.8,27.8,14.2,93.3
-27.671111,27.236944,26-05-2011,182.90001,94.2,4.7,2.7,29.48,15.049999,89.8
-27.356667,27.286389,26-05-2011,182.40001,94.80000000000001,4.7,3.0,29.23,15.32,90.4
-33.897778,20.012778,26-05-2011,196.1,11.0,0.5,4.9,29.26,14.559999,11.3
-27.902778,24.615556,27-05-2011,208.0,70.8,3.5,0.3,32.02,15.94,67.200005
-22.91028,29.61111,28-05-2011,151.90001,112.60000000000001,5.6000000000000005,1.2,30.48,18.59,107.0
-25.99136,27.84208,30-05-2011,161.1,98.5,4.9,4.9,28.039999,15.62,94.200005
-26.861111,28.884722,30-05-2011,161.0,89.0,4.5,5.2000003,27.43,14.009999,85.200005
-26.970278,27.211111,30-05-2011,173.90001,96.2,4.800000000000001,3.5,28.859999,15.42,91.8
-26.45,28.085833,30-05-2011,162.5,90.0,4.5,4.5,27.789999,14.849999,86.0
-27.01011111,26.69808333,31-05-2011,183.5,90.9,4.5,2.2,29.289999,15.61,86.6
-29.380556,30.2775,31-05-2011,134.90001,117.4,5.9,9.0,25.3,13.86,112.8
-27.802778,28.768333,31-05-2011,159.1,107.80000000000001,5.4,3.3,26.91,13.11,102.8
-26.98472222,26.63227778,31-05-2011,181.40001,91.80000000000001,4.6000000000000005,2.5,29.349998,15.679999,87.4
-27.398611,26.614722,31-05-2011,191.90001,84.9,4.2,2.5,29.939999,15.61,80.9
-29.160278,26.573333,31-05-2011,190.1,84.30000000000001,4.2,2.4,28.949999,13.07,80.4
-25.45963889,28.26430556,31-05-2011,164.5,104.7,5.2,5.1,29.849998,16.63,100.0
-25.81048333,27.90955222,01-06-2011,164.1,100.5,5.0,5.1,28.97,16.56,96.1
-28.404444,30.013056,01-06-2011,160.6,99.7,5.0,3.4,29.06,15.54,95.0
-27.00222,28.76528,01-06-2011,161.6,95.4,4.800000000000001,5.0,27.63,14.11,91.200005
-27.02314,28.59389,01-06-2011,163.1,97.60000000000001,4.9,4.8,27.8,14.2,93.3
-26.648056,27.089444,01-06-2011,170.90001,93.9,4.7,3.4,28.599998,15.219999,89.6
-27.3,28.586944,01-06-2011,163.40001,103.80000000000001,5.2,4.2000003,27.63,13.929999,99.1
-27.044444,27.005,01-06-2011,178.7,93.5,4.7,3.3,29.25,15.57,89.200005
-28.058889,30.373611,01-06-2011,158.0,99.60000000000001,5.0,4.2000003,28.029999,14.679999,95.0
-27.937778,31.209444,02-06-2011,154.3,82.30000000000001,4.1000000000000005,2.9,28.3,17.25,78.3
-27.5275,30.858056,02-06-2011,150.3,107.2,5.4,7.2000003,27.09,15.63,102.700005
-30.568333,29.422778,04-06-2011,137.7,105.30000000000001,5.300000000000001,8.5,24.699999,12.12,101.5
-28.760833,17.730278,05-06-2011,257.5,1.3,0.1,0.0,34.98,19.64,1.2
-29.7775,29.470833,06-06-2011,138.3,148.1,7.4,8.900001,24.17,11.82,138.3
-29.987778,29.851667,06-06-2011,136.0,127.0,6.4,10.8,25.42,13.759999,122.4
-29.744167,29.905833,06-06-2011,141.6,126.30000000000001,6.300000000000001,8.7,26.31,14.46,121.1
-26.73806,27.59194,06-06-2011,168.1,96.30000000000001,4.800000000000001,4.1,28.13,15.17,92.0
-31.104278,29.399722,06-06-2011,134.1,101.80000000000001,5.1000000000000005,21.6,25.75,16.289999,115.700005
-31.396,29.2651,06-06-2011,134.5,98.7,4.9,23.9,25.96,17.63,119.5
-31.554722,29.245556,06-06-2011,123.700005,106.2,5.300000000000001,36.100002,24.68,16.57,115.3
-25.57877778,29.12747222,06-06-2011,161.6,102.30000000000001,5.1000000000000005,4.8,29.429998,15.799999,97.8
-25.127778,27.628889,07-06-2011,169.3,112.2,5.6000000000000005,6.1,31.17,17.97,107.1
-25.20639,27.558,07-06-2011,170.0,112.9,5.6000000000000005,6.5,31.109999,17.91,108.0
-24.69514,27.40906,07-06-2011,172.90001,121.0,6.0,7.0,31.609999,18.789999,115.6
-23.658056,31.05,07-06-2011,156.40001,65.4,3.3000000000000003,1.2,31.859999,20.039999,62.2
-26.006389,29.253889,07-06-2011,152.0,96.5,4.800000000000001,5.5,27.09,14.0199995,92.3
-28.747778,31.745833,07-06-2011,152.90001,97.7,4.9,6.4,29.599998,19.8,93.6
-30.733889,29.828333,07-06-2011,132.40001,114.80000000000001,5.7,33.100002,25.43,15.65,120.0
-27.169444,29.233889,07-06-2011,157.3,90.0,4.5,4.0,26.93,13.59,86.0
-27.398611,26.614722,07-06-2011,191.90001,84.9,4.2,2.5,29.939999,15.61,80.9
-30.86013889,29.07125,07-06-2011,140.6,101.60000000000001,5.1000000000000005,7.0,26.07,14.799999,97.700005
-30.570833,29.150556,07-06-2011,138.90001,108.5,5.4,6.5,24.51,11.94,104.1
-30.77586667,29.03221667,07-06-2011,141.5,104.30000000000001,5.2,6.6,26.0,14.53,100.200005
-27.495556,26.074722,07-06-2011,194.2,79.9,4.0,2.8,29.939999,14.9,76.3
-30.830556,26.921389,08-06-2011,175.90001,68.9,3.4000000000000004,2.7,27.859999,11.849999,65.8
-22.769722,30.886944,08-06-2011,159.8,120.60000000000001,6.0,5.5,32.01,19.9,114.9
-30.398056,30.601944,08-06-2011,134.7,125.4,6.300000000000001,49.0,26.41,19.43,127.0
-30.27402,30.69602,08-06-2011,134.40001,124.0,6.2,34.100002,26.349998,19.369999,124.4
-27.02314,28.59389,08-06-2011,163.1,97.60000000000001,4.9,4.8,27.8,14.2,93.3
-26.880278,26.965,08-06-2011,175.5,93.9,4.7,3.3,29.15,15.61,89.6
-29.140556,31.391944,09-06-2011,143.5,108.7,5.4,4.8,28.07,19.279999,103.6
-24.925278,29.324444,09-06-2011,162.40001,109.5,5.5,4.0,30.97,17.51,104.5
-27.902778,24.615556,10-06-2011,208.0,70.8,3.5,0.3,32.02,15.94,67.200005
-29.803611,30.516111,10-06-2011,134.2,120.7,6.0,11.3,26.14,16.369999,116.5
-31.5653,18.3306,12-06-2011,208.7,2.9000000000000004,0.1,0.3,28.32,13.7,2.7
-25.99136,27.84208,13-06-2011,161.1,98.5,4.9,4.9,28.039999,15.62,94.200005
-27.671111,27.236944,13-06-2011,182.90001,94.2,4.7,2.7,29.48,15.049999,89.8
-27.356667,27.286389,13-06-2011,182.40001,94.80000000000001,4.7,3.0,29.23,15.32,90.4
-31.860278,18.6875,14-06-2011,216.7,4.2,0.2,0.8,29.55,13.38,4.0
-24.679167,30.8025,14-06-2011,143.3,149.0,7.4,16.7,25.99,15.07,141.7
-28.735556,29.820556,14-06-2011,157.90001,104.9,5.2,3.2,29.14,15.839999,99.9
-26.861111,28.884722,14-06-2011,161.0,89.0,4.5,5.2000003,27.43,14.009999,85.200005
-27.00222,28.76528,14-06-2011,161.6,95.4,4.800000000000001,5.0,27.63,14.11,91.200005
-26.45,28.085833,14-06-2011,162.5,90.0,4.5,4.5,27.789999,14.849999,86.0
-27.398611,26.614722,14-06-2011,191.90001,84.9,4.2,2.5,29.939999,15.61,80.9
-34.031944,22.053333,14-06-2011,157.5,20.200000000000003,1.0,7.0,25.33,14.79,20.6
-25.45963889,28.26430556,14-06-2011,164.5,104.7,5.2,5.1,29.849998,16.63,100.0
-28.338333,31.373611,14-06-2011,148.5,94.60000000000001,4.7,2.9,28.3,17.35,90.0
-28.068333,31.55,14-06-2011,159.1,77.30000000000001,3.9000000000000004,2.3,30.42,19.76,73.5
-25.81048333,27.90955222,15-06-2011,164.1,100.5,5.0,5.1,28.97,16.56,96.1
-30.830556,26.921389,15-06-2011,175.90001,68.9,3.4000000000000004,2.7,27.859999,11.849999,65.8
-24.058889,31.237222,15-06-2011,154.6,63.300000000000004,3.2,1.4,31.59,19.869999,60.100002
-24.034167,31.123611,15-06-2011,153.8,73.7,3.7,1.2,31.039999,19.42,70.0
-27.3,28.586944,15-06-2011,163.40001,103.80000000000001,5.2,4.2000003,27.63,13.929999,99.1
-33.501667,21.624167,15-06-2011,189.1,13.0,0.7000000000000001,0.1,27.64,11.98,12.400001
-27.602222,29.942778,16-06-2011,165.8,98.7,4.9,4.1,29.22,15.29,94.1
-30.679722,26.7125,16-06-2011,180.90001,68.10000000000001,3.4000000000000004,2.1000001,28.599998,12.28,64.9
-28.760833,17.730278,19-06-2011,257.5,1.3,0.1,0.0,34.98,19.64,1.2
-27.602222,29.942778,20-06-2011,165.8,98.7,4.9,4.1,29.22,15.29,94.1
-28.883333,27.89,20-06-2011,164.2,105.80000000000001,5.300000000000001,3.3,26.349998,12.929999,101.0
-25.436111,31.982222,21-06-2011,148.90001,61.800000000000004,3.1,12.400001,30.689999,18.58,60.0
-25.127778,27.628889,21-06-2011,169.3,112.2,5.6000000000000005,6.1,31.17,17.97,107.1
-25.20639,27.558,21-06-2011,170.0,112.9,5.6000000000000005,6.5,31.109999,17.91,108.0
-24.69514,27.40906,21-06-2011,172.90001,121.0,6.0,7.0,31.609999,18.789999,115.6
-25.681111,31.783333,21-06-2011,149.2,65.4,3.3000000000000003,10.7,29.599998,18.289999,63.100002
-26.970278,27.211111,21-06-2011,173.90001,96.2,4.800000000000001,3.5,28.859999,15.42,91.8
-26.73806,27.59194,21-06-2011,168.1,96.30000000000001,4.800000000000001,4.1,28.13,15.17,92.0
-34.039722,22.133333,21-06-2011,156.0,21.1,1.1,7.3,25.16,15.12,21.6
-33.38056,19.30167,21-06-2011,194.3,13.4,0.7000000000000001,8.2,26.59,11.87,14.400001
-33.31388889,19.07472222,21-06-2011,205.90001,13.8,0.7000000000000001,10.2,29.13,14.309999,15.1
-27.356667,27.286389,21-06-2011,182.40001,94.80000000000001,4.7,3.0,29.23,15.32,90.4
-29.161667,23.696389,22-06-2011,223.1,35.6,1.8,0.1,33.57,16.69,33.9
-27.01011111,26.69808333,22-06-2011,183.5,90.9,4.5,2.2,29.289999,15.61,86.6
-25.14944444,31.94055556,22-06-2011,146.8,62.1,3.1,9.6,30.01,18.49,59.8
-24.9675,31.516667,22-06-2011,150.8,69.60000000000001,3.5,10.2,30.189999,19.47,67.1
-28.75,30.442778,22-06-2011,161.1,98.10000000000001,4.9,3.4,30.07,17.529999,93.5
-29.161667,30.629722,22-06-2011,137.6,114.30000000000001,5.7,8.3,25.699999,14.74,109.8
-27.169444,29.233889,22-06-2011,157.3,90.0,4.5,4.0,26.93,13.59,86.0
-27.02314,28.59389,22-06-2011,163.1,97.60000000000001,4.9,4.8,27.8,14.2,93.3
-26.98472222,26.63227778,22-06-2011,181.40001,91.80000000000001,4.6000000000000005,2.5,29.349998,15.679999,87.4
-27.398611,26.614722,22-06-2011,191.90001,84.9,4.2,2.5,29.939999,15.61,80.9
-29.042222,24.6,22-06-2011,211.0,69.10000000000001,3.5,0.1,31.51,14.849999,65.6
-34.092222,21.295278,22-06-2011,173.1,16.6,0.8,5.4,27.42,14.95,16.9
-27.495556,26.074722,22-06-2011,194.2,79.9,4.0,2.8,29.939999,14.9,76.3
-30.27402,30.69602,23-06-2011,134.40001,124.0,6.2,34.100002,26.349998,19.369999,124.4
-26.648056,27.089444,23-06-2011,170.90001,93.9,4.7,3.4,28.599998,15.219999,89.6
-26.880278,26.965,23-06-2011,175.5,93.9,4.7,3.3,29.15,15.61,89.6
-27.044444,27.005,23-06-2011,178.7,93.5,4.7,3.3,29.25,15.57,89.200005
-28.376944,24.303056,23-06-2011,211.8,62.0,3.1,0.3,32.1,16.09,58.9
-29.028629,24.638389,23-06-2011,209.7,71.60000000000001,3.6,0.1,31.4,14.73,68.0
-28.69485,28.23487,23-06-2011,160.7,103.4,5.2,3.1000001,25.769999,12.639999,98.6
-25.398889,31.610556,24-06-2011,146.8,69.8,3.5,11.3,29.41,18.67,67.4
-27.573056,24.746389,24-06-2011,208.40001,75.2,3.8000000000000003,0.4,31.66,15.66,71.5
-27.902778,24.615556,24-06-2011,208.0,70.8,3.5,0.3,32.02,15.94,67.200005
-26.861111,28.884722,27-06-2011,161.0,89.0,4.5,5.2000003,27.43,14.009999,85.200005
-27.02314,28.59389,27-06-2011,163.1,97.60000000000001,4.9,4.8,27.8,14.2,93.3
-26.45,28.085833,27-06-2011,162.5,90.0,4.5,4.5,27.789999,14.849999,86.0
-31.396,29.2651,27-06-2011,134.5,98.7,4.9,23.9,25.96,17.63,119.5
-24.670833,28.560833,28-06-2011,158.7,131.4,6.6000000000000005,6.6,29.59,16.25,125.5
-29.380556,30.2775,28-06-2011,134.90001,117.4,5.9,9.0,25.3,13.86,112.8
-31.104278,29.399722,28-06-2011,134.1,101.80000000000001,5.1000000000000005,21.6,25.75,16.289999,115.700005
-33.818056,19.694722,28-06-2011,201.8,12.3,0.6000000000000001,6.2000003,28.73,14.099999,12.900001
-29.161667,23.696389,29-06-2011,223.1,35.6,1.8,0.1,33.57,16.69,33.9
-25.81048333,27.90955222,29-06-2011,164.1,100.5,5.0,5.1,28.97,16.56,96.1
-24.282222,28.090278,29-06-2011,155.40001,99.0,4.9,6.6,29.25,16.48,94.8
-23.23572222,27.717,29-06-2011,162.0,82.0,4.1000000000000005,0.5,31.82,18.71,77.9
-26.03611,30.99778,29-06-2011,155.6,142.70000000000002,7.1000000000000005,15.5,28.119999,17.32,137.7
-27.937778,31.209444,29-06-2011,154.3,82.30000000000001,4.1000000000000005,2.9,28.3,17.25,78.3
-28.404444,30.013056,29-06-2011,160.6,99.7,5.0,3.4,29.06,15.54,95.0
-27.02314,28.59389,29-06-2011,163.1,97.60000000000001,4.9,4.8,27.8,14.2,93.3
-28.141944,26.417778,29-06-2011,192.90001,83.30000000000001,4.2,2.5,29.789999,14.54,79.5
-28.1175,26.719444,29-06-2011,188.7,84.0,4.2,2.5,29.539999,15.009999,80.1
-29.033333,23.983333,29-06-2011,217.7,45.0,2.2,0.2,32.88,15.98,42.7
-30.568333,29.422778,29-06-2011,137.7,105.30000000000001,5.300000000000001,8.5,24.699999,12.12,101.5
-25.447222,30.711667,29-06-2011,146.6,120.30000000000001,6.0,15.8,27.359999,16.32,116.0
-27.01011111,26.69808333,30-06-2011,183.5,90.9,4.5,2.2,29.289999,15.61,86.6
-22.935,28.004167,30-06-2011,164.0,81.80000000000001,4.1000000000000005,0.3,32.6,19.21,77.700005
-22.91028,29.61111,30-06-2011,151.90001,112.60000000000001,5.6000000000000005,1.2,30.48,18.59,107.0
-27.5275,30.858056,30-06-2011,150.3,107.2,5.4,7.2000003,27.09,15.63,102.700005
-26.648056,27.089444,30-06-2011,170.90001,93.9,4.7,3.4,28.599998,15.219999,89.6
-26.970278,27.211111,30-06-2011,173.90001,96.2,4.800000000000001,3.5,28.859999,15.42,91.8
-26.880278,26.965,30-06-2011,175.5,93.9,4.7,3.3,29.15,15.61,89.6
-27.38972222,26.46388889,30-06-2011,193.3,83.7,4.2,2.6000001,30.07,15.54,79.8
-26.98472222,26.63227778,30-06-2011,181.40001,91.80000000000001,4.6000000000000005,2.5,29.349998,15.679999,87.4
-34.065833,20.404167,10-01-2012,118.4,36.300000000000004,1.8,7.0,23.84,12.36,36.0
-34.065833,20.404167,01-02-2012,178.8,11.200000000000001,0.6000000000000001,5.3,30.529999,17.39,11.400001
-34.065833,20.404167,29-02-2012,178.8,11.200000000000001,0.6000000000000001,5.3,30.529999,17.39,11.400001
-27.398611,26.614722,30-06-2011,191.90001,84.9,4.2,2.5,29.939999,15.61,80.9
-31.031389,28.883333,30-06-2011,138.90001,102.10000000000001,5.1000000000000005,7.0,25.63,14.299999,98.0
-30.86013889,29.07125,30-06-2011,140.6,101.60000000000001,5.1000000000000005,7.0,26.07,14.799999,97.700005
-30.77586667,29.03221667,30-06-2011,141.5,104.30000000000001,5.2,6.6,26.0,14.53,100.200005
-27.356667,27.286389,30-06-2011,182.40001,94.80000000000001,4.7,3.0,29.23,15.32,90.4
-33.897778,20.012778,30-06-2011,196.1,11.0,0.5,4.9,29.26,14.559999,11.3
-22.43772222,31.07805556,02-07-2011,172.0,112.30000000000001,5.6000000000000005,0.5,33.94,20.96,106.700005
-28.760833,17.730278,03-07-2011,257.5,1.3,0.1,0.0,34.98,19.64,1.2
-29.7775,29.470833,04-07-2011,138.3,148.1,7.4,8.900001,24.17,11.82,138.3
-29.987778,29.851667,04-07-2011,136.0,127.0,6.4,10.8,25.42,13.759999,122.4
-29.744167,29.905833,04-07-2011,141.6,126.30000000000001,6.300000000000001,8.7,26.31,14.46,121.1
-26.73806,27.59194,04-07-2011,168.1,96.30000000000001,4.800000000000001,4.1,28.13,15.17,92.0
-30.830556,26.921389,05-07-2011,175.90001,68.9,3.4000000000000004,2.7,27.859999,11.849999,65.8
-25.127778,27.628889,05-07-2011,169.3,112.2,5.6000000000000005,6.1,31.17,17.97,107.1
-25.20639,27.558,05-07-2011,170.0,112.9,5.6000000000000005,6.5,31.109999,17.91,108.0
-24.69514,27.40906,05-07-2011,172.90001,121.0,6.0,7.0,31.609999,18.789999,115.6
-23.658056,31.05,05-07-2011,156.40001,65.4,3.3000000000000003,1.2,31.859999,20.039999,62.2
-30.733889,29.828333,05-07-2011,132.40001,114.80000000000001,5.7,33.100002,25.43,15.65,120.0
-27.169444,29.233889,05-07-2011,157.3,90.0,4.5,4.0,26.93,13.59,86.0
-34.065833,20.404167,21-01-2014,178.0,3.1,0.2,1.8000001,30.099998,16.57,3.0
-34.065833,20.404167,11-02-2014,178.0,3.1,0.2,1.8000001,30.099998,16.57,3.0
-34.065833,20.404167,11-03-2014,178.0,3.1,0.2,1.8000001,30.099998,16.57,3.0
-27.671111,27.236944,05-07-2011,182.90001,94.2,4.7,2.7,29.48,15.049999,89.8
-28.69485,28.23487,05-07-2011,160.7,103.4,5.2,3.1000001,25.769999,12.639999,98.6
-28.883333,27.89,05-07-2011,164.2,105.80000000000001,5.300000000000001,3.3,26.349998,12.929999,101.0
-29.161667,23.696389,06-07-2011,223.1,35.6,1.8,0.1,33.57,16.69,33.9
-30.27402,30.69602,06-07-2011,134.40001,124.0,6.2,34.100002,26.349998,19.369999,124.4
-27.00222,28.76528,06-07-2011,161.6,95.4,4.800000000000001,5.0,27.63,14.11,91.200005
-27.02314,28.59389,06-07-2011,163.1,97.60000000000001,4.9,4.8,27.8,14.2,93.3
-27.398611,26.614722,06-07-2011,191.90001,84.9,4.2,2.5,29.939999,15.61,80.9
-34.065833,20.404167,24-02-2015,177.6,11.8,0.6000000000000001,4.5,31.42,17.529999,11.7
-27.044444,27.005,06-07-2011,178.7,93.5,4.7,3.3,29.25,15.57,89.200005
-34.405833,19.600556,06-07-2011,158.7,20.3,1.0,9.0,24.16,13.9,21.2
-27.495556,26.074722,06-07-2011,194.2,79.9,4.0,2.8,29.939999,14.9,76.3
-28.376944,24.303056,07-07-2011,211.8,62.0,3.1,0.3,32.1,16.09,58.9
-34.065833,20.404167,27-10-2015,177.6,11.8,0.6000000000000001,4.5,31.42,17.529999,11.7
-27.573056,24.746389,08-07-2011,208.40001,75.2,3.8000000000000003,0.4,31.66,15.66,71.5
-27.902778,24.615556,08-07-2011,208.0,70.8,3.5,0.3,32.02,15.94,67.200005
-28.460833,21.248889,08-07-2011,244.7,52.300000000000004,2.6,0.0,33.62,16.89,49.600002
-29.803611,30.516111,08-07-2011,134.2,120.7,6.0,11.3,26.14,16.369999,116.5
-28.96362,19.15486,09-07-2011,263.0,2.4000000000000004,0.1,0.0,38.61,20.02,2.3
-25.99136,27.84208,11-07-2011,173.1,73.3,3.7,4.4,30.16,16.039999,70.1
-26.45,28.085833,11-07-2011,170.6,65.2,3.3000000000000003,4.1,29.74,14.88,62.4
-26.98472222,26.63227778,11-07-2011,188.5,47.300000000000004,2.4000000000000004,2.3,32.17,16.449999,45.100002
-29.160278,26.573333,11-07-2011,200.0,55.6,2.8000000000000003,2.2,33.16,15.32,53.100002
-23.281,30.54305556,12-07-2011,166.7,85.0,4.3,5.8,32.739998,20.33,81.200005
-27.02314,28.59389,12-07-2011,168.3,66.10000000000001,3.3000000000000003,4.4,29.64,14.24,63.2
-26.648056,27.089444,12-07-2011,179.7,51.400000000000006,2.6,3.1000001,30.83,15.46,49.100002
-26.970278,27.211111,12-07-2011,181.3,53.1,2.7,3.2,31.05,15.639999,50.8
-26.880278,26.965,12-07-2011,182.1,50.0,2.5,3.0,31.41,15.87,47.8
-27.044444,27.005,12-07-2011,184.5,50.7,2.5,3.0,31.51,15.95,48.5
-29.160278,26.573333,12-07-2011,200.0,55.6,2.8000000000000003,2.2,33.16,15.32,53.100002
-30.160091,27.40124,12-07-2011,181.7,61.5,3.1,3.2,31.189999,14.969999,58.9
-28.883333,27.89,12-07-2011,170.6,73.7,3.7,3.0,29.869999,14.219999,70.4
-34.039722,22.133333,12-07-2011,164.8,18.1,0.9,6.3,27.91,17.97,18.300001
-32.502778,19.535833,12-07-2011,229.8,2.2,0.1,1.2,34.87,17.039999,2.2
-31.5653,18.3306,12-07-2011,222.7,0.7000000000000001,0.0,0.3,31.98,17.21,0.7
-34.005833,22.351111,12-07-2011,158.6,21.6,1.1,7.0,26.74,17.779999,21.800001
-25.45963889,28.26430556,12-07-2011,177.0,70.0,3.5,4.7000003,31.91,17.05,67.0
-29.161667,23.696389,13-07-2011,226.6,33.1,1.7000000000000002,0.1,36.809998,17.97,31.4
-25.81048333,27.90955222,13-07-2011,176.0,72.10000000000001,3.6,4.6,31.07,17.01,69.0
-29.641944,30.6875,13-07-2011,148.0,123.5,6.2,9.2,30.06,19.51,118.5
-22.769722,30.886944,13-07-2011,174.6,70.0,3.5,5.2000003,33.32,20.0,66.8
-29.033333,23.983333,13-07-2011,221.90001,37.6,1.9000000000000001,0.2,36.34,17.33,35.8
-34.02861,22.22222,13-07-2011,162.2,18.8,0.9,6.6,27.289999,17.75,19.0
-31.860278,18.6875,14-07-2011,231.8,1.6,0.1,0.8,33.5,17.119999,1.6
-27.602222,29.942778,14-07-2011,167.3,90.5,4.5,3.8,29.97,15.089999,86.3
-27.3,28.586944,14-07-2011,168.1,66.3,3.3000000000000003,3.8,29.55,14.099999,63.4
-27.573056,24.746389,14-07-2011,215.5,46.1,2.3000000000000003,0.4,35.42,17.34,43.8
-29.033333,23.983333,14-07-2011,221.90001,37.6,1.9000000000000001,0.2,36.34,17.33,35.8
-30.160091,27.40124,14-07-2011,181.7,61.5,3.1,3.2,31.189999,14.969999,58.9
-30.336111,27.359444,14-07-2011,182.7,58.5,2.9000000000000004,3.4,31.13,14.58,56.0
-34.250556,20.9925,14-07-2011,186.8,11.100000000000001,0.6000000000000001,8.6,30.519999,18.24,12.1
-25.362222,31.956667,15-07-2011,156.6,87.30000000000001,4.4,10.6,32.44,19.26,83.8
-25.14944444,31.94055556,15-07-2011,159.7,84.7,4.2,8.900001,32.6,19.63,81.200005
-29.658056,25.973333,15-07-2011,201.6,45.6,2.3000000000000003,1.9,33.12,15.2,43.5
-31.000833,26.353056,15-07-2011,196.2,38.900000000000006,1.9000000000000001,1.8000001,31.48,13.88,37.100002
-30.534167,24.961944,15-07-2011,217.8,35.9,1.8,0.0,34.329998,16.26,34.100002
-28.760833,17.730278,17-07-2011,249.8,0.4,0.0,0.0,37.14,21.439999,0.4
-26.861111,28.884722,18-07-2011,164.90001,69.8,3.5,4.7000003,28.96,13.759999,66.8
-26.73806,27.59194,18-07-2011,174.5,59.300000000000004,3.0,3.7,30.199999,15.29,56.7
-28.69485,28.23487,18-07-2011,165.0,72.60000000000001,3.6,2.8,28.76,13.599999,69.3
-25.127778,27.628889,19-07-2011,187.5,56.5,2.8000000000000003,5.6,33.51,18.449999,54.2
-25.20639,27.558,19-07-2011,185.90001,55.7,2.8000000000000003,5.9,33.239998,18.26,53.4
-24.69514,27.40906,19-07-2011,187.7,54.800000000000004,2.7,6.4,33.57,19.47,52.600002
-27.169444,29.233889,19-07-2011,162.0,70.5,3.5,3.6000001,28.599998,13.41,67.3
-33.38056,19.30167,19-07-2011,206.7,5.300000000000001,0.30000000000000004,7.0,30.51,14.86,6.2000003
-33.31388889,19.07472222,19-07-2011,216.90001,4.1000000000000005,0.2,8.8,32.809998,17.43,5.3
-27.495556,26.074722,19-07-2011,200.7,43.800000000000004,2.2,2.6000001,32.829998,16.029999,41.9
-29.161667,23.696389,20-07-2011,226.6,33.1,1.7000000000000002,0.1,36.809998,17.97,31.4
-27.01011111,26.69808333,20-07-2011,189.3,46.800000000000004,2.3000000000000003,2.0,32.01,16.199999,44.600002
-28.75,30.442778,20-07-2011,166.6,78.5,3.9000000000000004,3.1000001,32.469997,18.25,74.8
-29.161667,30.629722,20-07-2011,144.3,118.5,5.9,7.4,28.01,16.109999,113.5
-30.534167,24.961944,20-07-2011,217.8,35.9,1.8,0.0,34.329998,16.26,34.100002
-34.092222,21.295278,20-07-2011,181.40001,12.600000000000001,0.6000000000000001,4.6,30.72,17.33,12.7
-33.13083,18.86278,20-07-2011,210.1,3.4000000000000004,0.2,6.7000003,33.37,18.369999,4.1
-31.000833,26.353056,21-07-2011,196.2,38.900000000000006,1.9000000000000001,1.8000001,31.48,13.88,37.100002
-33.7075,18.97444444,21-07-2011,212.8,5.2,0.30000000000000004,10.0,32.05,18.16,6.7000003
-25.99136,27.84208,25-07-2011,173.1,73.3,3.7,4.4,30.16,16.039999,70.1
-26.861111,28.884722,25-07-2011,164.90001,69.8,3.5,4.7000003,28.96,13.759999,66.8
-26.006389,29.253889,26-07-2011,159.90001,83.80000000000001,4.2,5.0,28.64,13.95,80.1
-29.380556,30.2775,26-07-2011,144.1,87.4,4.4,8.0,27.92,15.0199995,84.0
-26.648056,27.089444,26-07-2011,179.7,51.400000000000006,2.6,3.1000001,30.83,15.46,49.100002
-26.880278,26.965,26-07-2011,182.1,50.0,2.5,3.0,31.41,15.87,47.8
-26.98472222,26.63227778,26-07-2011,188.5,47.300000000000004,2.4000000000000004,2.3,32.17,16.449999,45.100002
-28.141944,26.417778,26-07-2011,196.40001,51.1,2.6,2.3,32.64,16.09,48.8
-27.044444,27.005,26-07-2011,184.5,50.7,2.5,3.0,31.51,15.95,48.5
-33.501667,21.624167,26-07-2011,193.40001,12.4,0.6000000000000001,0.1,30.84,14.75,11.8
-25.45963889,28.26430556,26-07-2011,177.0,70.0,3.5,4.7000003,31.91,17.05,67.0
-29.161667,23.696389,27-07-2011,226.6,33.1,1.7000000000000002,0.1,36.809998,17.97,31.4
-25.81048333,27.90955222,27-07-2011,176.0,72.10000000000001,3.6,4.6,31.07,17.01,69.0
-34.065833,20.404167,27-07-2011,194.90001,7.800000000000001,0.4,5.4,32.43,18.84,8.3
-23.23572222,27.717,27-07-2011,179.8,42.1,2.1,0.5,34.42,20.109999,40.0
-27.4275,28.525833,27-07-2011,167.7,65.7,3.3000000000000003,3.5,29.519999,13.969999,62.8
-27.935,26.126667,27-07-2011,196.7,47.800000000000004,2.4000000000000004,1.9,32.66,15.679999,45.5
-29.033333,23.983333,27-07-2011,221.90001,37.6,1.9000000000000001,0.2,36.34,17.33,35.8
-34.075556,20.145556,27-07-2011,197.40001,7.9,0.4,5.4,31.73,18.109999,8.3
-22.91028,29.61111,28-07-2011,163.1,59.1,3.0,1.2,32.18,19.05,56.2
-24.925278,29.324444,28-07-2011,177.1,57.5,2.9000000000000004,3.6000001,33.04,18.31,55.0
-26.905,32.324722,28-07-2011,169.7,80.10000000000001,4.0,8.8,34.51,20.92,76.700005
-27.38972222,26.46388889,28-07-2011,197.5,45.900000000000006,2.3000000000000003,2.4,32.719997,16.57,43.8
-27.398611,26.614722,28-07-2011,195.8,46.800000000000004,2.3000000000000003,2.3,32.61,16.47,44.7
-27.671111,27.236944,28-07-2011,188.3,52.400000000000006,2.6,2.4,31.789999,15.45,50.0
-28.404444,30.013056,29-07-2011,165.40001,90.7,4.5,3.2,30.97,16.17,86.4
-28.058889,30.373611,29-07-2011,160.6,91.10000000000001,4.6000000000000005,3.9,29.38,14.87,86.8
-28.760833,17.730278,31-07-2011,249.8,0.4,0.0,0.0,37.14,21.439999,0.4
-29.7775,29.470833,01-08-2011,144.7,94.80000000000001,4.7,7.2000003,26.75,13.2699995,91.700005
-29.987778,29.851667,01-08-2011,144.90001,66.8,3.3000000000000003,9.5,28.16,15.29,64.8
-29.744167,29.905833,01-08-2011,150.0,68.9,3.4000000000000004,7.8,29.099998,15.889999,66.4
-27.169444,29.233889,01-08-2011,162.0,70.5,3.5,3.6000001,28.599998,13.41,67.3
-26.45,28.085833,01-08-2011,170.6,65.2,3.3000000000000003,4.1,29.74,14.88,62.4
-27.4,26.624722,01-08-2011,195.8,46.800000000000004,2.3000000000000003,2.3,32.61,16.47,44.7
-25.127778,27.628889,02-08-2011,187.5,56.5,2.8000000000000003,5.6,33.51,18.449999,54.2
-25.20639,27.558,02-08-2011,185.90001,55.7,2.8000000000000003,5.9,33.239998,18.26,53.4
-24.69514,27.40906,02-08-2011,187.7,54.800000000000004,2.7,6.4,33.57,19.47,52.600002
-30.733889,29.828333,02-08-2011,142.2,55.300000000000004,2.8000000000000003,20.5,28.449999,17.699999,65.1
-27.802778,28.768333,02-08-2011,162.6,68.2,3.4000000000000004,3.0,28.949999,13.25,65.1
-30.160091,27.40124,02-08-2011,181.7,61.5,3.1,3.2,31.189999,14.969999,58.9
-30.336111,27.359444,02-08-2011,182.7,58.5,2.9000000000000004,3.4,31.13,14.58,56.0
-34.405833,19.600556,02-08-2011,174.1,8.9,0.4,7.7000003,27.539999,17.19,9.8
-27.01011111,26.69808333,03-08-2011,189.3,46.800000000000004,2.3000000000000003,2.0,32.01,16.199999,44.600002
-30.830556,26.921389,03-08-2011,190.3,44.1,2.2,2.4,31.8,14.36,42.100002
-30.398056,30.601944,03-08-2011,148.3,58.2,2.9000000000000004,26.800001,29.439999,21.31,77.5
-27.00222,28.76528,03-08-2011,166.1,67.3,3.4000000000000004,4.5,29.289999,13.94,64.4
-27.02314,28.59389,03-08-2011,168.3,66.10000000000001,3.3000000000000003,4.4,29.64,14.24,63.2
-26.970278,27.211111,03-08-2011,181.3,53.1,2.7,3.2,31.05,15.639999,50.8
-27.4275,28.525833,03-08-2011,167.7,65.7,3.3000000000000003,3.5,29.519999,13.969999,62.8
-27.3,28.586944,03-08-2011,168.1,66.3,3.3000000000000003,3.8,29.55,14.099999,63.4
-27.398611,26.614722,03-08-2011,195.8,46.800000000000004,2.3000000000000003,2.3,32.61,16.47,44.7
-30.679722,26.7125,03-08-2011,195.0,43.7,2.2,1.9,32.96,14.92,41.7
-27.495556,26.074722,03-08-2011,200.7,43.800000000000004,2.2,2.6000001,32.829998,16.029999,41.9
-29.803611,30.516111,05-08-2011,143.8,96.9,4.800000000000001,9.8,28.98,17.949999,93.4
-26.73806,27.59194,07-08-2011,174.5,59.300000000000004,3.0,3.7,30.199999,15.29,56.7
-25.99136,27.84208,08-08-2011,173.1,73.3,3.7,4.4,30.16,16.039999,70.1
-26.861111,28.884722,08-08-2011,164.90001,69.8,3.5,4.7000003,28.96,13.759999,66.8
-26.45,28.085833,08-08-2011,170.6,65.2,3.3000000000000003,4.1,29.74,14.88,62.4
-29.160278,26.573333,08-08-2011,200.0,55.6,2.8000000000000003,2.2,33.16,15.32,53.100002
-27.01011111,26.69808333,09-08-2011,189.3,46.800000000000004,2.3000000000000003,2.0,32.01,16.199999,44.600002
-27.00222,28.76528,09-08-2011,166.1,67.3,3.4000000000000004,4.5,29.289999,13.94,64.4
-26.880278,26.965,09-08-2011,182.1,50.0,2.5,3.0,31.41,15.87,47.8
-26.98472222,26.63227778,09-08-2011,188.5,47.300000000000004,2.4000000000000004,2.3,32.17,16.449999,45.100002
-28.69485,28.23487,09-08-2011,165.0,72.60000000000001,3.6,2.8,28.76,13.599999,69.3
-29.615556,27.065278,09-08-2011,188.5,64.4,3.2,2.3,31.75,14.86,61.5
-28.883333,27.89,09-08-2011,170.6,73.7,3.7,3.0,29.869999,14.219999,70.4
-25.45963889,28.26430556,09-08-2011,177.0,70.0,3.5,4.7000003,31.91,17.05,67.0
-29.161667,23.696389,10-08-2011,226.6,33.1,1.7000000000000002,0.1,36.809998,17.97,31.4
-25.81048333,27.90955222,10-08-2011,176.0,72.10000000000001,3.6,4.6,31.07,17.01,69.0
-29.641944,30.6875,10-08-2011,148.0,123.5,6.2,9.2,30.06,19.51,118.5
-27.602222,29.942778,10-08-2011,167.3,90.5,4.5,3.8,29.97,15.089999,86.3
-31.554722,29.245556,10-08-2011,142.40001,50.5,2.5,17.7,27.9,18.779999,66.5
-34.039722,22.133333,10-08-2011,164.8,18.1,0.9,6.3,27.91,17.97,18.300001
-32.502778,19.535833,10-08-2011,229.8,2.2,0.1,1.2,34.87,17.039999,2.2
-31.5653,18.3306,10-08-2011,222.7,0.7000000000000001,0.0,0.3,31.98,17.21,0.7
-31.860278,18.6875,11-08-2011,231.8,1.6,0.1,0.8,33.5,17.119999,1.6
-30.830556,26.921389,11-08-2011,190.3,44.1,2.2,2.4,31.8,14.36,42.100002
-22.43772222,31.07805556,11-08-2011,186.90001,51.6,2.6,0.5,35.48,21.06,49.0
-28.735556,29.820556,11-08-2011,164.1,91.7,4.6000000000000005,3.0,31.519999,16.41,87.3
-31.000833,26.353056,11-08-2011,196.2,38.900000000000006,1.9000000000000001,1.8000001,31.48,13.88,37.100002
-30.679722,26.7125,11-08-2011,195.0,43.7,2.2,1.9,32.96,14.92,41.7
-30.160091,27.40124,11-08-2011,181.7,61.5,3.1,3.2,31.189999,14.969999,58.9
-30.336111,27.359444,11-08-2011,182.7,58.5,2.9000000000000004,3.4,31.13,14.58,56.0
-30.568333,29.422778,11-08-2011,146.90001,58.800000000000004,2.9000000000000004,7.4,27.689999,13.95,56.9
-30.570833,29.150556,11-08-2011,148.90001,62.300000000000004,3.1,5.7000003,27.46,13.82,59.9
-31.104278,29.399722,11-08-2011,148.3,50.6,2.5,14.8,28.789999,18.49,54.9
-34.250556,20.9925,11-08-2011,186.8,11.100000000000001,0.6000000000000001,8.6,30.519999,18.24,12.1
-27.573056,24.746389,12-08-2011,215.5,46.1,2.3000000000000003,0.4,35.42,17.34,43.8
-29.658056,25.973333,12-08-2011,201.6,45.6,2.3000000000000003,1.9,33.12,15.2,43.5
-30.534167,24.961944,12-08-2011,217.8,35.9,1.8,0.0,34.329998,16.26,34.100002
-28.460833,21.248889,12-08-2011,249.2,18.5,0.9,0.0,37.95,19.5,17.6
-30.86013889,29.07125,12-08-2011,153.2,52.5,2.6,6.1,29.109999,16.94,50.8
-30.77586667,29.03221667,12-08-2011,154.1,55.0,2.8000000000000003,5.8,29.039999,16.55,53.100002
-23.838611,31.640833,13-08-2011,180.5,59.7,3.0,1.0,34.76,21.15,56.7
-28.760833,17.730278,14-08-2011,249.8,0.4,0.0,0.0,37.14,21.439999,0.4
-26.970278,27.211111,15-08-2011,181.3,53.1,2.7,3.2,31.05,15.639999,50.8
-26.73806,27.59194,15-08-2011,174.5,59.300000000000004,3.0,3.7,30.199999,15.29,56.7
-27.044444,27.005,15-08-2011,184.5,50.7,2.5,3.0,31.51,15.95,48.5
-24.679167,30.8025,16-08-2011,151.40001,121.60000000000001,6.1000000000000005,14.6,27.76,15.78,117.6
-25.127778,27.628889,16-08-2011,187.5,56.5,2.8000000000000003,5.6,33.51,18.449999,54.2
-25.20639,27.558,16-08-2011,185.90001,55.7,2.8000000000000003,5.9,33.239998,18.26,53.4
-24.69514,27.40906,16-08-2011,187.7,54.800000000000004,2.7,6.4,33.57,19.47,52.600002
-27.169444,29.233889,16-08-2011,162.0,70.5,3.5,3.6000001,28.599998,13.41,67.3
-26.648056,27.089444,16-08-2011,179.7,51.400000000000006,2.6,3.1000001,30.83,15.46,49.100002
-29.160278,26.573333,16-08-2011,200.0,55.6,2.8000000000000003,2.2,33.16,15.32,53.100002
-33.38056,19.30167,16-08-2011,206.7,5.300000000000001,0.30000000000000004,7.0,30.51,14.86,6.2000003
-33.31388889,19.07472222,16-08-2011,216.90001,4.1000000000000005,0.2,8.8,32.809998,17.43,5.3
-27.495556,26.074722,16-08-2011,200.7,43.800000000000004,2.2,2.6000001,32.829998,16.029999,41.9
-29.161667,23.696389,17-08-2011,226.6,33.1,1.7000000000000002,0.1,36.809998,17.97,31.4
-22.769722,30.886944,17-08-2011,174.6,70.0,3.5,5.2000003,33.32,20.0,66.8
-24.058889,31.237222,17-08-2011,171.8,68.9,3.4000000000000004,1.3000001,33.489998,20.5,65.5
-28.75,30.442778,17-08-2011,166.6,78.5,3.9000000000000004,3.1000001,32.469997,18.25,74.8
-29.161667,30.629722,17-08-2011,144.3,118.5,5.9,7.4,28.01,16.109999,113.5
-27.802778,28.768333,17-08-2011,162.6,68.2,3.4000000000000004,3.0,28.949999,13.25,65.1
-29.033333,23.983333,17-08-2011,221.90001,37.6,1.9000000000000001,0.2,36.34,17.33,35.8
-33.980556,21.653333,06-04-2011,164.5,15.8,0.8,4.6,26.83,14.37,15.8
-33.980556,21.653333,17-08-2011,178.8,13.0,0.7000000000000001,4.0,29.89,16.93,13.0
-33.980556,21.653333,27-09-2011,178.8,13.0,0.7000000000000001,4.0,29.89,16.93,13.0
-33.980556,21.653333,25-10-2011,178.8,13.0,0.7000000000000001,4.0,29.89,16.93,13.0
-33.980556,21.653333,29-11-2011,178.8,13.0,0.7000000000000001,4.0,29.89,16.93,13.0
-33.980556,21.653333,15-02-2012,157.40001,12.9,0.6000000000000001,3.9,27.789999,15.48,12.8
-33.980556,21.653333,18-04-2012,157.40001,12.9,0.6000000000000001,3.9,27.789999,15.48,12.8
-33.980556,21.653333,16-05-2012,157.40001,12.9,0.6000000000000001,3.9,27.789999,15.48,12.8
-33.980556,21.653333,12-06-2012,157.40001,12.9,0.6000000000000001,3.9,27.789999,15.48,12.8
-33.980556,21.653333,05-07-2012,157.40001,12.9,0.6000000000000001,3.9,27.789999,15.48,12.8
-33.980556,21.653333,07-08-2012,176.5,22.700000000000003,1.1,3.4,28.869999,16.13,22.1
-33.980556,21.653333,05-09-2012,176.5,22.700000000000003,1.1,3.4,28.869999,16.13,22.1
-33.980556,21.653333,03-10-2012,176.5,22.700000000000003,1.1,3.4,28.869999,16.13,22.1
-33.980556,21.653333,06-11-2012,176.5,22.700000000000003,1.1,3.4,28.869999,16.13,22.1
-33.980556,21.653333,03-12-2012,176.5,22.700000000000003,1.1,3.4,28.869999,16.13,22.1
-33.980556,21.653333,29-01-2013,164.6,10.0,0.5,1.5,27.47,15.19,9.6
-33.980556,21.653333,28-02-2013,164.6,10.0,0.5,1.5,27.47,15.19,9.6
-33.980556,21.653333,10-03-2013,164.6,10.0,0.5,1.5,27.47,15.19,9.6
-33.980556,21.653333,19-03-2013,164.6,10.0,0.5,1.5,27.47,15.19,9.6
-33.980556,21.653333,15-05-2013,164.6,10.0,0.5,1.5,27.47,15.19,9.6
-33.980556,21.653333,12-06-2013,164.6,10.0,0.5,1.5,27.47,15.19,9.6
-33.980556,21.653333,18-07-2013,162.6,55.6,2.8000000000000003,1.5,29.119999,17.07,52.9
-33.980556,21.653333,14-08-2013,162.6,55.6,2.8000000000000003,1.5,29.119999,17.07,52.9
-33.980556,21.653333,11-09-2013,162.6,55.6,2.8000000000000003,1.5,29.119999,17.07,52.9
-33.980556,21.653333,08-10-2013,162.6,55.6,2.8000000000000003,1.5,29.119999,17.07,52.9
-34.092222,21.295278,17-08-2011,181.40001,12.600000000000001,0.6000000000000001,4.6,30.72,17.33,12.7
-33.980556,21.653333,05-12-2013,162.6,55.6,2.8000000000000003,1.5,29.119999,17.07,52.9
-33.980556,21.653333,07-01-2014,58.0,14.5,0.7000000000000001,1.1,20.619999,6.24,13.8
-33.980556,21.653333,18-02-2014,161.40001,13.100000000000001,0.7000000000000001,1.0,27.5,14.679999,12.5
-33.980556,21.653333,11-03-2014,161.40001,13.100000000000001,0.7000000000000001,1.0,27.5,14.679999,12.5
-33.980556,21.653333,10-04-2014,161.40001,13.100000000000001,0.7000000000000001,1.0,27.5,14.679999,12.5
-33.980556,21.653333,13-05-2014,161.40001,13.100000000000001,0.7000000000000001,1.0,27.5,14.679999,12.5
-33.980556,21.653333,10-06-2014,161.40001,13.100000000000001,0.7000000000000001,1.0,27.5,14.679999,12.5
-33.980556,21.653333,08-07-2014,161.40001,13.100000000000001,0.7000000000000001,1.0,27.5,14.679999,12.5
-33.980556,21.653333,21-08-2014,181.3,15.3,0.8,0.90000004,29.72,15.95,14.5
-33.980556,21.653333,11-09-2014,181.3,15.3,0.8,0.90000004,29.72,15.95,14.5
-33.980556,21.653333,14-10-2014,181.3,15.3,0.8,0.90000004,29.72,15.95,14.5
-33.980556,21.653333,11-11-2014,181.3,15.3,0.8,0.90000004,29.72,15.95,14.5
-33.980556,21.653333,02-12-2014,181.3,15.3,0.8,0.90000004,29.72,15.95,14.5
-33.980556,21.653333,15-01-2015,166.7,11.100000000000001,0.6000000000000001,0.7,28.8,15.86,10.6
-33.980556,21.653333,17-02-2015,166.7,11.100000000000001,0.6000000000000001,0.7,28.8,15.86,10.6
-33.980556,21.653333,10-03-2015,166.7,11.100000000000001,0.6000000000000001,0.7,28.8,15.86,10.6
-33.980556,21.653333,14-04-2015,166.7,11.100000000000001,0.6000000000000001,0.7,28.8,15.86,10.6
-33.980556,21.653333,19-05-2015,166.7,11.100000000000001,0.6000000000000001,0.7,28.8,15.86,10.6
-33.980556,21.653333,18-08-2015,166.7,11.100000000000001,0.6000000000000001,0.7,28.8,15.86,10.6
-33.980556,21.653333,15-09-2015,166.7,11.100000000000001,0.6000000000000001,0.7,28.8,15.86,10.6
-33.980556,21.653333,20-10-2015,166.7,11.100000000000001,0.6000000000000001,0.7,28.8,15.86,10.6
-33.980556,21.653333,17-11-2015,166.7,11.100000000000001,0.6000000000000001,0.7,28.8,15.86,10.6
-33.980556,21.653333,09-12-2015,166.7,11.100000000000001,0.6000000000000001,0.7,28.8,15.86,10.6
-24.183889,30.823889,18-08-2011,170.0,71.7,3.6,6.4,33.38,20.47,68.6
-23.281,30.54305556,18-08-2011,166.7,85.0,4.3,5.8,32.739998,20.33,81.200005
-27.671111,27.236944,18-08-2011,188.3,52.400000000000006,2.6,2.4,31.789999,15.45,50.0
-27.902778,24.615556,18-08-2011,221.90001,46.300000000000004,2.3000000000000003,0.3,36.03,17.77,44.0
-28.376944,24.303056,18-08-2011,220.8,46.6,2.3000000000000003,0.3,36.329998,17.51,44.3
-29.658056,25.973333,18-08-2011,201.6,45.6,2.3000000000000003,1.9,33.12,15.2,43.5
-30.534167,24.961944,18-08-2011,217.8,35.9,1.8,0.0,34.329998,16.26,34.100002
-22.225556,29.990556,22-08-2011,178.2,38.300000000000004,1.9000000000000001,0.2,35.17,22.05,36.4
-24.282222,28.090278,22-08-2011,170.3,75.10000000000001,3.8000000000000003,6.0,31.59,17.359999,71.9
-25.99136,27.84208,22-08-2011,173.1,73.3,3.7,4.4,30.16,16.039999,70.1
-29.380556,30.2775,22-08-2011,144.1,87.4,4.4,8.0,27.92,15.0199995,84.0
-26.861111,28.884722,22-08-2011,164.90001,69.8,3.5,4.7000003,28.96,13.759999,66.8
-26.45,28.085833,22-08-2011,170.6,65.2,3.3000000000000003,4.1,29.74,14.88,62.4
-30.830556,26.921389,23-08-2011,190.3,44.1,2.2,2.4,31.8,14.36,42.100002
-25.73411,27.21422,23-08-2011,176.7,61.900000000000006,3.1,4.5,31.17,15.71,59.3
-29.380556,30.2775,23-08-2011,144.1,87.4,4.4,8.0,27.92,15.0199995,84.0
-28.141944,26.417778,23-08-2011,196.40001,51.1,2.6,2.3,32.64,16.09,48.8
-30.679722,26.7125,23-08-2011,195.0,43.7,2.2,1.9,32.96,14.92,41.7
-33.501667,21.624167,23-08-2011,193.40001,12.4,0.6000000000000001,0.1,30.84,14.75,11.8
-25.57877778,29.12747222,23-08-2011,172.40001,76.3,3.8000000000000003,4.4,31.23,16.02,72.9
-29.161667,23.696389,24-08-2011,226.6,33.1,1.7000000000000002,0.1,36.809998,17.97,31.4
-34.065833,20.404167,24-08-2011,194.90001,7.800000000000001,0.4,5.4,32.43,18.84,8.3
-23.23572222,27.717,24-08-2011,179.8,42.1,2.1,0.5,34.42,20.109999,40.0
-28.404444,30.013056,24-08-2011,165.40001,90.7,4.5,3.2,30.97,16.17,86.4
-27.38972222,26.46388889,24-08-2011,197.5,45.900000000000006,2.3000000000000003,2.4,32.719997,16.57,43.8
-27.398611,26.614722,24-08-2011,195.8,46.800000000000004,2.3000000000000003,2.3,32.61,16.47,44.7
-27.044444,27.005,24-08-2011,184.5,50.7,2.5,3.0,31.51,15.95,48.5
-29.033333,23.983333,24-08-2011,221.90001,37.6,1.9000000000000001,0.2,36.34,17.33,35.8
-33.818056,19.694722,24-08-2011,212.1,6.300000000000001,0.30000000000000004,5.3,32.1,17.22,6.8
-34.075556,20.145556,24-08-2011,197.40001,7.9,0.4,5.4,31.73,18.109999,8.3
-28.058889,30.373611,24-08-2011,160.6,91.10000000000001,4.6000000000000005,3.9,29.38,14.87,86.8
-27.4,26.624722,24-08-2011,195.8,46.800000000000004,2.3000000000000003,2.3,32.61,16.47,44.7
-27.01011111,26.69808333,25-08-2011,189.3,46.800000000000004,2.3000000000000003,2.0,32.01,16.199999,44.600002
-22.225556,29.990556,25-08-2011,178.2,38.300000000000004,1.9000000000000001,0.2,35.17,22.05,36.4
-22.91028,29.61111,25-08-2011,163.1,59.1,3.0,1.2,32.18,19.05,56.2
-24.925278,29.324444,25-08-2011,177.1,57.5,2.9000000000000004,3.6000001,33.04,18.31,55.0
-30.398056,30.601944,25-08-2011,148.3,58.2,2.9000000000000004,26.800001,29.439999,21.31,77.5
-30.27402,30.69602,25-08-2011,148.0,59.7,3.0,22.300001,29.38,21.119999,68.6
-26.648056,27.089444,25-08-2011,179.7,51.400000000000006,2.6,3.1000001,30.83,15.46,49.100002
-26.970278,27.211111,25-08-2011,181.3,53.1,2.7,3.2,31.05,15.639999,50.8
-26.880278,26.965,25-08-2011,182.1,50.0,2.5,3.0,31.41,15.87,47.8
-27.38972222,26.46388889,25-08-2011,197.5,45.900000000000006,2.3000000000000003,2.4,32.719997,16.57,43.8
-23.763056,27.908611,25-07-2014,179.0,42.7,2.1,9.7,31.98,18.56,42.5
-23.763056,27.908611,13-08-2014,179.0,42.7,2.1,9.7,31.98,18.56,42.5
-26.98472222,26.63227778,25-08-2011,188.5,47.300000000000004,2.4000000000000004,2.3,32.17,16.449999,45.100002
-29.028629,24.638389,25-08-2011,218.40001,44.0,2.2,0.1,35.73,17.18,41.8
-23.763056,27.908611,22-12-2014,179.0,42.7,2.1,9.7,31.98,18.56,42.5
-33.897778,20.012778,25-08-2011,199.8,6.800000000000001,0.30000000000000004,4.3,32.329998,17.58,7.1
-29.641944,30.6875,26-08-2011,148.0,123.5,6.2,9.2,30.06,19.51,118.5
-27.937778,31.209444,26-08-2011,161.7,80.9,4.0,2.8,30.64,17.89,76.9
-27.671111,27.236944,26-08-2011,188.3,52.400000000000006,2.6,2.4,31.789999,15.45,50.0
-27.573056,24.746389,26-08-2011,215.5,46.1,2.3000000000000003,0.4,35.42,17.34,43.8
-23.763056,27.908611,19-08-2015,190.7,43.300000000000004,2.2,3.6000001,34.28,19.14,41.3
-23.763056,27.908611,09-09-2015,190.7,43.300000000000004,2.2,3.6000001,34.28,19.14,41.3
-28.460833,21.248889,26-08-2011,249.2,18.5,0.9,0.0,37.95,19.5,17.6
-28.760833,17.730278,28-08-2011,249.8,0.4,0.0,0.0,37.14,21.439999,0.4
-27.169444,29.233889,29-08-2011,162.0,70.5,3.5,3.6000001,28.599998,13.41,67.3
-26.73806,27.59194,29-08-2011,174.5,59.300000000000004,3.0,3.7,30.199999,15.29,56.7
-25.127778,27.628889,30-08-2011,187.5,56.5,2.8000000000000003,5.6,33.51,18.449999,54.2
-25.20639,27.558,30-08-2011,185.90001,55.7,2.8000000000000003,5.9,33.239998,18.26,53.4
-24.69514,27.40906,30-08-2011,187.7,54.800000000000004,2.7,6.4,33.57,19.47,52.600002
-27.00222,28.76528,30-08-2011,166.1,67.3,3.4000000000000004,4.5,29.289999,13.94,64.4
-34.405833,19.600556,30-08-2011,174.1,8.9,0.4,7.7000003,27.539999,17.19,9.8
-27.495556,26.074722,30-08-2011,200.7,43.800000000000004,2.2,2.6000001,32.829998,16.029999,41.9
-29.161667,23.696389,31-08-2011,226.6,33.1,1.7000000000000002,0.1,36.809998,17.97,31.4
-34.329722,18.990278,31-08-2011,170.40001,8.200000000000001,0.4,14.8,26.39,16.8,10.900001
-25.447222,30.711667,31-08-2011,160.3,94.9,4.7,14.3,30.14,17.51,91.6
-29.161667,23.696389,01-09-2011,226.6,33.1,1.7000000000000002,0.1,36.809998,17.97,31.4
-27.902778,24.615556,02-09-2011,221.90001,46.300000000000004,2.3000000000000003,0.3,36.03,17.77,44.0
-25.99136,27.84208,05-09-2011,173.1,73.3,3.7,4.4,30.16,16.039999,70.1
-26.861111,28.884722,05-09-2011,164.90001,69.8,3.5,4.7000003,28.96,13.759999,66.8
-26.45,28.085833,05-09-2011,170.6,65.2,3.3000000000000003,4.1,29.74,14.88,62.4
-29.160278,26.573333,05-09-2011,200.0,55.6,2.8000000000000003,2.2,33.16,15.32,53.100002
-28.768056,20.720556,05-09-2011,262.5,12.3,0.6000000000000001,0.0,37.969997,19.98,11.7
-25.73411,27.21422,06-09-2011,176.7,61.900000000000006,3.1,4.5,31.17,15.71,59.3
-29.380556,30.2775,06-09-2011,144.1,87.4,4.4,8.0,27.92,15.0199995,84.0
-27.398611,26.614722,06-09-2011,195.8,46.800000000000004,2.3000000000000003,2.3,32.61,16.47,44.7
-27.671111,27.236944,06-09-2011,188.3,52.400000000000006,2.6,2.4,31.789999,15.45,50.0
-28.69485,28.23487,06-09-2011,165.0,72.60000000000001,3.6,2.8,28.76,13.599999,69.3
-29.615556,27.065278,06-09-2011,188.5,64.4,3.2,2.3,31.75,14.86,61.5
-28.883333,27.89,06-09-2011,170.6,73.7,3.7,3.0,29.869999,14.219999,70.4
-31.104278,29.399722,06-09-2011,148.3,50.6,2.5,14.8,28.789999,18.49,54.9
-31.396,29.2651,06-09-2011,149.90001,49.2,2.5,14.8,29.22,19.869999,55.9
-31.554722,29.245556,06-09-2011,142.40001,50.5,2.5,17.7,27.9,18.779999,66.5
-34.039722,22.133333,06-09-2011,164.8,18.1,0.9,6.3,27.91,17.97,18.300001
-25.81048333,27.90955222,07-09-2011,176.0,72.10000000000001,3.6,4.6,31.07,17.01,69.0
-29.641944,30.6875,07-09-2011,148.0,123.5,6.2,9.2,30.06,19.51,118.5
-31.860278,18.6875,07-09-2011,231.8,1.6,0.1,0.8,33.5,17.119999,1.6
-27.602222,29.942778,07-09-2011,167.3,90.5,4.5,3.8,29.97,15.089999,86.3
-27.02314,28.59389,07-09-2011,168.3,66.10000000000001,3.3000000000000003,4.4,29.64,14.24,63.2
-27.4275,28.525833,07-09-2011,167.7,65.7,3.3000000000000003,3.5,29.519999,13.969999,62.8
-27.3,28.586944,07-09-2011,168.1,66.3,3.3000000000000003,3.8,29.55,14.099999,63.4
-27.044444,27.005,07-09-2011,184.5,50.7,2.5,3.0,31.51,15.95,48.5
-29.033333,23.983333,07-09-2011,221.90001,37.6,1.9000000000000001,0.2,36.34,17.33,35.8
-30.160091,27.40124,07-09-2011,181.7,61.5,3.1,3.2,31.189999,14.969999,58.9
-30.336111,27.359444,07-09-2011,182.7,58.5,2.9000000000000004,3.4,31.13,14.58,56.0
-30.568333,29.422778,07-09-2011,146.90001,58.800000000000004,2.9000000000000004,7.4,27.689999,13.95,56.9
-30.86013889,29.07125,07-09-2011,153.2,52.5,2.6,6.1,29.109999,16.94,50.8
-30.77586667,29.03221667,07-09-2011,154.1,55.0,2.8000000000000003,5.8,29.039999,16.55,53.100002
-34.02861,22.22222,07-09-2011,162.2,18.8,0.9,6.6,27.289999,17.75,19.0
-30.830556,26.921389,08-09-2011,190.3,44.1,2.2,2.4,31.8,14.36,42.100002
-30.398056,30.601944,08-09-2011,148.3,58.2,2.9000000000000004,26.800001,29.439999,21.31,77.5
-30.27402,30.69602,08-09-2011,148.0,59.7,3.0,22.300001,29.38,21.119999,68.6
-29.033333,23.983333,08-09-2011,221.90001,37.6,1.9000000000000001,0.2,36.34,17.33,35.8
-30.679722,26.7125,08-09-2011,195.0,43.7,2.2,1.9,32.96,14.92,41.7
-31.031389,28.883333,08-09-2011,150.7,52.5,2.6,6.2000003,28.65,16.4,50.7
-34.031944,22.053333,08-09-2011,166.40001,17.400000000000002,0.9,6.0,28.119999,17.58,17.5
-29.658056,25.973333,09-09-2011,201.6,45.6,2.3000000000000003,1.9,33.12,15.2,43.5
-31.000833,26.353056,09-09-2011,196.2,38.900000000000006,1.9000000000000001,1.8000001,31.48,13.88,37.100002
-28.760833,17.730278,10-09-2011,249.8,0.4,0.0,0.0,37.14,21.439999,0.4
-26.970278,27.211111,12-09-2011,181.3,53.1,2.7,3.2,31.05,15.639999,50.8
-27.01011111,26.69808333,13-09-2011,189.3,46.800000000000004,2.3000000000000003,2.0,32.01,16.199999,44.600002
-24.679167,30.8025,13-09-2011,151.40001,121.60000000000001,6.1000000000000005,14.6,27.76,15.78,117.6
-24.183889,30.823889,13-09-2011,170.0,71.7,3.6,6.4,33.38,20.47,68.6
-25.127778,27.628889,13-09-2011,187.5,56.5,2.8000000000000003,5.6,33.51,18.449999,54.2
-25.20639,27.558,13-09-2011,185.90001,55.7,2.8000000000000003,5.9,33.239998,18.26,53.4
-24.69514,27.40906,13-09-2011,187.7,54.800000000000004,2.7,6.4,33.57,19.47,52.600002
-24.925278,29.324444,13-09-2011,177.1,57.5,2.9000000000000004,3.6000001,33.04,18.31,55.0
-29.161667,30.629722,13-09-2011,144.3,118.5,5.9,7.4,28.01,16.109999,113.5
-26.648056,27.089444,13-09-2011,179.7,51.400000000000006,2.6,3.1000001,30.83,15.46,49.100002
-26.880278,26.965,13-09-2011,182.1,50.0,2.5,3.0,31.41,15.87,47.8
-27.802778,28.768333,13-09-2011,162.6,68.2,3.4000000000000004,3.0,28.949999,13.25,65.1
-26.98472222,26.63227778,13-09-2011,188.5,47.300000000000004,2.4000000000000004,2.3,32.17,16.449999,45.100002
-29.033333,23.983333,13-09-2011,221.90001,37.6,1.9000000000000001,0.2,36.34,17.33,35.8
-30.679722,26.7125,13-09-2011,195.0,43.7,2.2,1.9,32.96,14.92,41.7
-31.396,29.2651,13-09-2011,149.90001,49.2,2.5,14.8,29.22,19.869999,55.9
-33.38056,19.30167,13-09-2011,206.7,5.300000000000001,0.30000000000000004,7.0,30.51,14.86,6.2000003
-33.31388889,19.07472222,13-09-2011,216.90001,4.1000000000000005,0.2,8.8,32.809998,17.43,5.3
-27.495556,26.074722,13-09-2011,200.7,43.800000000000004,2.2,2.6000001,32.829998,16.029999,41.9
-24.058889,31.237222,14-09-2011,171.8,68.9,3.4000000000000004,1.3000001,33.489998,20.5,65.5
-28.75,30.442778,14-09-2011,166.6,78.5,3.9000000000000004,3.1000001,32.469997,18.25,74.8
-29.380556,30.2775,14-09-2011,144.1,87.4,4.4,8.0,27.92,15.0199995,84.0
-26.73806,27.59194,14-09-2011,174.5,59.300000000000004,3.0,3.7,30.199999,15.29,56.7
-27.4275,28.525833,14-09-2011,167.7,65.7,3.3000000000000003,3.5,29.519999,13.969999,62.8
-27.3,28.586944,14-09-2011,168.1,66.3,3.3000000000000003,3.8,29.55,14.099999,63.4
-29.042222,24.6,14-09-2011,219.5,42.900000000000006,2.1,0.1,35.829998,17.31,40.8
-29.028629,24.638389,14-09-2011,218.40001,44.0,2.2,0.1,35.73,17.18,41.8
-30.160091,27.40124,14-09-2011,181.7,61.5,3.1,3.2,31.189999,14.969999,58.9
-34.250556,20.9925,14-09-2011,186.8,11.100000000000001,0.6000000000000001,8.6,30.519999,18.24,12.1
-33.7075,18.97444444,14-09-2011,212.8,5.2,0.30000000000000004,10.0,32.05,18.16,6.7000003
-29.161667,23.696389,15-09-2011,226.6,33.1,1.7000000000000002,0.1,36.809998,17.97,31.4
-30.398056,30.601944,15-09-2011,148.3,58.2,2.9000000000000004,26.800001,29.439999,21.31,77.5
-27.169444,29.233889,15-09-2011,162.0,70.5,3.5,3.6000001,28.599998,13.41,67.3
-27.00222,28.76528,15-09-2011,166.1,67.3,3.4000000000000004,4.5,29.289999,13.94,64.4
-27.902778,24.615556,16-09-2011,221.90001,46.300000000000004,2.3000000000000003,0.3,36.03,17.77,44.0
-28.460833,21.248889,16-09-2011,249.2,18.5,0.9,0.0,37.95,19.5,17.6
-30.27402,30.69602,19-09-2011,148.0,59.7,3.0,22.300001,29.38,21.119999,68.6
-26.861111,28.884722,19-09-2011,164.90001,69.8,3.5,4.7000003,28.96,13.759999,66.8
-26.970278,27.211111,19-09-2011,181.3,53.1,2.7,3.2,31.05,15.639999,50.8
-27.01011111,26.69808333,20-09-2011,189.3,46.800000000000004,2.3000000000000003,2.0,32.01,16.199999,44.600002
-24.058889,31.237222,20-09-2011,171.8,68.9,3.4000000000000004,1.3000001,33.489998,20.5,65.5
-27.937778,31.209444,20-09-2011,161.7,80.9,4.0,2.8,30.64,17.89,76.9
-29.380556,30.2775,20-09-2011,144.1,87.4,4.4,8.0,27.92,15.0199995,84.0
-27.00222,28.76528,20-09-2011,166.1,67.3,3.4000000000000004,4.5,29.289999,13.94,64.4
-26.648056,27.089444,20-09-2011,179.7,51.400000000000006,2.6,3.1000001,30.83,15.46,49.100002
-26.880278,26.965,20-09-2011,182.1,50.0,2.5,3.0,31.41,15.87,47.8
-26.98472222,26.63227778,20-09-2011,188.5,47.300000000000004,2.4000000000000004,2.3,32.17,16.449999,45.100002
-33.501667,21.624167,20-09-2011,193.40001,12.4,0.6000000000000001,0.1,30.84,14.75,11.8
-28.058889,30.373611,20-09-2011,160.6,91.10000000000001,4.6000000000000005,3.9,29.38,14.87,86.8
-25.57877778,29.12747222,20-09-2011,172.40001,76.3,3.8000000000000003,4.4,31.23,16.02,72.9
-29.161667,23.696389,21-09-2011,226.6,33.1,1.7000000000000002,0.1,36.809998,17.97,31.4
-25.81048333,27.90955222,21-09-2011,176.0,72.10000000000001,3.6,4.6,31.07,17.01,69.0
-34.065833,20.404167,21-09-2011,194.90001,7.800000000000001,0.4,5.4,32.43,18.84,8.3
-27.5275,30.858056,21-09-2011,157.2,98.5,4.9,6.5,29.06,15.92,94.200005
-28.404444,30.013056,21-09-2011,165.40001,90.7,4.5,3.2,30.97,16.17,86.4
-28.141944,26.417778,21-09-2011,196.40001,51.1,2.6,2.3,32.64,16.09,48.8
-29.033333,23.983333,21-09-2011,221.90001,37.6,1.9000000000000001,0.2,36.34,17.33,35.8
-33.818056,19.694722,21-09-2011,212.1,6.300000000000001,0.30000000000000004,5.3,32.1,17.22,6.8
-34.075556,20.145556,21-09-2011,197.40001,7.9,0.4,5.4,31.73,18.109999,8.3
-29.161667,23.696389,22-09-2011,226.6,33.1,1.7000000000000002,0.1,36.809998,17.97,31.4
-27.38972222,26.46388889,22-09-2011,197.5,45.900000000000006,2.3000000000000003,2.4,32.719997,16.57,43.8
-27.398611,26.614722,22-09-2011,195.8,46.800000000000004,2.3000000000000003,2.3,32.61,16.47,44.7
-33.897778,20.012778,22-09-2011,199.8,6.800000000000001,0.30000000000000004,4.3,32.329998,17.58,7.1
-29.641944,30.6875,23-09-2011,148.0,123.5,6.2,9.2,30.06,19.51,118.5
-28.760833,17.730278,24-09-2011,249.8,0.4,0.0,0.0,37.14,21.439999,0.4
-29.641944,30.6875,24-09-2011,148.0,123.5,6.2,9.2,30.06,19.51,118.5
-25.513889,31.224444,26-09-2011,158.8,98.80000000000001,4.9,11.900001,30.57,18.49,95.200005
-29.7775,29.470833,26-09-2011,144.7,94.80000000000001,4.7,7.2000003,26.75,13.2699995,91.700005
-29.987778,29.851667,26-09-2011,144.90001,66.8,3.3000000000000003,9.5,28.16,15.29,64.8
-29.744167,29.905833,26-09-2011,150.0,68.9,3.4000000000000004,7.8,29.099998,15.889999,66.4
-27.169444,29.233889,26-09-2011,162.0,70.5,3.5,3.6000001,28.599998,13.41,67.3
-26.73806,27.59194,26-09-2011,174.5,59.300000000000004,3.0,3.7,30.199999,15.29,56.7
-26.45,28.085833,26-09-2011,170.6,65.2,3.3000000000000003,4.1,29.74,14.88,62.4
-31.396,29.2651,26-09-2011,149.90001,49.2,2.5,14.8,29.22,19.869999,55.9
-31.554722,29.245556,26-09-2011,142.40001,50.5,2.5,17.7,27.9,18.779999,66.5
-24.282222,28.090278,27-09-2011,170.3,75.10000000000001,3.8000000000000003,6.0,31.59,17.359999,71.9
-25.127778,27.628889,27-09-2011,187.5,56.5,2.8000000000000003,5.6,33.51,18.449999,54.2
-25.20639,27.558,27-09-2011,185.90001,55.7,2.8000000000000003,5.9,33.239998,18.26,53.4
-23.281,30.54305556,27-09-2011,166.7,85.0,4.3,5.8,32.739998,20.33,81.200005
-28.747778,31.745833,27-09-2011,160.90001,124.2,6.2,5.8,31.82,20.77,118.6
-30.733889,29.828333,27-09-2011,142.2,55.300000000000004,2.8000000000000003,20.5,28.449999,17.699999,65.1
-27.273889,28.49,27-09-2011,168.40001,65.5,3.3000000000000003,4.0,29.609999,14.24,62.600002
-27.3,28.586944,27-09-2011,168.1,66.3,3.3000000000000003,3.8,29.55,14.099999,63.4
-30.568333,29.422778,27-09-2011,146.90001,58.800000000000004,2.9000000000000004,7.4,27.689999,13.95,56.9
-31.104278,29.399722,27-09-2011,148.3,50.6,2.5,14.8,28.789999,18.49,54.9
-34.092222,21.295278,27-09-2011,181.40001,12.600000000000001,0.6000000000000001,4.6,30.72,17.33,12.7
-34.405833,19.600556,27-09-2011,174.1,8.9,0.4,7.7000003,27.539999,17.19,9.8
-29.161667,23.696389,28-09-2011,226.6,33.1,1.7000000000000002,0.1,36.809998,17.97,31.4
-22.935,28.004167,28-09-2011,178.0,38.300000000000004,1.9000000000000001,0.3,34.07,20.32,36.4
-23.763056,27.908611,28-09-2011,174.6,57.0,2.8000000000000003,5.0,32.969997,18.73,54.5
-24.768889,31.39,28-09-2011,163.2,87.60000000000001,4.4,10.2,32.739998,20.119999,84.3
-28.801278,31.955389,28-09-2011,161.2,111.0,5.6000000000000005,9.400001,31.48,20.939999,107.1
-30.27402,30.69602,28-09-2011,148.0,59.7,3.0,22.300001,29.38,21.119999,68.6
-27.802778,28.768333,28-09-2011,162.6,68.2,3.4000000000000004,3.0,28.949999,13.25,65.1
-27.398611,26.614722,28-09-2011,195.8,46.800000000000004,2.3000000000000003,2.3,32.61,16.47,44.7
-31.031389,28.883333,28-09-2011,150.7,52.5,2.6,6.2000003,28.65,16.4,50.7
-30.86013889,29.07125,28-09-2011,153.2,52.5,2.6,6.1,29.109999,16.94,50.8
-30.77586667,29.03221667,28-09-2011,154.1,55.0,2.8000000000000003,5.8,29.039999,16.55,53.100002
-27.495556,26.074722,28-09-2011,200.7,43.800000000000004,2.2,2.6000001,32.829998,16.029999,41.9
-24.99328,30.81444,29-09-2011,140.5,116.7,5.800000000000001,26.800001,26.019999,13.7699995,116.3
-30.13573889,30.67422222,29-09-2011,148.7,72.9,3.6,11.1,29.699999,21.119999,71.3
-27.573056,24.746389,30-09-2011,215.5,46.1,2.3000000000000003,0.4,35.42,17.34,43.8
-27.902778,24.615556,30-09-2011,221.90001,46.300000000000004,2.3000000000000003,0.3,36.03,17.77,44.0
-29.803611,30.516111,30-09-2011,143.8,96.9,4.800000000000001,9.8,28.98,17.949999,93.4
-26.861111,28.884722,03-10-2011,164.90001,69.8,3.5,4.7000003,28.96,13.759999,66.8
-29.160278,26.573333,03-10-2011,200.0,55.6,2.8000000000000003,2.2,33.16,15.32,53.100002
-26.03611,30.99778,04-10-2011,165.5,125.2,6.300000000000001,13.900001,30.22,18.119999,120.6
-27.398611,26.614722,04-10-2011,195.8,46.800000000000004,2.3000000000000003,2.3,32.61,16.47,44.7
-27.671111,27.236944,04-10-2011,188.3,52.400000000000006,2.6,2.4,31.789999,15.45,50.0
-30.160091,27.40124,04-10-2011,181.7,61.5,3.1,3.2,31.189999,14.969999,58.9
-30.336111,27.359444,04-10-2011,182.7,58.5,2.9000000000000004,3.4,31.13,14.58,56.0
-28.69485,28.23487,04-10-2011,165.0,72.60000000000001,3.6,2.8,28.76,13.599999,69.3
-28.883333,27.89,04-10-2011,170.6,73.7,3.7,3.0,29.869999,14.219999,70.4
-31.5653,18.3306,04-10-2011,222.7,0.7000000000000001,0.0,0.3,31.98,17.21,0.7
-25.45963889,28.26430556,04-10-2011,177.0,70.0,3.5,4.7000003,31.91,17.05,67.0
-28.338333,31.373611,04-10-2011,157.5,101.30000000000001,5.1000000000000005,2.8,30.929998,18.63,96.4
-28.068333,31.55,04-10-2011,166.40001,97.2,4.9,2.3,32.79,20.5,92.4
-27.4,26.624722,04-10-2011,195.8,46.800000000000004,2.3000000000000003,2.3,32.61,16.47,44.7
-29.161667,23.696389,05-10-2011,226.6,33.1,1.7000000000000002,0.1,36.809998,17.97,31.4
-25.81048333,27.90955222,05-10-2011,176.0,72.10000000000001,3.6,4.6,31.07,17.01,69.0
-29.641944,30.6875,05-10-2011,148.0,123.5,6.2,9.2,30.06,19.51,118.5
-31.860278,18.6875,05-10-2011,231.8,1.6,0.1,0.8,33.5,17.119999,1.6
-27.00222,28.76528,05-10-2011,166.1,67.3,3.4000000000000004,4.5,29.289999,13.94,64.4
-27.02314,28.59389,05-10-2011,168.3,66.10000000000001,3.3000000000000003,4.4,29.64,14.24,63.2
-27.273889,28.49,05-10-2011,168.40001,65.5,3.3000000000000003,4.0,29.609999,14.24,62.600002
-27.4275,28.525833,05-10-2011,167.7,65.7,3.3000000000000003,3.5,29.519999,13.969999,62.8
-27.3,28.586944,05-10-2011,168.1,66.3,3.3000000000000003,3.8,29.55,14.099999,63.4
-30.830556,26.921389,06-10-2011,190.3,44.1,2.2,2.4,31.8,14.36,42.100002
-30.679722,26.7125,06-10-2011,195.0,43.7,2.2,1.9,32.96,14.92,41.7
-30.160091,27.40124,06-10-2011,181.7,61.5,3.1,3.2,31.189999,14.969999,58.9
-30.336111,27.359444,06-10-2011,182.7,58.5,2.9000000000000004,3.4,31.13,14.58,56.0
-31.000833,26.353056,07-10-2011,196.2,38.900000000000006,1.9000000000000001,1.8000001,31.48,13.88,37.100002
-28.460833,21.248889,07-10-2011,249.2,18.5,0.9,0.0,37.95,19.5,17.6
-28.760833,17.730278,08-10-2011,249.8,0.4,0.0,0.0,37.14,21.439999,0.4
-27.602222,29.942778,08-10-2011,167.3,90.5,4.5,3.8,29.97,15.089999,86.3
-27.169444,29.233889,10-10-2011,162.0,70.5,3.5,3.6000001,28.599998,13.41,67.3
-27.01011111,26.69808333,11-10-2011,189.3,46.800000000000004,2.3000000000000003,2.0,32.01,16.199999,44.600002
-24.183889,30.823889,11-10-2011,170.0,71.7,3.6,6.4,33.38,20.47,68.6
-25.127778,27.628889,11-10-2011,187.5,56.5,2.8000000000000003,5.6,33.51,18.449999,54.2
-25.20639,27.558,11-10-2011,185.90001,55.7,2.8000000000000003,5.9,33.239998,18.26,53.4
-24.69514,27.40906,11-10-2011,187.7,54.800000000000004,2.7,6.4,33.57,19.47,52.600002
-25.73411,27.21422,11-10-2011,176.7,61.900000000000006,3.1,4.5,31.17,15.71,59.3
-27.363611,31.783333,11-10-2011,162.8,72.10000000000001,3.6,9.7,32.7,19.74,69.4
-26.648056,27.089444,11-10-2011,179.7,51.400000000000006,2.6,3.1000001,30.83,15.46,49.100002
-26.970278,27.211111,11-10-2011,181.3,53.1,2.7,3.2,31.05,15.639999,50.8
-26.880278,26.965,11-10-2011,182.1,50.0,2.5,3.0,31.41,15.87,47.8
-26.98472222,26.63227778,11-10-2011,188.5,47.300000000000004,2.4000000000000004,2.3,32.17,16.449999,45.100002
-27.573056,24.746389,11-10-2011,215.5,46.1,2.3000000000000003,0.4,35.42,17.34,43.8
-29.028629,24.638389,11-10-2011,218.40001,44.0,2.2,0.1,35.73,17.18,41.8
-30.160091,27.40124,11-10-2011,181.7,61.5,3.1,3.2,31.189999,14.969999,58.9
-33.31388889,19.07472222,11-10-2011,216.90001,4.1000000000000005,0.2,8.8,32.809998,17.43,5.3
-29.161667,23.696389,12-10-2011,226.6,33.1,1.7000000000000002,0.1,36.809998,17.97,31.4
-24.058889,31.237222,12-10-2011,171.8,68.9,3.4000000000000004,1.3000001,33.489998,20.5,65.5
-26.905,32.324722,12-10-2011,169.7,80.10000000000001,4.0,8.8,34.51,20.92,76.700005
-26.73806,27.59194,12-10-2011,174.5,59.300000000000004,3.0,3.7,30.199999,15.29,56.7
-31.000833,26.353056,12-10-2011,196.2,38.900000000000006,1.9000000000000001,1.8000001,31.48,13.88,37.100002
-30.679722,26.7125,12-10-2011,195.0,43.7,2.2,1.9,32.96,14.92,41.7
-33.7075,18.97444444,12-10-2011,212.8,5.2,0.30000000000000004,10.0,32.05,18.16,6.7000003
-24.679167,30.8025,13-10-2011,151.40001,121.60000000000001,6.1000000000000005,14.6,27.76,15.78,117.6
-34.250556,20.9925,13-10-2011,186.8,11.100000000000001,0.6000000000000001,8.6,30.519999,18.24,12.1
-34.031944,22.053333,13-10-2011,166.40001,17.400000000000002,0.9,6.0,28.119999,17.58,17.5
-34.039722,22.133333,13-10-2011,164.8,18.1,0.9,6.3,27.91,17.97,18.300001
-34.02861,22.22222,14-10-2011,162.2,18.8,0.9,6.6,27.289999,17.75,19.0
-27.01011111,26.69808333,17-10-2011,189.3,46.800000000000004,2.3000000000000003,2.0,32.01,16.199999,44.600002
-25.99136,27.84208,17-10-2011,173.1,73.3,3.7,4.4,30.16,16.039999,70.1
-26.861111,28.884722,17-10-2011,164.90001,69.8,3.5,4.7000003,28.96,13.759999,66.8
-26.73806,27.59194,17-10-2011,174.5,59.300000000000004,3.0,3.7,30.199999,15.29,56.7
-26.98472222,26.63227778,17-10-2011,188.5,47.300000000000004,2.4000000000000004,2.3,32.17,16.449999,45.100002
-29.042222,24.6,17-10-2011,219.5,42.900000000000006,2.1,0.1,35.829998,17.31,40.8
-29.380556,30.2775,18-10-2011,144.1,87.4,4.4,8.0,27.92,15.0199995,84.0
-27.00222,28.76528,18-10-2011,166.1,67.3,3.4000000000000004,4.5,29.289999,13.94,64.4
-26.648056,27.089444,18-10-2011,179.7,51.400000000000006,2.6,3.1000001,30.83,15.46,49.100002
-26.970278,27.211111,18-10-2011,181.3,53.1,2.7,3.2,31.05,15.639999,50.8
-26.880278,26.965,18-10-2011,182.1,50.0,2.5,3.0,31.41,15.87,47.8
-28.141944,26.417778,18-10-2011,196.40001,51.1,2.6,2.3,32.64,16.09,48.8
-31.436944,20.474722,18-10-2011,228.40001,5.6000000000000005,0.30000000000000004,0.0,34.1,15.87,5.3
-33.501667,21.624167,18-10-2011,193.40001,12.4,0.6000000000000001,0.1,30.84,14.75,11.8
-33.818056,19.694722,18-10-2011,212.1,6.300000000000001,0.30000000000000004,5.3,32.1,17.22,6.8
-25.45963889,28.26430556,18-10-2011,177.0,70.0,3.5,4.7000003,31.91,17.05,67.0
-28.7115,24.07288889,19-10-2011,223.2,42.400000000000006,2.1,0.3,36.649998,17.63,40.3
-25.81048333,27.90955222,19-10-2011,176.0,72.10000000000001,3.6,4.6,31.07,17.01,69.0
-26.006389,29.253889,19-10-2011,159.90001,83.80000000000001,4.2,5.0,28.64,13.95,80.1
-29.1825,23.575556,19-10-2011,226.2,31.5,1.6,0.1,36.76,18.18,29.9
-34.075556,20.145556,19-10-2011,197.40001,7.9,0.4,5.4,31.73,18.109999,8.3
-27.5275,30.858056,20-10-2011,157.2,98.5,4.9,6.5,29.06,15.92,94.200005
-28.404444,30.013056,20-10-2011,165.40001,90.7,4.5,3.2,30.97,16.17,86.4
-27.38972222,26.46388889,20-10-2011,197.5,45.900000000000006,2.3000000000000003,2.4,32.719997,16.57,43.8
-29.028629,24.638389,20-10-2011,218.40001,44.0,2.2,0.1,35.73,17.18,41.8
-28.058889,30.373611,20-10-2011,160.6,91.10000000000001,4.6000000000000005,3.9,29.38,14.87,86.8
-25.57877778,29.12747222,20-10-2011,172.40001,76.3,3.8000000000000003,4.4,31.23,16.02,72.9
-27.937778,31.209444,21-10-2011,161.7,80.9,4.0,2.8,30.64,17.89,76.9
-28.760833,17.730278,22-10-2011,249.8,0.4,0.0,0.0,37.14,21.439999,0.4
-24.058889,31.237222,24-10-2011,171.8,68.9,3.4000000000000004,1.3000001,33.489998,20.5,65.5
-29.7775,29.470833,24-10-2011,144.7,94.80000000000001,4.7,7.2000003,26.75,13.2699995,91.700005
-29.987778,29.851667,24-10-2011,144.90001,66.8,3.3000000000000003,9.5,28.16,15.29,64.8
-29.744167,29.905833,24-10-2011,150.0,68.9,3.4000000000000004,7.8,29.099998,15.889999,66.4
-27.169444,29.233889,24-10-2011,162.0,70.5,3.5,3.6000001,28.599998,13.41,67.3
-26.73806,27.59194,24-10-2011,174.5,59.300000000000004,3.0,3.7,30.199999,15.29,56.7
-26.45,28.085833,24-10-2011,170.6,65.2,3.3000000000000003,4.1,29.74,14.88,62.4
-34.065833,20.404167,25-10-2011,194.90001,7.800000000000001,0.4,5.4,32.43,18.84,8.3
-25.127778,27.628889,25-10-2011,187.5,56.5,2.8000000000000003,5.6,33.51,18.449999,54.2
-25.20639,27.558,25-10-2011,185.90001,55.7,2.8000000000000003,5.9,33.239998,18.26,53.4
-24.69514,27.40906,25-10-2011,187.7,54.800000000000004,2.7,6.4,33.57,19.47,52.600002
-25.73411,27.21422,25-10-2011,176.7,61.900000000000006,3.1,4.5,31.17,15.71,59.3
-22.769722,30.886944,25-10-2011,174.6,70.0,3.5,5.2000003,33.32,20.0,66.8
-28.747778,31.745833,25-10-2011,160.90001,124.2,6.2,5.8,31.82,20.77,118.6
-30.733889,29.828333,25-10-2011,142.2,55.300000000000004,2.8000000000000003,20.5,28.449999,17.699999,65.1
-31.104278,29.399722,25-10-2011,148.3,50.6,2.5,14.8,28.789999,18.49,54.9
-30.77586667,29.03221667,25-10-2011,154.1,55.0,2.8000000000000003,5.8,29.039999,16.55,53.100002
-31.396,29.2651,25-10-2011,149.90001,49.2,2.5,14.8,29.22,19.869999,55.9
-31.554722,29.245556,25-10-2011,142.40001,50.5,2.5,17.7,27.9,18.779999,66.5
-34.092222,21.295278,25-10-2011,181.40001,12.600000000000001,0.6000000000000001,4.6,30.72,17.33,12.7
-27.495556,26.074722,25-10-2011,200.7,43.800000000000004,2.2,2.6000001,32.829998,16.029999,41.9
-30.398056,30.601944,26-10-2011,148.3,58.2,2.9000000000000004,26.800001,29.439999,21.31,77.5
-30.27402,30.69602,26-10-2011,148.0,59.7,3.0,22.300001,29.38,21.119999,68.6
-30.568333,29.422778,26-10-2011,146.90001,58.800000000000004,2.9000000000000004,7.4,27.689999,13.95,56.9
-30.86013889,29.07125,26-10-2011,153.2,52.5,2.6,6.1,29.109999,16.94,50.8
-30.570833,29.150556,26-10-2011,148.90001,62.300000000000004,3.1,5.7000003,27.46,13.82,59.9
-33.897778,20.012778,26-10-2011,199.8,6.800000000000001,0.30000000000000004,4.3,32.329998,17.58,7.1
-25.447222,30.711667,26-10-2011,160.3,94.9,4.7,14.3,30.14,17.51,91.6
-30.13573889,30.67422222,27-10-2011,148.7,72.9,3.6,11.1,29.699999,21.119999,71.3
-31.031389,28.883333,27-10-2011,150.7,52.5,2.6,6.2000003,28.65,16.4,50.7
-34.405833,19.600556,27-10-2011,174.1,8.9,0.4,7.7000003,27.539999,17.19,9.8
-27.398611,26.614722,28-10-2011,195.8,46.800000000000004,2.3000000000000003,2.3,32.61,16.47,44.7
-27.902778,24.615556,28-10-2011,221.90001,46.300000000000004,2.3000000000000003,0.3,36.03,17.77,44.0
-29.803611,30.516111,28-10-2011,143.8,96.9,4.800000000000001,9.8,28.98,17.949999,93.4
-25.99136,27.84208,31-10-2011,173.1,73.3,3.7,4.4,30.16,16.039999,70.1
-26.861111,28.884722,31-10-2011,164.90001,69.8,3.5,4.7000003,28.96,13.759999,66.8
-26.45,28.085833,31-10-2011,170.6,65.2,3.3000000000000003,4.1,29.74,14.88,62.4
-32.502778,19.535833,31-10-2011,229.8,2.2,0.1,1.2,34.87,17.039999,2.2
-31.860278,18.6875,01-11-2011,231.8,1.6,0.1,0.8,33.5,17.119999,1.6
-28.735556,29.820556,01-11-2011,164.1,91.7,4.6000000000000005,3.0,31.519999,16.41,87.3
-27.00222,28.76528,01-11-2011,166.1,67.3,3.4000000000000004,4.5,29.289999,13.94,64.4
-26.880278,26.965,01-11-2011,182.1,50.0,2.5,3.0,31.41,15.87,47.8
-27.38972222,26.46388889,01-11-2011,197.5,45.900000000000006,2.3000000000000003,2.4,32.719997,16.57,43.8
-29.160278,26.573333,01-11-2011,200.0,55.6,2.8000000000000003,2.2,33.16,15.32,53.100002
-30.679722,26.7125,01-11-2011,195.0,43.7,2.2,1.9,32.96,14.92,41.7
-25.45963889,28.26430556,01-11-2011,177.0,70.0,3.5,4.7000003,31.91,17.05,67.0
-28.338333,31.373611,01-11-2011,157.5,101.30000000000001,5.1000000000000005,2.8,30.929998,18.63,96.4
-25.81048333,27.90955222,02-11-2011,176.0,72.10000000000001,3.6,4.6,31.07,17.01,69.0
-29.641944,30.6875,02-11-2011,148.0,123.5,6.2,9.2,30.06,19.51,118.5
-28.69485,28.23487,02-11-2011,165.0,72.60000000000001,3.6,2.8,28.76,13.599999,69.3
-29.615556,27.065278,02-11-2011,188.5,64.4,3.2,2.3,31.75,14.86,61.5
-29.161667,23.696389,03-11-2011,226.6,33.1,1.7000000000000002,0.1,36.809998,17.97,31.4
-28.44555556,32.325,03-11-2011,159.2,133.70000000000002,6.7,13.7,31.06,21.189999,130.5
-27.602222,29.942778,03-11-2011,167.3,90.5,4.5,3.8,29.97,15.089999,86.3
-30.160091,27.40124,03-11-2011,181.7,61.5,3.1,3.2,31.189999,14.969999,58.9
-30.336111,27.359444,03-11-2011,182.7,58.5,2.9000000000000004,3.4,31.13,14.58,56.0
-28.883333,27.89,03-11-2011,170.6,73.7,3.7,3.0,29.869999,14.219999,70.4
-29.1825,23.575556,03-11-2011,226.2,31.5,1.6,0.1,36.76,18.18,29.9
-32.595833,19.009444,03-11-2011,231.3,2.3000000000000003,0.1,5.5,34.62,17.34,2.8
-28.7115,24.07288889,04-11-2011,223.2,42.400000000000006,2.1,0.3,36.649998,17.63,40.3
-30.830556,26.921389,04-11-2011,190.3,44.1,2.2,2.4,31.8,14.36,42.100002
-27.573056,24.746389,04-11-2011,215.5,46.1,2.3000000000000003,0.4,35.42,17.34,43.8
-30.679722,26.7125,04-11-2011,195.0,43.7,2.2,1.9,32.96,14.92,41.7
-28.69485,28.23487,04-11-2011,165.0,72.60000000000001,3.6,2.8,28.76,13.599999,69.3
-28.760833,17.730278,05-11-2011,249.8,0.4,0.0,0.0,37.14,21.439999,0.4
-29.658056,25.973333,05-11-2011,201.6,45.6,2.3000000000000003,1.9,33.12,15.2,43.5
-31.000833,26.353056,05-11-2011,196.2,38.900000000000006,1.9000000000000001,1.8000001,31.48,13.88,37.100002
-27.169444,29.233889,07-11-2011,162.0,70.5,3.5,3.6000001,28.599998,13.41,67.3
-26.73806,27.59194,07-11-2011,174.5,59.300000000000004,3.0,3.7,30.199999,15.29,56.7
-27.01011111,26.69808333,08-11-2011,189.3,46.800000000000004,2.3000000000000003,2.0,32.01,16.199999,44.600002
-24.679167,30.8025,08-11-2011,151.40001,121.60000000000001,6.1000000000000005,14.6,27.76,15.78,117.6
-24.183889,30.823889,08-11-2011,170.0,71.7,3.6,6.4,33.38,20.47,68.6
-25.127778,27.628889,08-11-2011,187.5,56.5,2.8000000000000003,5.6,33.51,18.449999,54.2
-25.20639,27.558,08-11-2011,185.90001,55.7,2.8000000000000003,5.9,33.239998,18.26,53.4
-24.69514,27.40906,08-11-2011,187.7,54.800000000000004,2.7,6.4,33.57,19.47,52.600002
-27.363611,31.783333,08-11-2011,162.8,72.10000000000001,3.6,9.7,32.7,19.74,69.4
-29.380556,30.2775,08-11-2011,144.1,87.4,4.4,8.0,27.92,15.0199995,84.0
-26.98472222,26.63227778,08-11-2011,188.5,47.300000000000004,2.4000000000000004,2.3,32.17,16.449999,45.100002
-27.398611,26.614722,08-11-2011,195.8,46.800000000000004,2.3000000000000003,2.3,32.61,16.47,44.7
-27.671111,27.236944,08-11-2011,188.3,52.400000000000006,2.6,2.4,31.789999,15.45,50.0
-27.495556,26.074722,08-11-2011,200.7,43.800000000000004,2.2,2.6000001,32.829998,16.029999,41.9
-24.058889,31.237222,09-11-2011,171.8,68.9,3.4000000000000004,1.3000001,33.489998,20.5,65.5
-27.02314,28.59389,09-11-2011,168.3,66.10000000000001,3.3000000000000003,4.4,29.64,14.24,63.2
-26.648056,27.089444,09-11-2011,179.7,51.400000000000006,2.6,3.1000001,30.83,15.46,49.100002
-27.273889,28.49,09-11-2011,168.40001,65.5,3.3000000000000003,4.0,29.609999,14.24,62.600002
-27.4275,28.525833,09-11-2011,167.7,65.7,3.3000000000000003,3.5,29.519999,13.969999,62.8
-27.3,28.586944,09-11-2011,168.1,66.3,3.3000000000000003,3.8,29.55,14.099999,63.4
-29.161667,30.629722,10-11-2011,144.3,118.5,5.9,7.4,28.01,16.109999,113.5
-33.38056,19.30167,10-11-2011,206.7,5.300000000000001,0.30000000000000004,7.0,30.51,14.86,6.2000003
-33.31388889,19.07472222,10-11-2011,216.90001,4.1000000000000005,0.2,8.8,32.809998,17.43,5.3
-33.13083,18.86278,10-11-2011,210.1,3.4000000000000004,0.2,6.7000003,33.37,18.369999,4.1
-33.7075,18.97444444,10-11-2011,212.8,5.2,0.30000000000000004,10.0,32.05,18.16,6.7000003
-28.75,30.442778,11-11-2011,166.6,78.5,3.9000000000000004,3.1000001,32.469997,18.25,74.8
-30.733889,29.828333,11-11-2011,142.2,55.300000000000004,2.8000000000000003,20.5,28.449999,17.699999,65.1
-27.5275,30.858056,12-11-2011,157.2,98.5,4.9,6.5,29.06,15.92,94.200005
-24.670833,28.560833,14-11-2011,173.6,63.5,3.2,6.0,31.769999,17.02,60.9
-25.99136,27.84208,14-11-2011,173.1,73.3,3.7,4.4,30.16,16.039999,70.1
-24.925278,29.324444,14-11-2011,177.1,57.5,2.9000000000000004,3.6000001,33.04,18.31,55.0
-24.282222,28.090278,15-11-2011,170.3,75.10000000000001,3.8000000000000003,6.0,31.59,17.359999,71.9
-29.380556,30.2775,15-11-2011,144.1,87.4,4.4,8.0,27.92,15.0199995,84.0
-27.00222,28.76528,15-11-2011,166.1,67.3,3.4000000000000004,4.5,29.289999,13.94,64.4
-26.648056,27.089444,15-11-2011,179.7,51.400000000000006,2.6,3.1000001,30.83,15.46,49.100002
-34.031944,22.053333,15-11-2011,166.40001,17.400000000000002,0.9,6.0,28.119999,17.58,17.5
-34.039722,22.133333,15-11-2011,164.8,18.1,0.9,6.3,27.91,17.97,18.300001
-25.45963889,28.26430556,15-11-2011,177.0,70.0,3.5,4.7000003,31.91,17.05,67.0
-29.161667,23.696389,16-11-2011,226.6,33.1,1.7000000000000002,0.1,36.809998,17.97,31.4
-25.81048333,27.90955222,16-11-2011,176.0,72.10000000000001,3.6,4.6,31.07,17.01,69.0
-22.935,28.004167,16-11-2011,178.0,38.300000000000004,1.9000000000000001,0.3,34.07,20.32,36.4
-34.065833,20.404167,16-11-2011,194.90001,7.800000000000001,0.4,5.4,32.43,18.84,8.3
-27.937778,31.209444,16-11-2011,161.7,80.9,4.0,2.8,30.64,17.89,76.9
-28.404444,30.013056,16-11-2011,165.40001,90.7,4.5,3.2,30.97,16.17,86.4
-28.141944,26.417778,16-11-2011,196.40001,51.1,2.6,2.3,32.64,16.09,48.8
-30.160091,27.40124,16-11-2011,181.7,61.5,3.1,3.2,31.189999,14.969999,58.9
-34.02861,22.22222,16-11-2011,162.2,18.8,0.9,6.6,27.289999,17.75,19.0
-33.818056,19.694722,16-11-2011,212.1,6.300000000000001,0.30000000000000004,5.3,32.1,17.22,6.8
-34.075556,20.145556,16-11-2011,197.40001,7.9,0.4,5.4,31.73,18.109999,8.3
-34.005833,22.351111,16-11-2011,158.6,21.6,1.1,7.0,26.74,17.779999,21.800001
-28.058889,30.373611,16-11-2011,160.6,91.10000000000001,4.6000000000000005,3.9,29.38,14.87,86.8
-22.91028,29.61111,17-11-2011,163.1,59.1,3.0,1.2,32.18,19.05,56.2
-27.38972222,26.46388889,17-11-2011,197.5,45.900000000000006,2.3000000000000003,2.4,32.719997,16.57,43.8
-27.398611,26.614722,17-11-2011,195.8,46.800000000000004,2.3000000000000003,2.3,32.61,16.47,44.7
-27.671111,27.236944,17-11-2011,188.3,52.400000000000006,2.6,2.4,31.789999,15.45,50.0
-33.897778,20.012778,17-11-2011,199.8,6.800000000000001,0.30000000000000004,4.3,32.329998,17.58,7.1
-27.902778,24.615556,18-11-2011,221.90001,46.300000000000004,2.3000000000000003,0.3,36.03,17.77,44.0
-28.760833,17.730278,19-11-2011,249.8,0.4,0.0,0.0,37.14,21.439999,0.4
-29.161667,23.696389,21-11-2011,226.6,33.1,1.7000000000000002,0.1,36.809998,17.97,31.4
-27.01011111,26.69808333,21-11-2011,189.3,46.800000000000004,2.3000000000000003,2.0,32.01,16.199999,44.600002
-29.7775,29.470833,21-11-2011,144.7,94.80000000000001,4.7,7.2000003,26.75,13.2699995,91.700005
-29.744167,29.905833,21-11-2011,150.0,68.9,3.4000000000000004,7.8,29.099998,15.889999,66.4
-26.861111,28.884722,21-11-2011,164.90001,69.8,3.5,4.7000003,28.96,13.759999,66.8
-26.45,28.085833,21-11-2011,170.6,65.2,3.3000000000000003,4.1,29.74,14.88,62.4
-26.98472222,26.63227778,21-11-2011,188.5,47.300000000000004,2.4000000000000004,2.3,32.17,16.449999,45.100002
-31.554722,29.245556,21-11-2011,142.40001,50.5,2.5,17.7,27.9,18.779999,66.5
-25.127778,27.628889,22-11-2011,187.5,56.5,2.8000000000000003,5.6,33.51,18.449999,54.2
-25.20639,27.558,22-11-2011,185.90001,55.7,2.8000000000000003,5.9,33.239998,18.26,53.4
-24.69514,27.40906,22-11-2011,187.7,54.800000000000004,2.7,6.4,33.57,19.47,52.600002
-29.987778,29.851667,22-11-2011,144.90001,66.8,3.3000000000000003,9.5,28.16,15.29,64.8
-27.169444,29.233889,22-11-2011,162.0,70.5,3.5,3.6000001,28.599998,13.41,67.3
-26.970278,27.211111,22-11-2011,181.3,53.1,2.7,3.2,31.05,15.639999,50.8
-26.880278,26.965,22-11-2011,182.1,50.0,2.5,3.0,31.41,15.87,47.8
-31.394444,20.947222,22-11-2011,234.0,6.9,0.30000000000000004,0.0,34.52,16.84,6.6
-29.651389,22.746389,22-11-2011,230.6,21.6,1.1,0.0,36.86,19.59,20.6
-27.495556,26.074722,22-11-2011,200.7,43.800000000000004,2.2,2.6000001,32.829998,16.029999,41.9
-23.658056,31.05,23-11-2011,173.0,58.300000000000004,2.9000000000000004,1.2,33.76,20.65,55.4
-28.747778,31.745833,23-11-2011,160.90001,124.2,6.2,5.8,31.82,20.77,118.6
-28.801278,31.955389,23-11-2011,161.2,111.0,5.6000000000000005,9.400001,31.48,20.939999,107.1
-30.398056,30.601944,23-11-2011,148.3,58.2,2.9000000000000004,26.800001,29.439999,21.31,77.5
-30.27402,30.69602,23-11-2011,148.0,59.7,3.0,22.300001,29.38,21.119999,68.6
-28.69485,28.23487,23-11-2011,165.0,72.60000000000001,3.6,2.8,28.76,13.599999,69.3
-30.568333,29.422778,23-11-2011,146.90001,58.800000000000004,2.9000000000000004,7.4,27.689999,13.95,56.9
-30.13573889,30.67422222,24-11-2011,148.7,72.9,3.6,11.1,29.699999,21.119999,71.3
-27.573056,24.746389,24-11-2011,215.5,46.1,2.3000000000000003,0.4,35.42,17.34,43.8
-31.031389,28.883333,24-11-2011,150.7,52.5,2.6,6.2000003,28.65,16.4,50.7
-30.86013889,29.07125,24-11-2011,153.2,52.5,2.6,6.1,29.109999,16.94,50.8
-30.77586667,29.03221667,24-11-2011,154.1,55.0,2.8000000000000003,5.8,29.039999,16.55,53.100002
-27.902778,24.615556,25-11-2011,221.90001,46.300000000000004,2.3000000000000003,0.3,36.03,17.77,44.0
-29.803611,30.516111,25-11-2011,143.8,96.9,4.800000000000001,9.8,28.98,17.949999,93.4
-25.99136,27.84208,28-11-2011,173.1,73.3,3.7,4.4,30.16,16.039999,70.1
-30.398056,30.601944,28-11-2011,148.3,58.2,2.9000000000000004,26.800001,29.439999,21.31,77.5
-30.27402,30.69602,28-11-2011,148.0,59.7,3.0,22.300001,29.38,21.119999,68.6
-27.169444,29.233889,28-11-2011,162.0,70.5,3.5,3.6000001,28.599998,13.41,67.3
-26.861111,28.884722,28-11-2011,164.90001,69.8,3.5,4.7000003,28.96,13.759999,66.8
-26.73806,27.59194,28-11-2011,174.5,59.300000000000004,3.0,3.7,30.199999,15.29,56.7
-29.160278,26.573333,28-11-2011,200.0,55.6,2.8000000000000003,2.2,33.16,15.32,53.100002
-28.735556,29.820556,29-11-2011,164.1,91.7,4.6000000000000005,3.0,31.519999,16.41,87.3
-30.679722,26.7125,29-11-2011,195.0,43.7,2.2,1.9,32.96,14.92,41.7
-28.69485,28.23487,29-11-2011,165.0,72.60000000000001,3.6,2.8,28.76,13.599999,69.3
-29.615556,27.065278,29-11-2011,188.5,64.4,3.2,2.3,31.75,14.86,61.5
-28.883333,27.89,29-11-2011,170.6,73.7,3.7,3.0,29.869999,14.219999,70.4
-25.45963889,28.26430556,29-11-2011,177.0,70.0,3.5,4.7000003,31.91,17.05,67.0
-25.81048333,27.90955222,30-11-2011,176.0,72.10000000000001,3.6,4.6,31.07,17.01,69.0
-29.641944,30.6875,30-11-2011,148.0,123.5,6.2,9.2,30.06,19.51,118.5
-27.602222,29.942778,30-11-2011,167.3,90.5,4.5,3.8,29.97,15.089999,86.3
-27.02314,28.59389,30-11-2011,168.3,66.10000000000001,3.3000000000000003,4.4,29.64,14.24,63.2
-27.273889,28.49,30-11-2011,168.40001,65.5,3.3000000000000003,4.0,29.609999,14.24,62.600002
-27.4275,28.525833,30-11-2011,167.7,65.7,3.3000000000000003,3.5,29.519999,13.969999,62.8
-27.3,28.586944,30-11-2011,168.1,66.3,3.3000000000000003,3.8,29.55,14.099999,63.4
-30.160091,27.40124,30-11-2011,181.7,61.5,3.1,3.2,31.189999,14.969999,58.9
-30.336111,27.359444,30-11-2011,182.7,58.5,2.9000000000000004,3.4,31.13,14.58,56.0
-25.447222,30.711667,30-11-2011,160.3,94.9,4.7,14.3,30.14,17.51,91.6
-30.830556,26.921389,01-12-2011,190.3,44.1,2.2,2.4,31.8,14.36,42.100002
-27.398611,26.614722,01-12-2011,195.8,46.800000000000004,2.3000000000000003,2.3,32.61,16.47,44.7
-31.000833,26.353056,01-12-2011,196.2,38.900000000000006,1.9000000000000001,1.8000001,31.48,13.88,37.100002
-29.658056,25.973333,02-12-2011,201.6,45.6,2.3000000000000003,1.9,33.12,15.2,43.5
-28.760833,17.730278,03-12-2011,249.8,0.4,0.0,0.0,37.14,21.439999,0.4
-28.96362,19.15486,03-12-2011,263.0,2.4000000000000004,0.1,0.0,38.61,20.02,2.3
-24.679167,30.8025,06-12-2011,151.40001,121.60000000000001,6.1000000000000005,14.6,27.76,15.78,117.6
-24.183889,30.823889,06-12-2011,170.0,71.7,3.6,6.4,33.38,20.47,68.6
-25.127778,27.628889,06-12-2011,187.5,56.5,2.8000000000000003,5.6,33.51,18.449999,54.2
-25.20639,27.558,06-12-2011,185.90001,55.7,2.8000000000000003,5.9,33.239998,18.26,53.4
-24.69514,27.40906,06-12-2011,187.7,54.800000000000004,2.7,6.4,33.57,19.47,52.600002
-24.39619444,27.08983333,09-04-2014,175.2,163.4,8.200000000000001,1.9,32.489998,19.67,155.3
-29.380556,30.2775,06-12-2011,144.1,87.4,4.4,8.0,27.92,15.0199995,84.0
-27.671111,27.236944,06-12-2011,188.3,52.400000000000006,2.6,2.4,31.789999,15.45,50.0
-29.658056,25.973333,06-12-2011,201.6,45.6,2.3000000000000003,1.9,33.12,15.2,43.5
-33.501667,21.624167,06-12-2011,193.40001,12.4,0.6000000000000001,0.1,30.84,14.75,11.8
-29.161667,23.696389,07-12-2011,226.6,33.1,1.7000000000000002,0.1,36.809998,17.97,31.4
-27.01011111,26.69808333,07-12-2011,189.3,46.800000000000004,2.3000000000000003,2.0,32.01,16.199999,44.600002
-29.641944,30.6875,07-12-2011,148.0,123.5,6.2,9.2,30.06,19.51,118.5
-24.282222,28.090278,07-12-2011,170.3,75.10000000000001,3.8000000000000003,6.0,31.59,17.359999,71.9
-24.058889,31.237222,07-12-2011,171.8,68.9,3.4000000000000004,1.3000001,33.489998,20.5,65.5
-26.45,28.085833,07-12-2011,170.6,65.2,3.3000000000000003,4.1,29.74,14.88,62.4
-26.98472222,26.63227778,07-12-2011,188.5,47.300000000000004,2.4000000000000004,2.3,32.17,16.449999,45.100002
-27.398611,26.614722,07-12-2011,195.8,46.800000000000004,2.3000000000000003,2.3,32.61,16.47,44.7
-28.69485,28.23487,07-12-2011,165.0,72.60000000000001,3.6,2.8,28.76,13.599999,69.3
-29.1825,23.575556,07-12-2011,226.2,31.5,1.6,0.1,36.76,18.18,29.9
-27.4,26.624722,07-12-2011,195.8,46.800000000000004,2.3000000000000003,2.3,32.61,16.47,44.7
-27.00222,28.76528,08-12-2011,166.1,67.3,3.4000000000000004,4.5,29.289999,13.94,64.4
-26.648056,27.089444,08-12-2011,179.7,51.400000000000006,2.6,3.1000001,30.83,15.46,49.100002
-26.970278,27.211111,08-12-2011,181.3,53.1,2.7,3.2,31.05,15.639999,50.8
-26.880278,26.965,08-12-2011,182.1,50.0,2.5,3.0,31.41,15.87,47.8
-27.902778,24.615556,09-12-2011,221.90001,46.300000000000004,2.3000000000000003,0.3,36.03,17.77,44.0
-28.768056,20.720556,09-12-2011,262.5,12.3,0.6000000000000001,0.0,37.969997,19.98,11.7
-27.01011111,26.69808333,12-12-2011,189.3,46.800000000000004,2.3000000000000003,2.0,32.01,16.199999,44.600002
-25.99136,27.84208,12-12-2011,173.1,73.3,3.7,4.4,30.16,16.039999,70.1
-24.058889,31.237222,12-12-2011,171.8,68.9,3.4000000000000004,1.3000001,33.489998,20.5,65.5
-29.380556,30.2775,12-12-2011,144.1,87.4,4.4,8.0,27.92,15.0199995,84.0
-26.861111,28.884722,12-12-2011,164.90001,69.8,3.5,4.7000003,28.96,13.759999,66.8
-26.73806,27.59194,12-12-2011,174.5,59.300000000000004,3.0,3.7,30.199999,15.29,56.7
-26.45,28.085833,12-12-2011,170.6,65.2,3.3000000000000003,4.1,29.74,14.88,62.4
-26.98472222,26.63227778,12-12-2011,188.5,47.300000000000004,2.4000000000000004,2.3,32.17,16.449999,45.100002
-24.925278,29.324444,13-12-2011,177.1,57.5,2.9000000000000004,3.6000001,33.04,18.31,55.0
-27.169444,29.233889,13-12-2011,162.0,70.5,3.5,3.6000001,28.599998,13.41,67.3
-26.648056,27.089444,13-12-2011,179.7,51.400000000000006,2.6,3.1000001,30.83,15.46,49.100002
-26.970278,27.211111,13-12-2011,181.3,53.1,2.7,3.2,31.05,15.639999,50.8
-26.880278,26.965,13-12-2011,182.1,50.0,2.5,3.0,31.41,15.87,47.8
-29.615556,27.065278,13-12-2011,188.5,64.4,3.2,2.3,31.75,14.86,61.5
-31.396,29.2651,13-12-2011,149.90001,49.2,2.5,14.8,29.22,19.869999,55.9
-33.38056,19.30167,13-12-2011,206.7,5.300000000000001,0.30000000000000004,7.0,30.51,14.86,6.2000003
-33.31388889,19.07472222,13-12-2011,216.90001,4.1000000000000005,0.2,8.8,32.809998,17.43,5.3
-29.161667,23.696389,14-12-2011,226.6,33.1,1.7000000000000002,0.1,36.809998,17.97,31.4
-25.81048333,27.90955222,14-12-2011,176.0,72.10000000000001,3.6,4.6,31.07,17.01,69.0
-27.937778,31.209444,14-12-2011,161.7,80.9,4.0,2.8,30.64,17.89,76.9
-28.141944,26.417778,14-12-2011,196.40001,51.1,2.6,2.3,32.64,16.09,48.8
-28.1175,26.719444,14-12-2011,193.3,52.400000000000006,2.6,2.3,32.5,16.35,50.0
-30.568333,29.422778,14-12-2011,146.90001,58.800000000000004,2.9000000000000004,7.4,27.689999,13.95,56.9
-31.104278,29.399722,14-12-2011,148.3,50.6,2.5,14.8,28.789999,18.49,54.9
-28.058889,30.373611,14-12-2011,160.6,91.10000000000001,4.6000000000000005,3.9,29.38,14.87,86.8
-25.447222,30.711667,14-12-2011,160.3,94.9,4.7,14.3,30.14,17.51,91.6
-27.5275,30.858056,15-12-2011,157.2,98.5,4.9,6.5,29.06,15.92,94.200005
-27.398611,26.614722,15-12-2011,195.8,46.800000000000004,2.3000000000000003,2.3,32.61,16.47,44.7
-27.671111,27.236944,15-12-2011,188.3,52.400000000000006,2.6,2.4,31.789999,15.45,50.0
-31.031389,28.883333,15-12-2011,150.7,52.5,2.6,6.2000003,28.65,16.4,50.7
-30.86013889,29.07125,15-12-2011,153.2,52.5,2.6,6.1,29.109999,16.94,50.8
-32.502778,19.535833,19-12-2011,229.8,2.2,0.1,1.2,34.87,17.039999,2.2
-29.161667,23.696389,20-12-2011,226.6,33.1,1.7000000000000002,0.1,36.809998,17.97,31.4
-29.160278,26.573333,20-12-2011,200.0,55.6,2.8000000000000003,2.2,33.16,15.32,53.100002
-32.595833,19.009444,20-12-2011,231.3,2.3000000000000003,0.1,5.5,34.62,17.34,2.8
-33.13083,18.86278,20-12-2011,210.1,3.4000000000000004,0.2,6.7000003,33.37,18.369999,4.1
-28.69485,28.23487,21-12-2011,165.0,72.60000000000001,3.6,2.8,28.76,13.599999,69.3
-28.883333,27.89,21-12-2011,170.6,73.7,3.7,3.0,29.869999,14.219999,70.4
-29.1825,23.575556,21-12-2011,226.2,31.5,1.6,0.1,36.76,18.18,29.9
-33.7075,18.97444444,21-12-2011,212.8,5.2,0.30000000000000004,10.0,32.05,18.16,6.7000003
-27.573056,24.746389,22-12-2011,215.5,46.1,2.3000000000000003,0.4,35.42,17.34,43.8
-30.160091,27.40124,22-12-2011,181.7,61.5,3.1,3.2,31.189999,14.969999,58.9
-30.336111,27.359444,22-12-2011,182.7,58.5,2.9000000000000004,3.4,31.13,14.58,56.0
-30.830556,26.921389,23-12-2011,190.3,44.1,2.2,2.4,31.8,14.36,42.100002
-29.658056,25.973333,23-12-2011,201.6,45.6,2.3000000000000003,1.9,33.12,15.2,43.5
-31.000833,26.353056,23-12-2011,196.2,38.900000000000006,1.9000000000000001,1.8000001,31.48,13.88,37.100002
-25.362222,31.956667,26-12-2011,156.6,87.30000000000001,4.4,10.6,32.44,19.26,83.8
-25.14944444,31.94055556,26-12-2011,159.7,84.7,4.2,8.900001,32.6,19.63,81.200005
-28.735556,29.820556,27-12-2011,164.1,91.7,4.6000000000000005,3.0,31.519999,16.41,87.3
-29.641944,30.6875,28-12-2011,148.0,123.5,6.2,9.2,30.06,19.51,118.5
-29.758889,30.935278,28-12-2011,146.8,132.4,6.6000000000000005,8.900001,29.67,20.76,126.9
-27.602222,29.942778,29-12-2011,167.3,90.5,4.5,3.8,29.97,15.089999,86.3
-30.398056,30.601944,29-12-2011,148.3,58.2,2.9000000000000004,26.800001,29.439999,21.31,77.5
-30.27402,30.69602,29-12-2011,148.0,59.7,3.0,22.300001,29.38,21.119999,68.6
-28.760833,17.730278,03-01-2012,203.3,12.600000000000001,0.6000000000000001,0.0,36.41,21.55,12.0
-25.99136,27.84208,03-01-2012,142.1,64.8,3.2,3.7,29.05,12.88,61.8
-26.861111,28.884722,03-01-2012,138.2,57.400000000000006,2.9000000000000004,4.0,27.869999,11.099999,54.9
-26.73806,27.59194,03-01-2012,142.5,50.1,2.5,3.1000001,28.599998,12.21,47.9
-26.45,28.085833,03-01-2012,141.2,60.300000000000004,3.0,3.5,28.289999,11.969999,57.5
-27.671111,27.236944,03-01-2012,145.5,39.800000000000004,2.0,2.0,29.41,12.84,38.0
-27.01011111,26.69808333,04-01-2012,116.1,10.200000000000001,0.5,1.7,25.42,7.99,9.8
-25.127778,27.628889,04-01-2012,121.3,4.3,0.2,4.5,28.699999,10.559999,4.4
-25.20639,27.558,04-01-2012,119.5,4.800000000000001,0.2,4.7000003,28.519999,10.49,4.9
-24.69514,27.40906,04-01-2012,128.8,4.0,0.2,5.2000003,29.31,11.45,4.1
-27.169444,29.233889,04-01-2012,101.700005,6.0,0.30000000000000004,2.9,23.4,5.3199997,5.9
-26.880278,26.965,04-01-2012,110.9,9.700000000000001,0.5,2.4,25.24,7.81,9.400001
-26.98472222,26.63227778,04-01-2012,115.8,10.3,0.5,1.8000001,25.59,8.179999,10.0
-27.398611,26.614722,04-01-2012,118.6,12.100000000000001,0.6000000000000001,1.8000001,25.98,8.0199995,11.7
-25.45963889,28.26430556,04-01-2012,117.6,4.6000000000000005,0.2,3.7,27.9,9.78,4.7000003
-27.495556,26.074722,04-01-2012,117.8,14.700000000000001,0.7000000000000001,2.0,25.869999,7.5299997,14.1
-27.4,26.624722,04-01-2012,118.6,12.100000000000001,0.6000000000000001,1.8000001,25.98,8.0199995,11.7
-25.81048333,27.90955222,05-01-2012,88.200005,0.0,0.0,3.3,24.93,5.77,0.3
-29.161667,30.629722,05-01-2012,67.700005,1.0,0.1,5.1,22.369999,7.8399997,1.4
-27.00222,28.76528,05-01-2012,80.3,0.2,0.0,3.2,22.46,1.87,0.4
-27.02314,28.59389,05-01-2012,81.5,0.2,0.0,3.2,23.119999,2.4199998,0.4
-26.648056,27.089444,05-01-2012,87.1,0.1,0.0,2.3,23.789999,4.04,0.2
-26.970278,27.211111,05-01-2012,85.9,0.1,0.0,2.3,23.81,4.15,0.3
-27.273889,28.49,05-01-2012,80.4,0.2,0.0,2.8,22.49,1.6999999,0.4
-27.4275,28.525833,05-01-2012,79.200005,0.2,0.0,2.5,22.189999,1.53,0.4
-27.3,28.586944,05-01-2012,79.5,0.2,0.0,2.7,22.41,1.64,0.4
-28.376944,24.303056,05-01-2012,88.200005,0.9,0.0,0.3,24.9,5.68,0.90000004
-29.744167,29.905833,06-01-2012,61.4,33.9,1.7000000000000002,5.3,20.439999,3.3899999,32.600002
-29.7775,29.470833,09-01-2012,107.5,27.6,1.4000000000000001,4.7000003,22.76,5.49,26.800001
-29.987778,29.851667,09-01-2012,105.9,34.6,1.7000000000000002,6.6,23.26,6.8399997,33.5
-29.744167,29.905833,09-01-2012,105.5,32.300000000000004,1.6,4.4,23.74,7.19,30.9
-26.970278,27.211111,09-01-2012,146.6,25.3,1.3,1.8000001,25.189999,6.3399997,24.1
-30.733889,29.828333,10-01-2012,107.4,148.70000000000002,7.4,41.3,23.71,12.099999,107.4
-26.880278,26.965,10-01-2012,180.0,46.900000000000006,2.3000000000000003,1.7,28.68,11.24,44.7
-26.98472222,26.63227778,10-01-2012,185.0,45.6,2.3000000000000003,1.3000001,29.08,11.559999,43.4
-33.501667,21.624167,10-01-2012,127.0,40.800000000000004,2.0,0.1,22.6,8.4,38.7
-30.27402,30.69602,11-01-2012,122.1,25.700000000000003,1.3,29.5,26.109999,17.44,75.1
-33.818056,19.694722,11-01-2012,177.0,12.0,0.6000000000000001,7.8,27.81,13.25,13.6
-30.13573889,30.67422222,12-01-2012,132.0,189.0,9.4,75.700005,26.949999,19.81,132.0
-34.075556,20.145556,12-01-2012,183.0,11.100000000000001,0.6000000000000001,6.0,30.0,16.57,11.6
-29.803611,30.516111,13-01-2012,128.90001,240.3,33.1,83.8,26.26,16.67,128.90001
-24.670833,28.560833,16-01-2012,167.7,130.0,6.5,3.0,30.91,15.599999,123.6
-26.73806,27.59194,16-01-2012,161.40001,147.0,7.300000000000001,1.8000001,27.859999,14.559999,139.7
-26.45,28.085833,16-01-2012,155.90001,141.4,7.1000000000000005,2.1000001,27.42,13.79,134.40001
-27.044444,27.005,16-01-2012,170.3,141.70000000000002,7.1000000000000005,1.5,28.849998,15.339999,134.7
-31.396,29.2651,16-01-2012,131.90001,118.9,5.9,12.6,26.46,18.4,118.6
-31.554722,29.245556,16-01-2012,122.9,121.7,6.1000000000000005,16.4,25.25,17.35,117.9
-25.73411,27.21422,29-03-2011,164.0,114.0,5.7,4.9,28.75,15.25,108.9
-27.01011111,26.69808333,17-01-2012,175.6,139.5,7.0,1.1,28.98,15.53,132.5
-25.81048333,27.90955222,17-01-2012,163.5,141.8,7.1000000000000005,2.2,29.289999,15.74,134.8
-24.679167,30.8025,17-01-2012,144.5,184.60000000000002,9.200000000000001,64.8,27.609999,14.559999,144.5
-24.183889,30.823889,17-01-2012,154.2,111.0,5.6000000000000005,3.5,32.62,18.609999,105.6
-24.282222,28.090278,17-01-2012,168.7,111.2,5.6000000000000005,3.1000001,30.9,16.1,105.8
-25.99136,27.84208,17-01-2012,158.8,147.70000000000002,7.4,2.1000001,28.119999,14.75,140.40001
-25.20639,27.558,17-01-2012,177.0,124.5,6.2,3.0,31.91,17.21,118.5
-27.169444,29.233889,17-01-2012,145.40001,142.6,7.1000000000000005,1.9,26.349998,12.58,135.6
-27.00222,28.76528,17-01-2012,150.40001,143.5,7.2,2.2,26.96,13.04,136.40001
-26.648056,27.089444,17-01-2012,165.40001,144.3,7.2,1.6,28.46,14.83,137.2
-26.880278,26.965,17-01-2012,168.40001,142.70000000000002,7.1000000000000005,1.5,28.869999,15.36,135.6
-25.73411,27.21422,12-02-2013,156.2,175.9,8.8,12.3,27.96,15.21,156.2
-27.38972222,26.46388889,17-01-2012,184.3,132.4,6.6000000000000005,1.2,29.71,15.66,125.9
-29.042222,24.6,17-01-2012,203.3,91.10000000000001,4.6000000000000005,0.1,32.07,15.88,86.6
-30.679722,26.7125,17-01-2012,170.8,100.9,5.0,1.0,29.279999,13.469999,95.9
-30.160091,27.40124,17-01-2012,163.2,146.1,7.300000000000001,1.5,27.74,13.809999,138.90001
-31.104278,29.399722,17-01-2012,130.3,132.9,6.6000000000000005,18.7,26.14,17.06,127.4
-32.502778,19.535833,17-01-2012,223.40001,17.8,0.9,0.7,32.84,15.969999,16.9
-29.161667,23.696389,18-01-2012,204.3,74.60000000000001,3.7,0.1,33.17,16.65,70.9
-22.935,28.004167,18-01-2012,185.90001,59.1,3.0,0.3,34.11,18.64,56.2
-30.830556,26.921389,18-01-2012,167.0,100.9,5.0,1.2,28.529999,12.969999,95.9
-23.23572222,27.717,18-01-2012,185.8,62.0,3.1,0.4,34.02,18.93,58.9
-25.127778,27.628889,18-01-2012,176.6,122.4,6.1000000000000005,2.9,32.02,17.26,116.4
-24.69514,27.40906,18-01-2012,185.0,115.5,5.800000000000001,3.5,32.829998,18.289999,109.9
-27.4275,28.525833,18-01-2012,150.40001,165.0,8.200000000000001,8.1,26.699999,12.91,150.40001
-25.73411,27.21422,11-02-2014,165.7,168.5,8.4,3.8,29.05,15.4,160.40001
-28.141944,26.417778,18-01-2012,184.3,133.4,6.7,1.1,29.57,15.179999,126.8
-25.73411,27.21422,13-03-2014,165.7,168.5,8.4,3.8,29.05,15.4,160.40001
-27.671111,27.236944,18-01-2012,172.1,145.70000000000002,7.300000000000001,1.2,28.949999,15.0,138.5
-25.73411,27.21422,04-06-2014,165.7,168.5,8.4,3.8,29.05,15.4,160.40001
-25.73411,27.21422,09-07-2014,172.5,58.5,2.9000000000000004,3.5,30.179998,15.71,55.9
-30.336111,27.359444,18-01-2012,164.1,137.1,6.9,1.5,27.81,13.349999,130.3
-32.595833,19.009444,18-01-2012,213.8,19.700000000000003,1.0,5.1,33.0,16.38,19.2
-25.73411,27.21422,02-09-2014,172.5,58.5,2.9000000000000004,3.5,30.179998,15.71,55.9
-25.45963889,28.26430556,18-01-2012,167.0,126.9,6.300000000000001,2.4,30.599998,15.849999,120.700005
-27.356667,27.286389,18-01-2012,171.7,141.4,7.1000000000000005,1.4,28.66,15.08,134.40001
-22.548889,28.898056,19-01-2012,183.90001,57.5,2.9000000000000004,0.1,33.809998,17.98,54.600002
-22.91028,29.61111,19-01-2012,167.40001,80.4,4.0,0.90000004,32.03,17.65,76.4
-27.398611,26.614722,19-01-2012,182.6,134.0,6.7,1.2,29.529999,15.679999,127.4
-30.679722,26.7125,19-01-2012,170.8,100.9,5.0,1.0,29.279999,13.469999,95.9
-27.356667,27.286389,19-01-2012,171.7,141.4,7.1000000000000005,1.4,28.66,15.08,134.40001
-23.658056,31.05,20-01-2012,158.7,79.30000000000001,4.0,1.0,33.5,19.32,75.4
-30.27402,30.69602,20-01-2012,130.7,173.8,8.700000000000001,63.9,26.59,19.869999,130.7
-27.671111,27.236944,20-01-2012,172.1,145.70000000000002,7.300000000000001,1.2,28.949999,15.0,138.5
-27.573056,24.746389,20-01-2012,207.0,113.4,5.7,0.4,32.09,16.56,107.700005
-27.902778,24.615556,20-01-2012,204.3,108.30000000000001,5.4,0.3,32.39,16.789999,102.9
-28.760833,17.730278,22-01-2012,239.2,4.4,0.2,0.0,36.239998,21.74,4.1
-27.044444,27.005,23-01-2012,170.3,141.70000000000002,7.1000000000000005,1.5,28.849998,15.339999,134.7
-29.161667,23.696389,24-01-2012,204.3,74.60000000000001,3.7,0.1,33.17,16.65,70.9
-27.01011111,26.69808333,24-01-2012,175.6,139.5,7.0,1.1,28.98,15.53,132.5
-26.880278,26.965,24-01-2012,168.40001,142.70000000000002,7.1000000000000005,1.5,28.869999,15.36,135.6
-27.273889,28.49,24-01-2012,151.8,156.4,7.800000000000001,1.9,26.849998,13.09,148.7
-27.4275,28.525833,24-01-2012,150.40001,165.0,8.200000000000001,8.1,26.699999,12.91,150.40001
-25.73411,27.21422,24-06-2015,194.2,47.300000000000004,2.4000000000000004,1.9,32.07,16.109999,45.0
-25.73411,27.21422,07-07-2015,194.2,47.300000000000004,2.4000000000000004,1.9,32.07,16.109999,45.0
-27.3,28.586944,24-01-2012,150.5,156.9,7.800000000000001,1.8000001,26.849998,12.98,149.1
-31.031389,28.883333,24-01-2012,135.2,140.6,7.0,4.4,26.029999,15.08,133.7
-30.86013889,29.07125,24-01-2012,135.8,144.20000000000002,7.2,4.6,26.359999,15.589999,135.8
-33.31388889,19.07472222,24-01-2012,206.90001,18.2,0.9,12.8,31.349998,16.74,20.800001
-25.45963889,28.26430556,24-01-2012,167.0,126.9,6.300000000000001,2.4,30.599998,15.849999,120.700005
-29.161667,23.696389,25-01-2012,204.3,74.60000000000001,3.7,0.1,33.17,16.65,70.9
-29.042222,24.6,25-01-2012,203.3,91.10000000000001,4.6000000000000005,0.1,32.07,15.88,86.6
-29.028629,24.638389,25-01-2012,203.0,93.10000000000001,4.7,0.1,32.01,15.82,88.4
-30.568333,29.422778,25-01-2012,132.2,158.10000000000002,7.9,21.5,24.92,12.809999,132.2
-33.38056,19.30167,25-01-2012,193.8,18.5,0.9,9.1,28.68,14.16,19.800001
-33.13083,18.86278,25-01-2012,209.40001,17.5,0.9,10.3,31.89,17.529999,18.9
-29.758889,30.935278,26-01-2012,130.0,208.9,28.5,79.700005,26.859999,19.49,130.0
-29.161667,30.629722,26-01-2012,132.0,218.9,42.300000000000004,70.6,25.73,14.86,132.0
-34.031944,22.053333,26-01-2012,148.5,13.3,0.7000000000000001,5.1,26.3,15.9,13.3
-34.039722,22.133333,26-01-2012,146.6,13.4,0.7000000000000001,5.7000003,26.119999,16.22,13.5
-34.02861,22.22222,26-01-2012,143.1,14.200000000000001,0.7000000000000001,6.3,25.66,15.96,14.5
-30.398056,30.601944,27-01-2012,131.0,162.70000000000002,8.1,53.4,26.66,20.0,131.0
-30.27402,30.69602,27-01-2012,130.7,173.8,8.700000000000001,63.9,26.59,19.869999,130.7
-25.447222,30.711667,27-01-2012,145.0,154.5,7.7,38.9,28.89,16.0,145.0
-29.641944,30.6875,28-01-2012,133.90001,241.4,31.1,84.200005,27.26,18.33,133.90001
-29.380556,30.2775,28-01-2012,128.5,219.8,29.400000000000002,77.4,25.26,14.0,128.5
-25.127778,27.628889,30-01-2012,176.6,122.4,6.1000000000000005,2.9,32.02,17.26,116.4
-25.20639,27.558,30-01-2012,177.0,124.5,6.2,3.0,31.91,17.21,118.5
-24.69514,27.40906,30-01-2012,185.0,115.5,5.800000000000001,3.5,32.829998,18.289999,109.9
-27.169444,29.233889,30-01-2012,145.40001,142.6,7.1000000000000005,1.9,26.349998,12.58,135.6
-26.861111,28.884722,30-01-2012,151.0,134.5,6.7,2.3,26.9,12.91,127.9
-26.970278,27.211111,30-01-2012,166.2,144.9,7.2,1.6,28.49,15.059999,137.7
-26.73806,27.59194,30-01-2012,161.40001,147.0,7.300000000000001,1.8000001,27.859999,14.559999,139.7
-26.45,28.085833,30-01-2012,155.90001,141.4,7.1000000000000005,2.1000001,27.42,13.79,134.40001
-27.00222,28.76528,31-01-2012,150.40001,143.5,7.2,2.2,26.96,13.04,136.40001
-27.273889,28.49,31-01-2012,151.8,156.4,7.800000000000001,1.9,26.849998,13.09,148.7
-26.98472222,26.63227778,31-01-2012,174.1,140.20000000000002,7.0,1.2,29.09,15.62,133.3
-29.160278,26.573333,31-01-2012,181.7,134.9,6.7,1.1,29.13,14.349999,128.2
-33.818056,19.694722,31-01-2012,199.7,11.9,0.6000000000000001,6.4,30.429998,15.95,12.7
-27.3,28.586944,01-02-2012,150.5,156.9,7.800000000000001,1.8000001,26.849998,12.98,149.1
-28.69485,28.23487,01-02-2012,148.40001,191.20000000000002,16.7,27.4,25.47,12.88,148.40001
-29.615556,27.065278,01-02-2012,169.8,154.3,7.7,1.1,28.09,13.75,146.6
-28.883333,27.89,01-02-2012,152.8,193.20000000000002,12.3,29.6,26.17,13.44,152.8
-34.075556,20.145556,01-02-2012,183.0,11.100000000000001,0.6000000000000001,6.0,30.0,16.57,11.6
-24.925278,29.324444,02-02-2012,168.0,114.9,5.7,1.8000001,32.25,16.9,109.200005
-30.336111,27.359444,02-02-2012,164.1,137.1,6.9,1.5,27.81,13.349999,130.3
-27.573056,24.746389,03-02-2012,207.0,113.4,5.7,0.4,32.09,16.56,107.700005
-27.902778,24.615556,03-02-2012,204.3,108.30000000000001,5.4,0.3,32.39,16.789999,102.9
-29.658056,25.973333,03-02-2012,179.1,102.10000000000001,5.1000000000000005,0.90000004,28.939999,14.219999,97.1
-31.000833,26.353056,03-02-2012,167.3,76.0,3.8000000000000003,0.8,28.31,12.28,72.3
-30.679722,26.7125,03-02-2012,170.8,100.9,5.0,1.0,29.279999,13.469999,95.9
-28.760833,17.730278,05-02-2012,239.2,4.4,0.2,0.0,36.239998,21.74,4.1
-25.99136,27.84208,06-02-2012,158.8,147.70000000000002,7.4,2.1000001,28.119999,14.75,140.40001
-29.987778,29.851667,06-02-2012,129.90001,219.5,11.600000000000001,84.1,25.56,14.2,129.90001
-26.45,28.085833,06-02-2012,155.90001,141.4,7.1000000000000005,2.1000001,27.42,13.79,134.40001
-27.398611,26.614722,06-02-2012,182.6,134.0,6.7,1.2,29.529999,15.679999,127.4
-27.671111,27.236944,06-02-2012,172.1,145.70000000000002,7.300000000000001,1.2,28.949999,15.0,138.5
-29.042222,24.6,06-02-2012,203.3,91.10000000000001,4.6000000000000005,0.1,32.07,15.88,86.6
-27.356667,27.286389,06-02-2012,171.7,141.4,7.1000000000000005,1.4,28.66,15.08,134.40001
-27.01011111,26.69808333,07-02-2012,175.6,139.5,7.0,1.1,28.98,15.53,132.5
-30.830556,26.921389,07-02-2012,167.0,100.9,5.0,1.2,28.529999,12.969999,95.9
-30.733889,29.828333,07-02-2012,127.4,161.20000000000002,8.1,48.5,25.68,16.35,127.4
-29.380556,30.2775,07-02-2012,128.5,219.8,29.400000000000002,77.4,25.26,14.0,128.5
-26.98472222,26.63227778,07-02-2012,174.1,140.20000000000002,7.0,1.2,29.09,15.62,133.3
-25.45963889,28.26430556,07-02-2012,167.0,126.9,6.300000000000001,2.4,30.599998,15.849999,120.700005
-25.57877778,29.12747222,07-02-2012,161.7,125.9,6.300000000000001,2.2,30.109999,14.809999,119.700005
-27.4,26.624722,07-02-2012,182.6,134.0,6.7,1.2,29.529999,15.679999,127.4
-25.81048333,27.90955222,08-02-2012,163.5,141.8,7.1000000000000005,2.2,29.289999,15.74,134.8
-27.937778,31.209444,08-02-2012,145.2,150.70000000000002,7.5,28.2,28.72,17.16,143.8
-30.398056,30.601944,08-02-2012,131.0,162.70000000000002,8.1,53.4,26.66,20.0,131.0
-30.27402,30.69602,08-02-2012,130.7,173.8,8.700000000000001,63.9,26.59,19.869999,130.7
-27.00222,28.76528,08-02-2012,150.40001,143.5,7.2,2.2,26.96,13.04,136.40001
-27.02314,28.59389,08-02-2012,152.0,145.9,7.300000000000001,2.2,27.15,13.17,138.7
-26.648056,27.089444,08-02-2012,165.40001,144.3,7.2,1.6,28.46,14.83,137.2
-26.970278,27.211111,08-02-2012,166.2,144.9,7.2,1.6,28.49,15.059999,137.7
-26.880278,26.965,08-02-2012,168.40001,142.70000000000002,7.1000000000000005,1.5,28.869999,15.36,135.6
-27.273889,28.49,08-02-2012,151.8,156.4,7.800000000000001,1.9,26.849998,13.09,148.7
-27.4275,28.525833,08-02-2012,150.40001,165.0,8.200000000000001,8.1,26.699999,12.91,150.40001
-27.3,28.586944,08-02-2012,150.5,156.9,7.800000000000001,1.8000001,26.849998,12.98,149.1
-27.044444,27.005,08-02-2012,170.3,141.70000000000002,7.1000000000000005,1.5,28.849998,15.339999,134.7
-29.028629,24.638389,08-02-2012,203.0,93.10000000000001,4.7,0.1,32.01,15.82,88.4
-34.329722,18.990278,08-02-2012,163.0,7.2,0.4,23.4,25.1,15.71,16.7
-27.5275,30.858056,09-02-2012,139.7,188.20000000000002,9.4,72.8,27.34,15.25,139.7
-30.13573889,30.67422222,09-02-2012,132.0,189.0,9.4,75.700005,26.949999,19.81,132.0
-29.803611,30.516111,10-02-2012,128.90001,240.3,33.1,83.8,26.26,16.67,128.90001
-28.44555556,32.325,12-02-2012,142.2,135.5,6.800000000000001,23.4,28.609999,20.039999,132.90001
-29.161667,30.629722,12-02-2012,132.0,218.9,42.300000000000004,70.6,25.73,14.86,132.0
-26.73806,27.59194,13-02-2012,161.40001,147.0,7.300000000000001,1.8000001,27.859999,14.559999,139.7
-31.396,29.2651,13-02-2012,131.90001,118.9,5.9,12.6,26.46,18.4,118.6
-31.554722,29.245556,13-02-2012,122.9,121.7,6.1000000000000005,16.4,25.25,17.35,117.9
-25.127778,27.628889,14-02-2012,176.6,122.4,6.1000000000000005,2.9,32.02,17.26,116.4
-25.20639,27.558,14-02-2012,177.0,124.5,6.2,3.0,31.91,17.21,118.5
-27.169444,29.233889,14-02-2012,145.40001,142.6,7.1000000000000005,1.9,26.349998,12.58,135.6
-30.568333,29.422778,14-02-2012,132.2,158.10000000000002,7.9,21.5,24.92,12.809999,132.2
-30.570833,29.150556,14-02-2012,133.40001,164.8,8.200000000000001,26.0,24.73,12.66,133.40001
-31.104278,29.399722,14-02-2012,130.3,132.9,6.6000000000000005,18.7,26.14,17.06,127.4
-32.595833,19.009444,14-02-2012,213.8,19.700000000000003,1.0,5.1,33.0,16.38,19.2
-28.141944,26.417778,15-02-2012,184.3,133.4,6.7,1.1,29.57,15.179999,126.8
-28.1175,26.719444,15-02-2012,179.40001,136.20000000000002,6.800000000000001,1.1,29.26,15.5,129.40001
-31.031389,28.883333,15-02-2012,135.2,140.6,7.0,4.4,26.029999,15.08,133.7
-30.86013889,29.07125,15-02-2012,135.8,144.20000000000002,7.2,4.6,26.359999,15.589999,135.8
-30.77586667,29.03221667,15-02-2012,136.3,151.4,7.6000000000000005,10.2,26.25,15.309999,136.3
-24.69514,27.40906,16-02-2012,185.0,115.5,5.800000000000001,3.5,32.829998,18.289999,109.9
-27.398611,26.614722,16-02-2012,182.6,134.0,6.7,1.2,29.529999,15.679999,127.4
-27.671111,27.236944,16-02-2012,172.1,145.70000000000002,7.300000000000001,1.2,28.949999,15.0,138.5
-28.376944,24.303056,16-02-2012,204.3,102.0,5.1000000000000005,0.3,32.37,16.77,96.9
-29.615556,27.065278,16-02-2012,169.8,154.3,7.7,1.1,28.09,13.75,146.6
-27.356667,27.286389,16-02-2012,171.7,141.4,7.1000000000000005,1.4,28.66,15.08,134.40001
-27.4,26.624722,16-02-2012,182.6,134.0,6.7,1.2,29.529999,15.679999,127.4
-22.43772222,31.07805556,17-02-2012,183.3,84.30000000000001,4.2,0.5,35.43,20.4,80.1
-27.902778,24.615556,17-02-2012,204.3,108.30000000000001,5.4,0.3,32.39,16.789999,102.9
-34.250556,20.9925,17-02-2012,174.5,13.100000000000001,0.7000000000000001,8.8,28.47,16.89,14.0
-28.760833,17.730278,19-02-2012,239.2,4.4,0.2,0.0,36.239998,21.74,4.1
-27.01011111,26.69808333,20-02-2012,175.6,139.5,7.0,1.1,28.98,15.53,132.5
-26.45,28.085833,20-02-2012,155.90001,141.4,7.1000000000000005,2.1000001,27.42,13.79,134.40001
-26.98472222,26.63227778,20-02-2012,174.1,140.20000000000002,7.0,1.2,29.09,15.62,133.3
-33.501667,21.624167,20-02-2012,175.2,15.0,0.7000000000000001,0.1,28.5,13.059999,14.2
-33.31388889,19.07472222,20-02-2012,206.90001,18.2,0.9,12.8,31.349998,16.74,20.800001
-24.679167,30.8025,21-02-2012,144.5,184.60000000000002,9.200000000000001,64.8,27.609999,14.559999,144.5
-30.830556,26.921389,21-02-2012,167.0,100.9,5.0,1.2,28.529999,12.969999,95.9
-24.670833,28.560833,21-02-2012,167.7,130.0,6.5,3.0,30.91,15.599999,123.6
-28.735556,29.820556,21-02-2012,148.3,197.10000000000002,9.9,40.7,28.93,15.74,148.3
-26.648056,27.089444,21-02-2012,165.40001,144.3,7.2,1.6,28.46,14.83,137.2
-26.970278,27.211111,21-02-2012,166.2,144.9,7.2,1.6,28.49,15.059999,137.7
-26.880278,26.965,21-02-2012,168.40001,142.70000000000002,7.1000000000000005,1.5,28.869999,15.36,135.6
-27.044444,27.005,21-02-2012,170.3,141.70000000000002,7.1000000000000005,1.5,28.849998,15.339999,134.7
-25.45963889,28.26430556,21-02-2012,167.0,126.9,6.300000000000001,2.4,30.599998,15.849999,120.700005
-28.068333,31.55,21-02-2012,149.6,137.8,6.9,18.300001,30.9,19.73,136.7
-29.161667,23.696389,22-02-2012,204.3,74.60000000000001,3.7,0.1,33.17,16.65,70.9
-29.641944,30.6875,22-02-2012,133.90001,241.4,31.1,84.200005,27.26,18.33,133.90001
-27.38972222,26.46388889,22-02-2012,184.3,132.4,6.6000000000000005,1.2,29.71,15.66,125.9
-30.679722,26.7125,22-02-2012,170.8,100.9,5.0,1.0,29.279999,13.469999,95.9
-29.1825,23.575556,22-02-2012,208.8,70.2,3.5,0.1,33.18,16.77,66.6
-28.7115,24.07288889,23-02-2012,204.8,90.10000000000001,4.5,0.2,32.719997,16.43,85.6
-27.602222,29.942778,23-02-2012,152.6,171.8,8.6,18.0,28.8,14.46,152.6
-28.75,30.442778,23-02-2012,152.1,182.8,9.1,23.4,29.949999,17.42,152.1
-29.380556,30.2775,23-02-2012,128.5,219.8,29.400000000000002,77.4,25.26,14.0,128.5
-27.398611,26.614722,23-02-2012,182.6,134.0,6.7,1.2,29.529999,15.679999,127.4
-29.758889,30.935278,24-02-2012,130.0,208.9,28.5,79.700005,26.859999,19.49,130.0
-27.573056,24.746389,24-02-2012,207.0,113.4,5.7,0.4,32.09,16.56,107.700005
-34.031944,22.053333,24-02-2012,148.5,13.3,0.7000000000000001,5.1,26.3,15.9,13.3
-34.039722,22.133333,24-02-2012,146.6,13.4,0.7000000000000001,5.7000003,26.119999,16.22,13.5
-30.398056,30.601944,25-02-2012,131.0,162.70000000000002,8.1,53.4,26.66,20.0,131.0
-30.27402,30.69602,25-02-2012,130.7,173.8,8.700000000000001,63.9,26.59,19.869999,130.7
-27.169444,29.233889,27-02-2012,145.40001,142.6,7.1000000000000005,1.9,26.349998,12.58,135.6
-26.861111,28.884722,27-02-2012,151.0,134.5,6.7,2.3,26.9,12.91,127.9
-26.73806,27.59194,27-02-2012,161.40001,147.0,7.300000000000001,1.8000001,27.859999,14.559999,139.7
-25.127778,27.628889,28-02-2012,176.6,122.4,6.1000000000000005,2.9,32.02,17.26,116.4
-25.20639,27.558,28-02-2012,177.0,124.5,6.2,3.0,31.91,17.21,118.5
-24.69514,27.40906,28-02-2012,185.0,115.5,5.800000000000001,3.5,32.829998,18.289999,109.9
-27.00222,28.76528,28-02-2012,150.40001,143.5,7.2,2.2,26.96,13.04,136.40001
-33.818056,19.694722,28-02-2012,199.7,11.9,0.6000000000000001,6.4,30.429998,15.95,12.7
-29.161667,23.696389,29-02-2012,204.3,74.60000000000001,3.7,0.1,33.17,16.65,70.9
-22.769722,30.886944,29-02-2012,169.40001,94.5,4.7,3.2,33.579998,19.23,89.9
-23.281,30.54305556,29-02-2012,162.7,77.60000000000001,3.9000000000000004,3.4,32.52,18.98,73.9
-26.905,32.324722,29-02-2012,149.0,92.0,4.6000000000000005,29.2,32.79,19.56,98.4
-28.69485,28.23487,29-02-2012,148.40001,191.20000000000002,16.7,27.4,25.47,12.88,148.40001
-28.883333,27.89,29-02-2012,152.8,193.20000000000002,12.3,29.6,26.17,13.44,152.8
-34.075556,20.145556,29-02-2012,183.0,11.100000000000001,0.6000000000000001,6.0,30.0,16.57,11.6
-24.925278,29.324444,01-03-2012,168.0,114.9,5.7,1.8000001,32.25,16.9,109.200005
-27.573056,24.746389,01-03-2012,207.0,113.4,5.7,0.4,32.09,16.56,107.700005
-30.160091,27.40124,01-03-2012,163.2,146.1,7.300000000000001,1.5,27.74,13.809999,138.90001
-30.336111,27.359444,01-03-2012,164.1,137.1,6.9,1.5,27.81,13.349999,130.3
-29.615556,27.065278,01-03-2012,169.8,154.3,7.7,1.1,28.09,13.75,146.6
-30.830556,26.921389,02-03-2012,167.0,100.9,5.0,1.2,28.529999,12.969999,95.9
-23.658056,31.05,02-03-2012,158.7,79.30000000000001,4.0,1.0,33.5,19.32,75.4
-27.902778,24.615556,02-03-2012,204.3,108.30000000000001,5.4,0.3,32.39,16.789999,102.9
-29.658056,25.973333,02-03-2012,179.1,102.10000000000001,5.1000000000000005,0.90000004,28.939999,14.219999,97.1
-29.028629,24.638389,02-03-2012,203.0,93.10000000000001,4.7,0.1,32.01,15.82,88.4
-31.000833,26.353056,02-03-2012,167.3,76.0,3.8000000000000003,0.8,28.31,12.28,72.3
-30.679722,26.7125,02-03-2012,170.8,100.9,5.0,1.0,29.279999,13.469999,95.9
-28.760833,17.730278,04-03-2012,239.2,4.4,0.2,0.0,36.239998,21.74,4.1
-25.99136,27.84208,05-03-2012,158.8,147.70000000000002,7.4,2.1000001,28.119999,14.75,140.40001
-24.058889,31.237222,05-03-2012,153.7,97.5,4.9,1.2,33.29,19.289999,92.6
-29.987778,29.851667,05-03-2012,129.90001,219.5,11.600000000000001,84.1,25.56,14.2,129.90001
-29.744167,29.905833,05-03-2012,134.7,233.20000000000002,23.3,79.200005,26.369999,14.79,134.7
-26.861111,28.884722,05-03-2012,151.0,134.5,6.7,2.3,26.9,12.91,127.9
-26.45,28.085833,05-03-2012,155.90001,141.4,7.1000000000000005,2.1000001,27.42,13.79,134.40001
-28.768056,20.720556,05-03-2012,243.1,26.6,1.3,0.0,35.93,18.619999,25.300001
-30.733889,29.828333,06-03-2012,127.4,161.20000000000002,8.1,48.5,25.68,16.35,127.4
-29.380556,30.2775,06-03-2012,128.5,219.8,29.400000000000002,77.4,25.26,14.0,128.5
-27.398611,26.614722,06-03-2012,182.6,134.0,6.7,1.2,29.529999,15.679999,127.4
-27.671111,27.236944,06-03-2012,172.1,145.70000000000002,7.300000000000001,1.2,28.949999,15.0,138.5
-29.042222,24.6,06-03-2012,203.3,91.10000000000001,4.6000000000000005,0.1,32.07,15.88,86.6
-30.336111,27.359444,06-03-2012,164.1,137.1,6.9,1.5,27.81,13.349999,130.3
-27.4,26.624722,06-03-2012,182.6,134.0,6.7,1.2,29.529999,15.679999,127.4
-29.161667,23.696389,07-03-2012,204.3,74.60000000000001,3.7,0.1,33.17,16.65,70.9
-24.925278,29.324444,18-10-2011,177.1,57.5,2.9000000000000004,3.6000001,33.04,18.31,55.0
-28.7115,24.07288889,07-03-2012,204.8,90.10000000000001,4.5,0.2,32.719997,16.43,85.6
-25.81048333,27.90955222,07-03-2012,163.5,141.8,7.1000000000000005,2.2,29.289999,15.74,134.8
-27.937778,31.209444,07-03-2012,145.2,150.70000000000002,7.5,28.2,28.72,17.16,143.8
-28.404444,30.013056,07-03-2012,150.2,184.3,9.200000000000001,28.9,28.74,15.19,150.2
-30.398056,30.601944,07-03-2012,131.0,162.70000000000002,8.1,53.4,26.66,20.0,131.0
-24.925278,29.324444,07-06-2012,168.0,114.9,5.7,1.8000001,32.25,16.9,109.200005
-24.925278,29.324444,09-08-2012,166.8,103.7,5.2,1.7,32.37,17.91,98.6
-24.925278,29.324444,05-10-2012,166.8,103.7,5.2,1.7,32.37,17.91,98.6
-30.27402,30.69602,07-03-2012,130.7,173.8,8.700000000000001,63.9,26.59,19.869999,130.7
-27.02314,28.59389,07-03-2012,152.0,145.9,7.300000000000001,2.2,27.15,13.17,138.7
-27.273889,28.49,07-03-2012,151.8,156.4,7.800000000000001,1.9,26.849998,13.09,148.7
-24.925278,29.324444,02-07-2013,154.1,152.3,7.6000000000000005,1.2,30.32,17.9,144.8
-24.925278,29.324444,22-08-2013,172.3,65.7,3.3000000000000003,1.2,31.599998,19.449999,62.4
-24.925278,29.324444,16-09-2013,172.3,65.7,3.3000000000000003,1.2,31.599998,19.449999,62.4
-27.4275,28.525833,07-03-2012,150.40001,165.0,8.200000000000001,8.1,26.699999,12.91,150.40001
-24.925278,29.324444,20-01-2014,161.90001,232.9,30.3,41.7,31.17,18.05,161.90001
-27.3,28.586944,07-03-2012,150.5,156.9,7.800000000000001,1.8000001,26.849998,12.98,149.1
-29.1825,23.575556,07-03-2012,208.8,70.2,3.5,0.1,33.18,16.77,66.6
-24.925278,29.324444,10-06-2014,161.90001,232.9,30.3,41.7,31.17,18.05,161.90001
-24.925278,29.324444,18-07-2014,173.0,40.300000000000004,2.0,15.3,32.04,18.17,64.6
-34.329722,18.990278,07-03-2012,163.0,7.2,0.4,23.4,25.1,15.71,16.7
-24.925278,29.324444,05-09-2014,173.0,40.300000000000004,2.0,15.3,32.04,18.17,64.6
-28.058889,30.373611,07-03-2012,147.1,182.3,9.1,45.100002,27.8,14.2,147.1
-27.5275,30.858056,08-03-2012,139.7,188.20000000000002,9.4,72.8,27.34,15.25,139.7
-27.38972222,26.46388889,08-03-2012,184.3,132.4,6.6000000000000005,1.2,29.71,15.66,125.9
-27.398611,26.614722,08-03-2012,182.6,134.0,6.7,1.2,29.529999,15.679999,127.4
-30.679722,26.7125,08-03-2012,170.8,100.9,5.0,1.0,29.279999,13.469999,95.9
-29.803611,30.516111,09-03-2012,128.90001,240.3,33.1,83.8,26.26,16.67,128.90001
-27.01011111,26.69808333,12-03-2012,175.6,139.5,7.0,1.1,28.98,15.53,132.5
-32.595833,19.009444,12-03-2012,213.8,19.700000000000003,1.0,5.1,33.0,16.38,19.2
-25.127778,27.628889,13-03-2012,176.6,122.4,6.1000000000000005,2.9,32.02,17.26,116.4
-25.20639,27.558,13-03-2012,177.0,124.5,6.2,3.0,31.91,17.21,118.5
-24.69514,27.40906,13-03-2012,185.0,115.5,5.800000000000001,3.5,32.829998,18.289999,109.9
-28.747778,31.745833,13-03-2012,147.8,158.20000000000002,7.9,25.800001,29.96,19.93,147.8
-27.169444,29.233889,13-03-2012,145.40001,142.6,7.1000000000000005,1.9,26.349998,12.58,135.6
-27.00222,28.76528,13-03-2012,150.40001,143.5,7.2,2.2,26.96,13.04,136.40001
-26.648056,27.089444,13-03-2012,165.40001,144.3,7.2,1.6,28.46,14.83,137.2
-26.970278,27.211111,13-03-2012,166.2,144.9,7.2,1.6,28.49,15.059999,137.7
-26.880278,26.965,13-03-2012,168.40001,142.70000000000002,7.1000000000000005,1.5,28.869999,15.36,135.6
-26.98472222,26.63227778,13-03-2012,174.1,140.20000000000002,7.0,1.2,29.09,15.62,133.3
-31.104278,29.399722,13-03-2012,130.3,132.9,6.6000000000000005,18.7,26.14,17.06,127.4
-31.396,29.2651,13-03-2012,131.90001,118.9,5.9,12.6,26.46,18.4,118.6
-33.501667,21.624167,13-03-2012,175.2,15.0,0.7000000000000001,0.1,28.5,13.059999,14.2
-29.161667,23.696389,14-03-2012,204.3,74.60000000000001,3.7,0.1,33.17,16.65,70.9
-28.801278,31.955389,14-03-2012,146.8,139.4,7.0,20.5,29.359999,19.82,136.90001
-28.141944,26.417778,14-03-2012,184.3,133.4,6.7,1.1,29.57,15.179999,126.8
-28.1175,26.719444,14-03-2012,179.40001,136.20000000000002,6.800000000000001,1.1,29.26,15.5,129.40001
-29.033333,23.983333,14-03-2012,202.3,84.5,4.2,0.2,32.71,16.17,80.3
-29.161667,30.629722,15-03-2012,132.0,218.9,42.300000000000004,70.6,25.73,14.86,132.0
-27.398611,26.614722,15-03-2012,182.6,134.0,6.7,1.2,29.529999,15.679999,127.4
-27.671111,27.236944,15-03-2012,172.1,145.70000000000002,7.300000000000001,1.2,28.949999,15.0,138.5
-27.902778,24.615556,15-03-2012,204.3,108.30000000000001,5.4,0.3,32.39,16.789999,102.9
-27.573056,24.746389,16-03-2012,207.0,113.4,5.7,0.4,32.09,16.56,107.700005
-31.031389,28.883333,16-03-2012,135.2,140.6,7.0,4.4,26.029999,15.08,133.7
-30.86013889,29.07125,16-03-2012,135.8,144.20000000000002,7.2,4.6,26.359999,15.589999,135.8
-30.77586667,29.03221667,16-03-2012,136.3,151.4,7.6000000000000005,10.2,26.25,15.309999,136.3
-28.760833,17.730278,17-03-2012,239.2,4.4,0.2,0.0,36.239998,21.74,4.1
-28.96362,19.15486,17-03-2012,243.6,8.5,0.4,0.0,36.88,19.34,8.1
-27.01011111,26.69808333,19-03-2012,175.6,139.5,7.0,1.1,28.98,15.53,132.5
-26.861111,28.884722,19-03-2012,151.0,134.5,6.7,2.3,26.9,12.91,127.9
-24.679167,30.8025,20-03-2012,144.5,184.60000000000002,9.200000000000001,64.8,27.609999,14.559999,144.5
-26.970278,27.211111,20-03-2012,166.2,144.9,7.2,1.6,28.49,15.059999,137.7
-33.38056,19.30167,20-03-2012,193.8,18.5,0.9,9.1,28.68,14.16,19.800001
-33.31388889,19.07472222,20-03-2012,206.90001,18.2,0.9,12.8,31.349998,16.74,20.800001
-28.068333,31.55,20-03-2012,149.6,137.8,6.9,18.300001,30.9,19.73,136.7
-29.161667,23.696389,21-03-2012,204.3,74.60000000000001,3.7,0.1,33.17,16.65,70.9
-24.183889,30.823889,21-03-2012,154.2,111.0,5.6000000000000005,3.5,32.62,18.609999,105.6
-28.44555556,32.325,21-03-2012,142.2,135.5,6.800000000000001,23.4,28.609999,20.039999,132.90001
-27.602222,29.942778,21-03-2012,152.6,171.8,8.6,18.0,28.8,14.46,152.6
-33.13083,18.86278,21-03-2012,209.40001,17.5,0.9,10.3,31.89,17.529999,18.9
-30.398056,30.601944,23-03-2012,131.0,162.70000000000002,8.1,53.4,26.66,20.0,131.0
-30.27402,30.69602,23-03-2012,130.7,173.8,8.700000000000001,63.9,26.59,19.869999,130.7
-29.641944,30.6875,26-03-2012,133.90001,241.4,31.1,84.200005,27.26,18.33,133.90001
-25.99136,27.84208,26-03-2012,158.8,147.70000000000002,7.4,2.1000001,28.119999,14.75,140.40001
-29.987778,29.851667,26-03-2012,129.90001,219.5,11.600000000000001,84.1,25.56,14.2,129.90001
-29.758889,30.935278,26-03-2012,130.0,208.9,28.5,79.700005,26.859999,19.49,130.0
-26.98472222,26.63227778,26-03-2012,174.1,140.20000000000002,7.0,1.2,29.09,15.62,133.3
-33.818056,19.694722,26-03-2012,199.7,11.9,0.6000000000000001,6.4,30.429998,15.95,12.7
-25.127778,27.628889,27-03-2012,176.6,122.4,6.1000000000000005,2.9,32.02,17.26,116.4
-25.20639,27.558,27-03-2012,177.0,124.5,6.2,3.0,31.91,17.21,118.5
-24.69514,27.40906,27-03-2012,185.0,115.5,5.800000000000001,3.5,32.829998,18.289999,109.9
-27.363611,31.783333,27-03-2012,144.5,111.60000000000001,5.6000000000000005,33.0,30.849998,18.9,117.9
-26.648056,27.089444,27-03-2012,165.40001,144.3,7.2,1.6,28.46,14.83,137.2
-26.880278,26.965,27-03-2012,168.40001,142.70000000000002,7.1000000000000005,1.5,28.869999,15.36,135.6
-27.573056,24.746389,27-03-2012,207.0,113.4,5.7,0.4,32.09,16.56,107.700005
-28.768056,20.720556,27-03-2012,243.1,26.6,1.3,0.0,35.93,18.619999,25.300001
-34.031944,22.053333,27-03-2012,148.5,13.3,0.7000000000000001,5.1,26.3,15.9,13.3
-34.039722,22.133333,27-03-2012,146.6,13.4,0.7000000000000001,5.7000003,26.119999,16.22,13.5
-34.075556,20.145556,27-03-2012,183.0,11.100000000000001,0.6000000000000001,6.0,30.0,16.57,11.6
-25.45963889,28.26430556,27-03-2012,167.0,126.9,6.300000000000001,2.4,30.599998,15.849999,120.700005
-25.81048333,27.90955222,28-03-2012,163.5,141.8,7.1000000000000005,2.2,29.289999,15.74,134.8
-29.380556,30.2775,28-03-2012,128.5,219.8,29.400000000000002,77.4,25.26,14.0,128.5
-30.398056,30.601944,28-03-2012,131.0,162.70000000000002,8.1,53.4,26.66,20.0,131.0
-30.27402,30.69602,28-03-2012,130.7,173.8,8.700000000000001,63.9,26.59,19.869999,130.7
-26.73806,27.59194,28-03-2012,161.40001,147.0,7.300000000000001,1.8000001,27.859999,14.559999,139.7
-26.45,28.085833,28-03-2012,155.90001,141.4,7.1000000000000005,2.1000001,27.42,13.79,134.40001
-30.679722,26.7125,28-03-2012,170.8,100.9,5.0,1.0,29.279999,13.469999,95.9
-28.69485,28.23487,28-03-2012,148.40001,191.20000000000002,16.7,27.4,25.47,12.88,148.40001
-29.615556,27.065278,28-03-2012,169.8,154.3,7.7,1.1,28.09,13.75,146.6
-28.883333,27.89,28-03-2012,152.8,193.20000000000002,12.3,29.6,26.17,13.44,152.8
-34.02861,22.22222,28-03-2012,143.1,14.200000000000001,0.7000000000000001,6.3,25.66,15.96,14.5
-25.447222,30.711667,28-03-2012,145.0,154.5,7.7,38.9,28.89,16.0,145.0
-27.273889,28.49,29-03-2012,151.8,156.4,7.800000000000001,1.9,26.849998,13.09,148.7
-27.3,28.586944,29-03-2012,150.5,156.9,7.800000000000001,1.8000001,26.849998,12.98,149.1
-28.376944,24.303056,29-03-2012,204.3,102.0,5.1000000000000005,0.3,32.37,16.77,96.9
-30.160091,27.40124,29-03-2012,163.2,146.1,7.300000000000001,1.5,27.74,13.809999,138.90001
-30.336111,27.359444,29-03-2012,164.1,137.1,6.9,1.5,27.81,13.349999,130.3
-27.4275,28.525833,30-03-2012,150.40001,165.0,8.200000000000001,8.1,26.699999,12.91,150.40001
-27.902778,24.615556,30-03-2012,204.3,108.30000000000001,5.4,0.3,32.39,16.789999,102.9
-31.000833,26.353056,30-03-2012,167.3,76.0,3.8000000000000003,0.8,28.31,12.28,72.3
-30.679722,26.7125,30-03-2012,170.8,100.9,5.0,1.0,29.279999,13.469999,95.9
-28.760833,17.730278,01-04-2012,239.2,4.4,0.2,0.0,36.239998,21.74,4.1
-25.99136,27.84208,02-04-2012,158.8,147.70000000000002,7.4,2.1000001,28.119999,14.75,140.40001
-28.735556,29.820556,02-04-2012,148.3,197.10000000000002,9.9,40.7,28.93,15.74,148.3
-29.380556,30.2775,02-04-2012,128.5,219.8,29.400000000000002,77.4,25.26,14.0,128.5
-30.398056,30.601944,02-04-2012,131.0,162.70000000000002,8.1,53.4,26.66,20.0,131.0
-33.897778,20.012778,02-04-2012,193.5,11.0,0.5,4.9,30.769999,16.24,11.2
-34.065833,20.404167,03-04-2012,178.8,11.200000000000001,0.6000000000000001,5.3,30.529999,17.39,11.400001
-23.658056,31.05,03-04-2012,158.7,79.30000000000001,4.0,1.0,33.5,19.32,75.4
-27.398611,26.614722,03-04-2012,182.6,134.0,6.7,1.2,29.529999,15.679999,127.4
-27.671111,27.236944,03-04-2012,172.1,145.70000000000002,7.300000000000001,1.2,28.949999,15.0,138.5
-25.45963889,28.26430556,03-04-2012,167.0,126.9,6.300000000000001,2.4,30.599998,15.849999,120.700005
-27.4,26.624722,03-04-2012,182.6,134.0,6.7,1.2,29.529999,15.679999,127.4
-29.161667,23.696389,04-04-2012,204.3,74.60000000000001,3.7,0.1,33.17,16.65,70.9
-25.81048333,27.90955222,04-04-2012,163.5,141.8,7.1000000000000005,2.2,29.289999,15.74,134.8
-27.937778,31.209444,04-04-2012,145.2,150.70000000000002,7.5,28.2,28.72,17.16,143.8
-28.404444,30.013056,04-04-2012,150.2,184.3,9.200000000000001,28.9,28.74,15.19,150.2
-27.02314,28.59389,04-04-2012,152.0,145.9,7.300000000000001,2.2,27.15,13.17,138.7
-26.880278,26.965,04-04-2012,168.40001,142.70000000000002,7.1000000000000005,1.5,28.869999,15.36,135.6
-27.273889,28.49,04-04-2012,151.8,156.4,7.800000000000001,1.9,26.849998,13.09,148.7
-27.4275,28.525833,04-04-2012,150.40001,165.0,8.200000000000001,8.1,26.699999,12.91,150.40001
-27.3,28.586944,04-04-2012,150.5,156.9,7.800000000000001,1.8000001,26.849998,12.98,149.1
-29.615556,27.065278,04-04-2012,169.8,154.3,7.7,1.1,28.09,13.75,146.6
-25.57877778,29.12747222,04-04-2012,161.7,125.9,6.300000000000001,2.2,30.109999,14.809999,119.700005
-27.5275,30.858056,05-04-2012,139.7,188.20000000000002,9.4,72.8,27.34,15.25,139.7
-27.01011111,26.69808333,10-04-2012,175.6,139.5,7.0,1.1,28.98,15.53,132.5
-25.127778,27.628889,10-04-2012,176.6,122.4,6.1000000000000005,2.9,32.02,17.26,116.4
-25.20639,27.558,10-04-2012,177.0,124.5,6.2,3.0,31.91,17.21,118.5
-24.69514,27.40906,10-04-2012,185.0,115.5,5.800000000000001,3.5,32.829998,18.289999,109.9
-26.861111,28.884722,10-04-2012,151.0,134.5,6.7,2.3,26.9,12.91,127.9
-26.73806,27.59194,10-04-2012,161.40001,147.0,7.300000000000001,1.8000001,27.859999,14.559999,139.7
-26.98472222,26.63227778,10-04-2012,174.1,140.20000000000002,7.0,1.2,29.09,15.62,133.3
-29.161667,23.696389,11-04-2012,204.3,74.60000000000001,3.7,0.1,33.17,16.65,70.9
-26.03611,30.99778,11-04-2012,149.40001,202.4,10.100000000000001,128.40001,29.34,17.09,149.40001
-28.747778,31.745833,11-04-2012,147.8,158.20000000000002,7.9,25.800001,29.96,19.93,147.8
-27.00222,28.76528,11-04-2012,150.40001,143.5,7.2,2.2,26.96,13.04,136.40001
-26.648056,27.089444,11-04-2012,165.40001,144.3,7.2,1.6,28.46,14.83,137.2
-26.970278,27.211111,11-04-2012,166.2,144.9,7.2,1.6,28.49,15.059999,137.7
-28.141944,26.417778,11-04-2012,184.3,133.4,6.7,1.1,29.57,15.179999,126.8
-28.116667,26.725278,11-04-2012,179.40001,136.20000000000002,6.800000000000001,1.1,29.26,15.5,129.40001
-29.615556,27.065278,11-04-2012,169.8,154.3,7.7,1.1,28.09,13.75,146.6
-34.250556,20.9925,11-04-2012,174.5,13.100000000000001,0.7000000000000001,8.8,28.47,16.89,14.0
-28.7115,24.07288889,12-04-2012,204.8,90.10000000000001,4.5,0.2,32.719997,16.43,85.6
-28.801278,31.955389,12-04-2012,146.8,139.4,7.0,20.5,29.359999,19.82,136.90001
-28.75,30.442778,12-04-2012,152.1,182.8,9.1,23.4,29.949999,17.42,152.1
-29.161667,30.629722,12-04-2012,132.0,218.9,42.300000000000004,70.6,25.73,14.86,132.0
-27.38972222,26.46388889,12-04-2012,184.3,132.4,6.6000000000000005,1.2,29.71,15.66,125.9
-28.1175,26.719444,12-04-2012,179.40001,136.20000000000002,6.800000000000001,1.1,29.26,15.5,129.40001
-28.116667,26.725278,12-04-2012,179.40001,136.20000000000002,6.800000000000001,1.1,29.26,15.5,129.40001
-27.398611,26.614722,12-04-2012,182.6,134.0,6.7,1.2,29.529999,15.679999,127.4
-27.671111,27.236944,12-04-2012,172.1,145.70000000000002,7.300000000000001,1.2,28.949999,15.0,138.5
-28.376944,24.303056,12-04-2012,204.3,102.0,5.1000000000000005,0.3,32.37,16.77,96.9
-29.615556,27.065278,12-04-2012,169.8,154.3,7.7,1.1,28.09,13.75,146.6
-33.31388889,19.07472222,12-04-2012,206.90001,18.2,0.9,12.8,31.349998,16.74,20.800001
-25.49037,30.6986,13-04-2012,143.3,158.20000000000002,7.9,46.8,28.34,15.36,143.3
-27.573056,24.746389,13-04-2012,207.0,113.4,5.7,0.4,32.09,16.56,107.700005
-27.902778,24.615556,13-04-2012,204.3,108.30000000000001,5.4,0.3,32.39,16.789999,102.9
-33.7075,18.97444444,13-04-2012,204.7,13.5,0.7000000000000001,14.2,30.619999,17.16,16.9
-28.760833,17.730278,15-04-2012,239.2,4.4,0.2,0.0,36.239998,21.74,4.1
-25.99136,27.84208,16-04-2012,158.8,147.70000000000002,7.4,2.1000001,28.119999,14.75,140.40001
-22.935,28.004167,17-04-2012,185.90001,59.1,3.0,0.3,34.11,18.64,56.2
-22.91028,29.61111,17-04-2012,167.40001,80.4,4.0,0.90000004,32.03,17.65,76.4
-24.058889,31.237222,17-04-2012,153.7,97.5,4.9,1.2,33.29,19.289999,92.6
-25.681111,31.783333,17-04-2012,142.2,124.2,6.2,24.1,31.13,18.01,122.8
-25.67386,31.57527,17-04-2012,147.1,134.9,6.7,30.4,31.789999,19.119999,132.7
-28.735556,29.820556,17-04-2012,148.3,197.10000000000002,9.9,40.7,28.93,15.74,148.3
-26.861111,28.884722,17-04-2012,151.0,134.5,6.7,2.3,26.9,12.91,127.9
-26.45,28.085833,17-04-2012,155.90001,141.4,7.1000000000000005,2.1000001,27.42,13.79,134.40001
-28.69485,28.23487,17-04-2012,148.40001,191.20000000000002,16.7,27.4,25.47,12.88,148.40001
-28.883333,27.89,17-04-2012,152.8,193.20000000000002,12.3,29.6,26.17,13.44,152.8
-31.396,29.2651,17-04-2012,131.90001,118.9,5.9,12.6,26.46,18.4,118.6
-31.554722,29.245556,17-04-2012,122.9,121.7,6.1000000000000005,16.4,25.25,17.35,117.9
-25.45963889,28.26430556,17-04-2012,167.0,126.9,6.300000000000001,2.4,30.599998,15.849999,120.700005
-28.338333,31.373611,17-04-2012,141.8,164.60000000000002,8.200000000000001,37.2,28.67,17.369999,141.8
-29.161667,23.696389,18-04-2012,204.3,74.60000000000001,3.7,0.1,33.17,16.65,70.9
-27.01011111,26.69808333,18-04-2012,175.6,139.5,7.0,1.1,28.98,15.53,132.5
-25.81048333,27.90955222,18-04-2012,163.5,141.8,7.1000000000000005,2.2,29.289999,15.74,134.8
-24.282222,28.090278,18-04-2012,168.7,111.2,5.6000000000000005,3.1000001,30.9,16.1,105.8
-24.768889,31.39,18-04-2012,144.5,128.20000000000002,6.4,5.2000003,31.49,18.4,122.0
-24.9675,31.516667,18-04-2012,145.1,123.0,6.1000000000000005,5.0,31.82,19.09,117.0
-27.00222,28.76528,18-04-2012,150.40001,143.5,7.2,2.2,26.96,13.04,136.40001
-26.648056,27.089444,18-04-2012,165.40001,144.3,7.2,1.6,28.46,14.83,137.2
-26.970278,27.211111,18-04-2012,166.2,144.9,7.2,1.6,28.49,15.059999,137.7
-26.880278,26.965,18-04-2012,168.40001,142.70000000000002,7.1000000000000005,1.5,28.869999,15.36,135.6
-27.38972222,26.46388889,18-04-2012,184.3,132.4,6.6000000000000005,1.2,29.71,15.66,125.9
-26.98472222,26.63227778,18-04-2012,174.1,140.20000000000002,7.0,1.2,29.09,15.62,133.3
-30.568333,29.422778,18-04-2012,132.2,158.10000000000002,7.9,21.5,24.92,12.809999,132.2
-30.570833,29.150556,18-04-2012,133.40001,164.8,8.200000000000001,26.0,24.73,12.66,133.40001
-27.602222,29.942778,19-04-2012,152.6,171.8,8.6,18.0,28.8,14.46,152.6
-27.671111,27.236944,19-04-2012,172.1,145.70000000000002,7.300000000000001,1.2,28.949999,15.0,138.5
-31.031389,28.883333,19-04-2012,135.2,140.6,7.0,4.4,26.029999,15.08,133.7
-30.86013889,29.07125,19-04-2012,135.8,144.20000000000002,7.2,4.6,26.359999,15.589999,135.8
-33.13083,18.86278,19-04-2012,209.40001,17.5,0.9,10.3,31.89,17.529999,18.9
-29.140556,31.391944,20-04-2012,139.5,163.70000000000002,8.200000000000001,41.8,28.38,19.52,139.5
-27.573056,24.746389,22-04-2012,207.0,113.4,5.7,0.4,32.09,16.56,107.700005
-29.7775,29.470833,23-04-2012,131.0,267.7,97.60000000000001,42.9,24.21,12.259999,131.0
-29.987778,29.851667,23-04-2012,129.90001,219.5,11.600000000000001,84.1,25.56,14.2,129.90001
-29.744167,29.905833,23-04-2012,134.7,233.20000000000002,23.3,79.200005,26.369999,14.79,134.7
-26.73806,27.59194,23-04-2012,161.40001,147.0,7.300000000000001,1.8000001,27.859999,14.559999,139.7
-29.160278,26.573333,23-04-2012,181.7,134.9,6.7,1.1,29.13,14.349999,128.2
-29.1825,23.575556,23-04-2012,208.8,70.2,3.5,0.1,33.18,16.77,66.6
-33.501667,21.624167,23-04-2012,175.2,15.0,0.7000000000000001,0.1,28.5,13.059999,14.2
-33.818056,19.694722,23-04-2012,199.7,11.9,0.6000000000000001,6.4,30.429998,15.95,12.7
-28.7115,24.07288889,24-04-2012,204.8,90.10000000000001,4.5,0.2,32.719997,16.43,85.6
-24.679167,30.8025,24-04-2012,144.5,184.60000000000002,9.200000000000001,64.8,27.609999,14.559999,144.5
-25.127778,27.628889,24-04-2012,176.6,122.4,6.1000000000000005,2.9,32.02,17.26,116.4
-25.20639,27.558,24-04-2012,177.0,124.5,6.2,3.0,31.91,17.21,118.5
-24.69514,27.40906,24-04-2012,185.0,115.5,5.800000000000001,3.5,32.829998,18.289999,109.9
-27.363611,31.783333,24-04-2012,144.5,111.60000000000001,5.6000000000000005,33.0,30.849998,18.9,117.9
-30.733889,29.828333,24-04-2012,127.4,161.20000000000002,8.1,48.5,25.68,16.35,127.4
-26.880278,26.965,24-04-2012,168.40001,142.70000000000002,7.1000000000000005,1.5,28.869999,15.36,135.6
-29.615556,27.065278,24-04-2012,169.8,154.3,7.7,1.1,28.09,13.75,146.6
-28.883333,27.89,24-04-2012,152.8,193.20000000000002,12.3,29.6,26.17,13.44,152.8
-29.161667,23.696389,25-04-2012,204.3,74.60000000000001,3.7,0.1,33.17,16.65,70.9
-24.183889,30.823889,25-04-2012,154.2,111.0,5.6000000000000005,3.5,32.62,18.609999,105.6
-22.769722,30.886944,25-04-2012,169.40001,94.5,4.7,3.2,33.579998,19.23,89.9
-27.937778,31.209444,25-04-2012,145.2,150.70000000000002,7.5,28.2,28.72,17.16,143.8
-26.905,32.324722,25-04-2012,149.0,92.0,4.6000000000000005,29.2,32.79,19.56,98.4
-27.935,26.126667,25-04-2012,187.40001,117.30000000000001,5.9,1.1,29.779999,14.79,111.5
-34.075556,20.145556,25-04-2012,183.0,11.100000000000001,0.6000000000000001,6.0,30.0,16.57,11.6
-30.398056,30.601944,26-04-2012,131.0,162.70000000000002,8.1,53.4,26.66,20.0,131.0
-30.27402,30.69602,26-04-2012,130.7,173.8,8.700000000000001,63.9,26.59,19.869999,130.7
-30.679722,26.7125,26-04-2012,170.8,100.9,5.0,1.0,29.279999,13.469999,95.9
-30.160091,27.40124,26-04-2012,163.2,146.1,7.300000000000001,1.5,27.74,13.809999,138.90001
-34.005833,22.351111,26-04-2012,139.6,15.4,0.8,8.1,25.1,16.0,16.4
-29.803611,30.516111,27-04-2012,128.90001,240.3,33.1,83.8,26.26,16.67,128.90001
-29.758889,30.935278,28-04-2012,130.0,208.9,28.5,79.700005,26.859999,19.49,130.0
-28.760833,17.730278,29-04-2012,239.2,4.4,0.2,0.0,36.239998,21.74,4.1
-25.99136,27.84208,30-04-2012,158.8,147.70000000000002,7.4,2.1000001,28.119999,14.75,140.40001
-29.380556,30.2775,30-04-2012,128.5,219.8,29.400000000000002,77.4,25.26,14.0,128.5
-34.065833,20.404167,01-05-2012,178.8,11.200000000000001,0.6000000000000001,5.3,30.529999,17.39,11.400001
-26.006389,29.253889,01-05-2012,147.5,135.5,6.800000000000001,2.5,27.25,12.83,128.8
-25.45963889,28.26430556,01-05-2012,167.0,126.9,6.300000000000001,2.4,30.599998,15.849999,120.700005
-33.897778,20.012778,01-05-2012,193.5,11.0,0.5,4.9,30.769999,16.24,11.2
-29.161667,23.696389,02-05-2012,204.3,74.60000000000001,3.7,0.1,33.17,16.65,70.9
-25.81048333,27.90955222,02-05-2012,163.5,141.8,7.1000000000000005,2.2,29.289999,15.74,134.8
-26.861111,28.884722,02-05-2012,151.0,134.5,6.7,2.3,26.9,12.91,127.9
-29.033333,23.983333,02-05-2012,202.3,84.5,4.2,0.2,32.71,16.17,80.3
-28.058889,30.373611,02-05-2012,147.1,182.3,9.1,45.100002,27.8,14.2,147.1
-24.925278,29.324444,03-05-2012,168.0,114.9,5.7,1.8000001,32.25,16.9,109.200005
-27.00222,28.76528,03-05-2012,150.40001,143.5,7.2,2.2,26.96,13.04,136.40001
-27.398611,26.614722,03-05-2012,182.6,134.0,6.7,1.2,29.529999,15.679999,127.4
-27.671111,27.236944,03-05-2012,172.1,145.70000000000002,7.300000000000001,1.2,28.949999,15.0,138.5
-27.4,26.624722,03-05-2012,182.6,134.0,6.7,1.2,29.529999,15.679999,127.4
-26.648056,27.089444,04-05-2012,165.40001,144.3,7.2,1.6,28.46,14.83,137.2
-26.970278,27.211111,04-05-2012,166.2,144.9,7.2,1.6,28.49,15.059999,137.7
-26.880278,26.965,04-05-2012,168.40001,142.70000000000002,7.1000000000000005,1.5,28.869999,15.36,135.6
-27.01011111,26.69808333,07-05-2012,175.6,139.5,7.0,1.1,28.98,15.53,132.5
-26.73806,27.59194,07-05-2012,161.40001,147.0,7.300000000000001,1.8000001,27.859999,14.559999,139.7
-26.45,28.085833,07-05-2012,155.90001,141.4,7.1000000000000005,2.1000001,27.42,13.79,134.40001
-26.98472222,26.63227778,07-05-2012,174.1,140.20000000000002,7.0,1.2,29.09,15.62,133.3
-32.502778,19.535833,07-05-2012,223.40001,17.8,0.9,0.7,32.84,15.969999,16.9
-29.161667,23.696389,08-05-2012,204.3,74.60000000000001,3.7,0.1,33.17,16.65,70.9
-25.127778,27.628889,08-05-2012,176.6,122.4,6.1000000000000005,2.9,32.02,17.26,116.4
-25.20639,27.558,08-05-2012,177.0,124.5,6.2,3.0,31.91,17.21,118.5
-24.69514,27.40906,08-05-2012,185.0,115.5,5.800000000000001,3.5,32.829998,18.289999,109.9
-28.747778,31.745833,08-05-2012,147.8,158.20000000000002,7.9,25.800001,29.96,19.93,147.8
-27.169444,29.233889,08-05-2012,145.40001,142.6,7.1000000000000005,1.9,26.349998,12.58,135.6
-26.648056,27.089444,08-05-2012,165.40001,144.3,7.2,1.6,28.46,14.83,137.2
-26.970278,27.211111,08-05-2012,166.2,144.9,7.2,1.6,28.49,15.059999,137.7
-26.880278,26.965,08-05-2012,168.40001,142.70000000000002,7.1000000000000005,1.5,28.869999,15.36,135.6
-28.141944,26.417778,08-05-2012,184.3,133.4,6.7,1.1,29.57,15.179999,126.8
-28.116667,26.725278,08-05-2012,179.40001,136.20000000000002,6.800000000000001,1.1,29.26,15.5,129.40001
-29.042222,24.6,08-05-2012,203.3,91.10000000000001,4.6000000000000005,0.1,32.07,15.88,86.6
-28.460833,21.248889,08-05-2012,238.6,36.2,1.8,0.0,35.18,18.67,34.4
-31.396,29.2651,08-05-2012,131.90001,118.9,5.9,12.6,26.46,18.4,118.6
-25.57877778,29.12747222,08-05-2012,161.7,125.9,6.300000000000001,2.2,30.109999,14.809999,119.700005
-29.161667,23.696389,09-05-2012,204.3,74.60000000000001,3.7,0.1,33.17,16.65,70.9
-25.49037,30.6986,09-05-2012,143.3,158.20000000000002,7.9,46.8,28.34,15.36,143.3
-28.801278,31.955389,09-05-2012,146.8,139.4,7.0,20.5,29.359999,19.82,136.90001
-27.273889,28.49,09-05-2012,151.8,156.4,7.800000000000001,1.9,26.849998,13.09,148.7
-27.4275,28.525833,09-05-2012,150.40001,165.0,8.200000000000001,8.1,26.699999,12.91,150.40001
-27.3,28.586944,09-05-2012,150.5,156.9,7.800000000000001,1.8000001,26.849998,12.98,149.1
-27.398611,26.614722,09-05-2012,182.6,134.0,6.7,1.2,29.529999,15.679999,127.4
-29.028629,24.638389,09-05-2012,203.0,93.10000000000001,4.7,0.1,32.01,15.82,88.4
-29.1825,23.575556,09-05-2012,208.8,70.2,3.5,0.1,33.18,16.77,66.6
-30.570833,29.150556,09-05-2012,133.40001,164.8,8.200000000000001,26.0,24.73,12.66,133.40001
-31.104278,29.399722,09-05-2012,130.3,132.9,6.6000000000000005,18.7,26.14,17.06,127.4
-33.31388889,19.07472222,09-05-2012,206.90001,18.2,0.9,12.8,31.349998,16.74,20.800001
-28.7115,24.07288889,10-05-2012,204.8,90.10000000000001,4.5,0.2,32.719997,16.43,85.6
-29.140556,31.391944,10-05-2012,139.5,163.70000000000002,8.200000000000001,41.8,28.38,19.52,139.5
-28.75,30.442778,10-05-2012,152.1,182.8,9.1,23.4,29.949999,17.42,152.1
-29.161667,30.629722,10-05-2012,132.0,218.9,42.300000000000004,70.6,25.73,14.86,132.0
-27.38972222,26.46388889,10-05-2012,184.3,132.4,6.6000000000000005,1.2,29.71,15.66,125.9
-27.935,26.126667,10-05-2012,187.40001,117.30000000000001,5.9,1.1,29.779999,14.79,111.5
-27.671111,27.236944,10-05-2012,172.1,145.70000000000002,7.300000000000001,1.2,28.949999,15.0,138.5
-28.376944,24.303056,10-05-2012,204.3,102.0,5.1000000000000005,0.3,32.37,16.77,96.9
-31.031389,28.883333,10-05-2012,135.2,140.6,7.0,4.4,26.029999,15.08,133.7
-30.86013889,29.07125,10-05-2012,135.8,144.20000000000002,7.2,4.6,26.359999,15.589999,135.8
-30.77586667,29.03221667,10-05-2012,136.3,151.4,7.6000000000000005,10.2,26.25,15.309999,136.3
-33.7075,18.97444444,10-05-2012,204.7,13.5,0.7000000000000001,14.2,30.619999,17.16,16.9
-33.72266667,18.61691667,10-05-2012,195.3,9.200000000000001,0.5,11.8,28.65,17.18,12.1
-27.902778,24.615556,11-05-2012,204.3,108.30000000000001,5.4,0.3,32.39,16.789999,102.9
-28.44555556,32.325,19-04-2012,142.2,135.5,6.800000000000001,23.4,28.609999,20.039999,132.90001
-31.554722,29.245556,12-05-2012,122.9,121.7,6.1000000000000005,16.4,25.25,17.35,117.9
-28.760833,17.730278,13-05-2012,239.2,4.4,0.2,0.0,36.239998,21.74,4.1
-25.99136,27.84208,14-05-2012,158.8,147.70000000000002,7.4,2.1000001,28.119999,14.75,140.40001
-26.861111,28.884722,14-05-2012,151.0,134.5,6.7,2.3,26.9,12.91,127.9
-26.45,28.085833,14-05-2012,155.90001,141.4,7.1000000000000005,2.1000001,27.42,13.79,134.40001
-25.681111,31.783333,15-05-2012,142.2,124.2,6.2,24.1,31.13,18.01,122.8
-25.398889,31.610556,15-05-2012,140.8,124.60000000000001,6.2,22.0,31.029999,18.41,122.4
-27.00222,28.76528,15-05-2012,150.40001,143.5,7.2,2.2,26.96,13.04,136.40001
-26.648056,27.089444,15-05-2012,165.40001,144.3,7.2,1.6,28.46,14.83,137.2
-33.38056,19.30167,15-05-2012,193.8,18.5,0.9,9.1,28.68,14.16,19.800001
-25.45963889,28.26430556,15-05-2012,167.0,126.9,6.300000000000001,2.4,30.599998,15.849999,120.700005
-28.068333,31.55,15-05-2012,149.6,137.8,6.9,18.300001,30.9,19.73,136.7
-25.81048333,27.90955222,16-05-2012,163.5,141.8,7.1000000000000005,2.2,29.289999,15.74,134.8
-24.768889,31.39,16-05-2012,144.5,128.20000000000002,6.4,5.2000003,31.49,18.4,122.0
-29.033333,23.983333,16-05-2012,202.3,84.5,4.2,0.2,32.71,16.17,80.3
-34.092222,21.295278,16-05-2012,167.0,14.3,0.7000000000000001,4.7000003,28.38,16.029999,14.400001
-33.13083,18.86278,16-05-2012,209.40001,17.5,0.9,10.3,31.89,17.529999,18.9
-24.99328,30.81444,17-05-2012,132.5,185.9,9.3,112.8,25.55,12.67,132.5
-33.970833,22.548333,17-05-2012,136.1,17.900000000000002,0.9,12.5,24.779999,16.09,21.7
-25.436111,31.982222,18-05-2012,140.7,116.0,5.800000000000001,19.4,32.309998,18.39,113.700005
-25.14944444,31.94055556,18-05-2012,140.2,113.5,5.7,10.3,31.71,18.289999,108.700005
-29.7775,29.470833,21-05-2012,131.0,267.7,97.60000000000001,42.9,24.21,12.259999,131.0
-29.987778,29.851667,21-05-2012,129.90001,219.5,11.600000000000001,84.1,25.56,14.2,129.90001
-29.744167,29.905833,21-05-2012,134.7,233.20000000000002,23.3,79.200005,26.369999,14.79,134.7
-30.27402,30.69602,21-05-2012,130.7,173.8,8.700000000000001,63.9,26.59,19.869999,130.7
-26.73806,27.59194,21-05-2012,161.40001,147.0,7.300000000000001,1.8000001,27.859999,14.559999,139.7
-33.818056,19.694722,21-05-2012,199.7,11.9,0.6000000000000001,6.4,30.429998,15.95,12.7
-27.01011111,26.69808333,22-05-2012,175.6,139.5,7.0,1.1,28.98,15.53,132.5
-34.065833,20.404167,22-05-2012,178.8,11.200000000000001,0.6000000000000001,5.3,30.529999,17.39,11.400001
-24.679167,30.8025,22-05-2012,144.5,184.60000000000002,9.200000000000001,64.8,27.609999,14.559999,144.5
-24.183889,30.823889,22-05-2012,154.2,111.0,5.6000000000000005,3.5,32.62,18.609999,105.6
-25.127778,27.628889,22-05-2012,176.6,122.4,6.1000000000000005,2.9,32.02,17.26,116.4
-25.20639,27.558,22-05-2012,177.0,124.5,6.2,3.0,31.91,17.21,118.5
-24.69514,27.40906,22-05-2012,185.0,115.5,5.800000000000001,3.5,32.829998,18.289999,109.9
-27.363611,31.783333,22-05-2012,144.5,111.60000000000001,5.6000000000000005,33.0,30.849998,18.9,117.9
-30.733889,29.828333,22-05-2012,127.4,161.20000000000002,8.1,48.5,25.68,16.35,127.4
-27.169444,29.233889,22-05-2012,145.40001,142.6,7.1000000000000005,1.9,26.349998,12.58,135.6
-26.880278,26.965,22-05-2012,168.40001,142.70000000000002,7.1000000000000005,1.5,28.869999,15.36,135.6
-26.98472222,26.63227778,22-05-2012,174.1,140.20000000000002,7.0,1.2,29.09,15.62,133.3
-29.160278,26.573333,22-05-2012,181.7,134.9,6.7,1.1,29.13,14.349999,128.2
-30.336111,27.359444,22-05-2012,164.1,137.1,6.9,1.5,27.81,13.349999,130.3
-33.501667,21.624167,22-05-2012,175.2,15.0,0.7000000000000001,0.1,28.5,13.059999,14.2
-34.075556,20.145556,22-05-2012,183.0,11.100000000000001,0.6000000000000001,6.0,30.0,16.57,11.6
-33.897778,20.012778,22-05-2012,193.5,11.0,0.5,4.9,30.769999,16.24,11.2
-24.058889,31.237222,23-05-2012,153.7,97.5,4.9,1.2,33.29,19.289999,92.6
-30.398056,30.601944,23-05-2012,131.0,162.70000000000002,8.1,53.4,26.66,20.0,131.0
-30.160091,27.40124,23-05-2012,163.2,146.1,7.300000000000001,1.5,27.74,13.809999,138.90001
-28.69485,28.23487,23-05-2012,148.40001,191.20000000000002,16.7,27.4,25.47,12.88,148.40001
-28.883333,27.89,23-05-2012,152.8,193.20000000000002,12.3,29.6,26.17,13.44,152.8
-34.005833,22.351111,23-05-2012,139.6,15.4,0.8,8.1,25.1,16.0,16.4
-29.641944,30.6875,24-05-2012,133.90001,241.4,31.1,84.200005,27.26,18.33,133.90001
-30.830556,26.921389,24-05-2012,167.0,100.9,5.0,1.2,28.529999,12.969999,95.9
-29.380556,30.2775,24-05-2012,128.5,219.8,29.400000000000002,77.4,25.26,14.0,128.5
-30.679722,26.7125,24-05-2012,170.8,100.9,5.0,1.0,29.279999,13.469999,95.9
-29.615556,27.065278,24-05-2012,169.8,154.3,7.7,1.1,28.09,13.75,146.6
-34.031944,22.053333,24-05-2012,148.5,13.3,0.7000000000000001,5.1,26.3,15.9,13.3
-34.039722,22.133333,24-05-2012,146.6,13.4,0.7000000000000001,5.7000003,26.119999,16.22,13.5
-30.398056,30.601944,25-05-2012,131.0,162.70000000000002,8.1,53.4,26.66,20.0,131.0
-30.27402,30.69602,25-05-2012,130.7,173.8,8.700000000000001,63.9,26.59,19.869999,130.7
-29.658056,25.973333,25-05-2012,179.1,102.10000000000001,5.1000000000000005,0.90000004,28.939999,14.219999,97.1
-31.000833,26.353056,25-05-2012,167.3,76.0,3.8000000000000003,0.8,28.31,12.28,72.3
-28.460833,21.248889,25-05-2012,238.6,36.2,1.8,0.0,35.18,18.67,34.4
-29.803611,30.516111,25-05-2012,128.90001,240.3,33.1,83.8,26.26,16.67,128.90001
-29.758889,30.935278,26-05-2012,130.0,208.9,28.5,79.700005,26.859999,19.49,130.0
-28.760833,17.730278,27-05-2012,239.2,4.4,0.2,0.0,36.239998,21.74,4.1
-25.99136,27.84208,28-05-2012,158.8,147.70000000000002,7.4,2.1000001,28.119999,14.75,140.40001
-26.861111,28.884722,28-05-2012,151.0,134.5,6.7,2.3,26.9,12.91,127.9
-26.970278,27.211111,28-05-2012,166.2,144.9,7.2,1.6,28.49,15.059999,137.7
-26.45,28.085833,28-05-2012,155.90001,141.4,7.1000000000000005,2.1000001,27.42,13.79,134.40001
-27.01011111,26.69808333,29-05-2012,175.6,139.5,7.0,1.1,28.98,15.53,132.5
-29.380556,30.2775,29-05-2012,128.5,219.8,29.400000000000002,77.4,25.26,14.0,128.5
-27.00222,28.76528,29-05-2012,150.40001,143.5,7.2,2.2,26.96,13.04,136.40001
-26.648056,27.089444,29-05-2012,165.40001,144.3,7.2,1.6,28.46,14.83,137.2
-26.880278,26.965,29-05-2012,168.40001,142.70000000000002,7.1000000000000005,1.5,28.869999,15.36,135.6
-26.98472222,26.63227778,29-05-2012,174.1,140.20000000000002,7.0,1.2,29.09,15.62,133.3
-31.000833,26.353056,29-05-2012,167.3,76.0,3.8000000000000003,0.8,28.31,12.28,72.3
-25.45963889,28.26430556,29-05-2012,167.0,126.9,6.300000000000001,2.4,30.599998,15.849999,120.700005
-29.161667,23.696389,30-05-2012,204.3,74.60000000000001,3.7,0.1,33.17,16.65,70.9
-24.282222,28.090278,30-05-2012,168.7,111.2,5.6000000000000005,3.1000001,30.9,16.1,105.8
-27.937778,31.209444,30-05-2012,145.2,150.70000000000002,7.5,28.2,28.72,17.16,143.8
-28.404444,30.013056,30-05-2012,150.2,184.3,9.200000000000001,28.9,28.74,15.19,150.2
-28.1175,26.719444,30-05-2012,179.40001,136.20000000000002,6.800000000000001,1.1,29.26,15.5,129.40001
-28.44555556,32.325,12-05-2012,142.2,135.5,6.800000000000001,23.4,28.609999,20.039999,132.90001
-24.670833,28.560833,31-05-2012,167.7,130.0,6.5,3.0,30.91,15.599999,123.6
-27.573056,24.746389,31-05-2012,207.0,113.4,5.7,0.4,32.09,16.56,107.700005
-30.679722,26.7125,31-05-2012,170.8,100.9,5.0,1.0,29.279999,13.469999,95.9
-28.44555556,32.325,12-07-2012,136.2,233.4,45.800000000000004,74.8,30.269999,20.689999,136.2
-33.38056,19.30167,31-05-2012,193.8,18.5,0.9,9.1,28.68,14.16,19.800001
-33.13083,18.86278,31-05-2012,209.40001,17.5,0.9,10.3,31.89,17.529999,18.9
-29.161667,23.696389,01-06-2012,204.3,74.60000000000001,3.7,0.1,33.17,16.65,70.9
-28.7115,24.07288889,01-06-2012,204.8,90.10000000000001,4.5,0.2,32.719997,16.43,85.6
-27.5275,30.858056,01-06-2012,139.7,188.20000000000002,9.4,72.8,27.34,15.25,139.7
-29.1825,23.575556,01-06-2012,208.8,70.2,3.5,0.1,33.18,16.77,66.6
-26.73806,27.59194,04-06-2012,161.40001,147.0,7.300000000000001,1.8000001,27.859999,14.559999,139.7
-32.502778,19.535833,04-06-2012,223.40001,17.8,0.9,0.7,32.84,15.969999,16.9
-25.127778,27.628889,05-06-2012,176.6,122.4,6.1000000000000005,2.9,32.02,17.26,116.4
-25.20639,27.558,05-06-2012,177.0,124.5,6.2,3.0,31.91,17.21,118.5
-24.69514,27.40906,05-06-2012,185.0,115.5,5.800000000000001,3.5,32.829998,18.289999,109.9
-26.006389,29.253889,05-06-2012,147.5,135.5,6.800000000000001,2.5,27.25,12.83,128.8
-28.747778,31.745833,05-06-2012,147.8,158.20000000000002,7.9,25.800001,29.96,19.93,147.8
-27.169444,29.233889,05-06-2012,145.40001,142.6,7.1000000000000005,1.9,26.349998,12.58,135.6
-34.250556,20.9925,05-06-2012,174.5,13.100000000000001,0.7000000000000001,8.8,28.47,16.89,14.0
-25.57877778,29.12747222,05-06-2012,161.7,125.9,6.300000000000001,2.2,30.109999,14.809999,119.700005
-23.658056,31.05,06-06-2012,158.7,79.30000000000001,4.0,1.0,33.5,19.32,75.4
-28.801278,31.955389,06-06-2012,146.8,139.4,7.0,20.5,29.359999,19.82,136.90001
-27.02314,28.59389,06-06-2012,152.0,145.9,7.300000000000001,2.2,27.15,13.17,138.7
-27.4275,28.525833,06-06-2012,150.40001,165.0,8.200000000000001,8.1,26.699999,12.91,150.40001
-27.3,28.586944,06-06-2012,150.5,156.9,7.800000000000001,1.8000001,26.849998,12.98,149.1
-28.141944,26.417778,06-06-2012,184.3,133.4,6.7,1.1,29.57,15.179999,126.8
-28.1175,26.719444,06-06-2012,179.40001,136.20000000000002,6.800000000000001,1.1,29.26,15.5,129.40001
-28.44555556,32.325,08-08-2012,136.2,233.4,45.800000000000004,74.8,30.269999,20.689999,136.2
-33.7075,18.97444444,06-06-2012,204.7,13.5,0.7000000000000001,14.2,30.619999,17.16,16.9
-33.72266667,18.61691667,06-06-2012,195.3,9.200000000000001,0.5,11.8,28.65,17.18,12.1
-29.140556,31.391944,07-06-2012,139.5,163.70000000000002,8.200000000000001,41.8,28.38,19.52,139.5
-23.838611,31.640833,07-06-2012,159.90001,89.9,4.5,0.90000004,34.44,19.859999,85.4
-28.44555556,32.325,12-09-2012,136.2,233.4,45.800000000000004,74.8,30.269999,20.689999,136.2
-28.75,30.442778,07-06-2012,152.1,182.8,9.1,23.4,29.949999,17.42,152.1
-29.161667,30.629722,07-06-2012,132.0,218.9,42.300000000000004,70.6,25.73,14.86,132.0
-27.398611,26.614722,07-06-2012,182.6,134.0,6.7,1.2,29.529999,15.679999,127.4
-27.671111,27.236944,07-06-2012,172.1,145.70000000000002,7.300000000000001,1.2,28.949999,15.0,138.5
-27.5275,30.858056,25-08-2011,157.2,98.5,4.9,6.5,29.06,15.92,94.200005
-27.4,26.624722,07-06-2012,182.6,134.0,6.7,1.2,29.529999,15.679999,127.4
-25.99136,27.84208,11-06-2012,158.8,147.70000000000002,7.4,2.1000001,28.119999,14.75,140.40001
-26.861111,28.884722,11-06-2012,151.0,134.5,6.7,2.3,26.9,12.91,127.9
-27.671111,27.236944,11-06-2012,172.1,145.70000000000002,7.300000000000001,1.2,28.949999,15.0,138.5
-31.554722,29.245556,11-06-2012,122.9,121.7,6.1000000000000005,16.4,25.25,17.35,117.9
-33.818056,19.694722,11-06-2012,199.7,11.9,0.6000000000000001,6.4,30.429998,15.95,12.7
-27.935,26.126667,12-06-2012,187.40001,117.30000000000001,5.9,1.1,29.779999,14.79,111.5
-28.141944,26.417778,12-06-2012,184.3,133.4,6.7,1.1,29.57,15.179999,126.8
-29.658056,25.973333,12-06-2012,179.1,102.10000000000001,5.1000000000000005,0.90000004,28.939999,14.219999,97.1
-31.000833,26.353056,12-06-2012,167.3,76.0,3.8000000000000003,0.8,28.31,12.28,72.3
-30.534167,24.961944,12-06-2012,187.90001,58.0,2.9000000000000004,0.0,30.57,14.38,55.100002
-31.104278,29.399722,12-06-2012,130.3,132.9,6.6000000000000005,18.7,26.14,17.06,127.4
-34.075556,20.145556,12-06-2012,183.0,11.100000000000001,0.6000000000000001,6.0,30.0,16.57,11.6
-25.45963889,28.26430556,12-06-2012,167.0,126.9,6.300000000000001,2.4,30.599998,15.849999,120.700005
-28.068333,31.55,12-06-2012,149.6,137.8,6.9,18.300001,30.9,19.73,136.7
-29.161667,23.696389,13-06-2012,204.3,74.60000000000001,3.7,0.1,33.17,16.65,70.9
-25.81048333,27.90955222,13-06-2012,163.5,141.8,7.1000000000000005,2.2,29.289999,15.74,134.8
-27.00222,28.76528,13-06-2012,150.40001,143.5,7.2,2.2,26.96,13.04,136.40001
-28.1175,26.719444,13-06-2012,179.40001,136.20000000000002,6.800000000000001,1.1,29.26,15.5,129.40001
-30.534167,24.961944,13-06-2012,187.90001,58.0,2.9000000000000004,0.0,30.57,14.38,55.100002
-30.568333,29.422778,13-06-2012,132.2,158.10000000000002,7.9,21.5,24.92,12.809999,132.2
-30.570833,29.150556,13-06-2012,133.40001,164.8,8.200000000000001,26.0,24.73,12.66,133.40001
-29.161667,23.696389,14-06-2012,204.3,74.60000000000001,3.7,0.1,33.17,16.65,70.9
-26.905,32.324722,14-06-2012,149.0,92.0,4.6000000000000005,29.2,32.79,19.56,98.4
-27.602222,29.942778,14-06-2012,152.6,171.8,8.6,18.0,28.8,14.46,152.6
-27.935,26.126667,14-06-2012,187.40001,117.30000000000001,5.9,1.1,29.779999,14.79,111.5
-28.1175,26.719444,14-06-2012,179.40001,136.20000000000002,6.800000000000001,1.1,29.26,15.5,129.40001
-31.000833,26.353056,14-06-2012,167.3,76.0,3.8000000000000003,0.8,28.31,12.28,72.3
-30.679722,26.7125,14-06-2012,170.8,100.9,5.0,1.0,29.279999,13.469999,95.9
-30.160091,27.40124,14-06-2012,163.2,146.1,7.300000000000001,1.5,27.74,13.809999,138.90001
-30.86013889,29.07125,14-06-2012,135.8,144.20000000000002,7.2,4.6,26.359999,15.589999,135.8
-28.7115,24.07288889,15-06-2012,204.8,90.10000000000001,4.5,0.2,32.719997,16.43,85.6
-27.01011111,26.69808333,15-06-2012,175.6,139.5,7.0,1.1,28.98,15.53,132.5
-29.641944,30.6875,15-06-2012,133.90001,241.4,31.1,84.200005,27.26,18.33,133.90001
-26.648056,27.089444,15-06-2012,165.40001,144.3,7.2,1.6,28.46,14.83,137.2
-26.970278,27.211111,15-06-2012,166.2,144.9,7.2,1.6,28.49,15.059999,137.7
-26.880278,26.965,15-06-2012,168.40001,142.70000000000002,7.1000000000000005,1.5,28.869999,15.36,135.6
-26.98472222,26.63227778,15-06-2012,174.1,140.20000000000002,7.0,1.2,29.09,15.62,133.3
-27.398611,26.614722,15-06-2012,182.6,134.0,6.7,1.2,29.529999,15.679999,127.4
-29.1825,23.575556,15-06-2012,208.8,70.2,3.5,0.1,33.18,16.77,66.6
-22.91028,29.61111,18-06-2012,167.40001,80.4,4.0,0.90000004,32.03,17.65,76.4
-29.7775,29.470833,18-06-2012,131.0,267.7,97.60000000000001,42.9,24.21,12.259999,131.0
-29.744167,29.905833,18-06-2012,134.7,233.20000000000002,23.3,79.200005,26.369999,14.79,134.7
-26.861111,28.884722,18-06-2012,151.0,134.5,6.7,2.3,26.9,12.91,127.9
-26.73806,27.59194,18-06-2012,161.40001,147.0,7.300000000000001,1.8000001,27.859999,14.559999,139.7
-26.45,28.085833,18-06-2012,155.90001,141.4,7.1000000000000005,2.1000001,27.42,13.79,134.40001
-34.065833,20.404167,19-06-2012,178.8,11.200000000000001,0.6000000000000001,5.3,30.529999,17.39,11.400001
-25.127778,27.628889,19-06-2012,176.6,122.4,6.1000000000000005,2.9,32.02,17.26,116.4
-25.20639,27.558,19-06-2012,177.0,124.5,6.2,3.0,31.91,17.21,118.5
-24.69514,27.40906,19-06-2012,185.0,115.5,5.800000000000001,3.5,32.829998,18.289999,109.9
-27.363611,31.783333,19-06-2012,144.5,111.60000000000001,5.6000000000000005,33.0,30.849998,18.9,117.9
-30.733889,29.828333,19-06-2012,127.4,161.20000000000002,8.1,48.5,25.68,16.35,127.4
-27.169444,29.233889,19-06-2012,145.40001,142.6,7.1000000000000005,1.9,26.349998,12.58,135.6
-27.00222,28.76528,19-06-2012,150.40001,143.5,7.2,2.2,26.96,13.04,136.40001
-29.160278,26.573333,19-06-2012,181.7,134.9,6.7,1.1,29.13,14.349999,128.2
-29.028629,24.638389,19-06-2012,203.0,93.10000000000001,4.7,0.1,32.01,15.82,88.4
-29.161667,23.696389,20-06-2012,204.3,74.60000000000001,3.7,0.1,33.17,16.65,70.9
-24.282222,28.090278,20-06-2012,168.7,111.2,5.6000000000000005,3.1000001,30.9,16.1,105.8
-25.681111,31.783333,20-06-2012,142.2,124.2,6.2,24.1,31.13,18.01,122.8
-25.398889,31.610556,20-06-2012,140.8,124.60000000000001,6.2,22.0,31.029999,18.41,122.4
-30.398056,30.601944,20-06-2012,131.0,162.70000000000002,8.1,53.4,26.66,20.0,131.0
-30.27402,30.69602,20-06-2012,130.7,173.8,8.700000000000001,63.9,26.59,19.869999,130.7
-29.615556,27.065278,20-06-2012,169.8,154.3,7.7,1.1,28.09,13.75,146.6
-28.883333,27.89,20-06-2012,152.8,193.20000000000002,12.3,29.6,26.17,13.44,152.8
-34.405833,19.600556,20-06-2012,161.7,8.9,0.4,10.5,25.81,15.71,11.3
-24.670833,28.560833,21-06-2012,167.7,130.0,6.5,3.0,30.91,15.599999,123.6
-24.99328,30.81444,21-06-2012,132.5,185.9,9.3,112.8,25.55,12.67,132.5
-24.768889,31.39,21-06-2012,144.5,128.20000000000002,6.4,5.2000003,31.49,18.4,122.0
-27.802778,28.768333,21-06-2012,145.5,176.60000000000002,8.8,23.800001,26.18,12.429999,145.5
-27.935,26.126667,21-06-2012,187.40001,117.30000000000001,5.9,1.1,29.779999,14.79,111.5
-28.1175,26.719444,21-06-2012,179.40001,136.20000000000002,6.800000000000001,1.1,29.26,15.5,129.40001
-30.679722,26.7125,21-06-2012,170.8,100.9,5.0,1.0,29.279999,13.469999,95.9
-30.160091,27.40124,21-06-2012,163.2,146.1,7.300000000000001,1.5,27.74,13.809999,138.90001
-30.336111,27.359444,21-06-2012,164.1,137.1,6.9,1.5,27.81,13.349999,130.3
-33.501667,21.624167,21-06-2012,175.2,15.0,0.7000000000000001,0.1,28.5,13.059999,14.2
-34.329722,18.990278,21-06-2012,163.0,7.2,0.4,23.4,25.1,15.71,16.7
-25.436111,31.982222,22-06-2012,140.7,116.0,5.800000000000001,19.4,32.309998,18.39,113.700005
-25.14944444,31.94055556,22-06-2012,140.2,113.5,5.7,10.3,31.71,18.289999,108.700005
-29.658056,25.973333,22-06-2012,179.1,102.10000000000001,5.1000000000000005,0.90000004,28.939999,14.219999,97.1
-31.000833,26.353056,22-06-2012,167.3,76.0,3.8000000000000003,0.8,28.31,12.28,72.3
-29.803611,30.516111,22-06-2012,128.90001,240.3,33.1,83.8,26.26,16.67,128.90001
-27.363611,31.783333,24-11-2015,170.5,16.8,0.8,7.6,33.2,20.109999,16.5
-28.760833,17.730278,24-06-2012,239.2,4.4,0.2,0.0,36.239998,21.74,4.1
-24.679167,30.8025,25-06-2012,144.5,184.60000000000002,9.200000000000001,64.8,27.609999,14.559999,144.5
-25.99136,27.84208,25-06-2012,158.8,147.70000000000002,7.4,2.1000001,28.119999,14.75,140.40001
-25.362222,31.956667,25-06-2012,139.5,114.7,5.7,16.5,31.75,18.1,111.4
-25.14944444,31.94055556,25-06-2012,140.2,113.5,5.7,10.3,31.71,18.289999,108.700005
-27.01011111,26.69808333,26-06-2012,175.6,139.5,7.0,1.1,28.98,15.53,132.5
-24.183889,30.823889,26-06-2012,154.2,111.0,5.6000000000000005,3.5,32.62,18.609999,105.6
-29.758889,30.935278,26-06-2012,130.0,208.9,28.5,79.700005,26.859999,19.49,130.0
-29.380556,30.2775,26-06-2012,128.5,219.8,29.400000000000002,77.4,25.26,14.0,128.5
-26.861111,28.884722,26-06-2012,151.0,134.5,6.7,2.3,26.9,12.91,127.9
-26.880278,26.965,26-06-2012,168.40001,142.70000000000002,7.1000000000000005,1.5,28.869999,15.36,135.6
-26.45,28.085833,26-06-2012,155.90001,141.4,7.1000000000000005,2.1000001,27.42,13.79,134.40001
-26.98472222,26.63227778,26-06-2012,174.1,140.20000000000002,7.0,1.2,29.09,15.62,133.3
-34.039722,22.133333,26-06-2012,146.6,13.4,0.7000000000000001,5.7000003,26.119999,16.22,13.5
-33.7075,18.97444444,26-06-2012,204.7,13.5,0.7000000000000001,14.2,30.619999,17.16,16.9
-33.72266667,18.61691667,26-06-2012,195.3,9.200000000000001,0.5,11.8,28.65,17.18,12.1
-25.45963889,28.26430556,26-06-2012,167.0,126.9,6.300000000000001,2.4,30.599998,15.849999,120.700005
-29.161667,23.696389,27-06-2012,204.3,74.60000000000001,3.7,0.1,33.17,16.65,70.9
-25.81048333,27.90955222,27-06-2012,163.5,141.8,7.1000000000000005,2.2,29.289999,15.74,134.8
-30.830556,26.921389,27-06-2012,167.0,100.9,5.0,1.2,28.529999,12.969999,95.9
-24.058889,31.237222,27-06-2012,153.7,97.5,4.9,1.2,33.29,19.289999,92.6
-28.404444,30.013056,27-06-2012,150.2,184.3,9.200000000000001,28.9,28.74,15.19,150.2
-27.4275,28.525833,27-06-2012,150.40001,165.0,8.200000000000001,8.1,26.699999,12.91,150.40001
-34.031944,22.053333,27-06-2012,148.5,13.3,0.7000000000000001,5.1,26.3,15.9,13.3
-32.595833,19.009444,27-06-2012,213.8,19.700000000000003,1.0,5.1,33.0,16.38,19.2
-28.058889,30.373611,27-06-2012,147.1,182.3,9.1,45.100002,27.8,14.2,147.1
-25.447222,30.711667,27-06-2012,145.0,154.5,7.7,38.9,28.89,16.0,145.0
-29.161667,23.696389,28-06-2012,204.3,74.60000000000001,3.7,0.1,33.17,16.65,70.9
-29.641944,30.6875,28-06-2012,133.90001,241.4,31.1,84.200005,27.26,18.33,133.90001
-31.860278,18.6875,28-06-2012,211.8,17.3,0.9,0.7,31.519999,16.07,16.4
-27.5275,30.858056,28-06-2012,139.7,188.20000000000002,9.4,72.8,27.34,15.25,139.7
-29.380556,30.2775,28-06-2012,128.5,219.8,29.400000000000002,77.4,25.26,14.0,128.5
-27.00222,28.76528,28-06-2012,150.40001,143.5,7.2,2.2,26.96,13.04,136.40001
-26.648056,27.089444,28-06-2012,165.40001,144.3,7.2,1.6,28.46,14.83,137.2
-29.028629,24.638389,28-06-2012,203.0,93.10000000000001,4.7,0.1,32.01,15.82,88.4
-29.1825,23.575556,28-06-2012,208.8,70.2,3.5,0.1,33.18,16.77,66.6
-25.49037,30.6986,29-06-2012,143.3,158.20000000000002,7.9,46.8,28.34,15.36,143.3
-30.398056,30.601944,29-06-2012,131.0,162.70000000000002,8.1,53.4,26.66,20.0,131.0
-30.27402,30.69602,29-06-2012,130.7,173.8,8.700000000000001,63.9,26.59,19.869999,130.7
-27.935,26.126667,29-06-2012,187.40001,117.30000000000001,5.9,1.1,29.779999,14.79,111.5
-28.1175,26.719444,29-06-2012,179.40001,136.20000000000002,6.800000000000001,1.1,29.26,15.5,129.40001
-25.127778,27.628889,03-07-2012,176.6,122.4,6.1000000000000005,2.9,32.02,17.26,116.4
-25.20639,27.558,03-07-2012,177.0,124.5,6.2,3.0,31.91,17.21,118.5
-24.69514,27.40906,03-07-2012,185.0,115.5,5.800000000000001,3.5,32.829998,18.289999,109.9
-28.747778,31.745833,03-07-2012,147.8,158.20000000000002,7.9,25.800001,29.96,19.93,147.8
-31.5653,18.3306,03-07-2012,203.2,13.100000000000001,0.7000000000000001,0.2,29.98,16.119999,12.400001
-24.39619444,27.08983333,04-07-2012,184.5,104.30000000000001,5.2,4.0,33.2,18.529999,99.3
-28.801278,31.955389,04-07-2012,146.8,139.4,7.0,20.5,29.359999,19.82,136.90001
-27.935,26.126667,04-07-2012,187.40001,117.30000000000001,5.9,1.1,29.779999,14.79,111.5
-28.141944,26.417778,04-07-2012,184.3,133.4,6.7,1.1,29.57,15.179999,126.8
-28.1175,26.719444,04-07-2012,179.40001,136.20000000000002,6.800000000000001,1.1,29.26,15.5,129.40001
-28.75,30.442778,05-07-2012,152.1,182.8,9.1,23.4,29.949999,17.42,152.1
-29.161667,30.629722,05-07-2012,132.0,218.9,42.300000000000004,70.6,25.73,14.86,132.0
-28.460833,21.248889,05-07-2012,238.6,36.2,1.8,0.0,35.18,18.67,34.4
-34.092222,21.295278,05-07-2012,167.0,14.3,0.7000000000000001,4.7000003,28.38,16.029999,14.400001
-33.38056,19.30167,05-07-2012,193.8,18.5,0.9,9.1,28.68,14.16,19.800001
-27.4,26.624722,05-07-2012,182.6,134.0,6.7,1.2,29.529999,15.679999,127.4
-27.573056,24.746389,06-07-2012,207.0,113.4,5.7,0.4,32.09,16.56,107.700005
-28.760833,17.730278,08-07-2012,251.7,0.6000000000000001,0.0,0.0,36.739998,20.64,0.5
-29.028629,24.638389,09-07-2012,231.6,39.6,2.0,0.1,35.36,17.359999,37.7
-33.818056,19.694722,09-07-2012,210.2,15.9,0.8,5.4,30.779999,16.52,16.0
-26.861111,28.884722,10-07-2012,152.7,90.80000000000001,4.5,2.2,28.43,13.679999,86.3
-26.880278,26.965,10-07-2012,175.40001,58.300000000000004,2.9000000000000004,1.4,30.91,16.1,55.4
-26.45,28.085833,10-07-2012,160.7,75.7,3.8000000000000003,2.0,29.349998,14.99,72.0
-26.98472222,26.63227778,10-07-2012,183.7,54.6,2.7,1.1,31.679998,16.699999,51.9
-27.935,26.126667,10-07-2012,198.6,46.2,2.3000000000000003,1.0,32.2,15.95,44.0
-28.1175,26.719444,10-07-2012,191.7,48.300000000000004,2.4000000000000004,1.0,31.91,16.619999,45.9
-28.69485,28.23487,10-07-2012,155.40001,68.0,3.4000000000000004,10.1,28.07,13.61,82.0
-31.104278,29.399722,10-07-2012,141.3,79.10000000000001,4.0,13.5,27.779999,17.99,80.4
-31.396,29.2651,10-07-2012,143.3,78.2,3.9000000000000004,9.8,28.22,19.369999,77.1
-34.075556,20.145556,10-07-2012,195.2,18.1,0.9,5.2000003,30.46,17.359999,18.0
-25.45963889,28.26430556,10-07-2012,167.0,91.9,4.6000000000000005,2.3,31.449999,16.99,87.4
-28.338333,31.373611,10-07-2012,136.3,177.8,17.0,61.7,30.13,18.199999,136.3
-28.068333,31.55,10-07-2012,144.90001,172.8,8.6,37.5,32.03,20.06,144.90001
-28.760833,17.730278,11-07-2012,251.7,0.6000000000000001,0.0,0.0,36.739998,20.64,0.5
-29.161667,23.696389,11-07-2012,242.5,28.400000000000002,1.4000000000000001,0.1,36.38,18.05,27.0
-25.81048333,27.90955222,11-07-2012,166.5,83.60000000000001,4.2,2.1000001,30.73,17.08,79.5
-29.641944,30.6875,11-07-2012,135.1,85.7,4.3,50.2,29.09,19.01,115.3
-28.883333,27.89,11-07-2012,162.7,65.4,3.3000000000000003,10.900001,29.099998,14.219999,80.8
-30.568333,29.422778,11-07-2012,139.40001,86.5,4.3,15.3,26.72,13.49,88.4
-30.86013889,29.07125,11-07-2012,147.2,77.4,3.9000000000000004,4.2000003,28.15,16.48,73.9
-30.570833,29.150556,11-07-2012,142.3,89.0,4.4,15.5,26.55,13.41,95.1
-30.77586667,29.03221667,11-07-2012,148.0,79.4,4.0,8.3,28.09,16.09,77.4
-34.250556,20.9925,11-07-2012,181.5,21.8,1.1,7.6,29.369999,17.38,21.800001
-28.44555556,32.325,09-10-2012,136.2,233.4,45.800000000000004,74.8,30.269999,20.689999,136.2
-26.648056,27.089444,12-07-2012,171.8,60.7,3.0,1.5,30.349998,15.639999,57.7
-27.902778,24.615556,12-07-2012,229.7,48.5,2.4000000000000004,0.3,35.71,18.05,46.0
-28.768056,20.720556,12-07-2012,270.80002,14.3,0.7000000000000001,0.0,37.37,19.77,13.6
-31.031389,28.883333,12-07-2012,145.3,78.10000000000001,3.9000000000000004,4.1,27.72,15.969999,74.5
-29.7775,29.470833,16-07-2012,136.1,118.10000000000001,5.9,27.800001,25.849998,12.92,127.3
-29.987778,29.851667,16-07-2012,135.90001,93.30000000000001,4.7,54.2,27.22,14.839999,118.5
-29.744167,29.905833,16-07-2012,140.6,92.30000000000001,4.6000000000000005,45.7,28.199999,15.46,121.1
-33.897778,20.012778,16-07-2012,198.5,15.8,0.8,4.3,31.07,16.859999,15.6
-27.01011111,26.69808333,17-07-2012,184.40001,53.6,2.7,1.1,31.519999,16.449999,51.0
-34.065833,20.404167,17-07-2012,193.7,16.900000000000002,0.8,4.7000003,31.199999,18.06,16.7
-25.127778,27.628889,17-07-2012,178.2,76.7,3.8000000000000003,2.8,33.01,18.27,73.0
-25.20639,27.558,17-07-2012,176.5,74.5,3.7,2.9,32.76,18.119999,70.9
-24.69514,27.40906,17-07-2012,178.7,85.10000000000001,4.3,3.3,33.05,19.23,81.0
-25.73411,27.21422,17-07-2012,167.3,75.0,3.8000000000000003,2.1000001,30.769999,15.799999,71.4
-27.363611,31.783333,17-07-2012,138.90001,144.4,7.2,32.600002,32.0,19.26,137.6
-30.733889,29.828333,17-07-2012,133.8,83.9,4.2,24.1,27.369999,17.199999,104.1
-26.648056,27.089444,17-07-2012,171.8,60.7,3.0,1.5,30.349998,15.639999,57.7
-26.970278,27.211111,17-07-2012,173.8,60.6,3.0,1.5,30.55,15.889999,57.7
-26.45,28.085833,17-07-2012,160.7,75.7,3.8000000000000003,2.0,29.349998,14.99,72.0
-26.98472222,26.63227778,17-07-2012,183.7,54.6,2.7,1.1,31.679998,16.699999,51.9
-27.935,26.126667,17-07-2012,198.6,46.2,2.3000000000000003,1.0,32.2,15.95,44.0
-29.160278,26.573333,17-07-2012,204.2,46.2,2.3000000000000003,1.0,32.48,15.509999,43.9
-33.870833,20.003333,17-07-2012,198.6,14.8,0.7000000000000001,4.7000003,31.429998,17.0,14.8
-29.161667,23.696389,18-07-2012,242.5,28.400000000000002,1.4000000000000001,0.1,36.38,18.05,27.0
-24.39619444,27.08983333,18-07-2012,178.7,77.9,3.9000000000000004,3.8,33.5,19.35,74.200005
-26.905,32.324722,18-07-2012,144.0,159.5,8.0,36.7,33.809998,20.43,144.0
-30.398056,30.601944,18-07-2012,137.7,89.0,4.4,27.7,28.46,20.83,110.200005
-30.27402,30.69602,18-07-2012,136.7,88.7,4.4,35.100002,28.4,20.63,113.0
-27.169444,29.233889,18-07-2012,148.5,96.80000000000001,4.800000000000001,1.8000001,28.01,13.32,92.0
-26.861111,28.884722,18-07-2012,152.7,90.80000000000001,4.5,2.2,28.43,13.679999,86.3
-28.69485,28.23487,18-07-2012,155.40001,68.0,3.4000000000000004,10.1,28.07,13.61,82.0
-29.615556,27.065278,18-07-2012,190.7,53.0,2.6,1.1,31.05,14.969999,50.4
-28.883333,27.89,18-07-2012,162.7,65.4,3.3000000000000003,10.900001,29.099998,14.219999,80.8
-34.02861,22.22222,18-07-2012,156.6,31.8,1.6,5.5,26.23,16.9,30.9
-34.405833,19.600556,18-07-2012,168.7,25.1,1.3,8.7,26.22,16.47,25.6
-30.160091,27.40124,19-07-2012,184.1,54.900000000000006,2.7,1.4,30.49,14.96,52.2
-30.336111,27.359444,19-07-2012,185.8,53.6,2.7,1.5,30.429998,14.54,50.9
-30.830556,26.921389,20-07-2012,197.7,40.5,2.0,1.1,31.08,14.28,38.5
-29.658056,25.973333,20-07-2012,213.6,35.1,1.8,0.90000004,32.53,15.349999,33.4
-31.000833,26.353056,20-07-2012,207.0,32.4,1.6,0.8,30.63,13.639999,30.800001
-30.679722,26.7125,20-07-2012,205.2,37.7,1.9000000000000001,1.0,32.27,14.929999,35.9
-28.460833,21.248889,20-07-2012,258.2,22.3,1.1,0.0,37.45,19.449999,21.2
-29.803611,30.516111,20-07-2012,132.3,80.2,4.0,48.3,28.029999,17.46,111.700005
-31.5653,18.3306,21-07-2012,226.8,0.5,0.0,0.2,31.15,16.57,0.5
-24.679167,30.8025,23-07-2012,131.7,249.5,56.800000000000004,125.9,27.07,15.29,131.7
-25.99136,27.84208,23-07-2012,163.40001,84.10000000000001,4.2,2.0,29.8,16.13,80.0
-26.880278,26.965,23-07-2012,175.40001,58.300000000000004,2.9000000000000004,1.4,30.91,16.1,55.4
-26.98472222,26.63227778,23-07-2012,183.7,54.6,2.7,1.1,31.679998,16.699999,51.9
-33.31388889,19.07472222,23-07-2012,220.3,10.200000000000001,0.5,10.6,31.56,16.83,11.900001
-24.183889,30.823889,24-07-2012,148.0,152.8,7.6000000000000005,3.4,32.69,19.99,145.3
-26.861111,28.884722,24-07-2012,152.7,90.80000000000001,4.5,2.2,28.43,13.679999,86.3
-26.970278,27.211111,24-07-2012,173.8,60.6,3.0,1.5,30.55,15.889999,57.7
-27.802778,28.768333,24-07-2012,150.7,80.7,4.0,11.1,28.349998,13.24,89.4
-28.69485,28.23487,24-07-2012,155.40001,68.0,3.4000000000000004,10.1,28.07,13.61,82.0
-33.501667,21.624167,24-07-2012,195.5,19.900000000000002,1.0,0.1,29.84,14.009999,18.9
-29.161667,23.696389,25-07-2012,242.5,28.400000000000002,1.4000000000000001,0.1,36.38,18.05,27.0
-25.81048333,27.90955222,25-07-2012,166.5,83.60000000000001,4.2,2.1000001,30.73,17.08,79.5
-24.034167,31.123611,25-07-2012,143.0,165.10000000000002,8.3,14.900001,32.48,19.88,143.0
-29.380556,30.2775,25-07-2012,132.0,112.80000000000001,5.6000000000000005,61.7,27.019999,14.5199995,122.9
-28.058889,30.373611,25-07-2012,143.8,140.3,7.0,39.100002,28.67,14.549999,139.3
-29.641944,30.6875,26-07-2012,135.1,85.7,4.3,50.2,29.09,19.01,115.3
-31.860278,18.6875,26-07-2012,235.40001,1.3,0.1,0.7,32.469997,16.43,1.2
-27.5275,30.858056,26-07-2012,136.1,181.10000000000002,45.0,72.8,28.34,15.509999,136.1
-29.380556,30.2775,26-07-2012,132.0,112.80000000000001,5.6000000000000005,61.7,27.019999,14.5199995,122.9
-27.00222,28.76528,26-07-2012,154.2,84.7,4.2,2.1000001,28.74,13.889999,80.5
-26.648056,27.089444,26-07-2012,171.8,60.7,3.0,1.5,30.349998,15.639999,57.7
-29.758889,30.935278,27-07-2012,132.5,121.4,6.1000000000000005,68.9,28.67,20.23,126.200005
-30.27402,30.69602,28-07-2012,136.7,88.7,4.4,35.100002,28.4,20.63,113.0
-27.01011111,26.69808333,30-07-2012,184.40001,53.6,2.7,1.1,31.519999,16.449999,51.0
-26.648056,27.089444,30-07-2012,171.8,60.7,3.0,1.5,30.349998,15.639999,57.7
-26.880278,26.965,30-07-2012,175.40001,58.300000000000004,2.9000000000000004,1.4,30.91,16.1,55.4
-26.98472222,26.63227778,30-07-2012,183.7,54.6,2.7,1.1,31.679998,16.699999,51.9
-31.554722,29.245556,30-07-2012,134.90001,80.5,4.0,11.8,26.91,18.289999,81.0
-33.38056,19.30167,30-07-2012,208.3,12.700000000000001,0.6000000000000001,7.6,29.25,14.219999,13.5
-25.127778,27.628889,31-07-2012,178.2,76.7,3.8000000000000003,2.8,33.01,18.27,73.0
-25.20639,27.558,31-07-2012,176.5,74.5,3.7,2.9,32.76,18.119999,70.9
-26.861111,28.884722,31-07-2012,152.7,90.80000000000001,4.5,2.2,28.43,13.679999,86.3
-26.970278,27.211111,31-07-2012,173.8,60.6,3.0,1.5,30.55,15.889999,57.7
-26.73806,27.59194,31-07-2012,165.90001,67.4,3.4000000000000004,1.7,29.84,15.49,64.1
-26.45,28.085833,31-07-2012,160.7,75.7,3.8000000000000003,2.0,29.349998,14.99,72.0
-31.104278,29.399722,31-07-2012,141.3,79.10000000000001,4.0,13.5,27.779999,17.99,80.4
-24.39619444,27.08983333,01-08-2012,178.7,77.9,3.9000000000000004,3.8,33.5,19.35,74.200005
-27.169444,29.233889,01-08-2012,148.5,96.80000000000001,4.800000000000001,1.8000001,28.01,13.32,92.0
-28.141944,26.417778,01-08-2012,197.6,47.400000000000006,2.4000000000000004,1.1,32.149998,16.41,45.100002
-28.1175,26.719444,01-08-2012,191.7,48.300000000000004,2.4000000000000004,1.0,31.91,16.619999,45.9
-33.13083,18.86278,01-08-2012,216.0,8.0,0.4,8.7,32.12,17.77,9.2
-28.75,30.442778,02-08-2012,151.6,113.4,5.7,13.8,31.64,17.82,117.3
-29.161667,30.629722,02-08-2012,129.3,140.0,10.700000000000001,70.6,27.14,15.639999,129.3
-27.00222,28.76528,02-08-2012,154.2,84.7,4.2,2.1000001,28.74,13.889999,80.5
-26.648056,27.089444,02-08-2012,171.8,60.7,3.0,1.5,30.349998,15.639999,57.7
-27.398611,26.614722,02-08-2012,192.90001,49.0,2.5,1.1,32.11,16.74,46.600002
-28.376944,24.303056,02-08-2012,231.8,46.7,2.3000000000000003,0.3,36.0,17.789999,44.4
-27.671111,27.236944,03-08-2012,181.8,53.1,2.7,1.2,31.199999,15.66,50.5
-28.735556,29.820556,04-08-2012,151.2,113.0,5.6000000000000005,15.900001,30.63,16.01,132.1
-28.760833,17.730278,05-08-2012,251.7,0.6000000000000001,0.0,0.0,36.739998,20.64,0.5
-25.99136,27.84208,06-08-2012,163.40001,84.10000000000001,4.2,2.0,29.8,16.13,80.0
-26.970278,27.211111,06-08-2012,173.8,60.6,3.0,1.5,30.55,15.889999,57.7
-33.818056,19.694722,06-08-2012,210.2,15.9,0.8,5.4,30.779999,16.52,16.0
-27.01011111,26.69808333,07-08-2012,184.40001,53.6,2.7,1.1,31.519999,16.449999,51.0
-29.641944,30.6875,07-08-2012,135.1,85.7,4.3,50.2,29.09,19.01,115.3
-28.735556,29.820556,07-08-2012,151.2,113.0,5.6000000000000005,15.900001,30.63,16.01,132.1
-26.880278,26.965,07-08-2012,175.40001,58.300000000000004,2.9000000000000004,1.4,30.91,16.1,55.4
-26.98472222,26.63227778,07-08-2012,183.7,54.6,2.7,1.1,31.679998,16.699999,51.9
-27.398611,26.614722,07-08-2012,192.90001,49.0,2.5,1.1,32.11,16.74,46.600002
-34.075556,20.145556,07-08-2012,195.2,18.1,0.9,5.2000003,30.46,17.359999,18.0
-25.45963889,28.26430556,07-08-2012,167.0,91.9,4.6000000000000005,2.3,31.449999,16.99,87.4
-28.338333,31.373611,07-08-2012,136.3,177.8,17.0,61.7,30.13,18.199999,136.3
-28.068333,31.55,07-08-2012,144.90001,172.8,8.6,37.5,32.03,20.06,144.90001
-25.57877778,29.12747222,07-08-2012,161.40001,115.80000000000001,5.800000000000001,2.1000001,30.66,15.73,110.1
-25.81048333,27.90955222,08-08-2012,166.5,83.60000000000001,4.2,2.1000001,30.73,17.08,79.5
-28.44555556,32.325,31-10-2012,136.2,233.4,45.800000000000004,74.8,30.269999,20.689999,136.2
-26.861111,28.884722,08-08-2012,152.7,90.80000000000001,4.5,2.2,28.43,13.679999,86.3
-26.45,28.085833,08-08-2012,160.7,75.7,3.8000000000000003,2.0,29.349998,14.99,72.0
-27.273889,28.49,09-08-2012,157.5,76.3,3.8000000000000003,1.8000001,29.07,14.299999,72.6
-27.802778,28.768333,09-08-2012,150.7,80.7,4.0,11.1,28.349998,13.24,89.4
-27.00222,28.76528,10-08-2012,154.2,84.7,4.2,2.1000001,28.74,13.889999,80.5
-27.02314,28.59389,10-08-2012,157.0,80.7,4.0,2.1000001,29.109999,14.24,76.8
-26.648056,27.089444,10-08-2012,171.8,60.7,3.0,1.5,30.349998,15.639999,57.7
-27.573056,24.746389,10-08-2012,221.3,49.800000000000004,2.5,0.4,35.12,17.67,47.3
-34.065833,20.404167,12-08-2012,193.7,16.900000000000002,0.8,4.7000003,31.199999,18.06,16.7
-27.01011111,26.69808333,13-08-2012,184.40001,53.6,2.7,1.1,31.519999,16.449999,51.0
-29.7775,29.470833,13-08-2012,136.1,118.10000000000001,5.9,27.800001,25.849998,12.92,127.3
-29.987778,29.851667,13-08-2012,135.90001,93.30000000000001,4.7,54.2,27.22,14.839999,118.5
-29.744167,29.905833,13-08-2012,140.6,92.30000000000001,4.6000000000000005,45.7,28.199999,15.46,121.1
-26.880278,26.965,13-08-2012,175.40001,58.300000000000004,2.9000000000000004,1.4,30.91,16.1,55.4
-26.98472222,26.63227778,13-08-2012,183.7,54.6,2.7,1.1,31.679998,16.699999,51.9
-25.127778,27.628889,14-08-2012,178.2,76.7,3.8000000000000003,2.8,33.01,18.27,73.0
-24.39619444,27.08983333,14-08-2012,178.7,77.9,3.9000000000000004,3.8,33.5,19.35,74.200005
-24.69514,27.40906,14-08-2012,178.7,85.10000000000001,4.3,3.3,33.05,19.23,81.0
-25.73411,27.21422,14-08-2012,167.3,75.0,3.8000000000000003,2.1000001,30.769999,15.799999,71.4
-26.03611,30.99778,14-08-2012,144.3,237.20000000000002,81.5,139.7,29.47,17.64,144.3
-27.363611,31.783333,14-08-2012,138.90001,144.4,7.2,32.600002,32.0,19.26,137.6
-26.73806,27.59194,14-08-2012,165.90001,67.4,3.4000000000000004,1.7,29.84,15.49,64.1
-26.45,28.085833,14-08-2012,160.7,75.7,3.8000000000000003,2.0,29.349998,14.99,72.0
-27.273889,28.49,14-08-2012,157.5,76.3,3.8000000000000003,1.8000001,29.07,14.299999,72.6
-29.160278,26.573333,14-08-2012,204.2,46.2,2.3000000000000003,1.0,32.48,15.509999,43.9
-34.250556,20.9925,14-08-2012,181.5,21.8,1.1,7.6,29.369999,17.38,21.800001
-33.897778,20.012778,14-08-2012,198.5,15.8,0.8,4.3,31.07,16.859999,15.6
-25.20639,27.558,15-08-2012,176.5,74.5,3.7,2.9,32.76,18.119999,70.9
-25.49037,30.6986,15-08-2012,138.5,185.8,9.3,84.8,28.83,16.359999,138.5
-30.398056,30.601944,15-08-2012,137.7,89.0,4.4,27.7,28.46,20.83,110.200005
-30.27402,30.69602,15-08-2012,136.7,88.7,4.4,35.100002,28.4,20.63,113.0
-27.169444,29.233889,15-08-2012,148.5,96.80000000000001,4.800000000000001,1.8000001,28.01,13.32,92.0
-27.3,28.586944,15-08-2012,156.7,79.10000000000001,4.0,1.8000001,28.98,14.139999,75.3
-29.033333,23.983333,15-08-2012,236.2,33.300000000000004,1.7000000000000002,0.2,35.89,17.449999,31.7
-28.69485,28.23487,15-08-2012,155.40001,68.0,3.4000000000000004,10.1,28.07,13.61,82.0
-29.615556,27.065278,15-08-2012,190.7,53.0,2.6,1.1,31.05,14.969999,50.4
-28.883333,27.89,15-08-2012,162.7,65.4,3.3000000000000003,10.900001,29.099998,14.219999,80.8
-34.405833,19.600556,15-08-2012,168.7,25.1,1.3,8.7,26.22,16.47,25.6
-25.447222,30.711667,15-08-2012,141.3,182.10000000000002,9.1,70.6,29.39,17.02,141.3
-30.13573889,30.67422222,16-08-2012,137.40001,85.10000000000001,4.3,41.100002,28.72,20.63,115.4
-26.648056,27.089444,16-08-2012,171.8,60.7,3.0,1.5,30.349998,15.639999,57.7
-27.902778,24.615556,16-08-2012,229.7,48.5,2.4000000000000004,0.3,35.71,18.05,46.0
-30.160091,27.40124,16-08-2012,184.1,54.900000000000006,2.7,1.4,30.49,14.96,52.2
-30.336111,27.359444,16-08-2012,185.8,53.6,2.7,1.5,30.429998,14.54,50.9
-30.830556,26.921389,17-08-2012,197.7,40.5,2.0,1.1,31.08,14.28,38.5
-29.658056,25.973333,17-08-2012,213.6,35.1,1.8,0.90000004,32.53,15.349999,33.4
-31.000833,26.353056,17-08-2012,207.0,32.4,1.6,0.8,30.63,13.639999,30.800001
-30.679722,26.7125,17-08-2012,205.2,37.7,1.9000000000000001,1.0,32.27,14.929999,35.9
-29.803611,30.516111,17-08-2012,132.3,80.2,4.0,48.3,28.029999,17.46,111.700005
-28.760833,17.730278,18-08-2012,251.7,0.6000000000000001,0.0,0.0,36.739998,20.64,0.5
-22.43772222,31.07805556,19-08-2012,157.2,149.8,7.5,0.5,34.96,20.75,142.3
-24.679167,30.8025,20-08-2012,131.7,249.5,56.800000000000004,125.9,27.07,15.29,131.7
-25.99136,27.84208,20-08-2012,163.40001,84.10000000000001,4.2,2.0,29.8,16.13,80.0
-30.27402,30.69602,20-08-2012,136.7,88.7,4.4,35.100002,28.4,20.63,113.0
-26.880278,26.965,20-08-2012,175.40001,58.300000000000004,2.9000000000000004,1.4,30.91,16.1,55.4
-26.98472222,26.63227778,20-08-2012,183.7,54.6,2.7,1.1,31.679998,16.699999,51.9
-33.7075,18.97444444,20-08-2012,214.3,15.600000000000001,0.8,11.7,30.72,17.52,17.4
-24.183889,30.823889,21-08-2012,148.0,152.8,7.6000000000000005,3.4,32.69,19.99,145.3
-29.380556,30.2775,21-08-2012,132.0,112.80000000000001,5.6000000000000005,61.7,27.019999,14.5199995,122.9
-26.45,28.085833,21-08-2012,160.7,75.7,3.8000000000000003,2.0,29.349998,14.99,72.0
-33.464444,18.740556,21-08-2012,214.3,12.100000000000001,0.6000000000000001,9.0,30.269999,17.33,13.3
-25.45963889,28.26430556,21-08-2012,167.0,91.9,4.6000000000000005,2.3,31.449999,16.99,87.4
-25.81048333,27.90955222,22-08-2012,166.5,83.60000000000001,4.2,2.1000001,30.73,17.08,79.5
-24.058889,31.237222,22-08-2012,145.1,151.4,7.6000000000000005,1.2,32.89,20.09,143.90001
-27.169444,29.233889,22-08-2012,148.5,96.80000000000001,4.800000000000001,1.8000001,28.01,13.32,92.0
-27.273889,28.49,22-08-2012,157.5,76.3,3.8000000000000003,1.8000001,29.07,14.299999,72.6
-27.802778,28.768333,22-08-2012,150.7,80.7,4.0,11.1,28.349998,13.24,89.4
-28.058889,30.373611,22-08-2012,143.8,140.3,7.0,39.100002,28.67,14.549999,139.3
-29.161667,23.696389,23-08-2012,242.5,28.400000000000002,1.4000000000000001,0.1,36.38,18.05,27.0
-28.7115,24.07288889,23-08-2012,236.0,40.6,2.0,0.2,36.219997,17.789999,38.600002
-31.860278,18.6875,23-08-2012,235.40001,1.3,0.1,0.7,32.469997,16.43,1.2
-27.937778,31.209444,23-08-2012,139.7,158.3,7.9,38.9,29.9,17.49,139.7
-26.648056,27.089444,23-08-2012,171.8,60.7,3.0,1.5,30.349998,15.639999,57.7
-29.1825,23.575556,23-08-2012,242.40001,26.900000000000002,1.3,0.1,36.309998,18.21,25.6
-34.031944,22.053333,23-08-2012,162.2,29.700000000000003,1.5,4.6,27.08,16.75,28.800001
-34.02861,22.22222,23-08-2012,156.6,31.8,1.6,5.5,26.23,16.9,30.9
-23.838611,31.640833,24-08-2012,148.8,137.8,6.9,0.90000004,34.219997,20.81,130.90001
-32.502778,19.535833,24-08-2012,237.5,2.6,0.1,0.7,33.739998,16.43,2.5
-29.380556,30.2775,26-08-2012,132.0,112.80000000000001,5.6000000000000005,61.7,27.019999,14.5199995,122.9
-29.641944,30.6875,27-08-2012,135.1,85.7,4.3,50.2,29.09,19.01,115.3
-29.758889,30.935278,27-08-2012,132.5,121.4,6.1000000000000005,68.9,28.67,20.23,126.200005
-27.01011111,26.69808333,28-08-2012,184.40001,53.6,2.7,1.1,31.519999,16.449999,51.0
-25.127778,27.628889,28-08-2012,178.2,76.7,3.8000000000000003,2.8,33.01,18.27,73.0
-25.20639,27.558,28-08-2012,176.5,74.5,3.7,2.9,32.76,18.119999,70.9
-24.69514,27.40906,28-08-2012,178.7,85.10000000000001,4.3,3.3,33.05,19.23,81.0
-28.747778,31.745833,28-08-2012,139.6,190.70000000000002,13.600000000000001,63.3,31.019999,20.27,139.6
-26.970278,27.211111,28-08-2012,173.8,60.6,3.0,1.5,30.55,15.889999,57.7
-26.880278,26.965,28-08-2012,175.40001,58.300000000000004,2.9000000000000004,1.4,30.91,16.1,55.4
-26.45,28.085833,28-08-2012,160.7,75.7,3.8000000000000003,2.0,29.349998,14.99,72.0
-26.98472222,26.63227778,28-08-2012,183.7,54.6,2.7,1.1,31.679998,16.699999,51.9
-30.86013889,29.07125,28-08-2012,147.2,77.4,3.9000000000000004,4.2000003,28.15,16.48,73.9
-31.104278,29.399722,28-08-2012,141.3,79.10000000000001,4.0,13.5,27.779999,17.99,80.4
-31.396,29.2651,28-08-2012,143.3,78.2,3.9000000000000004,9.8,28.22,19.369999,77.1
-31.554722,29.245556,28-08-2012,134.90001,80.5,4.0,11.8,26.91,18.289999,81.0
-33.501667,21.624167,28-08-2012,195.5,19.900000000000002,1.0,0.1,29.84,14.009999,18.9
-31.5653,18.3306,28-08-2012,226.8,0.5,0.0,0.2,31.15,16.57,0.5
-29.161667,23.696389,29-08-2012,242.5,28.400000000000002,1.4000000000000001,0.1,36.38,18.05,27.0
-28.801278,31.955389,29-08-2012,139.7,195.20000000000002,9.8,66.3,30.679998,20.449999,139.7
-28.141944,26.417778,29-08-2012,197.6,47.400000000000006,2.4000000000000004,1.1,32.149998,16.41,45.100002
-28.1175,26.719444,29-08-2012,191.7,48.300000000000004,2.4000000000000004,1.0,31.91,16.619999,45.9
-30.568333,29.422778,29-08-2012,139.40001,86.5,4.3,15.3,26.72,13.49,88.4
-30.77586667,29.03221667,29-08-2012,148.0,79.4,4.0,8.3,28.09,16.09,77.4
-33.13083,18.86278,29-08-2012,216.0,8.0,0.4,8.7,32.12,17.77,9.2
-24.282222,28.090278,30-08-2012,160.8,137.4,6.9,2.9,31.019999,17.07,130.7
-28.75,30.442778,30-08-2012,151.6,113.4,5.7,13.8,31.64,17.82,117.3
-29.161667,30.629722,30-08-2012,129.3,140.0,10.700000000000001,70.6,27.14,15.639999,129.3
-27.00222,28.76528,30-08-2012,154.2,84.7,4.2,2.1000001,28.74,13.889999,80.5
-27.398611,26.614722,30-08-2012,192.90001,49.0,2.5,1.1,32.11,16.74,46.600002
-27.671111,27.236944,30-08-2012,181.8,53.1,2.7,1.2,31.199999,15.66,50.5
-33.38056,19.30167,30-08-2012,208.3,12.700000000000001,0.6000000000000001,7.6,29.25,14.219999,13.5
-27.902778,24.615556,31-08-2012,229.7,48.5,2.4000000000000004,0.3,35.71,18.05,46.0
-28.760833,17.730278,02-09-2012,251.7,0.6000000000000001,0.0,0.0,36.739998,20.64,0.5
-25.99136,27.84208,03-09-2012,163.40001,84.10000000000001,4.2,2.0,29.8,16.13,80.0
-22.43772222,31.07805556,03-09-2012,157.2,149.8,7.5,0.5,34.96,20.75,142.3
-26.970278,27.211111,03-09-2012,173.8,60.6,3.0,1.5,30.55,15.889999,57.7
-27.3,28.586944,03-09-2012,156.7,79.10000000000001,4.0,1.8000001,28.98,14.139999,75.3
-31.031389,28.883333,03-09-2012,145.3,78.10000000000001,3.9000000000000004,4.1,27.72,15.969999,74.5
-33.818056,19.694722,03-09-2012,210.2,15.9,0.8,5.4,30.779999,16.52,16.0
-27.01011111,26.69808333,04-09-2012,184.40001,53.6,2.7,1.1,31.519999,16.449999,51.0
-26.880278,26.965,04-09-2012,175.40001,58.300000000000004,2.9000000000000004,1.4,30.91,16.1,55.4
-26.98472222,26.63227778,04-09-2012,183.7,54.6,2.7,1.1,31.679998,16.699999,51.9
-27.671111,27.236944,04-09-2012,181.8,53.1,2.7,1.2,31.199999,15.66,50.5
-34.075556,20.145556,04-09-2012,195.2,18.1,0.9,5.2000003,30.46,17.359999,18.0
-25.45963889,28.26430556,04-09-2012,167.0,91.9,4.6000000000000005,2.3,31.449999,16.99,87.4
-28.338333,31.373611,04-09-2012,136.3,177.8,17.0,61.7,30.13,18.199999,136.3
-28.068333,31.55,04-09-2012,144.90001,172.8,8.6,37.5,32.03,20.06,144.90001
-27.4,26.624722,04-09-2012,192.90001,49.0,2.5,1.1,32.11,16.74,46.600002
-29.161667,23.696389,05-09-2012,242.5,28.400000000000002,1.4000000000000001,0.1,36.38,18.05,27.0
-25.81048333,27.90955222,05-09-2012,166.5,83.60000000000001,4.2,2.1000001,30.73,17.08,79.5
-27.602222,29.942778,05-09-2012,151.2,133.4,6.7,13.0,29.33,14.849999,131.7
-27.169444,29.233889,05-09-2012,148.5,96.80000000000001,4.800000000000001,1.8000001,28.01,13.32,92.0
-26.73806,27.59194,05-09-2012,165.90001,67.4,3.4000000000000004,1.7,29.84,15.49,64.1
-26.45,28.085833,05-09-2012,160.7,75.7,3.8000000000000003,2.0,29.349998,14.99,72.0
-29.641944,30.6875,06-09-2012,135.1,85.7,4.3,50.2,29.09,19.01,115.3
-29.161667,23.696389,07-09-2012,242.5,28.400000000000002,1.4000000000000001,0.1,36.38,18.05,27.0
-28.7115,24.07288889,07-09-2012,236.0,40.6,2.0,0.2,36.219997,17.789999,38.600002
-27.02314,28.59389,07-09-2012,157.0,80.7,4.0,2.1000001,29.109999,14.24,76.8
-27.273889,28.49,07-09-2012,157.5,76.3,3.8000000000000003,1.8000001,29.07,14.299999,72.6
-29.1825,23.575556,07-09-2012,242.40001,26.900000000000002,1.3,0.1,36.309998,18.21,25.6
-29.028629,24.638389,08-09-2012,231.6,39.6,2.0,0.1,35.36,17.359999,37.7
-27.01011111,26.69808333,10-09-2012,184.40001,53.6,2.7,1.1,31.519999,16.449999,51.0
-29.987778,29.851667,10-09-2012,135.90001,93.30000000000001,4.7,54.2,27.22,14.839999,118.5
-29.744167,29.905833,10-09-2012,140.6,92.30000000000001,4.6000000000000005,45.7,28.199999,15.46,121.1
-26.98472222,26.63227778,10-09-2012,183.7,54.6,2.7,1.1,31.679998,16.699999,51.9
-29.160278,26.573333,10-09-2012,204.2,46.2,2.3000000000000003,1.0,32.48,15.509999,43.9
-34.065833,20.404167,11-09-2012,193.7,16.900000000000002,0.8,4.7000003,31.199999,18.06,16.7
-25.127778,27.628889,11-09-2012,178.2,76.7,3.8000000000000003,2.8,33.01,18.27,73.0
-24.39619444,27.08983333,11-09-2012,178.7,77.9,3.9000000000000004,3.8,33.5,19.35,74.200005
-24.69514,27.40906,11-09-2012,178.7,85.10000000000001,4.3,3.3,33.05,19.23,81.0
-27.363611,31.783333,11-09-2012,138.90001,144.4,7.2,32.600002,32.0,19.26,137.6
-30.733889,29.828333,11-09-2012,133.8,83.9,4.2,24.1,27.369999,17.199999,104.1
-26.970278,27.211111,11-09-2012,173.8,60.6,3.0,1.5,30.55,15.889999,57.7
-26.45,28.085833,11-09-2012,160.7,75.7,3.8000000000000003,2.0,29.349998,14.99,72.0
-28.69485,28.23487,11-09-2012,155.40001,68.0,3.4000000000000004,10.1,28.07,13.61,82.0
-29.615556,27.065278,11-09-2012,190.7,53.0,2.6,1.1,31.05,14.969999,50.4
-28.883333,27.89,11-09-2012,162.7,65.4,3.3000000000000003,10.900001,29.099998,14.219999,80.8
-33.897778,20.012778,11-09-2012,198.5,15.8,0.8,4.3,31.07,16.859999,15.6
-29.161667,23.696389,12-09-2012,242.5,28.400000000000002,1.4000000000000001,0.1,36.38,18.05,27.0
-25.20639,27.558,12-09-2012,176.5,74.5,3.7,2.9,32.76,18.119999,70.9
-22.769722,30.886944,12-09-2012,147.3,187.0,9.3,33.600002,32.75,19.63,147.3
-28.44555556,32.325,24-01-2013,128.8,98.60000000000001,4.9,9.6,27.63,20.47,95.200005
-26.905,32.324722,12-09-2012,144.0,159.5,8.0,36.7,33.809998,20.43,144.0
-30.398056,30.601944,12-09-2012,137.7,89.0,4.4,27.7,28.46,20.83,110.200005
-30.27402,30.69602,12-09-2012,136.7,88.7,4.4,35.100002,28.4,20.63,113.0
-30.160091,27.40124,12-09-2012,184.1,54.900000000000006,2.7,1.4,30.49,14.96,52.2
-30.336111,27.359444,12-09-2012,185.8,53.6,2.7,1.5,30.429998,14.54,50.9
-28.768056,20.720556,12-09-2012,270.80002,14.3,0.7000000000000001,0.0,37.37,19.77,13.6
-34.405833,19.600556,12-09-2012,168.7,25.1,1.3,8.7,26.22,16.47,25.6
-30.830556,26.921389,13-09-2012,197.7,40.5,2.0,1.1,31.08,14.28,38.5
-27.00222,28.76528,13-09-2012,154.2,84.7,4.2,2.1000001,28.74,13.889999,80.5
-26.648056,27.089444,13-09-2012,171.8,60.7,3.0,1.5,30.349998,15.639999,57.7
-31.000833,26.353056,13-09-2012,207.0,32.4,1.6,0.8,30.63,13.639999,30.800001
-30.679722,26.7125,13-09-2012,205.2,37.7,1.9000000000000001,1.0,32.27,14.929999,35.9
-34.329722,18.990278,13-09-2012,164.0,27.1,1.4000000000000001,18.2,25.0,16.01,30.9
-27.573056,24.746389,14-09-2012,221.3,49.800000000000004,2.5,0.4,35.12,17.67,47.3
-29.658056,25.973333,14-09-2012,213.6,35.1,1.8,0.90000004,32.53,15.349999,33.4
-29.803611,30.516111,14-09-2012,132.3,80.2,4.0,48.3,28.029999,17.46,111.700005
-29.161667,23.696389,17-09-2012,242.5,28.400000000000002,1.4000000000000001,0.1,36.38,18.05,27.0
-25.99136,27.84208,17-09-2012,163.40001,84.10000000000001,4.2,2.0,29.8,16.13,80.0
-26.73806,27.59194,17-09-2012,165.90001,67.4,3.4000000000000004,1.7,29.84,15.49,64.1
-26.45,28.085833,17-09-2012,160.7,75.7,3.8000000000000003,2.0,29.349998,14.99,72.0
-27.935,26.126667,17-09-2012,198.6,46.2,2.3000000000000003,1.0,32.2,15.95,44.0
-29.1825,23.575556,17-09-2012,242.40001,26.900000000000002,1.3,0.1,36.309998,18.21,25.6
-33.31388889,19.07472222,17-09-2012,220.3,10.200000000000001,0.5,10.6,31.56,16.83,11.900001
-27.01011111,26.69808333,18-09-2012,184.40001,53.6,2.7,1.1,31.519999,16.449999,51.0
-22.91028,29.61111,18-09-2012,145.3,155.3,7.800000000000001,3.2,31.439999,18.51,145.3
-27.5275,30.858056,18-09-2012,136.1,181.10000000000002,45.0,72.8,28.34,15.509999,136.1
-29.380556,30.2775,18-09-2012,132.0,112.80000000000001,5.6000000000000005,61.7,27.019999,14.5199995,122.9
-27.169444,29.233889,18-09-2012,148.5,96.80000000000001,4.800000000000001,1.8000001,28.01,13.32,92.0
-26.648056,27.089444,18-09-2012,171.8,60.7,3.0,1.5,30.349998,15.639999,57.7
-26.970278,27.211111,18-09-2012,173.8,60.6,3.0,1.5,30.55,15.889999,57.7
-26.880278,26.965,18-09-2012,175.40001,58.300000000000004,2.9000000000000004,1.4,30.91,16.1,55.4
-27.802778,28.768333,18-09-2012,150.7,80.7,4.0,11.1,28.349998,13.24,89.4
-33.7075,18.97444444,18-09-2012,214.3,15.600000000000001,0.8,11.7,30.72,17.52,17.4
-25.45963889,28.26430556,18-09-2012,167.0,91.9,4.6000000000000005,2.3,31.449999,16.99,87.4
-29.161667,23.696389,19-09-2012,242.5,28.400000000000002,1.4000000000000001,0.1,36.38,18.05,27.0
-25.81048333,27.90955222,19-09-2012,166.5,83.60000000000001,4.2,2.1000001,30.73,17.08,79.5
-23.763056,27.908611,19-09-2012,166.2,119.9,6.0,2.6000001,32.44,18.34,114.1
-27.00222,28.76528,19-09-2012,154.2,84.7,4.2,2.1000001,28.74,13.889999,80.5
-27.273889,28.49,19-09-2012,157.5,76.3,3.8000000000000003,1.8000001,29.07,14.299999,72.6
-34.039722,22.133333,19-09-2012,160.1,30.700000000000003,1.5,5.1,26.859999,17.13,29.800001
-32.595833,19.009444,19-09-2012,237.40001,3.4000000000000004,0.2,4.6,33.48,16.75,3.7
-34.005833,22.351111,19-09-2012,153.1,36.2,1.8,7.0,25.699999,16.94,35.600002
-31.860278,18.6875,20-09-2012,235.40001,1.3,0.1,0.7,32.469997,16.43,1.2
-29.744167,29.905833,27-12-2013,155.1,57.0,2.8000000000000003,29.1,28.789999,16.39,104.200005
-24.282222,28.090278,20-09-2012,160.8,137.4,6.9,2.9,31.019999,17.07,130.7
-23.838611,31.640833,20-09-2012,148.8,137.8,6.9,0.90000004,34.219997,20.81,130.90001
-24.670833,28.560833,21-09-2012,163.90001,110.0,5.5,2.9,31.15,16.69,104.6
-32.502778,19.535833,21-09-2012,237.5,2.6,0.1,0.7,33.739998,16.43,2.5
-24.183889,30.823889,25-09-2012,148.0,152.8,7.6000000000000005,3.4,32.69,19.99,145.3
-25.127778,27.628889,25-09-2012,178.2,76.7,3.8000000000000003,2.8,33.01,18.27,73.0
-25.20639,27.558,25-09-2012,176.5,74.5,3.7,2.9,32.76,18.119999,70.9
-24.69514,27.40906,25-09-2012,178.7,85.10000000000001,4.3,3.3,33.05,19.23,81.0
-25.73411,27.21422,25-09-2012,167.3,75.0,3.8000000000000003,2.1000001,30.769999,15.799999,71.4
-26.45,28.085833,25-09-2012,160.7,75.7,3.8000000000000003,2.0,29.349998,14.99,72.0
-31.396,29.2651,25-09-2012,143.3,78.2,3.9000000000000004,9.8,28.22,19.369999,77.1
-31.554722,29.245556,25-09-2012,134.90001,80.5,4.0,11.8,26.91,18.289999,81.0
-33.501667,21.624167,25-09-2012,195.5,19.900000000000002,1.0,0.1,29.84,14.009999,18.9
-33.38056,19.30167,25-09-2012,208.3,12.700000000000001,0.6000000000000001,7.6,29.25,14.219999,13.5
-29.161667,23.696389,26-09-2012,242.5,28.400000000000002,1.4000000000000001,0.1,36.38,18.05,27.0
-27.01011111,26.69808333,26-09-2012,184.40001,53.6,2.7,1.1,31.519999,16.449999,51.0
-24.39619444,27.08983333,26-09-2012,178.7,77.9,3.9000000000000004,3.8,33.5,19.35,74.200005
-29.380556,30.2775,26-09-2012,132.0,112.80000000000001,5.6000000000000005,61.7,27.019999,14.5199995,122.9
-26.648056,27.089444,26-09-2012,171.8,60.7,3.0,1.5,30.349998,15.639999,57.7
-26.880278,26.965,26-09-2012,175.40001,58.300000000000004,2.9000000000000004,1.4,30.91,16.1,55.4
-27.802778,28.768333,26-09-2012,150.7,80.7,4.0,11.1,28.349998,13.24,89.4
-26.98472222,26.63227778,26-09-2012,183.7,54.6,2.7,1.1,31.679998,16.699999,51.9
-28.141944,26.417778,26-09-2012,197.6,47.400000000000006,2.4000000000000004,1.1,32.149998,16.41,45.100002
-28.1175,26.719444,26-09-2012,191.7,48.300000000000004,2.4000000000000004,1.0,31.91,16.619999,45.9
-30.568333,29.422778,26-09-2012,139.40001,86.5,4.3,15.3,26.72,13.49,88.4
-30.570833,29.150556,26-09-2012,142.3,89.0,4.4,15.5,26.55,13.41,95.1
-31.104278,29.399722,26-09-2012,141.3,79.10000000000001,4.0,13.5,27.779999,17.99,80.4
-31.5653,18.3306,26-09-2012,226.8,0.5,0.0,0.2,31.15,16.57,0.5
-29.641944,30.6875,27-09-2012,135.1,85.7,4.3,50.2,29.09,19.01,115.3
-24.679167,30.8025,27-09-2012,131.7,249.5,56.800000000000004,125.9,27.07,15.29,131.7
-28.747778,31.745833,27-09-2012,139.6,190.70000000000002,13.600000000000001,63.3,31.019999,20.27,139.6
-28.801278,31.955389,27-09-2012,139.7,195.20000000000002,9.8,66.3,30.679998,20.449999,139.7
-28.75,30.442778,27-09-2012,151.6,113.4,5.7,13.8,31.64,17.82,117.3
-29.758889,30.935278,27-09-2012,132.5,121.4,6.1000000000000005,68.9,28.67,20.23,126.200005
-29.161667,30.629722,27-09-2012,129.3,140.0,10.700000000000001,70.6,27.14,15.639999,129.3
-27.00222,28.76528,27-09-2012,154.2,84.7,4.2,2.1000001,28.74,13.889999,80.5
-27.38972222,26.46388889,27-09-2012,195.5,48.1,2.4000000000000004,1.2,32.25,16.84,45.7
-27.398611,26.614722,27-09-2012,192.90001,49.0,2.5,1.1,32.11,16.74,46.600002
-27.671111,27.236944,27-09-2012,181.8,53.1,2.7,1.2,31.199999,15.66,50.5
-31.031389,28.883333,27-09-2012,145.3,78.10000000000001,3.9000000000000004,4.1,27.72,15.969999,74.5
-30.86013889,29.07125,27-09-2012,147.2,77.4,3.9000000000000004,4.2000003,28.15,16.48,73.9
-30.77586667,29.03221667,27-09-2012,148.0,79.4,4.0,8.3,28.09,16.09,77.4
-33.13083,18.86278,27-09-2012,216.0,8.0,0.4,8.7,32.12,17.77,9.2
-30.27402,30.69602,28-09-2012,136.7,88.7,4.4,35.100002,28.4,20.63,113.0
-27.902778,24.615556,28-09-2012,229.7,48.5,2.4000000000000004,0.3,35.71,18.05,46.0
-24.9675,31.516667,30-09-2012,137.5,164.10000000000002,8.200000000000001,23.4,32.239998,20.0,137.5
-29.161667,23.696389,01-10-2012,242.5,28.400000000000002,1.4000000000000001,0.1,36.38,18.05,27.0
-26.861111,28.884722,01-10-2012,152.7,90.80000000000001,4.5,2.2,28.43,13.679999,86.3
-26.73806,27.59194,01-10-2012,165.90001,67.4,3.4000000000000004,1.7,29.84,15.49,64.1
-26.45,28.085833,01-10-2012,160.7,75.7,3.8000000000000003,2.0,29.349998,14.99,72.0
-33.818056,19.694722,01-10-2012,210.2,15.9,0.8,5.4,30.779999,16.52,16.0
-28.7115,24.07288889,02-10-2012,236.0,40.6,2.0,0.2,36.219997,17.789999,38.600002
-23.658056,31.05,02-10-2012,146.7,134.70000000000002,6.7,1.0,33.13,20.22,128.0
-28.735556,29.820556,02-10-2012,151.2,113.0,5.6000000000000005,15.900001,30.63,16.01,132.1
-27.169444,29.233889,02-10-2012,148.5,96.80000000000001,4.800000000000001,1.8000001,28.01,13.32,92.0
-27.802778,28.768333,02-10-2012,150.7,80.7,4.0,11.1,28.349998,13.24,89.4
-27.398611,26.614722,02-10-2012,192.90001,49.0,2.5,1.1,32.11,16.74,46.600002
-27.671111,27.236944,02-10-2012,181.8,53.1,2.7,1.2,31.199999,15.66,50.5
-29.1825,23.575556,02-10-2012,242.40001,26.900000000000002,1.3,0.1,36.309998,18.21,25.6
-34.075556,20.145556,02-10-2012,195.2,18.1,0.9,5.2000003,30.46,17.359999,18.0
-25.45963889,28.26430556,02-10-2012,167.0,91.9,4.6000000000000005,2.3,31.449999,16.99,87.4
-28.338333,31.373611,02-10-2012,136.3,177.8,17.0,61.7,30.13,18.199999,136.3
-28.068333,31.55,02-10-2012,144.90001,172.8,8.6,37.5,32.03,20.06,144.90001
-27.01011111,26.69808333,03-10-2012,184.40001,53.6,2.7,1.1,31.519999,16.449999,51.0
-25.81048333,27.90955222,03-10-2012,166.5,83.60000000000001,4.2,2.1000001,30.73,17.08,79.5
-29.641944,30.6875,03-10-2012,135.1,85.7,4.3,50.2,29.09,19.01,115.3
-22.769722,30.886944,03-10-2012,147.3,187.0,9.3,33.600002,32.75,19.63,147.3
-27.00222,28.76528,03-10-2012,154.2,84.7,4.2,2.1000001,28.74,13.889999,80.5
-27.02314,28.59389,03-10-2012,157.0,80.7,4.0,2.1000001,29.109999,14.24,76.8
-26.648056,27.089444,03-10-2012,171.8,60.7,3.0,1.5,30.349998,15.639999,57.7
-26.880278,26.965,03-10-2012,175.40001,58.300000000000004,2.9000000000000004,1.4,30.91,16.1,55.4
-27.273889,28.49,03-10-2012,157.5,76.3,3.8000000000000003,1.8000001,29.07,14.299999,72.6
-27.4275,28.525833,03-10-2012,156.5,75.9,3.8000000000000003,6.5,28.97,14.03,73.700005
-27.3,28.586944,03-10-2012,156.7,79.10000000000001,4.0,1.8000001,28.98,14.139999,75.3
-34.092222,21.295278,03-10-2012,179.0,22.900000000000002,1.1,4.1,29.63,16.529999,22.4
-25.57877778,29.12747222,03-10-2012,161.40001,115.80000000000001,5.800000000000001,2.1000001,30.66,15.73,110.1
-27.602222,29.942778,04-10-2012,151.2,133.4,6.7,13.0,29.33,14.849999,131.7
-27.573056,24.746389,05-10-2012,221.3,49.800000000000004,2.5,0.4,35.12,17.67,47.3
-29.042222,24.6,05-10-2012,233.0,38.1,1.9000000000000001,0.1,35.44,17.47,36.2
-29.028629,24.638389,05-10-2012,231.6,39.6,2.0,0.1,35.36,17.359999,37.7
-29.7775,29.470833,08-10-2012,136.1,118.10000000000001,5.9,27.800001,25.849998,12.92,127.3
-29.744167,29.905833,08-10-2012,140.6,92.30000000000001,4.6000000000000005,45.7,28.199999,15.46,121.1
-26.45,28.085833,08-10-2012,160.7,75.7,3.8000000000000003,2.0,29.349998,14.99,72.0
-33.897778,20.012778,08-10-2012,198.5,15.8,0.8,4.3,31.07,16.859999,15.6
-27.01011111,26.69808333,09-10-2012,184.40001,53.6,2.7,1.1,31.519999,16.449999,51.0
-34.065833,20.404167,09-10-2012,193.7,16.900000000000002,0.8,4.7000003,31.199999,18.06,16.7
-25.127778,27.628889,09-10-2012,178.2,76.7,3.8000000000000003,2.8,33.01,18.27,73.0
-24.39619444,27.08983333,09-10-2012,178.7,77.9,3.9000000000000004,3.8,33.5,19.35,74.200005
-24.69514,27.40906,09-10-2012,178.7,85.10000000000001,4.3,3.3,33.05,19.23,81.0
-25.73411,27.21422,09-10-2012,167.3,75.0,3.8000000000000003,2.1000001,30.769999,15.799999,71.4
-30.733889,29.828333,09-10-2012,133.8,83.9,4.2,24.1,27.369999,17.199999,104.1
-26.648056,27.089444,09-10-2012,171.8,60.7,3.0,1.5,30.349998,15.639999,57.7
-26.970278,27.211111,09-10-2012,173.8,60.6,3.0,1.5,30.55,15.889999,57.7
-26.880278,26.965,09-10-2012,175.40001,58.300000000000004,2.9000000000000004,1.4,30.91,16.1,55.4
-27.802778,28.768333,09-10-2012,150.7,80.7,4.0,11.1,28.349998,13.24,89.4
-26.98472222,26.63227778,09-10-2012,183.7,54.6,2.7,1.1,31.679998,16.699999,51.9
-29.160278,26.573333,09-10-2012,204.2,46.2,2.3000000000000003,1.0,32.48,15.509999,43.9
-28.69485,28.23487,09-10-2012,155.40001,68.0,3.4000000000000004,10.1,28.07,13.61,82.0
-28.883333,27.89,09-10-2012,162.7,65.4,3.3000000000000003,10.900001,29.099998,14.219999,80.8
-28.068333,31.55,09-10-2012,144.90001,172.8,8.6,37.5,32.03,20.06,144.90001
-30.830556,26.921389,10-10-2012,197.7,40.5,2.0,1.1,31.08,14.28,38.5
-25.20639,27.558,10-10-2012,176.5,74.5,3.7,2.9,32.76,18.119999,70.9
-30.398056,30.601944,10-10-2012,137.7,89.0,4.4,27.7,28.46,20.83,110.200005
-27.00222,28.76528,10-10-2012,154.2,84.7,4.2,2.1000001,28.74,13.889999,80.5
-31.000833,26.353056,10-10-2012,207.0,32.4,1.6,0.8,30.63,13.639999,30.800001
-28.768056,20.720556,10-10-2012,270.80002,14.3,0.7000000000000001,0.0,37.37,19.77,13.6
-34.031944,22.053333,10-10-2012,162.2,29.700000000000003,1.5,4.6,27.08,16.75,28.800001
-34.039722,22.133333,10-10-2012,160.1,30.700000000000003,1.5,5.1,26.859999,17.13,29.800001
-34.405833,19.600556,10-10-2012,168.7,25.1,1.3,8.7,26.22,16.47,25.6
-34.005833,22.351111,10-10-2012,153.1,36.2,1.8,7.0,25.699999,16.94,35.600002
-30.830556,26.921389,11-10-2012,197.7,40.5,2.0,1.1,31.08,14.28,38.5
-30.679722,26.7125,11-10-2012,205.2,37.7,1.9000000000000001,1.0,32.27,14.929999,35.9
-30.160091,27.40124,11-10-2012,184.1,54.900000000000006,2.7,1.4,30.49,14.96,52.2
-30.336111,27.359444,11-10-2012,185.8,53.6,2.7,1.5,30.429998,14.54,50.9
-28.404444,30.013056,12-10-2012,151.7,122.7,6.1000000000000005,15.5,30.25,15.849999,129.90001
-27.902778,24.615556,12-10-2012,229.7,48.5,2.4000000000000004,0.3,35.71,18.05,46.0
-29.658056,25.973333,12-10-2012,213.6,35.1,1.8,0.90000004,32.53,15.349999,33.4
-31.000833,26.353056,12-10-2012,207.0,32.4,1.6,0.8,30.63,13.639999,30.800001
-29.803611,30.516111,12-10-2012,132.3,80.2,4.0,48.3,28.029999,17.46,111.700005
-25.99136,27.84208,15-10-2012,163.40001,84.10000000000001,4.2,2.0,29.8,16.13,80.0
-26.45,28.085833,15-10-2012,160.7,75.7,3.8000000000000003,2.0,29.349998,14.99,72.0
-33.31388889,19.07472222,15-10-2012,220.3,10.200000000000001,0.5,10.6,31.56,16.83,11.900001
-29.161667,23.696389,16-10-2012,242.5,28.400000000000002,1.4000000000000001,0.1,36.38,18.05,27.0
-27.01011111,26.69808333,16-10-2012,184.40001,53.6,2.7,1.1,31.519999,16.449999,51.0
-25.681111,31.783333,16-10-2012,134.6,170.10000000000002,8.5,51.100002,31.949999,19.369999,134.6
-29.380556,30.2775,16-10-2012,132.0,112.80000000000001,5.6000000000000005,61.7,27.019999,14.5199995,122.9
-26.648056,27.089444,16-10-2012,171.8,60.7,3.0,1.5,30.349998,15.639999,57.7
-26.970278,27.211111,16-10-2012,173.8,60.6,3.0,1.5,30.55,15.889999,57.7
-26.880278,26.965,16-10-2012,175.40001,58.300000000000004,2.9000000000000004,1.4,30.91,16.1,55.4
-26.98472222,26.63227778,16-10-2012,183.7,54.6,2.7,1.1,31.679998,16.699999,51.9
-27.935,26.126667,16-10-2012,198.6,46.2,2.3000000000000003,1.0,32.2,15.95,44.0
-29.160278,26.573333,16-10-2012,204.2,46.2,2.3000000000000003,1.0,32.48,15.509999,43.9
-29.1825,23.575556,16-10-2012,242.40001,26.900000000000002,1.3,0.1,36.309998,18.21,25.6
-34.250556,20.9925,16-10-2012,181.5,21.8,1.1,7.6,29.369999,17.38,21.800001
-33.7075,18.97444444,16-10-2012,214.3,15.600000000000001,0.8,11.7,30.72,17.52,17.4
-25.45963889,28.26430556,16-10-2012,167.0,91.9,4.6000000000000005,2.3,31.449999,16.99,87.4
-29.161667,23.696389,17-10-2012,242.5,28.400000000000002,1.4000000000000001,0.1,36.38,18.05,27.0
-25.81048333,27.90955222,17-10-2012,166.5,83.60000000000001,4.2,2.1000001,30.73,17.08,79.5
-24.768889,31.39,17-10-2012,137.40001,181.8,9.1,40.5,32.13,19.71,137.40001
-24.9675,31.516667,17-10-2012,137.5,164.10000000000002,8.200000000000001,23.4,32.239998,20.0,137.5
-27.937778,31.209444,17-10-2012,139.7,158.3,7.9,38.9,29.9,17.49,139.7
-27.169444,29.233889,17-10-2012,148.5,96.80000000000001,4.800000000000001,1.8000001,28.01,13.32,92.0
-27.00222,28.76528,17-10-2012,154.2,84.7,4.2,2.1000001,28.74,13.889999,80.5
-27.802778,28.768333,17-10-2012,150.7,80.7,4.0,11.1,28.349998,13.24,89.4
-32.595833,19.009444,17-10-2012,237.40001,3.4000000000000004,0.2,4.6,33.48,16.75,3.7
-28.058889,30.373611,17-10-2012,143.8,140.3,7.0,39.100002,28.67,14.549999,139.3
-31.860278,18.6875,18-10-2012,235.40001,1.3,0.1,0.7,32.469997,16.43,1.2
-27.273889,28.49,18-10-2012,157.5,76.3,3.8000000000000003,1.8000001,29.07,14.299999,72.6
-27.671111,27.236944,18-10-2012,181.8,53.1,2.7,1.2,31.199999,15.66,50.5
-25.14944444,31.94055556,19-10-2012,129.7,173.9,8.700000000000001,45.7,31.949999,19.18,129.7
-32.502778,19.535833,19-10-2012,237.5,2.6,0.1,0.7,33.739998,16.43,2.5
-31.031389,28.883333,21-10-2012,145.3,78.10000000000001,3.9000000000000004,4.1,27.72,15.969999,74.5
-24.679167,30.8025,22-10-2012,131.7,249.5,56.800000000000004,125.9,27.07,15.29,131.7
-26.861111,28.884722,22-10-2012,152.7,90.80000000000001,4.5,2.2,28.43,13.679999,86.3
-26.45,28.085833,22-10-2012,160.7,75.7,3.8000000000000003,2.0,29.349998,14.99,72.0
-31.396,29.2651,22-10-2012,143.3,78.2,3.9000000000000004,9.8,28.22,19.369999,77.1
-31.554722,29.245556,22-10-2012,134.90001,80.5,4.0,11.8,26.91,18.289999,81.0
-27.01011111,26.69808333,23-10-2012,184.40001,53.6,2.7,1.1,31.519999,16.449999,51.0
-24.183889,30.823889,23-10-2012,148.0,152.8,7.6000000000000005,3.4,32.69,19.99,145.3
-25.127778,27.628889,23-10-2012,178.2,76.7,3.8000000000000003,2.8,33.01,18.27,73.0
-25.20639,27.558,23-10-2012,176.5,74.5,3.7,2.9,32.76,18.119999,70.9
-24.69514,27.40906,23-10-2012,178.7,85.10000000000001,4.3,3.3,33.05,19.23,81.0
-28.747778,31.745833,23-10-2012,139.6,190.70000000000002,13.600000000000001,63.3,31.019999,20.27,139.6
-26.648056,27.089444,23-10-2012,171.8,60.7,3.0,1.5,30.349998,15.639999,57.7
-26.970278,27.211111,23-10-2012,173.8,60.6,3.0,1.5,30.55,15.889999,57.7
-26.880278,26.965,23-10-2012,175.40001,58.300000000000004,2.9000000000000004,1.4,30.91,16.1,55.4
-27.802778,28.768333,23-10-2012,150.7,80.7,4.0,11.1,28.349998,13.24,89.4
-27.38972222,26.46388889,23-10-2012,195.5,48.1,2.4000000000000004,1.2,32.25,16.84,45.7
-26.98472222,26.63227778,23-10-2012,183.7,54.6,2.7,1.1,31.679998,16.699999,51.9
-28.69485,28.23487,23-10-2012,155.40001,68.0,3.4000000000000004,10.1,28.07,13.61,82.0
-30.568333,29.422778,23-10-2012,139.40001,86.5,4.3,15.3,26.72,13.49,88.4
-30.570833,29.150556,23-10-2012,142.3,89.0,4.4,15.5,26.55,13.41,95.1
-31.104278,29.399722,23-10-2012,141.3,79.10000000000001,4.0,13.5,27.779999,17.99,80.4
-33.501667,21.624167,23-10-2012,195.5,19.900000000000002,1.0,0.1,29.84,14.009999,18.9
-29.161667,23.696389,24-10-2012,242.5,28.400000000000002,1.4000000000000001,0.1,36.38,18.05,27.0
-24.39619444,27.08983333,24-10-2012,178.7,77.9,3.9000000000000004,3.8,33.5,19.35,74.200005
-24.058889,31.237222,24-10-2012,145.1,151.4,7.6000000000000005,1.2,32.89,20.09,143.90001
-28.141944,26.417778,24-10-2012,197.6,47.400000000000006,2.4000000000000004,1.1,32.149998,16.41,45.100002
-27.398611,26.614722,24-10-2012,192.90001,49.0,2.5,1.1,32.11,16.74,46.600002
-27.671111,27.236944,24-10-2012,181.8,53.1,2.7,1.2,31.199999,15.66,50.5
-30.679722,26.7125,24-10-2012,205.2,37.7,1.9000000000000001,1.0,32.27,14.929999,35.9
-30.336111,27.359444,24-10-2012,185.8,53.6,2.7,1.5,30.429998,14.54,50.9
-28.768056,20.720556,24-10-2012,270.80002,14.3,0.7000000000000001,0.0,37.37,19.77,13.6
-30.86013889,29.07125,24-10-2012,147.2,77.4,3.9000000000000004,4.2000003,28.15,16.48,73.9
-30.77586667,29.03221667,24-10-2012,148.0,79.4,4.0,8.3,28.09,16.09,77.4
-33.13083,18.86278,24-10-2012,216.0,8.0,0.4,8.7,32.12,17.77,9.2
-28.75,30.442778,25-10-2012,151.6,113.4,5.7,13.8,31.64,17.82,117.3
-29.161667,30.629722,25-10-2012,129.3,140.0,10.700000000000001,70.6,27.14,15.639999,129.3
-27.38972222,26.46388889,25-10-2012,195.5,48.1,2.4000000000000004,1.2,32.25,16.84,45.7
-27.671111,27.236944,28-10-2012,181.8,53.1,2.7,1.2,31.199999,15.66,50.5
-28.068333,31.55,28-10-2012,144.90001,172.8,8.6,37.5,32.03,20.06,144.90001
-25.99136,27.84208,29-10-2012,163.40001,84.10000000000001,4.2,2.0,29.8,16.13,80.0
-27.00222,28.76528,29-10-2012,154.2,84.7,4.2,2.1000001,28.74,13.889999,80.5
-26.45,28.085833,29-10-2012,160.7,75.7,3.8000000000000003,2.0,29.349998,14.99,72.0
-27.01011111,26.69808333,30-10-2012,184.40001,53.6,2.7,1.1,31.519999,16.449999,51.0
-26.648056,27.089444,30-10-2012,171.8,60.7,3.0,1.5,30.349998,15.639999,57.7
-26.970278,27.211111,30-10-2012,173.8,60.6,3.0,1.5,30.55,15.889999,57.7
-26.880278,26.965,30-10-2012,175.40001,58.300000000000004,2.9000000000000004,1.4,30.91,16.1,55.4
-26.98472222,26.63227778,30-10-2012,183.7,54.6,2.7,1.1,31.679998,16.699999,51.9
-29.160278,26.573333,30-10-2012,204.2,46.2,2.3000000000000003,1.0,32.48,15.509999,43.9
-25.45963889,28.26430556,30-10-2012,167.0,91.9,4.6000000000000005,2.3,31.449999,16.99,87.4
-28.338333,31.373611,30-10-2012,136.3,177.8,17.0,61.7,30.13,18.199999,136.3
-25.57877778,29.12747222,30-10-2012,161.40001,115.80000000000001,5.800000000000001,2.1000001,30.66,15.73,110.1
-29.161667,23.696389,31-10-2012,242.5,28.400000000000002,1.4000000000000001,0.1,36.38,18.05,27.0
-25.81048333,27.90955222,31-10-2012,166.5,83.60000000000001,4.2,2.1000001,30.73,17.08,79.5
-29.641944,30.6875,31-10-2012,135.1,85.7,4.3,50.2,29.09,19.01,115.3
-22.769722,30.886944,31-10-2012,147.3,187.0,9.3,33.600002,32.75,19.63,147.3
-28.44555556,32.325,21-02-2013,128.8,98.60000000000001,4.9,9.6,27.63,20.47,95.200005
-26.73806,27.59194,31-10-2012,165.90001,67.4,3.4000000000000004,1.7,29.84,15.49,64.1
-23.658056,31.05,01-11-2012,146.7,134.70000000000002,6.7,1.0,33.13,20.22,128.0
-29.161667,23.696389,02-11-2012,242.5,28.400000000000002,1.4000000000000001,0.1,36.38,18.05,27.0
-28.7115,24.07288889,02-11-2012,236.0,40.6,2.0,0.2,36.219997,17.789999,38.600002
-29.1825,23.575556,02-11-2012,242.40001,26.900000000000002,1.3,0.1,36.309998,18.21,25.6
-29.7775,29.470833,05-11-2012,136.1,118.10000000000001,5.9,27.800001,25.849998,12.92,127.3
-29.987778,29.851667,05-11-2012,135.90001,93.30000000000001,4.7,54.2,27.22,14.839999,118.5
-29.744167,29.905833,05-11-2012,140.6,92.30000000000001,4.6000000000000005,45.7,28.199999,15.46,121.1
-26.970278,27.211111,05-11-2012,173.8,60.6,3.0,1.5,30.55,15.889999,57.7
-26.45,28.085833,05-11-2012,160.7,75.7,3.8000000000000003,2.0,29.349998,14.99,72.0
-33.818056,19.694722,05-11-2012,210.2,15.9,0.8,5.4,30.779999,16.52,16.0
-33.897778,20.012778,05-11-2012,198.5,15.8,0.8,4.3,31.07,16.859999,15.6
-34.065833,20.404167,06-11-2012,193.7,16.900000000000002,0.8,4.7000003,31.199999,18.06,16.7
-24.670833,28.560833,06-11-2012,163.90001,110.0,5.5,2.9,31.15,16.69,104.6
-25.127778,27.628889,06-11-2012,178.2,76.7,3.8000000000000003,2.8,33.01,18.27,73.0
-25.20639,27.558,06-11-2012,176.5,74.5,3.7,2.9,32.76,18.119999,70.9
-24.39619444,27.08983333,06-11-2012,178.7,77.9,3.9000000000000004,3.8,33.5,19.35,74.200005
-24.69514,27.40906,06-11-2012,178.7,85.10000000000001,4.3,3.3,33.05,19.23,81.0
-26.03611,30.99778,06-11-2012,144.3,237.20000000000002,81.5,139.7,29.47,17.64,144.3
-27.363611,31.783333,06-11-2012,138.90001,144.4,7.2,32.600002,32.0,19.26,137.6
-30.733889,29.828333,06-11-2012,133.8,83.9,4.2,24.1,27.369999,17.199999,104.1
-27.38972222,26.46388889,06-11-2012,195.5,48.1,2.4000000000000004,1.2,32.25,16.84,45.7
-27.398611,26.614722,06-11-2012,192.90001,49.0,2.5,1.1,32.11,16.74,46.600002
-27.671111,27.236944,06-11-2012,181.8,53.1,2.7,1.2,31.199999,15.66,50.5
-29.160278,26.573333,06-11-2012,204.2,46.2,2.3000000000000003,1.0,32.48,15.509999,43.9
-28.69485,28.23487,06-11-2012,155.40001,68.0,3.4000000000000004,10.1,28.07,13.61,82.0
-28.883333,27.89,06-11-2012,162.7,65.4,3.3000000000000003,10.900001,29.099998,14.219999,80.8
-34.092222,21.295278,06-11-2012,179.0,22.900000000000002,1.1,4.1,29.63,16.529999,22.4
-34.075556,20.145556,06-11-2012,195.2,18.1,0.9,5.2000003,30.46,17.359999,18.0
-29.161667,23.696389,07-11-2012,242.5,28.400000000000002,1.4000000000000001,0.1,36.38,18.05,27.0
-22.935,28.004167,07-11-2012,166.0,102.9,5.1000000000000005,0.2,33.43,19.84,97.700005
-26.905,32.324722,07-11-2012,144.0,159.5,8.0,36.7,33.809998,20.43,144.0
-30.398056,30.601944,07-11-2012,137.7,89.0,4.4,27.7,28.46,20.83,110.200005
-30.27402,30.69602,07-11-2012,136.7,88.7,4.4,35.100002,28.4,20.63,113.0
-27.3,28.586944,07-11-2012,156.7,79.10000000000001,4.0,1.8000001,28.98,14.139999,75.3
-29.615556,27.065278,07-11-2012,190.7,53.0,2.6,1.1,31.05,14.969999,50.4
-34.405833,19.600556,07-11-2012,168.7,25.1,1.3,8.7,26.22,16.47,25.6
-27.01011111,26.69808333,08-11-2012,184.40001,53.6,2.7,1.1,31.519999,16.449999,51.0
-30.830556,26.921389,08-11-2012,197.7,40.5,2.0,1.1,31.08,14.28,38.5
-22.91028,29.61111,08-11-2012,145.3,155.3,7.800000000000001,3.2,31.439999,18.51,145.3
-26.861111,28.884722,08-11-2012,152.7,90.80000000000001,4.5,2.2,28.43,13.679999,86.3
-27.00222,28.76528,08-11-2012,154.2,84.7,4.2,2.1000001,28.74,13.889999,80.5
-27.02314,28.59389,08-11-2012,157.0,80.7,4.0,2.1000001,29.109999,14.24,76.8
-26.648056,27.089444,08-11-2012,171.8,60.7,3.0,1.5,30.349998,15.639999,57.7
-26.880278,26.965,08-11-2012,175.40001,58.300000000000004,2.9000000000000004,1.4,30.91,16.1,55.4
-26.98472222,26.63227778,08-11-2012,183.7,54.6,2.7,1.1,31.679998,16.699999,51.9
-29.028629,24.638389,08-11-2012,231.6,39.6,2.0,0.1,35.36,17.359999,37.7
-30.679722,26.7125,08-11-2012,205.2,37.7,1.9000000000000001,1.0,32.27,14.929999,35.9
-30.160091,27.40124,08-11-2012,184.1,54.900000000000006,2.7,1.4,30.49,14.96,52.2
-30.336111,27.359444,08-11-2012,185.8,53.6,2.7,1.5,30.429998,14.54,50.9
-34.329722,18.990278,08-11-2012,164.0,27.1,1.4000000000000001,18.2,25.0,16.01,30.9
-29.658056,25.973333,09-11-2012,213.6,35.1,1.8,0.90000004,32.53,15.349999,33.4
-31.000833,26.353056,09-11-2012,207.0,32.4,1.6,0.8,30.63,13.639999,30.800001
-29.803611,30.516111,09-11-2012,132.3,80.2,4.0,48.3,28.029999,17.46,111.700005
-25.99136,27.84208,12-11-2012,163.40001,84.10000000000001,4.2,2.0,29.8,16.13,80.0
-26.861111,28.884722,12-11-2012,152.7,90.80000000000001,4.5,2.2,28.43,13.679999,86.3
-26.45,28.085833,12-11-2012,160.7,75.7,3.8000000000000003,2.0,29.349998,14.99,72.0
-27.671111,27.236944,12-11-2012,181.8,53.1,2.7,1.2,31.199999,15.66,50.5
-33.38056,19.30167,12-11-2012,208.3,12.700000000000001,0.6000000000000001,7.6,29.25,14.219999,13.5
-32.502778,19.535833,12-11-2012,237.5,2.6,0.1,0.7,33.739998,16.43,2.5
-27.01011111,26.69808333,13-11-2012,184.40001,53.6,2.7,1.1,31.519999,16.449999,51.0
-31.860278,18.6875,13-11-2012,235.40001,1.3,0.1,0.7,32.469997,16.43,1.2
-25.73411,27.21422,13-11-2012,167.3,75.0,3.8000000000000003,2.1000001,30.769999,15.799999,71.4
-22.43772222,31.07805556,13-11-2012,157.2,149.8,7.5,0.5,34.96,20.75,142.3
-29.380556,30.2775,13-11-2012,132.0,112.80000000000001,5.6000000000000005,61.7,27.019999,14.5199995,122.9
-27.169444,29.233889,13-11-2012,148.5,96.80000000000001,4.800000000000001,1.8000001,28.01,13.32,92.0
-27.00222,28.76528,13-11-2012,154.2,84.7,4.2,2.1000001,28.74,13.889999,80.5
-26.970278,27.211111,13-11-2012,173.8,60.6,3.0,1.5,30.55,15.889999,57.7
-26.880278,26.965,13-11-2012,175.40001,58.300000000000004,2.9000000000000004,1.4,30.91,16.1,55.4
-26.98472222,26.63227778,13-11-2012,183.7,54.6,2.7,1.1,31.679998,16.699999,51.9
-27.935,26.126667,13-11-2012,198.6,46.2,2.3000000000000003,1.0,32.2,15.95,44.0
-32.595833,19.009444,13-11-2012,237.40001,3.4000000000000004,0.2,4.6,33.48,16.75,3.7
-25.45963889,28.26430556,13-11-2012,167.0,91.9,4.6000000000000005,2.3,31.449999,16.99,87.4
-29.161667,23.696389,14-11-2012,242.5,28.400000000000002,1.4000000000000001,0.1,36.38,18.05,27.0
-25.81048333,27.90955222,14-11-2012,166.5,83.60000000000001,4.2,2.1000001,30.73,17.08,79.5
-27.3,28.586944,14-11-2012,156.7,79.10000000000001,4.0,1.8000001,28.98,14.139999,75.3
-33.31388889,19.07472222,14-11-2012,220.3,10.200000000000001,0.5,10.6,31.56,16.83,11.900001
-33.13083,18.86278,14-11-2012,216.0,8.0,0.4,8.7,32.12,17.77,9.2
-27.5275,30.858056,15-11-2012,136.1,181.10000000000002,45.0,72.8,28.34,15.509999,136.1
-33.7075,18.97444444,15-11-2012,214.3,15.600000000000001,0.8,11.7,30.72,17.52,17.4
-34.250556,20.9925,16-11-2012,181.5,21.8,1.1,7.6,29.369999,17.38,21.800001
-24.679167,30.8025,19-11-2012,131.7,249.5,56.800000000000004,125.9,27.07,15.29,131.7
-26.45,28.085833,19-11-2012,160.7,75.7,3.8000000000000003,2.0,29.349998,14.99,72.0
-28.116667,26.725278,19-11-2012,191.7,48.300000000000004,2.4000000000000004,1.0,31.91,16.619999,45.9
-29.160278,26.573333,19-11-2012,204.2,46.2,2.3000000000000003,1.0,32.48,15.509999,43.9
-27.01011111,26.69808333,20-11-2012,184.40001,53.6,2.7,1.1,31.519999,16.449999,51.0
-24.183889,30.823889,20-11-2012,148.0,152.8,7.6000000000000005,3.4,32.69,19.99,145.3
-25.127778,27.628889,20-11-2012,178.2,76.7,3.8000000000000003,2.8,33.01,18.27,73.0
-25.20639,27.558,20-11-2012,176.5,74.5,3.7,2.9,32.76,18.119999,70.9
-26.861111,28.884722,20-11-2012,152.7,90.80000000000001,4.5,2.2,28.43,13.679999,86.3
-27.00222,28.76528,20-11-2012,154.2,84.7,4.2,2.1000001,28.74,13.889999,80.5
-26.648056,27.089444,20-11-2012,171.8,60.7,3.0,1.5,30.349998,15.639999,57.7
-26.970278,27.211111,20-11-2012,173.8,60.6,3.0,1.5,30.55,15.889999,57.7
-26.880278,26.965,20-11-2012,175.40001,58.300000000000004,2.9000000000000004,1.4,30.91,16.1,55.4
-26.98472222,26.63227778,20-11-2012,183.7,54.6,2.7,1.1,31.679998,16.699999,51.9
-31.396,29.2651,20-11-2012,143.3,78.2,3.9000000000000004,9.8,28.22,19.369999,77.1
-31.554722,29.245556,20-11-2012,134.90001,80.5,4.0,11.8,26.91,18.289999,81.0
-34.031944,22.053333,20-11-2012,162.2,29.700000000000003,1.5,4.6,27.08,16.75,28.800001
-34.039722,22.133333,20-11-2012,160.1,30.700000000000003,1.5,5.1,26.859999,17.13,29.800001
-29.161667,23.696389,21-11-2012,242.5,28.400000000000002,1.4000000000000001,0.1,36.38,18.05,27.0
-28.7115,24.07288889,21-11-2012,236.0,40.6,2.0,0.2,36.219997,17.789999,38.600002
-28.747778,31.745833,21-11-2012,139.6,190.70000000000002,13.600000000000001,63.3,31.019999,20.27,139.6
-28.141944,26.417778,21-11-2012,197.6,47.400000000000006,2.4000000000000004,1.1,32.149998,16.41,45.100002
-30.27402,30.69602,10-10-2012,136.7,88.7,4.4,35.100002,28.4,20.63,113.0
-29.160278,26.573333,21-11-2012,204.2,46.2,2.3000000000000003,1.0,32.48,15.509999,43.9
-30.570833,29.150556,21-11-2012,142.3,89.0,4.4,15.5,26.55,13.41,95.1
-31.104278,29.399722,21-11-2012,141.3,79.10000000000001,4.0,13.5,27.779999,17.99,80.4
-34.02861,22.22222,21-11-2012,156.6,31.8,1.6,5.5,26.23,16.9,30.9
-34.005833,22.351111,21-11-2012,153.1,36.2,1.8,7.0,25.699999,16.94,35.600002
-29.140556,31.391944,22-11-2012,135.7,198.9,34.9,70.1,30.039999,20.17,135.7
-24.39619444,27.08983333,22-11-2012,178.7,77.9,3.9000000000000004,3.8,33.5,19.35,74.200005
-28.75,30.442778,22-11-2012,151.6,113.4,5.7,13.8,31.64,17.82,117.3
-27.38972222,26.46388889,22-11-2012,195.5,48.1,2.4000000000000004,1.2,32.25,16.84,45.7
-27.671111,27.236944,22-11-2012,181.8,53.1,2.7,1.2,31.199999,15.66,50.5
-30.568333,29.422778,22-11-2012,139.40001,86.5,4.3,15.3,26.72,13.49,88.4
-31.031389,28.883333,22-11-2012,145.3,78.10000000000001,3.9000000000000004,4.1,27.72,15.969999,74.5
-30.86013889,29.07125,22-11-2012,147.2,77.4,3.9000000000000004,4.2000003,28.15,16.48,73.9
-30.77586667,29.03221667,22-11-2012,148.0,79.4,4.0,8.3,28.09,16.09,77.4
-25.99136,27.84208,26-11-2012,163.40001,84.10000000000001,4.2,2.0,29.8,16.13,80.0
-26.73806,27.59194,26-11-2012,165.90001,67.4,3.4000000000000004,1.7,29.84,15.49,64.1
-26.45,28.085833,26-11-2012,160.7,75.7,3.8000000000000003,2.0,29.349998,14.99,72.0
-33.818056,19.694722,26-11-2012,210.2,15.9,0.8,5.4,30.779999,16.52,16.0
-33.897778,20.012778,26-11-2012,198.5,15.8,0.8,4.3,31.07,16.859999,15.6
-34.065833,20.404167,27-11-2012,193.7,16.900000000000002,0.8,4.7000003,31.199999,18.06,16.7
-28.404444,30.013056,27-11-2012,151.7,122.7,6.1000000000000005,15.5,30.25,15.849999,129.90001
-27.169444,29.233889,27-11-2012,148.5,96.80000000000001,4.800000000000001,1.8000001,28.01,13.32,92.0
-26.861111,28.884722,27-11-2012,152.7,90.80000000000001,4.5,2.2,28.43,13.679999,86.3
-27.3,28.586944,27-11-2012,156.7,79.10000000000001,4.0,1.8000001,28.98,14.139999,75.3
-29.042222,24.6,27-11-2012,233.0,38.1,1.9000000000000001,0.1,35.44,17.47,36.2
-29.028629,24.638389,27-11-2012,231.6,39.6,2.0,0.1,35.36,17.359999,37.7
-33.501667,21.624167,27-11-2012,195.5,19.900000000000002,1.0,0.1,29.84,14.009999,18.9
-34.075556,20.145556,27-11-2012,195.2,18.1,0.9,5.2000003,30.46,17.359999,18.0
-25.45963889,28.26430556,27-11-2012,167.0,91.9,4.6000000000000005,2.3,31.449999,16.99,87.4
-28.338333,31.373611,27-11-2012,136.3,177.8,17.0,61.7,30.13,18.199999,136.3
-28.068333,31.55,27-11-2012,144.90001,172.8,8.6,37.5,32.03,20.06,144.90001
-25.57877778,29.12747222,27-11-2012,161.40001,115.80000000000001,5.800000000000001,2.1000001,30.66,15.73,110.1
-29.161667,23.696389,28-11-2012,242.5,28.400000000000002,1.4000000000000001,0.1,36.38,18.05,27.0
-27.01011111,26.69808333,28-11-2012,184.40001,53.6,2.7,1.1,31.519999,16.449999,51.0
-25.81048333,27.90955222,28-11-2012,166.5,83.60000000000001,4.2,2.1000001,30.73,17.08,79.5
-26.648056,27.089444,28-11-2012,171.8,60.7,3.0,1.5,30.349998,15.639999,57.7
-26.970278,27.211111,28-11-2012,173.8,60.6,3.0,1.5,30.55,15.889999,57.7
-26.880278,26.965,28-11-2012,175.40001,58.300000000000004,2.9000000000000004,1.4,30.91,16.1,55.4
-27.802778,28.768333,28-11-2012,150.7,80.7,4.0,11.1,28.349998,13.24,89.4
-26.98472222,26.63227778,28-11-2012,183.7,54.6,2.7,1.1,31.679998,16.699999,51.9
-34.405833,19.600556,28-11-2012,168.7,25.1,1.3,8.7,26.22,16.47,25.6
-29.641944,30.6875,29-11-2012,135.1,85.7,4.3,50.2,29.09,19.01,115.3
-25.73411,27.21422,29-11-2012,167.3,75.0,3.8000000000000003,2.1000001,30.769999,15.799999,71.4
-24.925278,29.324444,29-11-2012,166.8,103.7,5.2,1.7,32.37,17.91,98.6
-27.398611,26.614722,29-11-2012,192.90001,49.0,2.5,1.1,32.11,16.74,46.600002
-34.329722,18.990278,29-11-2012,164.0,27.1,1.4000000000000001,18.2,25.0,16.01,30.9
-29.7775,29.470833,03-12-2012,136.1,118.10000000000001,5.9,27.800001,25.849998,12.92,127.3
-29.987778,29.851667,03-12-2012,135.90001,93.30000000000001,4.7,54.2,27.22,14.839999,118.5
-29.744167,29.905833,03-12-2012,140.6,92.30000000000001,4.6000000000000005,45.7,28.199999,15.46,121.1
-26.970278,27.211111,03-12-2012,173.8,60.6,3.0,1.5,30.55,15.889999,57.7
-26.45,28.085833,03-12-2012,160.7,75.7,3.8000000000000003,2.0,29.349998,14.99,72.0
-33.31388889,19.07472222,03-12-2012,220.3,10.200000000000001,0.5,10.6,31.56,16.83,11.900001
-25.127778,27.628889,04-12-2012,178.2,76.7,3.8000000000000003,2.8,33.01,18.27,73.0
-25.20639,27.558,04-12-2012,176.5,74.5,3.7,2.9,32.76,18.119999,70.9
-24.39619444,27.08983333,04-12-2012,178.7,77.9,3.9000000000000004,3.8,33.5,19.35,74.200005
-24.69514,27.40906,04-12-2012,178.7,85.10000000000001,4.3,3.3,33.05,19.23,81.0
-22.769722,30.886944,04-12-2012,147.3,187.0,9.3,33.600002,32.75,19.63,147.3
-27.363611,31.783333,04-12-2012,138.90001,144.4,7.2,32.600002,32.0,19.26,137.6
-30.733889,29.828333,04-12-2012,133.8,83.9,4.2,24.1,27.369999,17.199999,104.1
-26.861111,28.884722,04-12-2012,152.7,90.80000000000001,4.5,2.2,28.43,13.679999,86.3
-27.02314,28.59389,04-12-2012,157.0,80.7,4.0,2.1000001,29.109999,14.24,76.8
-27.671111,27.236944,04-12-2012,181.8,53.1,2.7,1.2,31.199999,15.66,50.5
-28.69485,28.23487,04-12-2012,155.40001,68.0,3.4000000000000004,10.1,28.07,13.61,82.0
-29.615556,27.065278,04-12-2012,190.7,53.0,2.6,1.1,31.05,14.969999,50.4
-34.092222,21.295278,04-12-2012,179.0,22.900000000000002,1.1,4.1,29.63,16.529999,22.4
-33.13083,18.86278,04-12-2012,216.0,8.0,0.4,8.7,32.12,17.77,9.2
-33.7075,18.97444444,04-12-2012,214.3,15.600000000000001,0.8,11.7,30.72,17.52,17.4
-29.161667,23.696389,05-12-2012,242.5,28.400000000000002,1.4000000000000001,0.1,36.38,18.05,27.0
-27.01011111,26.69808333,05-12-2012,184.40001,53.6,2.7,1.1,31.519999,16.449999,51.0
-30.398056,30.601944,05-12-2012,137.7,89.0,4.4,27.7,28.46,20.83,110.200005
-27.00222,28.76528,05-12-2012,154.2,84.7,4.2,2.1000001,28.74,13.889999,80.5
-26.648056,27.089444,05-12-2012,171.8,60.7,3.0,1.5,30.349998,15.639999,57.7
-26.880278,26.965,05-12-2012,175.40001,58.300000000000004,2.9000000000000004,1.4,30.91,16.1,55.4
-27.273889,28.49,05-12-2012,157.5,76.3,3.8000000000000003,1.8000001,29.07,14.299999,72.6
-27.3,28.586944,05-12-2012,156.7,79.10000000000001,4.0,1.8000001,28.98,14.139999,75.3
-26.98472222,26.63227778,05-12-2012,183.7,54.6,2.7,1.1,31.679998,16.699999,51.9
-30.336111,27.359444,05-12-2012,185.8,53.6,2.7,1.5,30.429998,14.54,50.9
-28.768056,20.720556,05-12-2012,270.80002,14.3,0.7000000000000001,0.0,37.37,19.77,13.6
-34.039722,22.133333,05-12-2012,160.1,30.700000000000003,1.5,5.1,26.859999,17.13,29.800001
-32.595833,19.009444,05-12-2012,237.40001,3.4000000000000004,0.2,4.6,33.48,16.75,3.7
-31.860278,18.6875,06-12-2012,235.40001,1.3,0.1,0.7,32.469997,16.43,1.2
-30.830556,26.921389,06-12-2012,197.7,40.5,2.0,1.1,31.08,14.28,38.5
-23.658056,31.05,06-12-2012,146.7,134.70000000000002,6.7,1.0,33.13,20.22,128.0
-26.905,32.324722,06-12-2012,144.0,159.5,8.0,36.7,33.809998,20.43,144.0
-26.98472222,26.63227778,06-12-2012,183.7,54.6,2.7,1.1,31.679998,16.699999,51.9
-31.000833,26.353056,06-12-2012,207.0,32.4,1.6,0.8,30.63,13.639999,30.800001
-30.679722,26.7125,06-12-2012,205.2,37.7,1.9000000000000001,1.0,32.27,14.929999,35.9
-33.501667,21.624167,06-12-2012,195.5,19.900000000000002,1.0,0.1,29.84,14.009999,18.9
-33.38056,19.30167,06-12-2012,208.3,12.700000000000001,0.6000000000000001,7.6,29.25,14.219999,13.5
-29.803611,30.516111,06-12-2012,132.3,80.2,4.0,48.3,28.029999,17.46,111.700005
-29.658056,25.973333,07-12-2012,213.6,35.1,1.8,0.90000004,32.53,15.349999,33.4
-28.96362,19.15486,08-12-2012,266.6,2.6,0.1,0.0,38.12,19.49,2.5
-25.99136,27.84208,10-12-2012,163.40001,84.10000000000001,4.2,2.0,29.8,16.13,80.0
-29.380556,30.2775,10-12-2012,132.0,112.80000000000001,5.6000000000000005,61.7,27.019999,14.5199995,122.9
-26.73806,27.59194,10-12-2012,165.90001,67.4,3.4000000000000004,1.7,29.84,15.49,64.1
-26.45,28.085833,10-12-2012,160.7,75.7,3.8000000000000003,2.0,29.349998,14.99,72.0
-27.671111,27.236944,10-12-2012,181.8,53.1,2.7,1.2,31.199999,15.66,50.5
-30.86013889,29.07125,10-12-2012,147.2,77.4,3.9000000000000004,4.2000003,28.15,16.48,73.9
-31.104278,29.399722,10-12-2012,141.3,79.10000000000001,4.0,13.5,27.779999,17.99,80.4
-31.396,29.2651,10-12-2012,143.3,78.2,3.9000000000000004,9.8,28.22,19.369999,77.1
-31.554722,29.245556,10-12-2012,134.90001,80.5,4.0,11.8,26.91,18.289999,81.0
-34.005833,22.351111,10-12-2012,153.1,36.2,1.8,7.0,25.699999,16.94,35.600002
-27.01011111,26.69808333,11-12-2012,184.40001,53.6,2.7,1.1,31.519999,16.449999,51.0
-26.861111,28.884722,11-12-2012,152.7,90.80000000000001,4.5,2.2,28.43,13.679999,86.3
-27.00222,28.76528,11-12-2012,154.2,84.7,4.2,2.1000001,28.74,13.889999,80.5
-26.970278,27.211111,11-12-2012,173.8,60.6,3.0,1.5,30.55,15.889999,57.7
-26.880278,26.965,11-12-2012,175.40001,58.300000000000004,2.9000000000000004,1.4,30.91,16.1,55.4
-26.98472222,26.63227778,11-12-2012,183.7,54.6,2.7,1.1,31.679998,16.699999,51.9
-30.77586667,29.03221667,11-12-2012,148.0,79.4,4.0,8.3,28.09,16.09,77.4
-25.45963889,28.26430556,11-12-2012,167.0,91.9,4.6000000000000005,2.3,31.449999,16.99,87.4
-25.81048333,27.90955222,12-12-2012,166.5,83.60000000000001,4.2,2.1000001,30.73,17.08,79.5
-27.5275,30.858056,12-12-2012,136.1,181.10000000000002,45.0,72.8,28.34,15.509999,136.1
-28.141944,26.417778,12-12-2012,197.6,47.400000000000006,2.4000000000000004,1.1,32.149998,16.41,45.100002
-28.1175,26.719444,12-12-2012,191.7,48.300000000000004,2.4000000000000004,1.0,31.91,16.619999,45.9
-30.568333,29.422778,12-12-2012,139.40001,86.5,4.3,15.3,26.72,13.49,88.4
-31.031389,28.883333,12-12-2012,145.3,78.10000000000001,3.9000000000000004,4.1,27.72,15.969999,74.5
-30.570833,29.150556,12-12-2012,142.3,89.0,4.4,15.5,26.55,13.41,95.1
-34.250556,20.9925,12-12-2012,181.5,21.8,1.1,7.6,29.369999,17.38,21.800001
-24.670833,28.560833,13-12-2012,163.90001,110.0,5.5,2.9,31.15,16.69,104.6
-27.937778,31.209444,13-12-2012,139.7,158.3,7.9,38.9,29.9,17.49,139.7
-27.398611,26.614722,13-12-2012,192.90001,49.0,2.5,1.1,32.11,16.74,46.600002
-27.671111,27.236944,13-12-2012,181.8,53.1,2.7,1.2,31.199999,15.66,50.5
-22.43772222,31.07805556,14-12-2012,157.2,149.8,7.5,0.5,34.96,20.75,142.3
-28.96362,19.15486,15-12-2012,266.6,2.6,0.1,0.0,38.12,19.49,2.5
-28.735556,29.820556,17-12-2012,151.2,113.0,5.6000000000000005,15.900001,30.63,16.01,132.1
-28.7115,24.07288889,18-12-2012,236.0,40.6,2.0,0.2,36.219997,17.789999,38.600002
-25.127778,27.628889,18-12-2012,178.2,76.7,3.8000000000000003,2.8,33.01,18.27,73.0
-25.20639,27.558,18-12-2012,176.5,74.5,3.7,2.9,32.76,18.119999,70.9
-24.69514,27.40906,18-12-2012,178.7,85.10000000000001,4.3,3.3,33.05,19.23,81.0
-26.45,28.085833,18-12-2012,160.7,75.7,3.8000000000000003,2.0,29.349998,14.99,72.0
-29.1825,23.575556,18-12-2012,242.40001,26.900000000000002,1.3,0.1,36.309998,18.21,25.6
-33.501667,21.624167,18-12-2012,195.5,19.900000000000002,1.0,0.1,29.84,14.009999,18.9
-29.161667,23.696389,19-12-2012,242.5,28.400000000000002,1.4000000000000001,0.1,36.38,18.05,27.0
-27.01011111,26.69808333,19-12-2012,184.40001,53.6,2.7,1.1,31.519999,16.449999,51.0
-24.39619444,27.08983333,19-12-2012,178.7,77.9,3.9000000000000004,3.8,33.5,19.35,74.200005
-28.404444,30.013056,19-12-2012,151.7,122.7,6.1000000000000005,15.5,30.25,15.849999,129.90001
-26.861111,28.884722,19-12-2012,152.7,90.80000000000001,4.5,2.2,28.43,13.679999,86.3
-27.00222,28.76528,19-12-2012,154.2,84.7,4.2,2.1000001,28.74,13.889999,80.5
-26.648056,27.089444,19-12-2012,171.8,60.7,3.0,1.5,30.349998,15.639999,57.7
-26.970278,27.211111,19-12-2012,173.8,60.6,3.0,1.5,30.55,15.889999,57.7
-26.880278,26.965,19-12-2012,175.40001,58.300000000000004,2.9000000000000004,1.4,30.91,16.1,55.4
-26.98472222,26.63227778,19-12-2012,183.7,54.6,2.7,1.1,31.679998,16.699999,51.9
-28.768056,20.720556,19-12-2012,270.80002,14.3,0.7000000000000001,0.0,37.37,19.77,13.6
-28.75,30.442778,20-12-2012,151.6,113.4,5.7,13.8,31.64,17.82,117.3
-29.161667,30.629722,20-12-2012,129.3,140.0,10.700000000000001,70.6,27.14,15.639999,129.3
-28.96362,19.15486,22-12-2012,266.6,2.6,0.1,0.0,38.12,19.49,2.5
-28.96362,19.15486,29-12-2012,266.6,2.6,0.1,0.0,38.12,19.49,2.5
-25.14944444,31.94055556,01-01-2013,129.7,173.9,8.700000000000001,45.7,31.949999,19.18,129.7
-27.00222,28.76528,01-01-2013,154.2,84.7,4.2,2.1000001,28.74,13.889999,80.5
-25.127778,27.628889,02-01-2013,163.8,34.4,1.7000000000000002,2.7,34.059998,17.77,32.8
-25.99136,27.84208,02-01-2013,150.1,33.800000000000004,1.7000000000000002,1.9,31.039999,15.12,32.2
-25.20639,27.558,02-01-2013,163.2,35.7,1.8,2.8,33.84,17.52,34.0
-30.160091,27.40124,02-01-2013,160.90001,59.2,3.0,1.3000001,30.66,13.62,56.3
-28.96362,19.15486,02-01-2013,222.2,0.4,0.0,0.0,37.75,19.039999,0.4
-25.81048333,27.90955222,03-01-2013,145.0,23.900000000000002,1.2000000000000002,2.0,30.16,14.69,22.800001
-26.73806,27.59194,03-01-2013,141.1,28.3,1.4000000000000001,1.6,28.699999,12.91,26.9
-27.398611,26.614722,03-01-2013,157.6,41.900000000000006,2.1,1.1,30.67,14.759999,39.8
-27.671111,27.236944,03-01-2013,146.2,41.5,2.1,1.1,29.689999,13.549999,39.5
-25.45963889,28.26430556,03-01-2013,149.8,22.1,1.1,2.1000001,30.91,14.91,21.1
-27.01011111,26.69808333,04-01-2013,116.0,39.300000000000004,2.0,1.0,25.88,8.679999,37.4
-26.648056,27.089444,04-01-2013,108.3,54.5,2.7,1.4,25.369999,8.13,51.8
-26.970278,27.211111,04-01-2013,109.200005,50.7,2.5,1.3000001,25.55,8.25,48.2
-26.880278,26.965,04-01-2013,110.200005,48.400000000000006,2.4000000000000004,1.3000001,25.68,8.48,46.0
-26.98472222,26.63227778,04-01-2013,115.700005,40.6,2.0,1.0,26.05,8.849999,38.600002
-28.96362,19.15486,05-01-2013,112.4,0.8,0.0,0.0,27.689999,11.21,0.8
-25.99136,27.84208,07-01-2013,80.3,0.1,0.0,1.6,20.22,1.6999999,0.2
-28.747778,31.745833,07-01-2013,71.700005,39.900000000000006,2.0,9.8,25.01,11.179999,39.9
-29.7775,29.470833,07-01-2013,61.5,2.9000000000000004,0.1,6.6,18.13,-0.66999996,4.1
-29.744167,29.905833,07-01-2013,66.5,2.7,0.1,10.0,21.59,3.86,4.2000003
-26.45,28.085833,07-01-2013,78.3,0.6000000000000001,0.0,1.6,19.64,0.17999999,0.6
-28.768056,20.720556,07-01-2013,82.1,22.400000000000002,1.1,0.0,22.17,5.3199997,21.2
-27.01011111,26.69808333,08-01-2013,116.0,0.0,0.0,0.90000004,22.269999,2.72,0.0
-23.658056,31.05,08-01-2013,102.5,0.6000000000000001,0.0,0.90000004,28.67,11.0199995,0.6
-27.169444,29.233889,08-01-2013,99.700005,1.3,0.1,1.4,20.67,0.48999998,1.3000001
-26.861111,28.884722,08-01-2013,103.6,0.7000000000000001,0.0,1.7,21.189999,0.35,0.7
-26.648056,27.089444,08-01-2013,113.6,0.0,0.0,1.2,22.35,2.5,0.0
-26.970278,27.211111,08-01-2013,115.700005,0.0,0.0,1.2,22.439999,2.54,0.0
-26.880278,26.965,08-01-2013,115.0,0.0,0.0,1.1,22.269999,2.45,0.0
-26.98472222,26.63227778,08-01-2013,116.700005,0.0,0.0,0.90000004,22.449999,3.11,0.0
-29.160278,26.573333,08-01-2013,104.8,0.1,0.0,0.8,20.35,0.07,0.1
-28.883333,27.89,08-01-2013,95.200005,0.1,0.0,2.8,18.8,0.37,0.5
-25.45963889,28.26430556,08-01-2013,119.9,0.1,0.0,1.8000001,26.119999,5.0299997,0.1
-25.81048333,27.90955222,09-01-2013,149.90001,2.0,0.1,1.6,28.939999,9.23,2.0
-22.769722,30.886944,09-01-2013,138.40001,7.6000000000000005,0.4,8.400001,31.939999,14.599999,8.1
-29.744167,29.905833,09-01-2013,115.9,0.5,0.0,7.9,24.93,7.56,1.4
-30.398056,30.601944,09-01-2013,105.200005,1.2000000000000002,0.1,9.2,24.25,14.41,2.4
-30.27402,30.69602,09-01-2013,104.0,1.0,0.1,8.900001,24.279999,14.099999,2.1000001
-27.00222,28.76528,09-01-2013,136.40001,3.2,0.2,1.6,25.66,5.0,3.1000001
-27.02314,28.59389,09-01-2013,138.8,3.1,0.2,1.5,26.0,5.37,3.0
-27.273889,28.49,09-01-2013,136.40001,3.1,0.2,1.3000001,25.439999,4.73,2.9
-27.4275,28.525833,09-01-2013,134.90001,3.0,0.1,2.6000001,24.96,4.41,3.0
-27.3,28.586944,09-01-2013,135.3,3.1,0.2,1.3000001,25.31,4.69,3.0
-30.830556,26.921389,10-01-2013,160.5,43.300000000000004,2.2,0.8,26.17,8.05,41.2
-30.733889,29.828333,10-01-2013,125.200005,73.9,3.7,6.9,24.8,11.809999,71.0
-29.042222,24.6,10-01-2013,196.0,19.1,1.0,0.1,30.15,9.69,18.1
-29.028629,24.638389,10-01-2013,195.3,19.3,1.0,0.1,30.07,9.679999,18.300001
-30.679722,26.7125,10-01-2013,164.7,39.900000000000006,2.0,0.7,26.93,8.24,37.9
-30.160091,27.40124,10-01-2013,162.1,50.6,2.5,1.0,26.43,9.34,48.100002
-30.336111,27.359444,10-01-2013,162.7,53.900000000000006,2.7,1.0,26.25,8.92,51.3
-24.39619444,27.08983333,11-01-2013,201.7,75.9,3.8000000000000003,2.7,33.809998,17.63,72.200005
-29.658056,25.973333,11-01-2013,205.1,33.2,1.7000000000000002,0.6,29.939999,11.7,31.6
-31.000833,26.353056,11-01-2013,185.6,34.800000000000004,1.7000000000000002,0.6,28.16,9.84,33.100002
-30.534167,24.961944,11-01-2013,213.6,39.300000000000004,2.0,0.0,30.66,12.009999,37.4
-34.250556,20.9925,11-01-2013,147.6,40.1,2.0,3.4,25.84,14.67,38.3
-29.803611,30.516111,11-01-2013,129.3,64.60000000000001,3.2,6.5,26.24,14.69,61.9
-29.140556,31.391944,13-01-2013,129.90001,139.9,7.0,9.900001,27.65,19.64,129.90001
-31.396,29.2651,14-01-2013,126.3,197.4,26.5,49.600002,26.029999,18.06,126.3
-31.554722,29.245556,14-01-2013,117.5,205.60000000000002,42.900000000000006,50.5,24.789999,16.99,117.5
-33.818056,19.694722,14-01-2013,203.90001,9.1,0.5,6.4,30.23,15.54,10.0
-27.01011111,26.69808333,15-01-2013,170.6,139.4,7.0,0.8,28.49,15.83,132.40001
-34.065833,20.404167,15-01-2013,182.3,8.5,0.4,3.4,30.31,17.05,8.400001
-25.20639,27.558,15-01-2013,165.2,156.60000000000002,7.800000000000001,2.0,30.429998,17.99,148.8
-28.747778,31.745833,15-01-2013,137.90001,134.5,6.7,5.4,29.06,20.13,128.3
-26.648056,27.089444,15-01-2013,158.8,152.6,7.6000000000000005,1.0,27.67,15.21,145.0
-26.970278,27.211111,15-01-2013,160.0,146.9,7.300000000000001,1.0,27.789999,15.37,139.6
-26.880278,26.965,15-01-2013,162.6,145.9,7.300000000000001,1.0,28.23,15.67,138.7
-26.98472222,26.63227778,15-01-2013,169.1,141.0,7.1000000000000005,0.8,28.58,15.91,134.0
-30.568333,29.422778,15-01-2013,126.8,209.5,24.700000000000003,62.600002,24.529999,12.559999,126.8
-30.570833,29.150556,15-01-2013,128.2,212.20000000000002,37.7,49.9,24.38,12.42,128.2
-31.104278,29.399722,15-01-2013,124.5,207.5,31.1,57.2,25.74,16.74,124.5
-34.075556,20.145556,15-01-2013,185.90001,8.700000000000001,0.4,6.5,29.8,16.22,9.6
-29.161667,23.696389,16-01-2013,210.1,65.10000000000001,3.3000000000000003,0.1,33.309998,16.92,61.9
-29.140556,31.391944,16-01-2013,129.90001,139.9,7.0,9.900001,27.65,19.64,129.90001
-24.39619444,27.08983333,16-01-2013,172.8,149.3,7.5,2.6000001,31.56,19.42,141.90001
-26.45,28.085833,16-01-2013,147.8,150.6,7.5,1.4,26.31,14.309999,143.1
-27.802778,28.768333,16-01-2013,140.1,168.9,8.4,22.6,25.49,12.7,140.1
-28.768056,20.720556,16-01-2013,252.6,19.200000000000003,1.0,0.0,35.739998,18.619999,18.300001
-31.031389,28.883333,16-01-2013,129.5,201.3,19.0,56.100002,25.609999,14.75,129.5
-30.86013889,29.07125,16-01-2013,130.2,201.10000000000002,21.5,51.7,26.01,15.28,130.2
-30.77586667,29.03221667,16-01-2013,130.8,204.8,28.200000000000003,48.8,25.9,15.009999,130.8
-33.501667,21.624167,16-01-2013,186.2,10.9,0.5,0.1,28.269999,12.78,10.3
-34.405833,19.600556,16-01-2013,162.8,8.9,0.4,10.8,25.57,15.29,11.5
-28.801278,31.955389,17-01-2013,135.3,113.10000000000001,5.7,7.1,28.48,20.05,108.3
-28.75,30.442778,17-01-2013,146.2,162.10000000000002,8.1,11.0,29.279999,17.56,146.2
-29.161667,30.629722,17-01-2013,124.700005,189.0,9.5,60.5,25.109999,14.92,124.700005
-26.861111,28.884722,17-01-2013,143.2,141.8,7.1000000000000005,1.5,25.779999,13.349999,134.8
-27.00222,28.76528,17-01-2013,143.40001,148.3,7.4,1.4,25.97,13.45,140.90001
-27.4275,28.525833,17-01-2013,145.0,162.4,8.1,11.5,26.0,13.28,145.0
-34.329722,18.990278,17-01-2013,164.2,8.700000000000001,0.4,22.1,24.8,15.17,16.7
-25.99136,27.84208,21-01-2013,149.40001,163.10000000000002,8.200000000000001,7.0,26.83,15.309999,149.40001
-26.73806,27.59194,21-01-2013,153.90001,153.70000000000002,7.7,1.2,26.91,14.9,146.0
-26.45,28.085833,21-01-2013,147.8,150.6,7.5,1.4,26.31,14.309999,143.1
-27.01011111,26.69808333,22-01-2013,170.6,139.4,7.0,0.8,28.49,15.83,132.40001
-28.747778,31.745833,22-01-2013,137.90001,134.5,6.7,5.4,29.06,20.13,128.3
-26.861111,28.884722,22-01-2013,143.2,141.8,7.1000000000000005,1.5,25.779999,13.349999,134.8
-26.648056,27.089444,22-01-2013,158.8,152.6,7.6000000000000005,1.0,27.67,15.21,145.0
-26.970278,27.211111,22-01-2013,160.0,146.9,7.300000000000001,1.0,27.789999,15.37,139.6
-26.880278,26.965,22-01-2013,162.6,145.9,7.300000000000001,1.0,28.23,15.67,138.7
-26.98472222,26.63227778,22-01-2013,169.1,141.0,7.1000000000000005,0.8,28.58,15.91,134.0
-27.935,26.126667,22-01-2013,183.1,103.4,5.2,0.7,29.66,14.99,98.3
-28.1175,26.719444,22-01-2013,175.0,120.10000000000001,6.0,0.7,29.039999,15.63,114.1
-30.160091,27.40124,22-01-2013,159.7,143.9,7.2,0.90000004,27.63,13.83,136.8
-34.031944,22.053333,22-01-2013,155.7,11.100000000000001,0.6000000000000001,2.1000001,25.949999,15.599999,10.7
-34.039722,22.133333,22-01-2013,153.90001,11.4,0.6000000000000001,2.3,25.769999,15.92,11.0
-25.45963889,28.26430556,22-01-2013,155.0,147.8,7.4,1.6,28.89,16.51,140.5
-28.338333,31.373611,22-01-2013,133.1,134.0,6.7,4.5,27.769999,17.73,127.6
-28.068333,31.55,22-01-2013,140.8,107.7,5.4,4.7000003,29.9,20.17,102.700005
-29.161667,23.696389,23-01-2013,210.1,65.10000000000001,3.3000000000000003,0.1,33.309998,16.92,61.9
-25.81048333,27.90955222,23-01-2013,153.40001,158.60000000000002,7.9,1.4,27.869999,16.33,150.7
-29.744167,29.905833,23-01-2013,129.0,258.2,56.6,79.200005,25.869999,14.73,129.0
-27.00222,28.76528,23-01-2013,143.40001,148.3,7.4,1.4,25.97,13.45,140.90001
-27.38972222,26.46388889,23-01-2013,179.6,124.9,6.2,0.8,29.349998,15.889999,118.6
-28.141944,26.417778,23-01-2013,180.1,116.4,5.800000000000001,0.7,29.46,15.349999,110.6
-27.398611,26.614722,23-01-2013,177.90001,126.60000000000001,6.300000000000001,0.8,29.17,15.929999,120.3
-30.336111,27.359444,23-01-2013,161.5,139.5,7.0,1.0,27.72,13.349999,132.6
-24.058889,31.237222,24-01-2013,137.6,111.7,5.6000000000000005,1.0,31.349998,20.43,106.1
-28.44555556,32.325,21-03-2013,128.8,98.60000000000001,4.9,9.6,27.63,20.47,95.200005
-28.1175,26.719444,24-01-2013,175.0,120.10000000000001,6.0,0.7,29.039999,15.63,114.1
-27.671111,27.236944,24-01-2013,167.2,134.5,6.7,0.8,28.529999,15.2,127.8
-29.641944,30.6875,28-01-2013,127.200005,211.4,10.600000000000001,80.200005,26.75,18.34,127.200005
-29.758889,30.935278,28-01-2013,122.700005,180.8,9.0,55.5,26.369999,19.529999,122.700005
-30.398056,30.601944,28-01-2013,124.1,237.70000000000002,39.900000000000006,81.1,26.21,19.83,124.1
-30.27402,30.69602,28-01-2013,123.6,235.10000000000002,38.400000000000006,80.3,26.09,19.76,123.6
-26.45,28.085833,28-01-2013,147.8,150.6,7.5,1.4,26.31,14.309999,143.1
-34.02861,22.22222,28-01-2013,150.40001,12.4,0.6000000000000001,2.4,25.3,15.66,11.900001
-33.31388889,19.07472222,28-01-2013,212.8,11.200000000000001,0.6000000000000001,13.0,31.14,16.24,14.2
-27.01011111,26.69808333,29-01-2013,170.6,139.4,7.0,0.8,28.49,15.83,132.40001
-25.127778,27.628889,29-01-2013,164.7,154.20000000000002,7.7,2.0,30.5,18.06,146.6
-25.20639,27.558,29-01-2013,165.2,156.60000000000002,7.800000000000001,2.0,30.429998,17.99,148.8
-24.39619444,27.08983333,29-01-2013,172.8,149.3,7.5,2.6000001,31.56,19.42,141.90001
-24.69514,27.40906,29-01-2013,172.7,157.70000000000002,7.9,2.3,31.24,19.199999,149.90001
-27.363611,31.783333,29-01-2013,132.8,91.5,4.6000000000000005,7.8,29.66,19.56,87.5
-28.735556,29.820556,29-01-2013,143.3,175.3,8.8,26.4,28.33,15.849999,143.3
-26.861111,28.884722,29-01-2013,143.2,141.8,7.1000000000000005,1.5,25.779999,13.349999,134.8
-26.98472222,26.63227778,29-01-2013,169.1,141.0,7.1000000000000005,0.8,28.58,15.91,134.0
-27.398611,26.614722,29-01-2013,177.90001,126.60000000000001,6.300000000000001,0.8,29.17,15.929999,120.3
-33.7075,18.97444444,29-01-2013,208.90001,11.0,0.5,14.3,30.38,16.609999,14.6
-34.005833,22.351111,29-01-2013,147.1,13.9,0.7000000000000001,2.7,24.74,15.7,13.3
-29.641944,30.6875,30-01-2013,127.200005,211.4,10.600000000000001,80.200005,26.75,18.34,127.200005
-29.380556,30.2775,30-01-2013,122.4,209.5,15.8,77.4,24.75,14.07,122.4
-26.648056,27.089444,30-01-2013,158.8,152.6,7.6000000000000005,1.0,27.67,15.21,145.0
-29.042222,24.6,30-01-2013,205.8,76.60000000000001,3.8000000000000003,0.1,32.17,16.16,72.8
-29.028629,24.638389,30-01-2013,204.90001,78.10000000000001,3.9000000000000004,0.1,32.11,16.1,74.200005
-32.595833,19.009444,30-01-2013,222.6,9.9,0.5,7.0,32.94,15.95,10.400001
-33.13083,18.86278,30-01-2013,215.6,10.100000000000001,0.5,11.7,31.699999,17.029999,12.7
-26.905,32.324722,31-01-2013,133.0,71.8,3.6,8.3,31.13,20.42,68.8
-27.935,26.126667,31-01-2013,183.1,103.4,5.2,0.7,29.66,14.99,98.3
-28.1175,26.719444,31-01-2013,175.0,120.10000000000001,6.0,0.7,29.039999,15.63,114.1
-27.902778,24.615556,31-01-2013,198.40001,93.9,4.7,0.2,32.34,17.029999,89.200005
-30.160091,27.40124,31-01-2013,159.7,143.9,7.2,0.90000004,27.63,13.83,136.8
-33.38056,19.30167,31-01-2013,199.0,11.600000000000001,0.6000000000000001,9.6,28.48,13.67,13.5
-32.502778,19.535833,01-02-2013,234.1,9.0,0.4,0.5,32.85,15.63,8.6
-25.99136,27.84208,04-02-2013,149.40001,163.10000000000002,8.200000000000001,7.0,26.83,15.309999,149.40001
-26.73806,27.59194,04-02-2013,153.90001,153.70000000000002,7.7,1.2,26.91,14.9,146.0
-26.45,28.085833,04-02-2013,147.8,150.6,7.5,1.4,26.31,14.309999,143.1
-23.658056,31.05,05-02-2013,141.8,100.2,5.0,0.90000004,31.519999,20.5,95.200005
-23.281,30.54305556,05-02-2013,142.7,110.60000000000001,5.5,6.5,30.46,20.16,105.6
-25.14944444,31.94055556,05-02-2013,122.0,94.7,4.7,8.8,29.91,19.279999,90.700005
-27.169444,29.233889,05-02-2013,138.3,147.1,7.4,2.7,25.34,13.0,138.3
-26.861111,28.884722,05-02-2013,143.2,141.8,7.1000000000000005,1.5,25.779999,13.349999,134.8
-27.398611,26.614722,05-02-2013,177.90001,126.60000000000001,6.300000000000001,0.8,29.17,15.929999,120.3
-27.671111,27.236944,05-02-2013,167.2,134.5,6.7,0.8,28.529999,15.2,127.8
-29.160278,26.573333,05-02-2013,178.6,116.80000000000001,5.800000000000001,0.7,29.199999,14.45,111.0
-34.031944,22.053333,05-02-2013,155.7,11.100000000000001,0.6000000000000001,2.1000001,25.949999,15.599999,10.7
-25.45963889,28.26430556,05-02-2013,155.0,147.8,7.4,1.6,28.89,16.51,140.5
-27.01011111,26.69808333,06-02-2013,170.6,139.4,7.0,0.8,28.49,15.83,132.40001
-25.81048333,27.90955222,06-02-2013,153.40001,158.60000000000002,7.9,1.4,27.869999,16.33,150.7
-22.769722,30.886944,06-02-2013,148.1,132.4,6.6000000000000005,6.6,31.609999,20.31,126.3
-29.744167,29.905833,06-02-2013,129.0,258.2,56.6,79.200005,25.869999,14.73,129.0
-27.02314,28.59389,06-02-2013,145.3,150.20000000000002,7.5,1.4,26.21,13.59,142.8
-26.648056,27.089444,06-02-2013,158.8,152.6,7.6000000000000005,1.0,27.67,15.21,145.0
-26.970278,27.211111,06-02-2013,160.0,146.9,7.300000000000001,1.0,27.789999,15.37,139.6
-27.273889,28.49,06-02-2013,146.2,157.0,7.800000000000001,4.2000003,26.119999,13.49,146.2
-27.4275,28.525833,06-02-2013,145.0,162.4,8.1,11.5,26.0,13.28,145.0
-27.3,28.586944,06-02-2013,144.8,156.8,7.800000000000001,5.4,26.099998,13.37,144.8
-26.98472222,26.63227778,06-02-2013,169.1,141.0,7.1000000000000005,0.8,28.58,15.91,134.0
-28.69485,28.23487,06-02-2013,144.8,168.4,8.4,17.2,25.16,12.99,144.8
-29.615556,27.065278,06-02-2013,166.5,140.0,7.0,0.7,27.98,13.71,133.0
-28.883333,27.89,06-02-2013,149.2,170.9,8.5,15.400001,25.949999,13.509999,149.2
-28.75,30.442778,07-02-2013,146.2,162.10000000000002,8.1,11.0,29.279999,17.56,146.2
-29.161667,30.629722,07-02-2013,124.700005,189.0,9.5,60.5,25.109999,14.92,124.700005
-27.00222,28.76528,07-02-2013,143.40001,148.3,7.4,1.4,25.97,13.45,140.90001
-30.679722,26.7125,07-02-2013,173.7,105.10000000000001,5.300000000000001,0.7,29.189999,13.389999,99.9
-30.160091,27.40124,07-02-2013,159.7,143.9,7.2,0.90000004,27.63,13.83,136.8
-30.336111,27.359444,07-02-2013,161.5,139.5,7.0,1.0,27.72,13.349999,132.6
-27.935,26.126667,08-02-2013,183.1,103.4,5.2,0.7,29.66,14.99,98.3
-28.1175,26.719444,08-02-2013,175.0,120.10000000000001,6.0,0.7,29.039999,15.63,114.1
-29.160278,26.573333,08-02-2013,178.6,116.80000000000001,5.800000000000001,0.7,29.199999,14.45,111.0
-29.658056,25.973333,08-02-2013,180.8,89.0,4.5,0.6,29.06,14.389999,84.6
-31.000833,26.353056,08-02-2013,174.6,83.30000000000001,4.2,0.5,28.15,12.17,79.200005
-28.96362,19.15486,09-02-2013,251.1,2.4000000000000004,0.1,0.0,36.73,18.92,2.3
-23.281,30.54305556,10-02-2013,142.7,110.60000000000001,5.5,6.5,30.46,20.16,105.6
-24.058889,31.237222,11-02-2013,137.6,111.7,5.6000000000000005,1.0,31.349998,20.43,106.1
-26.970278,27.211111,11-02-2013,160.0,146.9,7.300000000000001,1.0,27.789999,15.37,139.6
-26.45,28.085833,11-02-2013,147.8,150.6,7.5,1.4,26.31,14.309999,143.1
-31.031389,28.883333,11-02-2013,129.5,201.3,19.0,56.100002,25.609999,14.75,129.5
-30.86013889,29.07125,11-02-2013,130.2,201.10000000000002,21.5,51.7,26.01,15.28,130.2
-30.77586667,29.03221667,11-02-2013,130.8,204.8,28.200000000000003,48.8,25.9,15.009999,130.8
-33.818056,19.694722,11-02-2013,203.90001,9.1,0.5,6.4,30.23,15.54,10.0
-27.01011111,26.69808333,12-02-2013,170.6,139.4,7.0,0.8,28.49,15.83,132.40001
-34.065833,20.404167,12-02-2013,182.3,8.5,0.4,3.4,30.31,17.05,8.400001
-24.670833,28.560833,12-02-2013,152.8,176.9,8.8,17.300001,28.93,16.51,152.8
-25.127778,27.628889,12-02-2013,164.7,154.20000000000002,7.7,2.0,30.5,18.06,146.6
-25.20639,27.558,12-02-2013,165.2,156.60000000000002,7.800000000000001,2.0,30.429998,17.99,148.8
-24.69514,27.40906,12-02-2013,172.7,157.70000000000002,7.9,2.3,31.24,19.199999,149.90001
-28.747778,31.745833,12-02-2013,137.90001,134.5,6.7,5.4,29.06,20.13,128.3
-29.380556,30.2775,12-02-2013,122.4,209.5,15.8,77.4,24.75,14.07,122.4
-26.861111,28.884722,12-02-2013,143.2,141.8,7.1000000000000005,1.5,25.779999,13.349999,134.8
-26.648056,27.089444,12-02-2013,158.8,152.6,7.6000000000000005,1.0,27.67,15.21,145.0
-26.880278,26.965,12-02-2013,162.6,145.9,7.300000000000001,1.0,28.23,15.67,138.7
-26.98472222,26.63227778,12-02-2013,169.1,141.0,7.1000000000000005,0.8,28.58,15.91,134.0
-29.042222,24.6,12-02-2013,205.8,76.60000000000001,3.8000000000000003,0.1,32.17,16.16,72.8
-34.075556,20.145556,12-02-2013,185.90001,8.700000000000001,0.4,6.5,29.8,16.22,9.6
-28.058889,30.373611,12-02-2013,139.90001,166.4,8.3,22.4,26.91,14.54,139.90001
-29.161667,23.696389,13-02-2013,210.1,65.10000000000001,3.3000000000000003,0.1,33.309998,16.92,61.9
-24.282222,28.090278,13-02-2013,153.6,160.20000000000002,8.0,2.0,28.939999,17.1,152.2
-24.39619444,27.08983333,13-02-2013,172.8,149.3,7.5,2.6000001,31.56,19.42,141.90001
-24.925278,29.324444,13-02-2013,154.1,152.3,7.6000000000000005,1.2,30.32,17.9,144.8
-28.747778,31.745833,13-02-2013,137.90001,134.5,6.7,5.4,29.06,20.13,128.3
-27.937778,31.209444,13-02-2013,136.6,124.0,6.2,5.6,27.75,17.619999,118.3
-28.404444,30.013056,13-02-2013,144.7,165.60000000000002,8.3,16.0,28.07,15.429999,144.7
-28.768056,20.720556,13-02-2013,252.6,19.200000000000003,1.0,0.0,35.739998,18.619999,18.300001
-31.396,29.2651,13-02-2013,126.3,197.4,26.5,49.600002,26.029999,18.06,126.3
-31.554722,29.245556,13-02-2013,117.5,205.60000000000002,42.900000000000006,50.5,24.789999,16.99,117.5
-33.897778,20.012778,13-02-2013,197.3,8.200000000000001,0.4,5.5,30.57,15.86,8.900001
-28.801278,31.955389,14-02-2013,135.3,113.10000000000001,5.7,7.1,28.48,20.05,108.3
-27.5275,30.858056,14-02-2013,130.6,164.20000000000002,8.200000000000001,31.2,26.24,15.75,130.6
-27.671111,27.236944,14-02-2013,167.2,134.5,6.7,0.8,28.529999,15.2,127.8
-27.573056,24.746389,14-02-2013,200.40001,100.7,5.0,0.3,31.99,16.8,95.700005
-30.568333,29.422778,14-02-2013,126.8,209.5,24.700000000000003,62.600002,24.529999,12.559999,126.8
-30.570833,29.150556,14-02-2013,128.2,212.20000000000002,37.7,49.9,24.38,12.42,128.2
-31.104278,29.399722,14-02-2013,124.5,207.5,31.1,57.2,25.74,16.74,124.5
-34.329722,18.990278,14-02-2013,164.2,8.700000000000001,0.4,22.1,24.8,15.17,16.7
-29.744167,29.905833,16-02-2013,129.0,258.2,56.6,79.200005,25.869999,14.73,129.0
-25.99136,27.84208,18-02-2013,149.40001,163.10000000000002,8.200000000000001,7.0,26.83,15.309999,149.40001
-29.7775,29.470833,18-02-2013,125.5,289.7,125.30000000000001,42.9,23.76,12.16,125.5
-26.880278,26.965,18-02-2013,162.6,145.9,7.300000000000001,1.0,28.23,15.67,138.7
-27.01011111,26.69808333,19-02-2013,170.6,139.4,7.0,0.8,28.49,15.83,132.40001
-30.733889,29.828333,19-02-2013,121.5,231.3,46.6,69.4,25.26,16.039999,121.5
-26.648056,27.089444,19-02-2013,158.8,152.6,7.6000000000000005,1.0,27.67,15.21,145.0
-26.970278,27.211111,19-02-2013,160.0,146.9,7.300000000000001,1.0,27.789999,15.37,139.6
-26.98472222,26.63227778,19-02-2013,169.1,141.0,7.1000000000000005,0.8,28.58,15.91,134.0
-25.45963889,28.26430556,19-02-2013,155.0,147.8,7.4,1.6,28.89,16.51,140.5
-28.068333,31.55,19-02-2013,140.8,107.7,5.4,4.7000003,29.9,20.17,102.700005
-29.161667,23.696389,20-02-2013,210.1,65.10000000000001,3.3000000000000003,0.1,33.309998,16.92,61.9
-25.81048333,27.90955222,20-02-2013,153.40001,158.60000000000002,7.9,1.4,27.869999,16.33,150.7
-29.744167,29.905833,20-02-2013,129.0,258.2,56.6,79.200005,25.869999,14.73,129.0
-30.27402,30.69602,20-02-2013,123.6,235.10000000000002,38.400000000000006,80.3,26.09,19.76,123.6
-27.38972222,26.46388889,20-02-2013,179.6,124.9,6.2,0.8,29.349998,15.889999,118.6
-28.141944,26.417778,20-02-2013,180.1,116.4,5.800000000000001,0.7,29.46,15.349999,110.6
-28.1175,26.719444,20-02-2013,175.0,120.10000000000001,6.0,0.7,29.039999,15.63,114.1
-34.250556,20.9925,20-02-2013,177.3,10.3,0.5,3.3,28.17,16.529999,9.900001
-28.44555556,32.325,18-04-2013,128.8,98.60000000000001,4.9,9.6,27.63,20.47,95.200005
-30.13573889,30.67422222,21-02-2013,125.1,227.8,29.3,80.1,26.449999,19.73,125.1
-27.398611,26.614722,21-02-2013,177.90001,126.60000000000001,6.300000000000001,0.8,29.17,15.929999,120.3
-27.671111,27.236944,21-02-2013,167.2,134.5,6.7,0.8,28.529999,15.2,127.8
-28.96362,19.15486,23-02-2013,251.1,2.4000000000000004,0.1,0.0,36.73,18.92,2.3
-28.735556,29.820556,25-02-2013,143.3,175.3,8.8,26.4,28.33,15.849999,143.3
-26.45,28.085833,25-02-2013,147.8,150.6,7.5,1.4,26.31,14.309999,143.1
-33.501667,21.624167,25-02-2013,186.2,10.9,0.5,0.1,28.269999,12.78,10.3
-33.38056,19.30167,25-02-2013,199.0,11.600000000000001,0.6000000000000001,9.6,28.48,13.67,13.5
-33.31388889,19.07472222,25-02-2013,212.8,11.200000000000001,0.6000000000000001,13.0,31.14,16.24,14.2
-27.01011111,26.69808333,26-02-2013,170.6,139.4,7.0,0.8,28.49,15.83,132.40001
-22.935,28.004167,26-02-2013,167.90001,93.5,4.7,0.2,32.01,19.73,88.9
-23.763056,27.908611,26-02-2013,159.1,133.8,6.7,1.8000001,30.369999,18.34,127.1
-22.548889,28.898056,26-02-2013,160.3,92.5,4.6000000000000005,0.1,31.64,19.07,87.9
-22.91028,29.61111,26-02-2013,145.1,131.6,6.6000000000000005,1.9,29.9,18.82,125.1
-25.127778,27.628889,26-02-2013,164.7,154.20000000000002,7.7,2.0,30.5,18.06,146.6
-25.20639,27.558,26-02-2013,165.2,156.60000000000002,7.800000000000001,2.0,30.429998,17.99,148.8
-24.39619444,27.08983333,26-02-2013,172.8,149.3,7.5,2.6000001,31.56,19.42,141.90001
-24.69514,27.40906,26-02-2013,172.7,157.70000000000002,7.9,2.3,31.24,19.199999,149.90001
-25.73411,27.21422,26-02-2013,156.2,175.9,8.8,12.3,27.96,15.21,156.2
-27.363611,31.783333,26-02-2013,132.8,91.5,4.6000000000000005,7.8,29.66,19.56,87.5
-26.861111,28.884722,26-02-2013,143.2,141.8,7.1000000000000005,1.5,25.779999,13.349999,134.8
-26.648056,27.089444,26-02-2013,158.8,152.6,7.6000000000000005,1.0,27.67,15.21,145.0
-26.970278,27.211111,26-02-2013,160.0,146.9,7.300000000000001,1.0,27.789999,15.37,139.6
-26.880278,26.965,26-02-2013,162.6,145.9,7.300000000000001,1.0,28.23,15.67,138.7
-26.98472222,26.63227778,26-02-2013,169.1,141.0,7.1000000000000005,0.8,28.58,15.91,134.0
-33.7075,18.97444444,26-02-2013,208.90001,11.0,0.5,14.3,30.38,16.609999,14.6
-29.161667,23.696389,27-02-2013,210.1,65.10000000000001,3.3000000000000003,0.1,33.309998,16.92,61.9
-29.641944,30.6875,27-02-2013,127.200005,211.4,10.600000000000001,80.200005,26.75,18.34,127.200005
-24.282222,28.090278,27-02-2013,153.6,160.20000000000002,8.0,2.0,28.939999,17.1,152.2
-24.670833,28.560833,27-02-2013,152.8,176.9,8.8,17.300001,28.93,16.51,152.8
-27.602222,29.942778,27-02-2013,146.2,166.60000000000002,8.3,15.8,27.8,14.839999,146.2
-27.00222,28.76528,27-02-2013,143.40001,148.3,7.4,1.4,25.97,13.45,140.90001
-32.595833,19.009444,27-02-2013,222.6,9.9,0.5,7.0,32.94,15.95,10.400001
-33.08883333,19.21878333,27-02-2013,201.0,11.9,0.6000000000000001,8.2,27.99,12.91,13.1
-33.13083,18.86278,27-02-2013,215.6,10.100000000000001,0.5,11.7,31.699999,17.029999,12.7
-32.94583,18.33667,27-02-2013,200.2,7.1000000000000005,0.4,7.2000003,28.68,15.95,8.3
-26.905,32.324722,28-02-2013,133.0,71.8,3.6,8.3,31.13,20.42,68.8
-34.092222,21.295278,28-02-2013,172.2,10.9,0.5,1.8000001,28.099998,15.759999,10.5
-27.902778,24.615556,01-03-2013,198.40001,93.9,4.7,0.2,32.34,17.029999,89.200005
-25.99136,27.84208,04-03-2013,149.40001,163.10000000000002,8.200000000000001,7.0,26.83,15.309999,149.40001
-26.73806,27.59194,04-03-2013,153.90001,153.70000000000002,7.7,1.2,26.91,14.9,146.0
-26.45,28.085833,04-03-2013,147.8,150.6,7.5,1.4,26.31,14.309999,143.1
-23.658056,31.05,05-03-2013,141.8,100.2,5.0,0.90000004,31.519999,20.5,95.200005
-23.281,30.54305556,05-03-2013,142.7,110.60000000000001,5.5,6.5,30.46,20.16,105.6
-27.169444,29.233889,05-03-2013,138.3,147.1,7.4,2.7,25.34,13.0,138.3
-26.861111,28.884722,05-03-2013,143.2,141.8,7.1000000000000005,1.5,25.779999,13.349999,134.8
-27.398611,26.614722,05-03-2013,177.90001,126.60000000000001,6.300000000000001,0.8,29.17,15.929999,120.3
-28.69485,28.23487,05-03-2013,144.8,168.4,8.4,17.2,25.16,12.99,144.8
-28.883333,27.89,05-03-2013,149.2,170.9,8.5,15.400001,25.949999,13.509999,149.2
-25.45963889,28.26430556,05-03-2013,155.0,147.8,7.4,1.6,28.89,16.51,140.5
-27.01011111,26.69808333,06-03-2013,170.6,139.4,7.0,0.8,28.49,15.83,132.40001
-25.81048333,27.90955222,06-03-2013,153.40001,158.60000000000002,7.9,1.4,27.869999,16.33,150.7
-29.744167,29.905833,06-03-2013,129.0,258.2,56.6,79.200005,25.869999,14.73,129.0
-26.648056,27.089444,06-03-2013,158.8,152.6,7.6000000000000005,1.0,27.67,15.21,145.0
-26.970278,27.211111,06-03-2013,160.0,146.9,7.300000000000001,1.0,27.789999,15.37,139.6
-26.880278,26.965,06-03-2013,162.6,145.9,7.300000000000001,1.0,28.23,15.67,138.7
-26.98472222,26.63227778,06-03-2013,169.1,141.0,7.1000000000000005,0.8,28.58,15.91,134.0
-29.160278,26.573333,06-03-2013,178.6,116.80000000000001,5.800000000000001,0.7,29.199999,14.45,111.0
-29.615556,27.065278,06-03-2013,166.5,140.0,7.0,0.7,27.98,13.71,133.0
-34.031944,22.053333,06-03-2013,155.7,11.100000000000001,0.6000000000000001,2.1000001,25.949999,15.599999,10.7
-34.039722,22.133333,06-03-2013,153.90001,11.4,0.6000000000000001,2.3,25.769999,15.92,11.0
-30.830556,26.921389,07-03-2013,168.7,110.0,5.5,0.8,28.369999,12.82,104.5
-28.75,30.442778,07-03-2013,146.2,162.10000000000002,8.1,11.0,29.279999,17.56,146.2
-29.161667,30.629722,07-03-2013,124.700005,189.0,9.5,60.5,25.109999,14.92,124.700005
-30.160091,27.40124,07-03-2013,159.7,143.9,7.2,0.90000004,27.63,13.83,136.8
-30.336111,27.359444,07-03-2013,161.5,139.5,7.0,1.0,27.72,13.349999,132.6
-29.042222,24.6,08-03-2013,205.8,76.60000000000001,3.8000000000000003,0.1,32.17,16.16,72.8
-31.000833,26.353056,08-03-2013,174.6,83.30000000000001,4.2,0.5,28.15,12.17,79.200005
-30.679722,26.7125,08-03-2013,173.7,105.10000000000001,5.300000000000001,0.7,29.189999,13.389999,99.9
-34.005833,22.351111,08-03-2013,147.1,13.9,0.7000000000000001,2.7,24.74,15.7,13.3
-28.735556,29.820556,11-03-2013,143.3,175.3,8.8,26.4,28.33,15.849999,143.3
-26.970278,27.211111,11-03-2013,160.0,146.9,7.300000000000001,1.0,27.789999,15.37,139.6
-26.45,28.085833,11-03-2013,147.8,150.6,7.5,1.4,26.31,14.309999,143.1
-29.1825,23.575556,11-03-2013,215.5,61.0,3.0,0.1,33.29,17.029999,57.9
-33.818056,19.694722,11-03-2013,203.90001,9.1,0.5,6.4,30.23,15.54,10.0
-27.01011111,26.69808333,12-03-2013,170.6,139.4,7.0,0.8,28.49,15.83,132.40001
-34.065833,20.404167,12-03-2013,182.3,8.5,0.4,3.4,30.31,17.05,8.400001
-25.127778,27.628889,12-03-2013,164.7,154.20000000000002,7.7,2.0,30.5,18.06,146.6
-25.20639,27.558,12-03-2013,165.2,156.60000000000002,7.800000000000001,2.0,30.429998,17.99,148.8
-24.69514,27.40906,12-03-2013,172.7,157.70000000000002,7.9,2.3,31.24,19.199999,149.90001
-28.747778,31.745833,12-03-2013,137.90001,134.5,6.7,5.4,29.06,20.13,128.3
-28.404444,30.013056,12-03-2013,144.7,165.60000000000002,8.3,16.0,28.07,15.429999,144.7
-29.380556,30.2775,12-03-2013,122.4,209.5,15.8,77.4,24.75,14.07,122.4
-26.861111,28.884722,12-03-2013,143.2,141.8,7.1000000000000005,1.5,25.779999,13.349999,134.8
-26.648056,27.089444,12-03-2013,158.8,152.6,7.6000000000000005,1.0,27.67,15.21,145.0
-26.880278,26.965,12-03-2013,162.6,145.9,7.300000000000001,1.0,28.23,15.67,138.7
-26.98472222,26.63227778,12-03-2013,169.1,141.0,7.1000000000000005,0.8,28.58,15.91,134.0
-28.376944,24.303056,12-03-2013,200.90001,86.9,4.3,0.2,32.399998,17.0,82.6
-34.075556,20.145556,12-03-2013,185.90001,8.700000000000001,0.4,6.5,29.8,16.22,9.6
-29.140556,31.391944,13-03-2013,129.90001,139.9,7.0,9.900001,27.65,19.64,129.90001
-24.39619444,27.08983333,13-03-2013,172.8,149.3,7.5,2.6000001,31.56,19.42,141.90001
-22.769722,30.886944,13-03-2013,148.1,132.4,6.6000000000000005,6.6,31.609999,20.31,126.3
-28.404444,30.013056,13-03-2013,144.7,165.60000000000002,8.3,16.0,28.07,15.429999,144.7
-29.161667,30.629722,13-03-2013,124.700005,189.0,9.5,60.5,25.109999,14.92,124.700005
-27.00222,28.76528,13-03-2013,143.40001,148.3,7.4,1.4,25.97,13.45,140.90001
-27.02314,28.59389,13-03-2013,145.3,150.20000000000002,7.5,1.4,26.21,13.59,142.8
-27.273889,28.49,13-03-2013,146.2,157.0,7.800000000000001,4.2000003,26.119999,13.49,146.2
-27.4275,28.525833,13-03-2013,145.0,162.4,8.1,11.5,26.0,13.28,145.0
-27.3,28.586944,13-03-2013,144.8,156.8,7.800000000000001,5.4,26.099998,13.37,144.8
-28.141944,26.417778,13-03-2013,180.1,116.4,5.800000000000001,0.7,29.46,15.349999,110.6
-28.1175,26.719444,13-03-2013,175.0,120.10000000000001,6.0,0.7,29.039999,15.63,114.1
-29.160278,26.573333,13-03-2013,178.6,116.80000000000001,5.800000000000001,0.7,29.199999,14.45,111.0
-28.768056,20.720556,13-03-2013,252.6,19.200000000000003,1.0,0.0,35.739998,18.619999,18.300001
-34.250556,20.9925,13-03-2013,177.3,10.3,0.5,3.3,28.17,16.529999,9.900001
-28.058889,30.373611,13-03-2013,139.90001,166.4,8.3,22.4,26.91,14.54,139.90001
-25.57877778,29.12747222,13-03-2013,150.0,148.4,7.4,1.4,28.359999,15.69,141.0
-28.801278,31.955389,14-03-2013,135.3,113.10000000000001,5.7,7.1,28.48,20.05,108.3
-27.937778,31.209444,14-03-2013,136.6,124.0,6.2,5.6,27.75,17.619999,118.3
-27.5275,30.858056,14-03-2013,130.6,164.20000000000002,8.200000000000001,31.2,26.24,15.75,130.6
-27.935,26.126667,14-03-2013,183.1,103.4,5.2,0.7,29.66,14.99,98.3
-28.1175,26.719444,14-03-2013,175.0,120.10000000000001,6.0,0.7,29.039999,15.63,114.1
-27.902778,24.615556,14-03-2013,198.40001,93.9,4.7,0.2,32.34,17.029999,89.200005
-29.042222,24.6,14-03-2013,205.8,76.60000000000001,3.8000000000000003,0.1,32.17,16.16,72.8
-29.028629,24.638389,14-03-2013,204.90001,78.10000000000001,3.9000000000000004,0.1,32.11,16.1,74.200005
-34.329722,18.990278,14-03-2013,164.2,8.700000000000001,0.4,22.1,24.8,15.17,16.7
-24.925278,29.324444,15-03-2013,154.1,152.3,7.6000000000000005,1.2,30.32,17.9,144.8
-27.671111,27.236944,15-03-2013,167.2,134.5,6.7,0.8,28.529999,15.2,127.8
-27.573056,24.746389,15-03-2013,200.40001,100.7,5.0,0.3,31.99,16.8,95.700005
-26.970278,27.211111,16-03-2013,160.0,146.9,7.300000000000001,1.0,27.789999,15.37,139.6
-28.96362,19.15486,16-03-2013,251.1,2.4000000000000004,0.1,0.0,36.73,18.92,2.3
-33.08883333,19.21878333,16-03-2013,201.0,11.9,0.6000000000000001,8.2,27.99,12.91,13.1
-26.648056,27.089444,23-04-2014,168.6,118.9,5.9,2.9,28.789999,15.339999,113.200005
-26.648056,27.089444,01-05-2014,168.6,118.9,5.9,2.9,28.789999,15.339999,113.200005
-25.99136,27.84208,18-03-2013,149.40001,163.10000000000002,8.200000000000001,7.0,26.83,15.309999,149.40001
-29.7775,29.470833,18-03-2013,125.5,289.7,125.30000000000001,42.9,23.76,12.16,125.5
-29.744167,29.905833,18-03-2013,129.0,258.2,56.6,79.200005,25.869999,14.73,129.0
-26.970278,27.211111,18-03-2013,160.0,146.9,7.300000000000001,1.0,27.789999,15.37,139.6
-26.73806,27.59194,18-03-2013,153.90001,153.70000000000002,7.7,1.2,26.91,14.9,146.0
-26.45,28.085833,18-03-2013,147.8,150.6,7.5,1.4,26.31,14.309999,143.1
-30.570833,29.150556,18-03-2013,128.2,212.20000000000002,37.7,49.9,24.38,12.42,128.2
-31.396,29.2651,18-03-2013,126.3,197.4,26.5,49.600002,26.029999,18.06,126.3
-31.554722,29.245556,18-03-2013,117.5,205.60000000000002,42.900000000000006,50.5,24.789999,16.99,117.5
-27.01011111,26.69808333,19-03-2013,170.6,139.4,7.0,0.8,28.49,15.83,132.40001
-30.733889,29.828333,19-03-2013,121.5,231.3,46.6,69.4,25.26,16.039999,121.5
-29.987778,29.851667,19-03-2013,123.8,257.6,57.300000000000004,84.1,25.019999,14.04,123.8
-26.861111,28.884722,19-03-2013,143.2,141.8,7.1000000000000005,1.5,25.779999,13.349999,134.8
-27.00222,28.76528,19-03-2013,143.40001,148.3,7.4,1.4,25.97,13.45,140.90001
-26.648056,27.089444,19-03-2013,158.8,152.6,7.6000000000000005,1.0,27.67,15.21,145.0
-26.880278,26.965,19-03-2013,162.6,145.9,7.300000000000001,1.0,28.23,15.67,138.7
-26.98472222,26.63227778,19-03-2013,169.1,141.0,7.1000000000000005,0.8,28.58,15.91,134.0
-30.568333,29.422778,19-03-2013,126.8,209.5,24.700000000000003,62.600002,24.529999,12.559999,126.8
-30.570833,29.150556,19-03-2013,128.2,212.20000000000002,37.7,49.9,24.38,12.42,128.2
-31.104278,29.399722,19-03-2013,124.5,207.5,31.1,57.2,25.74,16.74,124.5
-33.31388889,19.07472222,19-03-2013,212.8,11.200000000000001,0.6000000000000001,13.0,31.14,16.24,14.2
-25.45963889,28.26430556,19-03-2013,155.0,147.8,7.4,1.6,28.89,16.51,140.5
-28.338333,31.373611,19-03-2013,133.1,134.0,6.7,4.5,27.769999,17.73,127.6
-28.068333,31.55,19-03-2013,140.8,107.7,5.4,4.7000003,29.9,20.17,102.700005
-29.161667,23.696389,20-03-2013,210.1,65.10000000000001,3.3000000000000003,0.1,33.309998,16.92,61.9
-25.81048333,27.90955222,20-03-2013,153.40001,158.60000000000002,7.9,1.4,27.869999,16.33,150.7
-24.058889,31.237222,20-03-2013,137.6,111.7,5.6000000000000005,1.0,31.349998,20.43,106.1
-30.13573889,30.67422222,20-03-2013,125.1,227.8,29.3,80.1,26.449999,19.73,125.1
-30.398056,30.601944,20-03-2013,124.1,237.70000000000002,39.900000000000006,81.1,26.21,19.83,124.1
-30.27402,30.69602,20-03-2013,123.6,235.10000000000002,38.400000000000006,80.3,26.09,19.76,123.6
-27.38972222,26.46388889,20-03-2013,179.6,124.9,6.2,0.8,29.349998,15.889999,118.6
-28.1175,26.719444,20-03-2013,175.0,120.10000000000001,6.0,0.7,29.039999,15.63,114.1
-31.031389,28.883333,20-03-2013,129.5,201.3,19.0,56.100002,25.609999,14.75,129.5
-30.86013889,29.07125,20-03-2013,130.2,201.10000000000002,21.5,51.7,26.01,15.28,130.2
-30.77586667,29.03221667,20-03-2013,130.8,204.8,28.200000000000003,48.8,25.9,15.009999,130.8
-33.7075,18.97444444,20-03-2013,208.90001,11.0,0.5,14.3,30.38,16.609999,14.6
-24.183889,30.823889,21-03-2013,137.6,138.4,6.9,2.4,30.64,19.73,131.5
-28.44555556,32.325,16-05-2013,128.8,98.60000000000001,4.9,9.6,27.63,20.47,95.200005
-27.935,26.126667,21-03-2013,183.1,103.4,5.2,0.7,29.66,14.99,98.3
-28.1175,26.719444,21-03-2013,175.0,120.10000000000001,6.0,0.7,29.039999,15.63,114.1
-27.398611,26.614722,21-03-2013,177.90001,126.60000000000001,6.300000000000001,0.8,29.17,15.929999,120.3
-24.679167,30.8025,22-03-2013,127.5,211.70000000000002,10.600000000000001,109.1,25.71,15.589999,127.5
-29.744167,29.905833,22-03-2013,129.0,258.2,56.6,79.200005,25.869999,14.73,129.0
-28.116667,26.725278,22-03-2013,175.0,120.10000000000001,6.0,0.7,29.039999,15.63,114.1
-29.803611,30.516111,22-03-2013,122.4,240.8,41.2,83.8,25.76,16.66,122.4
-26.45,28.085833,25-03-2013,147.8,150.6,7.5,1.4,26.31,14.309999,143.1
-31.436944,20.474722,25-03-2013,231.6,16.0,0.8,0.0,31.32,14.15,15.2
-29.1825,23.575556,25-03-2013,215.5,61.0,3.0,0.1,33.29,17.029999,57.9
-33.38056,19.30167,25-03-2013,199.0,11.600000000000001,0.6000000000000001,9.6,28.48,13.67,13.5
-27.01011111,26.69808333,26-03-2013,170.6,139.4,7.0,0.8,28.49,15.83,132.40001
-25.127778,27.628889,26-03-2013,164.7,154.20000000000002,7.7,2.0,30.5,18.06,146.6
-24.39619444,27.08983333,26-03-2013,172.8,149.3,7.5,2.6000001,31.56,19.42,141.90001
-24.69514,27.40906,26-03-2013,172.7,157.70000000000002,7.9,2.3,31.24,19.199999,149.90001
-25.73411,27.21422,26-03-2013,156.2,175.9,8.8,12.3,27.96,15.21,156.2
-30.398056,30.601944,26-03-2013,124.1,237.70000000000002,39.900000000000006,81.1,26.21,19.83,124.1
-30.27402,30.69602,26-03-2013,123.6,235.10000000000002,38.400000000000006,80.3,26.09,19.76,123.6
-26.861111,28.884722,26-03-2013,143.2,141.8,7.1000000000000005,1.5,25.779999,13.349999,134.8
-27.00222,28.76528,26-03-2013,143.40001,148.3,7.4,1.4,25.97,13.45,140.90001
-26.648056,27.089444,26-03-2013,158.8,152.6,7.6000000000000005,1.0,27.67,15.21,145.0
-26.970278,27.211111,26-03-2013,160.0,146.9,7.300000000000001,1.0,27.789999,15.37,139.6
-26.880278,26.965,26-03-2013,162.6,145.9,7.300000000000001,1.0,28.23,15.67,138.7
-26.98472222,26.63227778,26-03-2013,169.1,141.0,7.1000000000000005,0.8,28.58,15.91,134.0
-29.651389,22.746389,26-03-2013,236.0,39.800000000000004,2.0,0.0,33.66,18.029999,37.8
-29.1825,23.575556,26-03-2013,215.5,61.0,3.0,0.1,33.29,17.029999,57.9
-32.595833,19.009444,26-03-2013,222.6,9.9,0.5,7.0,32.94,15.95,10.400001
-33.08883333,19.21878333,26-03-2013,201.0,11.9,0.6000000000000001,8.2,27.99,12.91,13.1
-29.161667,23.696389,27-03-2013,210.1,65.10000000000001,3.3000000000000003,0.1,33.309998,16.92,61.9
-29.641944,30.6875,27-03-2013,127.200005,211.4,10.600000000000001,80.200005,26.75,18.34,127.200005
-25.20639,27.558,27-03-2013,165.2,156.60000000000002,7.800000000000001,2.0,30.429998,17.99,148.8
-27.602222,29.942778,27-03-2013,146.2,166.60000000000002,8.3,15.8,27.8,14.839999,146.2
-29.380556,30.2775,27-03-2013,122.4,209.5,15.8,77.4,24.75,14.07,122.4
-29.161667,30.629722,27-03-2013,124.700005,189.0,9.5,60.5,25.109999,14.92,124.700005
-29.651389,22.746389,27-03-2013,236.0,39.800000000000004,2.0,0.0,33.66,18.029999,37.8
-33.13083,18.86278,27-03-2013,215.6,10.100000000000001,0.5,11.7,31.699999,17.029999,12.7
-32.94583,18.33667,27-03-2013,200.2,7.1000000000000005,0.4,7.2000003,28.68,15.95,8.3
-29.641944,30.6875,28-03-2013,127.200005,211.4,10.600000000000001,80.200005,26.75,18.34,127.200005
-29.758889,30.935278,28-03-2013,122.700005,180.8,9.0,55.5,26.369999,19.529999,122.700005
-32.502778,19.535833,28-03-2013,234.1,9.0,0.4,0.5,32.85,15.63,8.6
-28.96362,19.15486,30-03-2013,251.1,2.4000000000000004,0.1,0.0,36.73,18.92,2.3
-25.99136,27.84208,02-04-2013,149.40001,163.10000000000002,8.200000000000001,7.0,26.83,15.309999,149.40001
-26.73806,27.59194,02-04-2013,153.90001,153.70000000000002,7.7,1.2,26.91,14.9,146.0
-26.45,28.085833,02-04-2013,147.8,150.6,7.5,1.4,26.31,14.309999,143.1
-29.160278,26.573333,02-04-2013,178.6,116.80000000000001,5.800000000000001,0.7,29.199999,14.45,111.0
-31.396,29.2651,02-04-2013,126.3,197.4,26.5,49.600002,26.029999,18.06,126.3
-31.554722,29.245556,02-04-2013,117.5,205.60000000000002,42.900000000000006,50.5,24.789999,16.99,117.5
-27.01011111,26.69808333,03-04-2013,170.6,139.4,7.0,0.8,28.49,15.83,132.40001
-29.744167,29.905833,03-04-2013,129.0,258.2,56.6,79.200005,25.869999,14.73,129.0
-26.861111,28.884722,03-04-2013,143.2,141.8,7.1000000000000005,1.5,25.779999,13.349999,134.8
-26.98472222,26.63227778,03-04-2013,169.1,141.0,7.1000000000000005,0.8,28.58,15.91,134.0
-27.398611,26.614722,03-04-2013,177.90001,126.60000000000001,6.300000000000001,0.8,29.17,15.929999,120.3
-27.671111,27.236944,03-04-2013,167.2,134.5,6.7,0.8,28.529999,15.2,127.8
-30.568333,29.422778,03-04-2013,126.8,209.5,24.700000000000003,62.600002,24.529999,12.559999,126.8
-31.104278,29.399722,03-04-2013,124.5,207.5,31.1,57.2,25.74,16.74,124.5
-34.031944,22.053333,03-04-2013,155.7,11.100000000000001,0.6000000000000001,2.1000001,25.949999,15.599999,10.7
-25.45963889,28.26430556,03-04-2013,155.0,147.8,7.4,1.6,28.89,16.51,140.5
-25.81048333,27.90955222,04-04-2013,153.40001,158.60000000000002,7.9,1.4,27.869999,16.33,150.7
-28.75,30.442778,04-04-2013,146.2,162.10000000000002,8.1,11.0,29.279999,17.56,146.2
-27.00222,28.76528,04-04-2013,143.40001,148.3,7.4,1.4,25.97,13.45,140.90001
-27.02314,28.59389,04-04-2013,145.3,150.20000000000002,7.5,1.4,26.21,13.59,142.8
-26.648056,27.089444,04-04-2013,158.8,152.6,7.6000000000000005,1.0,27.67,15.21,145.0
-26.970278,27.211111,04-04-2013,160.0,146.9,7.300000000000001,1.0,27.789999,15.37,139.6
-26.880278,26.965,04-04-2013,162.6,145.9,7.300000000000001,1.0,28.23,15.67,138.7
-27.273889,28.49,04-04-2013,146.2,157.0,7.800000000000001,4.2000003,26.119999,13.49,146.2
-27.4275,28.525833,04-04-2013,145.0,162.4,8.1,11.5,26.0,13.28,145.0
-27.3,28.586944,04-04-2013,144.8,156.8,7.800000000000001,5.4,26.099998,13.37,144.8
-30.570833,29.150556,04-04-2013,128.2,212.20000000000002,37.7,49.9,24.38,12.42,128.2
-31.031389,28.883333,05-04-2013,129.5,201.3,19.0,56.100002,25.609999,14.75,129.5
-30.86013889,29.07125,05-04-2013,130.2,201.10000000000002,21.5,51.7,26.01,15.28,130.2
-30.77586667,29.03221667,05-04-2013,130.8,204.8,28.200000000000003,48.8,25.9,15.009999,130.8
-34.02861,22.22222,05-04-2013,150.40001,12.4,0.6000000000000001,2.4,25.3,15.66,11.900001
-28.96362,19.15486,06-04-2013,251.1,2.4000000000000004,0.1,0.0,36.73,18.92,2.3
-27.3,28.586944,07-04-2013,144.8,156.8,7.800000000000001,5.4,26.099998,13.37,144.8
-28.768056,20.720556,08-04-2013,252.6,19.200000000000003,1.0,0.0,35.739998,18.619999,18.300001
-33.818056,19.694722,08-04-2013,203.90001,9.1,0.5,6.4,30.23,15.54,10.0
-26.970278,27.211111,28-01-2013,160.0,146.9,7.300000000000001,1.0,27.789999,15.37,139.6
-34.065833,20.404167,09-04-2013,182.3,8.5,0.4,3.4,30.31,17.05,8.400001
-24.183889,30.823889,09-04-2013,137.6,138.4,6.9,2.4,30.64,19.73,131.5
-25.127778,27.628889,09-04-2013,164.7,154.20000000000002,7.7,2.0,30.5,18.06,146.6
-25.20639,27.558,09-04-2013,165.2,156.60000000000002,7.800000000000001,2.0,30.429998,17.99,148.8
-24.69514,27.40906,09-04-2013,172.7,157.70000000000002,7.9,2.3,31.24,19.199999,149.90001
-28.747778,31.745833,09-04-2013,137.90001,134.5,6.7,5.4,29.06,20.13,128.3
-28.801278,31.955389,09-04-2013,135.3,113.10000000000001,5.7,7.1,28.48,20.05,108.3
-27.3,28.586944,09-04-2013,144.8,156.8,7.800000000000001,5.4,26.099998,13.37,144.8
-29.160278,26.573333,09-04-2013,178.6,116.80000000000001,5.800000000000001,0.7,29.199999,14.45,111.0
-28.69485,28.23487,09-04-2013,144.8,168.4,8.4,17.2,25.16,12.99,144.8
-34.075556,20.145556,09-04-2013,185.90001,8.700000000000001,0.4,6.5,29.8,16.22,9.6
-29.140556,31.391944,10-04-2013,129.90001,139.9,7.0,9.900001,27.65,19.64,129.90001
-24.282222,28.090278,10-04-2013,153.6,160.20000000000002,8.0,2.0,28.939999,17.1,152.2
-24.670833,28.560833,10-04-2013,152.8,176.9,8.8,17.300001,28.93,16.51,152.8
-24.39619444,27.08983333,10-04-2013,172.8,149.3,7.5,2.6000001,31.56,19.42,141.90001
-23.658056,31.05,10-04-2013,141.8,100.2,5.0,0.90000004,31.519999,20.5,95.200005
-27.937778,31.209444,10-04-2013,136.6,124.0,6.2,5.6,27.75,17.619999,118.3
-28.404444,30.013056,10-04-2013,144.7,165.60000000000002,8.3,16.0,28.07,15.429999,144.7
-29.380556,30.2775,10-04-2013,122.4,209.5,15.8,77.4,24.75,14.07,122.4
-26.970278,27.211111,16-07-2013,172.7,67.9,3.4000000000000004,1.0,30.289999,17.039999,64.5
-26.45,28.085833,10-04-2013,147.8,150.6,7.5,1.4,26.31,14.309999,143.1
-27.671111,27.236944,10-04-2013,167.2,134.5,6.7,0.8,28.529999,15.2,127.8
-29.615556,27.065278,10-04-2013,166.5,140.0,7.0,0.7,27.98,13.71,133.0
-28.883333,27.89,10-04-2013,149.2,170.9,8.5,15.400001,25.949999,13.509999,149.2
-34.092222,21.295278,10-04-2013,172.2,10.9,0.5,1.8000001,28.099998,15.759999,10.5
-28.058889,30.373611,10-04-2013,139.90001,166.4,8.3,22.4,26.91,14.54,139.90001
-27.01011111,26.69808333,11-04-2013,170.6,139.4,7.0,0.8,28.49,15.83,132.40001
-30.830556,26.921389,11-04-2013,168.7,110.0,5.5,0.8,28.369999,12.82,104.5
-23.23572222,27.717,11-04-2013,169.5,96.7,4.800000000000001,0.4,31.929998,19.939999,91.8
-22.769722,30.886944,11-04-2013,148.1,132.4,6.6000000000000005,6.6,31.609999,20.31,126.3
-28.801278,31.955389,11-04-2013,135.3,113.10000000000001,5.7,7.1,28.48,20.05,108.3
-26.861111,28.884722,11-04-2013,143.2,141.8,7.1000000000000005,1.5,25.779999,13.349999,134.8
-27.00222,28.76528,11-04-2013,143.40001,148.3,7.4,1.4,25.97,13.45,140.90001
-26.970278,27.211111,11-04-2013,160.0,146.9,7.300000000000001,1.0,27.789999,15.37,139.6
-26.880278,26.965,11-04-2013,162.6,145.9,7.300000000000001,1.0,28.23,15.67,138.7
-26.98472222,26.63227778,11-04-2013,169.1,141.0,7.1000000000000005,0.8,28.58,15.91,134.0
-27.902778,24.615556,11-04-2013,198.40001,93.9,4.7,0.2,32.34,17.029999,89.200005
-30.160091,27.40124,11-04-2013,159.7,143.9,7.2,0.90000004,27.63,13.83,136.8
-30.336111,27.359444,11-04-2013,161.5,139.5,7.0,1.0,27.72,13.349999,132.6
-33.897778,20.012778,11-04-2013,197.3,8.200000000000001,0.4,5.5,30.57,15.86,8.900001
-24.679167,30.8025,12-04-2013,127.5,211.70000000000002,10.600000000000001,109.1,25.71,15.589999,127.5
-22.91028,29.61111,12-04-2013,145.1,131.6,6.6000000000000005,1.9,29.9,18.82,125.1
-31.000833,26.353056,12-04-2013,174.6,83.30000000000001,4.2,0.5,28.15,12.17,79.200005
-30.679722,26.7125,12-04-2013,173.7,105.10000000000001,5.300000000000001,0.7,29.189999,13.389999,99.9
-31.436944,20.474722,12-04-2013,231.6,16.0,0.8,0.0,31.32,14.15,15.2
-31.394444,20.947222,12-04-2013,234.8,18.400000000000002,0.9,0.0,31.849998,14.9,17.5
-28.96362,19.15486,13-04-2013,251.1,2.4000000000000004,0.1,0.0,36.73,18.92,2.3
-25.81048333,27.90955222,15-04-2013,153.40001,158.60000000000002,7.9,1.4,27.869999,16.33,150.7
-25.99136,27.84208,15-04-2013,149.40001,163.10000000000002,8.200000000000001,7.0,26.83,15.309999,149.40001
-29.7775,29.470833,15-04-2013,125.5,289.7,125.30000000000001,42.9,23.76,12.16,125.5
-29.987778,29.851667,15-04-2013,123.8,257.6,57.300000000000004,84.1,25.019999,14.04,123.8
-29.744167,29.905833,15-04-2013,129.0,258.2,56.6,79.200005,25.869999,14.73,129.0
-26.45,28.085833,15-04-2013,147.8,150.6,7.5,1.4,26.31,14.309999,143.1
-27.01011111,26.69808333,16-04-2013,170.6,139.4,7.0,0.8,28.49,15.83,132.40001
-26.861111,28.884722,16-04-2013,143.2,141.8,7.1000000000000005,1.5,25.779999,13.349999,134.8
-27.00222,28.76528,16-04-2013,143.40001,148.3,7.4,1.4,25.97,13.45,140.90001
-26.648056,27.089444,16-04-2013,158.8,152.6,7.6000000000000005,1.0,27.67,15.21,145.0
-26.970278,27.211111,16-04-2013,160.0,146.9,7.300000000000001,1.0,27.789999,15.37,139.6
-26.880278,26.965,16-04-2013,162.6,145.9,7.300000000000001,1.0,28.23,15.67,138.7
-26.98472222,26.63227778,16-04-2013,169.1,141.0,7.1000000000000005,0.8,28.58,15.91,134.0
-28.883333,27.89,16-04-2013,149.2,170.9,8.5,15.400001,25.949999,13.509999,149.2
-33.970833,22.548333,16-04-2013,144.0,16.8,0.8,11.400001,24.41,15.79,19.7
-25.45963889,28.26430556,16-04-2013,155.0,147.8,7.4,1.6,28.89,16.51,140.5
-28.338333,31.373611,16-04-2013,133.1,134.0,6.7,4.5,27.769999,17.73,127.6
-29.161667,23.696389,17-04-2013,210.1,65.10000000000001,3.3000000000000003,0.1,33.309998,16.92,61.9
-30.733889,29.828333,17-04-2013,121.5,231.3,46.6,69.4,25.26,16.039999,121.5
-29.744167,29.905833,17-04-2013,129.0,258.2,56.6,79.200005,25.869999,14.73,129.0
-30.398056,30.601944,17-04-2013,124.1,237.70000000000002,39.900000000000006,81.1,26.21,19.83,124.1
-26.970278,27.211111,28-07-2014,176.1,45.800000000000004,2.3000000000000003,2.2,30.15,15.65,43.7
-26.73806,27.59194,17-04-2013,153.90001,153.70000000000002,7.7,1.2,26.91,14.9,146.0
-28.69485,28.23487,17-04-2013,144.8,168.4,8.4,17.2,25.16,12.99,144.8
-34.250556,20.9925,17-04-2013,177.3,10.3,0.5,3.3,28.17,16.529999,9.900001
-25.49037,30.6986,18-04-2013,128.40001,163.20000000000002,8.200000000000001,46.600002,26.529999,16.35,128.40001
-28.44555556,32.325,13-06-2013,128.8,98.60000000000001,4.9,9.6,27.63,20.47,95.200005
-30.27402,30.69602,18-04-2013,123.6,235.10000000000002,38.400000000000006,80.3,26.09,19.76,123.6
-29.042222,24.6,18-04-2013,205.8,76.60000000000001,3.8000000000000003,0.1,32.17,16.16,72.8
-29.028629,24.638389,18-04-2013,204.90001,78.10000000000001,3.9000000000000004,0.1,32.11,16.1,74.200005
-29.033333,23.983333,18-04-2013,205.40001,73.0,3.7,0.2,32.82,16.42,69.4
-25.447222,30.711667,18-04-2013,129.90001,159.3,8.0,35.9,27.08,17.0,129.90001
-28.116667,26.725278,19-04-2013,175.0,120.10000000000001,6.0,0.7,29.039999,15.63,114.1
-29.803611,30.516111,19-04-2013,122.4,240.8,41.2,83.8,25.76,16.66,122.4
-28.96362,19.15486,20-04-2013,251.1,2.4000000000000004,0.1,0.0,36.73,18.92,2.3
-25.20639,27.558,22-04-2013,165.2,156.60000000000002,7.800000000000001,2.0,30.429998,17.99,148.8
-23.838611,31.640833,22-04-2013,144.8,97.2,4.9,0.90000004,32.54,21.01,92.4
-26.648056,27.089444,22-04-2013,158.8,152.6,7.6000000000000005,1.0,27.67,15.21,145.0
-26.45,28.085833,22-04-2013,147.8,150.6,7.5,1.4,26.31,14.309999,143.1
-33.38056,19.30167,22-04-2013,199.0,11.600000000000001,0.6000000000000001,9.6,28.48,13.67,13.5
-32.502778,19.535833,22-04-2013,234.1,9.0,0.4,0.5,32.85,15.63,8.6
-31.860278,18.6875,23-04-2013,221.2,7.4,0.4,0.6,31.59,15.66,7.0
-25.127778,27.628889,23-04-2013,164.7,154.20000000000002,7.7,2.0,30.5,18.06,146.6
-24.69514,27.40906,23-04-2013,172.7,157.70000000000002,7.9,2.3,31.24,19.199999,149.90001
-28.735556,29.820556,23-04-2013,143.3,175.3,8.8,26.4,28.33,15.849999,143.3
-27.00222,28.76528,23-04-2013,143.40001,148.3,7.4,1.4,25.97,13.45,140.90001
-26.970278,27.211111,23-04-2013,160.0,146.9,7.300000000000001,1.0,27.789999,15.37,139.6
-26.880278,26.965,23-04-2013,162.6,145.9,7.300000000000001,1.0,28.23,15.67,138.7
-26.98472222,26.63227778,23-04-2013,169.1,141.0,7.1000000000000005,0.8,28.58,15.91,134.0
-28.141944,26.417778,23-04-2013,180.1,116.4,5.800000000000001,0.7,29.46,15.349999,110.6
-33.501667,21.624167,23-04-2013,186.2,10.9,0.5,0.1,28.269999,12.78,10.3
-32.595833,19.009444,23-04-2013,222.6,9.9,0.5,7.0,32.94,15.95,10.400001
-28.760833,17.730278,24-04-2013,244.2,0.30000000000000004,0.0,0.0,36.03,21.13,0.3
-29.161667,23.696389,24-04-2013,210.1,65.10000000000001,3.3000000000000003,0.1,33.309998,16.92,61.9
-29.641944,30.6875,24-04-2013,127.200005,211.4,10.600000000000001,80.200005,26.75,18.34,127.200005
-27.363611,31.783333,24-04-2013,132.8,91.5,4.6000000000000005,7.8,29.66,19.56,87.5
-28.141944,26.417778,24-04-2013,180.1,116.4,5.800000000000001,0.7,29.46,15.349999,110.6
-33.08883333,19.21878333,24-04-2013,201.0,11.9,0.6000000000000001,8.2,27.99,12.91,13.1
-33.31388889,19.07472222,24-04-2013,212.8,11.200000000000001,0.6000000000000001,13.0,31.14,16.24,14.2
-33.13083,18.86278,24-04-2013,215.6,10.100000000000001,0.5,11.7,31.699999,17.029999,12.7
-32.94583,18.33667,24-04-2013,200.2,7.1000000000000005,0.4,7.2000003,28.68,15.95,8.3
-26.905,32.324722,25-04-2013,133.0,71.8,3.6,8.3,31.13,20.42,68.8
-27.602222,29.942778,25-04-2013,146.2,166.60000000000002,8.3,15.8,27.8,14.839999,146.2
-27.38972222,26.46388889,25-04-2013,179.6,124.9,6.2,0.8,29.349998,15.889999,118.6
-33.7075,18.97444444,25-04-2013,208.90001,11.0,0.5,14.3,30.38,16.609999,14.6
-33.464444,18.740556,25-04-2013,209.6,9.9,0.5,11.2,29.83,16.51,12.6
-33.72266667,18.61691667,25-04-2013,198.5,8.3,0.4,12.0,28.38,16.609999,11.3
-27.356667,27.286389,25-04-2013,166.2,136.70000000000002,6.800000000000001,0.90000004,28.099998,15.28,129.90001
-27.902778,24.615556,26-04-2013,198.40001,93.9,4.7,0.2,32.34,17.029999,89.200005
-28.068333,31.55,26-04-2013,140.8,107.7,5.4,4.7000003,29.9,20.17,102.700005
-28.96362,19.15486,27-04-2013,251.1,2.4000000000000004,0.1,0.0,36.73,18.92,2.3
-26.45,28.085833,29-04-2013,147.8,150.6,7.5,1.4,26.31,14.309999,143.1
-27.01011111,26.69808333,30-04-2013,170.6,139.4,7.0,0.8,28.49,15.83,132.40001
-27.169444,29.233889,30-04-2013,138.3,147.1,7.4,2.7,25.34,13.0,138.3
-26.861111,28.884722,30-04-2013,143.2,141.8,7.1000000000000005,1.5,25.779999,13.349999,134.8
-27.00222,28.76528,30-04-2013,143.40001,148.3,7.4,1.4,25.97,13.45,140.90001
-26.648056,27.089444,30-04-2013,158.8,152.6,7.6000000000000005,1.0,27.67,15.21,145.0
-26.970278,27.211111,30-04-2013,160.0,146.9,7.300000000000001,1.0,27.789999,15.37,139.6
-26.880278,26.965,30-04-2013,162.6,145.9,7.300000000000001,1.0,28.23,15.67,138.7
-26.98472222,26.63227778,30-04-2013,169.1,141.0,7.1000000000000005,0.8,28.58,15.91,134.0
-25.45963889,28.26430556,30-04-2013,155.0,147.8,7.4,1.6,28.89,16.51,140.5
-29.161667,23.696389,01-05-2013,210.1,65.10000000000001,3.3000000000000003,0.1,33.309998,16.92,61.9
-25.81048333,27.90955222,01-05-2013,153.40001,158.60000000000002,7.9,1.4,27.869999,16.33,150.7
-28.75,30.442778,01-05-2013,146.2,162.10000000000002,8.1,11.0,29.279999,17.56,146.2
-29.161667,30.629722,01-05-2013,124.700005,189.0,9.5,60.5,25.109999,14.92,124.700005
-29.033333,23.983333,01-05-2013,205.40001,73.0,3.7,0.2,32.82,16.42,69.4
-29.744167,29.905833,02-05-2013,129.0,258.2,56.6,79.200005,25.869999,14.73,129.0
-32.94583,18.33667,02-05-2013,200.2,7.1000000000000005,0.4,7.2000003,28.68,15.95,8.3
-27.671111,27.236944,04-05-2013,167.2,134.5,6.7,0.8,28.529999,15.2,127.8
-28.96362,19.15486,04-05-2013,251.1,2.4000000000000004,0.1,0.0,36.73,18.92,2.3
-26.45,28.085833,06-05-2013,147.8,150.6,7.5,1.4,26.31,14.309999,143.1
-33.818056,19.694722,06-05-2013,203.90001,9.1,0.5,6.4,30.23,15.54,10.0
-34.065833,20.404167,07-05-2013,182.3,8.5,0.4,3.4,30.31,17.05,8.400001
-25.127778,27.628889,07-05-2013,164.7,154.20000000000002,7.7,2.0,30.5,18.06,146.6
-25.20639,27.558,07-05-2013,165.2,156.60000000000002,7.800000000000001,2.0,30.429998,17.99,148.8
-24.69514,27.40906,07-05-2013,172.7,157.70000000000002,7.9,2.3,31.24,19.199999,149.90001
-23.658056,31.05,07-05-2013,141.8,100.2,5.0,0.90000004,31.519999,20.5,95.200005
-28.747778,31.745833,07-05-2013,137.90001,134.5,6.7,5.4,29.06,20.13,128.3
-28.735556,29.820556,07-05-2013,143.3,175.3,8.8,26.4,28.33,15.849999,143.3
-29.380556,30.2775,07-05-2013,122.4,209.5,15.8,77.4,24.75,14.07,122.4
-26.861111,28.884722,07-05-2013,143.2,141.8,7.1000000000000005,1.5,25.779999,13.349999,134.8
-26.98472222,26.63227778,07-05-2013,169.1,141.0,7.1000000000000005,0.8,28.58,15.91,134.0
-27.398611,26.614722,07-05-2013,177.90001,126.60000000000001,6.300000000000001,0.8,29.17,15.929999,120.3
-27.671111,27.236944,07-05-2013,167.2,134.5,6.7,0.8,28.529999,15.2,127.8
-29.160278,26.573333,07-05-2013,178.6,116.80000000000001,5.800000000000001,0.7,29.199999,14.45,111.0
-28.768056,20.720556,07-05-2013,252.6,19.200000000000003,1.0,0.0,35.739998,18.619999,18.300001
-34.02861,22.22222,07-05-2013,150.40001,12.4,0.6000000000000001,2.4,25.3,15.66,11.900001
-34.075556,20.145556,07-05-2013,185.90001,8.700000000000001,0.4,6.5,29.8,16.22,9.6
-29.161667,23.696389,08-05-2013,210.1,65.10000000000001,3.3000000000000003,0.1,33.309998,16.92,61.9
-24.39619444,27.08983333,08-05-2013,172.8,149.3,7.5,2.6000001,31.56,19.42,141.90001
-28.404444,30.013056,08-05-2013,144.7,165.60000000000002,8.3,16.0,28.07,15.429999,144.7
-27.00222,28.76528,08-05-2013,143.40001,148.3,7.4,1.4,25.97,13.45,140.90001
-27.02314,28.59389,08-05-2013,145.3,150.20000000000002,7.5,1.4,26.21,13.59,142.8
-26.648056,27.089444,08-05-2013,158.8,152.6,7.6000000000000005,1.0,27.67,15.21,145.0
-26.970278,27.211111,08-05-2013,160.0,146.9,7.300000000000001,1.0,27.789999,15.37,139.6
-26.880278,26.965,08-05-2013,162.6,145.9,7.300000000000001,1.0,28.23,15.67,138.7
-27.273889,28.49,08-05-2013,146.2,157.0,7.800000000000001,4.2000003,26.119999,13.49,146.2
-27.4275,28.525833,08-05-2013,145.0,162.4,8.1,11.5,26.0,13.28,145.0
-28.69485,28.23487,08-05-2013,144.8,168.4,8.4,17.2,25.16,12.99,144.8
-29.615556,27.065278,08-05-2013,166.5,140.0,7.0,0.7,27.98,13.71,133.0
-28.883333,27.89,08-05-2013,149.2,170.9,8.5,15.400001,25.949999,13.509999,149.2
-30.77586667,29.03221667,08-05-2013,130.8,204.8,28.200000000000003,48.8,25.9,15.009999,130.8
-31.396,29.2651,08-05-2013,126.3,197.4,26.5,49.600002,26.029999,18.06,126.3
-34.039722,22.133333,08-05-2013,153.90001,11.4,0.6000000000000001,2.3,25.769999,15.92,11.0
-28.058889,30.373611,08-05-2013,139.90001,166.4,8.3,22.4,26.91,14.54,139.90001
-33.897778,20.012778,08-05-2013,197.3,8.200000000000001,0.4,5.5,30.57,15.86,8.900001
-29.140556,31.391944,09-05-2013,129.90001,139.9,7.0,9.900001,27.65,19.64,129.90001
-27.671111,27.236944,09-05-2013,167.2,134.5,6.7,0.8,28.529999,15.2,127.8
-30.160091,27.40124,09-05-2013,159.7,143.9,7.2,0.90000004,27.63,13.83,136.8
-30.336111,27.359444,09-05-2013,161.5,139.5,7.0,1.0,27.72,13.349999,132.6
-34.005833,22.351111,09-05-2013,147.1,13.9,0.7000000000000001,2.7,24.74,15.7,13.3
-30.830556,26.921389,10-05-2013,168.7,110.0,5.5,0.8,28.369999,12.82,104.5
-28.116667,26.725278,10-05-2013,175.0,120.10000000000001,6.0,0.7,29.039999,15.63,114.1
-27.573056,24.746389,10-05-2013,200.40001,100.7,5.0,0.3,31.99,16.8,95.700005
-31.000833,26.353056,10-05-2013,174.6,83.30000000000001,4.2,0.5,28.15,12.17,79.200005
-30.679722,26.7125,10-05-2013,173.7,105.10000000000001,5.300000000000001,0.7,29.189999,13.389999,99.9
-28.96362,19.15486,11-05-2013,251.1,2.4000000000000004,0.1,0.0,36.73,18.92,2.3
-25.99136,27.84208,13-05-2013,149.40001,163.10000000000002,8.200000000000001,7.0,26.83,15.309999,149.40001
-29.7775,29.470833,13-05-2013,125.5,289.7,125.30000000000001,42.9,23.76,12.16,125.5
-29.744167,29.905833,13-05-2013,129.0,258.2,56.6,79.200005,25.869999,14.73,129.0
-26.45,28.085833,13-05-2013,147.8,150.6,7.5,1.4,26.31,14.309999,143.1
-31.554722,29.245556,13-05-2013,117.5,205.60000000000002,42.900000000000006,50.5,24.789999,16.99,117.5
-27.01011111,26.69808333,14-05-2013,170.6,139.4,7.0,0.8,28.49,15.83,132.40001
-24.679167,30.8025,14-05-2013,127.5,211.70000000000002,10.600000000000001,109.1,25.71,15.589999,127.5
-30.830556,26.921389,14-05-2013,168.7,110.0,5.5,0.8,28.369999,12.82,104.5
-25.73411,27.21422,14-05-2013,156.2,175.9,8.8,12.3,27.96,15.21,156.2
-23.281,30.54305556,14-05-2013,142.7,110.60000000000001,5.5,6.5,30.46,20.16,105.6
-30.733889,29.828333,14-05-2013,121.5,231.3,46.6,69.4,25.26,16.039999,121.5
-29.987778,29.851667,14-05-2013,123.8,257.6,57.300000000000004,84.1,25.019999,14.04,123.8
-27.169444,29.233889,14-05-2013,138.3,147.1,7.4,2.7,25.34,13.0,138.3
-26.861111,28.884722,14-05-2013,143.2,141.8,7.1000000000000005,1.5,25.779999,13.349999,134.8
-27.00222,28.76528,14-05-2013,143.40001,148.3,7.4,1.4,25.97,13.45,140.90001
-26.648056,27.089444,14-05-2013,158.8,152.6,7.6000000000000005,1.0,27.67,15.21,145.0
-26.970278,27.211111,14-05-2013,160.0,146.9,7.300000000000001,1.0,27.789999,15.37,139.6
-26.880278,26.965,14-05-2013,162.6,145.9,7.300000000000001,1.0,28.23,15.67,138.7
-26.98472222,26.63227778,14-05-2013,169.1,141.0,7.1000000000000005,0.8,28.58,15.91,134.0
-31.000833,26.353056,14-05-2013,174.6,83.30000000000001,4.2,0.5,28.15,12.17,79.200005
-31.104278,29.399722,14-05-2013,124.5,207.5,31.1,57.2,25.74,16.74,124.5
-25.45963889,28.26430556,14-05-2013,155.0,147.8,7.4,1.6,28.89,16.51,140.5
-28.338333,31.373611,14-05-2013,133.1,134.0,6.7,4.5,27.769999,17.73,127.6
-28.068333,31.55,14-05-2013,140.8,107.7,5.4,4.7000003,29.9,20.17,102.700005
-29.161667,23.696389,15-05-2013,210.1,65.10000000000001,3.3000000000000003,0.1,33.309998,16.92,61.9
-25.81048333,27.90955222,15-05-2013,153.40001,158.60000000000002,7.9,1.4,27.869999,16.33,150.7
-24.183889,30.823889,15-05-2013,137.6,138.4,6.9,2.4,30.64,19.73,131.5
-22.91028,29.61111,15-05-2013,145.1,131.6,6.6000000000000005,1.9,29.9,18.82,125.1
-22.769722,30.886944,15-05-2013,148.1,132.4,6.6000000000000005,6.6,31.609999,20.31,126.3
-29.744167,29.905833,15-05-2013,129.0,258.2,56.6,79.200005,25.869999,14.73,129.0
-30.398056,30.601944,15-05-2013,124.1,237.70000000000002,39.900000000000006,81.1,26.21,19.83,124.1
-30.27402,30.69602,15-05-2013,123.6,235.10000000000002,38.400000000000006,80.3,26.09,19.76,123.6
-29.033333,23.983333,15-05-2013,205.40001,73.0,3.7,0.2,32.82,16.42,69.4
-30.160091,27.40124,15-05-2013,159.7,143.9,7.2,0.90000004,27.63,13.83,136.8
-30.336111,27.359444,15-05-2013,161.5,139.5,7.0,1.0,27.72,13.349999,132.6
-30.568333,29.422778,15-05-2013,126.8,209.5,24.700000000000003,62.600002,24.529999,12.559999,126.8
-30.86013889,29.07125,15-05-2013,130.2,201.10000000000002,21.5,51.7,26.01,15.28,130.2
-30.570833,29.150556,15-05-2013,128.2,212.20000000000002,37.7,49.9,24.38,12.42,128.2
-34.092222,21.295278,15-05-2013,172.2,10.9,0.5,1.8000001,28.099998,15.759999,10.5
-23.23572222,27.717,16-05-2013,169.5,96.7,4.800000000000001,0.4,31.929998,19.939999,91.8
-22.548889,28.898056,16-05-2013,160.3,92.5,4.6000000000000005,0.1,31.64,19.07,87.9
-28.44555556,32.325,08-08-2013,153.90001,76.3,3.8000000000000003,8.400001,30.3,21.81,73.6
-30.13573889,30.67422222,16-05-2013,125.1,227.8,29.3,80.1,26.449999,19.73,125.1
-29.160278,26.573333,16-05-2013,178.6,116.80000000000001,5.800000000000001,0.7,29.199999,14.45,111.0
-31.031389,28.883333,16-05-2013,129.5,201.3,19.0,56.100002,25.609999,14.75,129.5
-22.225556,29.990556,17-05-2013,156.90001,85.10000000000001,4.3,0.2,32.51,21.64,80.8
-22.43772222,31.07805556,17-05-2013,161.40001,119.5,6.0,0.4,33.62,21.39,113.5
-26.98472222,26.63227778,17-05-2013,169.1,141.0,7.1000000000000005,0.8,28.58,15.91,134.0
-29.803611,30.516111,17-05-2013,122.4,240.8,41.2,83.8,25.76,16.66,122.4
-33.38056,19.30167,20-05-2013,199.0,11.600000000000001,0.6000000000000001,9.6,28.48,13.67,13.5
-32.502778,19.535833,20-05-2013,234.1,9.0,0.4,0.5,32.85,15.63,8.6
-27.01011111,26.69808333,21-05-2013,170.6,139.4,7.0,0.8,28.49,15.83,132.40001
-31.860278,18.6875,21-05-2013,221.2,7.4,0.4,0.6,31.59,15.66,7.0
-24.69514,27.40906,21-05-2013,172.7,157.70000000000002,7.9,2.3,31.24,19.199999,149.90001
-25.398889,31.610556,21-05-2013,123.4,110.10000000000001,5.5,8.900001,29.25,19.439999,105.3
-26.648056,27.089444,21-05-2013,158.8,152.6,7.6000000000000005,1.0,27.67,15.21,145.0
-26.970278,27.211111,21-05-2013,160.0,146.9,7.300000000000001,1.0,27.789999,15.37,139.6
-26.880278,26.965,21-05-2013,162.6,145.9,7.300000000000001,1.0,28.23,15.67,138.7
-26.98472222,26.63227778,21-05-2013,169.1,141.0,7.1000000000000005,0.8,28.58,15.91,134.0
-34.250556,20.9925,21-05-2013,177.3,10.3,0.5,3.3,28.17,16.529999,9.900001
-32.595833,19.009444,21-05-2013,222.6,9.9,0.5,7.0,32.94,15.95,10.400001
-29.161667,23.696389,22-05-2013,210.1,65.10000000000001,3.3000000000000003,0.1,33.309998,16.92,61.9
-26.880278,26.965,13-05-2014,172.40001,104.80000000000001,5.2,2.2,29.41,15.83,99.700005
-29.641944,30.6875,22-05-2013,127.200005,211.4,10.600000000000001,80.200005,26.75,18.34,127.200005
-25.20639,27.558,22-05-2013,165.2,156.60000000000002,7.800000000000001,2.0,30.429998,17.99,148.8
-25.681111,31.783333,22-05-2013,124.4,105.60000000000001,5.300000000000001,9.0,29.42,19.01,101.1
-25.513889,31.224444,22-05-2013,128.2,149.8,7.5,24.300001,27.74,18.31,128.2
-26.861111,28.884722,22-05-2013,143.2,141.8,7.1000000000000005,1.5,25.779999,13.349999,134.8
-26.73806,27.59194,22-05-2013,153.90001,153.70000000000002,7.7,1.2,26.91,14.9,146.0
-26.45,28.085833,22-05-2013,147.8,150.6,7.5,1.4,26.31,14.309999,143.1
-33.13083,18.86278,22-05-2013,215.6,10.100000000000001,0.5,11.7,31.699999,17.029999,12.7
-33.7075,18.97444444,22-05-2013,208.90001,11.0,0.5,14.3,30.38,16.609999,14.6
-26.905,32.324722,23-05-2013,133.0,71.8,3.6,8.3,31.13,20.42,68.8
-27.602222,29.942778,23-05-2013,146.2,166.60000000000002,8.3,15.8,27.8,14.839999,146.2
-27.169444,29.233889,23-05-2013,138.3,147.1,7.4,2.7,25.34,13.0,138.3
-27.00222,28.76528,23-05-2013,143.40001,148.3,7.4,1.4,25.97,13.45,140.90001
-27.273889,28.49,23-05-2013,146.2,157.0,7.800000000000001,4.2000003,26.119999,13.49,146.2
-33.31388889,19.07472222,23-05-2013,212.8,11.200000000000001,0.6000000000000001,13.0,31.14,16.24,14.2
-28.141944,26.417778,24-05-2013,180.1,116.4,5.800000000000001,0.7,29.46,15.349999,110.6
-28.1175,26.719444,24-05-2013,175.0,120.10000000000001,6.0,0.7,29.039999,15.63,114.1
-28.116667,26.725278,24-05-2013,175.0,120.10000000000001,6.0,0.7,29.039999,15.63,114.1
-28.96362,19.15486,25-05-2013,251.1,2.4000000000000004,0.1,0.0,36.73,18.92,2.3
-25.99136,27.84208,27-05-2013,149.40001,163.10000000000002,8.200000000000001,7.0,26.83,15.309999,149.40001
-26.45,28.085833,27-05-2013,147.8,150.6,7.5,1.4,26.31,14.309999,143.1
-29.042222,24.6,27-05-2013,205.8,76.60000000000001,3.8000000000000003,0.1,32.17,16.16,72.8
-30.830556,26.921389,28-05-2013,168.7,110.0,5.5,0.8,28.369999,12.82,104.5
-24.670833,28.560833,28-05-2013,152.8,176.9,8.8,17.300001,28.93,16.51,152.8
-25.73411,27.21422,28-05-2013,156.2,175.9,8.8,12.3,27.96,15.21,156.2
-26.861111,28.884722,28-05-2013,143.2,141.8,7.1000000000000005,1.5,25.779999,13.349999,134.8
-27.00222,28.76528,28-05-2013,143.40001,148.3,7.4,1.4,25.97,13.45,140.90001
-30.679722,26.7125,28-05-2013,173.7,105.10000000000001,5.300000000000001,0.7,29.189999,13.389999,99.9
-33.501667,21.624167,28-05-2013,186.2,10.9,0.5,0.1,28.269999,12.78,10.3
-25.45963889,28.26430556,28-05-2013,155.0,147.8,7.4,1.6,28.89,16.51,140.5
-29.161667,23.696389,29-05-2013,210.1,65.10000000000001,3.3000000000000003,0.1,33.309998,16.92,61.9
-27.01011111,26.69808333,29-05-2013,170.6,139.4,7.0,0.8,28.49,15.83,132.40001
-25.81048333,27.90955222,29-05-2013,153.40001,158.60000000000002,7.9,1.4,27.869999,16.33,150.7
-24.282222,28.090278,29-05-2013,153.6,160.20000000000002,8.0,2.0,28.939999,17.1,152.2
-26.648056,27.089444,29-05-2013,158.8,152.6,7.6000000000000005,1.0,27.67,15.21,145.0
-26.970278,27.211111,29-05-2013,160.0,146.9,7.300000000000001,1.0,27.789999,15.37,139.6
-26.880278,26.965,29-05-2013,162.6,145.9,7.300000000000001,1.0,28.23,15.67,138.7
-27.3,28.586944,29-05-2013,144.8,156.8,7.800000000000001,5.4,26.099998,13.37,144.8
-26.98472222,26.63227778,29-05-2013,169.1,141.0,7.1000000000000005,0.8,28.58,15.91,134.0
-29.033333,23.983333,29-05-2013,205.40001,73.0,3.7,0.2,32.82,16.42,69.4
-22.935,28.004167,30-05-2013,167.90001,93.5,4.7,0.2,32.01,19.73,88.9
-27.273889,28.49,30-05-2013,146.2,157.0,7.800000000000001,4.2000003,26.119999,13.49,146.2
-27.38972222,26.46388889,30-05-2013,179.6,124.9,6.2,0.8,29.349998,15.889999,118.6
-27.398611,26.614722,30-05-2013,177.90001,126.60000000000001,6.300000000000001,0.8,29.17,15.929999,120.3
-27.671111,27.236944,30-05-2013,167.2,134.5,6.7,0.8,28.529999,15.2,127.8
-29.042222,24.6,30-05-2013,205.8,76.60000000000001,3.8000000000000003,0.1,32.17,16.16,72.8
-29.028629,24.638389,30-05-2013,204.90001,78.10000000000001,3.9000000000000004,0.1,32.11,16.1,74.200005
-29.033333,23.983333,30-05-2013,205.40001,73.0,3.7,0.2,32.82,16.42,69.4
-29.744167,29.905833,31-05-2013,129.0,258.2,56.6,79.200005,25.869999,14.73,129.0
-28.404444,30.013056,03-06-2013,144.7,165.60000000000002,8.3,16.0,28.07,15.429999,144.7
-26.73806,27.59194,03-06-2013,153.90001,153.70000000000002,7.7,1.2,26.91,14.9,146.0
-26.45,28.085833,03-06-2013,147.8,150.6,7.5,1.4,26.31,14.309999,143.1
-29.160278,26.573333,03-06-2013,178.6,116.80000000000001,5.800000000000001,0.7,29.199999,14.45,111.0
-34.065833,20.404167,04-06-2013,182.3,8.5,0.4,3.4,30.31,17.05,8.400001
-25.20639,27.558,04-06-2013,165.2,156.60000000000002,7.800000000000001,2.0,30.429998,17.99,148.8
-24.69514,27.40906,04-06-2013,172.7,157.70000000000002,7.9,2.3,31.24,19.199999,149.90001
-28.747778,31.745833,04-06-2013,137.90001,134.5,6.7,5.4,29.06,20.13,128.3
-29.380556,30.2775,04-06-2013,122.4,209.5,15.8,77.4,24.75,14.07,122.4
-27.169444,29.233889,04-06-2013,138.3,147.1,7.4,2.7,25.34,13.0,138.3
-26.861111,28.884722,04-06-2013,143.2,141.8,7.1000000000000005,1.5,25.779999,13.349999,134.8
-27.398611,26.614722,04-06-2013,177.90001,126.60000000000001,6.300000000000001,0.8,29.17,15.929999,120.3
-34.031944,22.053333,04-06-2013,155.7,11.100000000000001,0.6000000000000001,2.1000001,25.949999,15.599999,10.7
-34.039722,22.133333,04-06-2013,153.90001,11.4,0.6000000000000001,2.3,25.769999,15.92,11.0
-34.075556,20.145556,04-06-2013,185.90001,8.700000000000001,0.4,6.5,29.8,16.22,9.6
-29.161667,23.696389,05-06-2013,210.1,65.10000000000001,3.3000000000000003,0.1,33.309998,16.92,61.9
-27.01011111,26.69808333,05-06-2013,170.6,139.4,7.0,0.8,28.49,15.83,132.40001
-29.140556,31.391944,05-06-2013,129.90001,139.9,7.0,9.900001,27.65,19.64,129.90001
-24.39619444,27.08983333,05-06-2013,172.8,149.3,7.5,2.6000001,31.56,19.42,141.90001
-23.658056,31.05,05-06-2013,141.8,100.2,5.0,0.90000004,31.519999,20.5,95.200005
-23.281,30.54305556,05-06-2013,142.7,110.60000000000001,5.5,6.5,30.46,20.16,105.6
-27.00222,28.76528,05-06-2013,143.40001,148.3,7.4,1.4,25.97,13.45,140.90001
-27.02314,28.59389,05-06-2013,145.3,150.20000000000002,7.5,1.4,26.21,13.59,142.8
-26.648056,27.089444,05-06-2013,158.8,152.6,7.6000000000000005,1.0,27.67,15.21,145.0
-26.970278,27.211111,05-06-2013,160.0,146.9,7.300000000000001,1.0,27.789999,15.37,139.6
-26.880278,26.965,05-06-2013,162.6,145.9,7.300000000000001,1.0,28.23,15.67,138.7
-27.273889,28.49,05-06-2013,146.2,157.0,7.800000000000001,4.2000003,26.119999,13.49,146.2
-27.4275,28.525833,05-06-2013,145.0,162.4,8.1,11.5,26.0,13.28,145.0
-27.3,28.586944,05-06-2013,144.8,156.8,7.800000000000001,5.4,26.099998,13.37,144.8
-26.98472222,26.63227778,05-06-2013,169.1,141.0,7.1000000000000005,0.8,28.58,15.91,134.0
-34.405833,19.600556,05-06-2013,162.8,8.9,0.4,10.8,25.57,15.29,11.5
-28.058889,30.373611,05-06-2013,139.90001,166.4,8.3,22.4,26.91,14.54,139.90001
-22.769722,30.886944,06-06-2013,148.1,132.4,6.6000000000000005,6.6,31.609999,20.31,126.3
-28.801278,31.955389,06-06-2013,135.3,113.10000000000001,5.7,7.1,28.48,20.05,108.3
-27.937778,31.209444,06-06-2013,136.6,124.0,6.2,5.6,27.75,17.619999,118.3
-27.5275,30.858056,06-06-2013,130.6,164.20000000000002,8.200000000000001,31.2,26.24,15.75,130.6
-31.394444,20.947222,06-06-2013,234.8,18.400000000000002,0.9,0.0,31.849998,14.9,17.5
-29.651389,22.746389,06-06-2013,236.0,39.800000000000004,2.0,0.0,33.66,18.029999,37.8
-34.005833,22.351111,06-06-2013,147.1,13.9,0.7000000000000001,2.7,24.74,15.7,13.3
-28.116667,26.725278,07-06-2013,175.0,120.10000000000001,6.0,0.7,29.039999,15.63,114.1
-27.902778,24.615556,07-06-2013,198.40001,93.9,4.7,0.2,32.34,17.029999,89.200005
-25.99136,27.84208,10-06-2013,149.40001,163.10000000000002,8.200000000000001,7.0,26.83,15.309999,149.40001
-29.7775,29.470833,10-06-2013,125.5,289.7,125.30000000000001,42.9,23.76,12.16,125.5
-29.744167,29.905833,10-06-2013,129.0,258.2,56.6,79.200005,25.869999,14.73,129.0
-26.45,28.085833,10-06-2013,147.8,150.6,7.5,1.4,26.31,14.309999,143.1
-27.671111,27.236944,10-06-2013,167.2,134.5,6.7,0.8,28.529999,15.2,127.8
-29.042222,24.6,10-06-2013,205.8,76.60000000000001,3.8000000000000003,0.1,32.17,16.16,72.8
-31.396,29.2651,10-06-2013,126.3,197.4,26.5,49.600002,26.029999,18.06,126.3
-31.554722,29.245556,10-06-2013,117.5,205.60000000000002,42.900000000000006,50.5,24.789999,16.99,117.5
-27.01011111,26.69808333,11-06-2013,170.6,139.4,7.0,0.8,28.49,15.83,132.40001
-24.183889,30.823889,11-06-2013,137.6,138.4,6.9,2.4,30.64,19.73,131.5
-30.733889,29.828333,11-06-2013,121.5,231.3,46.6,69.4,25.26,16.039999,121.5
-26.861111,28.884722,11-06-2013,143.2,141.8,7.1000000000000005,1.5,25.779999,13.349999,134.8
-27.00222,28.76528,11-06-2013,143.40001,148.3,7.4,1.4,25.97,13.45,140.90001
-26.648056,27.089444,11-06-2013,158.8,152.6,7.6000000000000005,1.0,27.67,15.21,145.0
-26.970278,27.211111,11-06-2013,160.0,146.9,7.300000000000001,1.0,27.789999,15.37,139.6
-26.880278,26.965,11-06-2013,162.6,145.9,7.300000000000001,1.0,28.23,15.67,138.7
-26.98472222,26.63227778,11-06-2013,169.1,141.0,7.1000000000000005,0.8,28.58,15.91,134.0
-28.69485,28.23487,11-06-2013,144.8,168.4,8.4,17.2,25.16,12.99,144.8
-30.568333,29.422778,11-06-2013,126.8,209.5,24.700000000000003,62.600002,24.529999,12.559999,126.8
-30.570833,29.150556,11-06-2013,128.2,212.20000000000002,37.7,49.9,24.38,12.42,128.2
-31.104278,29.399722,11-06-2013,124.5,207.5,31.1,57.2,25.74,16.74,124.5
-25.45963889,28.26430556,11-06-2013,155.0,147.8,7.4,1.6,28.89,16.51,140.5
-28.338333,31.373611,11-06-2013,133.1,134.0,6.7,4.5,27.769999,17.73,127.6
-28.068333,31.55,11-06-2013,140.8,107.7,5.4,4.7000003,29.9,20.17,102.700005
-25.81048333,27.90955222,12-06-2013,153.40001,158.60000000000002,7.9,1.4,27.869999,16.33,150.7
-24.39619444,27.08983333,12-06-2013,172.8,149.3,7.5,2.6000001,31.56,19.42,141.90001
-24.058889,31.237222,12-06-2013,137.6,111.7,5.6000000000000005,1.0,31.349998,20.43,106.1
-30.398056,30.601944,12-06-2013,124.1,237.70000000000002,39.900000000000006,81.1,26.21,19.83,124.1
-27.802778,28.768333,12-06-2013,140.1,168.9,8.4,22.6,25.49,12.7,140.1
-29.033333,23.983333,12-06-2013,205.40001,73.0,3.7,0.2,32.82,16.42,69.4
-29.615556,27.065278,12-06-2013,166.5,140.0,7.0,0.7,27.98,13.71,133.0
-28.883333,27.89,12-06-2013,149.2,170.9,8.5,15.400001,25.949999,13.509999,149.2
-31.031389,28.883333,12-06-2013,129.5,201.3,19.0,56.100002,25.609999,14.75,129.5
-30.86013889,29.07125,12-06-2013,130.2,201.10000000000002,21.5,51.7,26.01,15.28,130.2
-30.77586667,29.03221667,12-06-2013,130.8,204.8,28.200000000000003,48.8,25.9,15.009999,130.8
-34.092222,21.295278,12-06-2013,172.2,10.9,0.5,1.8000001,28.099998,15.759999,10.5
-28.44555556,32.325,05-09-2013,153.90001,76.3,3.8000000000000003,8.400001,30.3,21.81,73.6
-24.679167,30.8025,14-06-2013,127.5,211.70000000000002,10.600000000000001,109.1,25.71,15.589999,127.5
-29.744167,29.905833,14-06-2013,129.0,258.2,56.6,79.200005,25.869999,14.73,129.0
-26.98472222,26.63227778,14-06-2013,169.1,141.0,7.1000000000000005,0.8,28.58,15.91,134.0
-29.803611,30.516111,14-06-2013,122.4,240.8,41.2,83.8,25.76,16.66,122.4
-28.96362,19.15486,15-06-2013,251.1,2.4000000000000004,0.1,0.0,36.73,18.92,2.3
-28.735556,29.820556,17-06-2013,143.3,175.3,8.8,26.4,28.33,15.849999,143.3
-32.502778,19.535833,17-06-2013,234.1,9.0,0.4,0.5,32.85,15.63,8.6
-31.860278,18.6875,18-06-2013,221.2,7.4,0.4,0.6,31.59,15.66,7.0
-25.20639,27.558,18-06-2013,165.2,156.60000000000002,7.800000000000001,2.0,30.429998,17.99,148.8
-24.39619444,27.08983333,18-06-2013,172.8,149.3,7.5,2.6000001,31.56,19.42,141.90001
-24.69514,27.40906,18-06-2013,172.7,157.70000000000002,7.9,2.3,31.24,19.199999,149.90001
-26.73806,27.59194,18-06-2013,153.90001,153.70000000000002,7.7,1.2,26.91,14.9,146.0
-26.45,28.085833,18-06-2013,147.8,150.6,7.5,1.4,26.31,14.309999,143.1
-33.38056,19.30167,18-06-2013,199.0,11.600000000000001,0.6000000000000001,9.6,28.48,13.67,13.5
-32.595833,19.009444,18-06-2013,222.6,9.9,0.5,7.0,32.94,15.95,10.400001
-29.161667,23.696389,19-06-2013,210.1,65.10000000000001,3.3000000000000003,0.1,33.309998,16.92,61.9
-29.641944,30.6875,19-06-2013,127.200005,211.4,10.600000000000001,80.200005,26.75,18.34,127.200005
-25.127778,27.628889,19-06-2013,164.7,154.20000000000002,7.7,2.0,30.5,18.06,146.6
-23.838611,31.640833,19-06-2013,144.8,97.2,4.9,0.90000004,32.54,21.01,92.4
-27.363611,31.783333,19-06-2013,132.8,91.5,4.6000000000000005,7.8,29.66,19.56,87.5
-26.861111,28.884722,19-06-2013,143.2,141.8,7.1000000000000005,1.5,25.779999,13.349999,134.8
-31.5653,18.3306,19-06-2013,211.6,4.7,0.2,0.2,30.029999,15.66,4.5
-32.601389,18.750556,19-06-2013,222.8,9.4,0.5,6.6,32.149998,16.08,10.0
-33.7075,18.97444444,19-06-2013,208.90001,11.0,0.5,14.3,30.38,16.609999,14.6
-29.161667,23.696389,20-06-2013,210.1,65.10000000000001,3.3000000000000003,0.1,33.309998,16.92,61.9
-28.7115,24.07288889,20-06-2013,204.0,77.2,3.9000000000000004,0.2,32.78,16.69,73.3
-27.602222,29.942778,20-06-2013,146.2,166.60000000000002,8.3,15.8,27.8,14.839999,146.2
-29.1825,23.575556,20-06-2013,215.5,61.0,3.0,0.1,33.29,17.029999,57.9
-34.250556,20.9925,20-06-2013,177.3,10.3,0.5,3.3,28.17,16.529999,9.900001
-33.31388889,19.07472222,20-06-2013,212.8,11.200000000000001,0.6000000000000001,13.0,31.14,16.24,14.2
-33.13083,18.86278,20-06-2013,215.6,10.100000000000001,0.5,11.7,31.699999,17.029999,12.7
-32.94583,18.33667,20-06-2013,200.2,7.1000000000000005,0.4,7.2000003,28.68,15.95,8.3
-27.573056,24.746389,21-06-2013,200.40001,100.7,5.0,0.3,31.99,16.8,95.700005
-28.96362,19.15486,22-06-2013,251.1,2.4000000000000004,0.1,0.0,36.73,18.92,2.3
-29.803611,30.516111,22-06-2013,122.4,240.8,41.2,83.8,25.76,16.66,122.4
-25.99136,27.84208,24-06-2013,149.40001,163.10000000000002,8.200000000000001,7.0,26.83,15.309999,149.40001
-26.45,28.085833,24-06-2013,147.8,150.6,7.5,1.4,26.31,14.309999,143.1
-33.501667,21.624167,24-06-2013,186.2,10.9,0.5,0.1,28.269999,12.78,10.3
-27.01011111,26.69808333,25-06-2013,170.6,139.4,7.0,0.8,28.49,15.83,132.40001
-26.861111,28.884722,25-06-2013,143.2,141.8,7.1000000000000005,1.5,25.779999,13.349999,134.8
-27.00222,28.76528,25-06-2013,143.40001,148.3,7.4,1.4,25.97,13.45,140.90001
-26.648056,27.089444,25-06-2013,158.8,152.6,7.6000000000000005,1.0,27.67,15.21,145.0
-26.970278,27.211111,25-06-2013,160.0,146.9,7.300000000000001,1.0,27.789999,15.37,139.6
-26.880278,26.965,25-06-2013,162.6,145.9,7.300000000000001,1.0,28.23,15.67,138.7
-26.98472222,26.63227778,25-06-2013,169.1,141.0,7.1000000000000005,0.8,28.58,15.91,134.0
-29.042222,24.6,25-06-2013,205.8,76.60000000000001,3.8000000000000003,0.1,32.17,16.16,72.8
-29.028629,24.638389,25-06-2013,204.90001,78.10000000000001,3.9000000000000004,0.1,32.11,16.1,74.200005
-29.033333,23.983333,25-06-2013,205.40001,73.0,3.7,0.2,32.82,16.42,69.4
-29.161667,23.696389,26-06-2013,210.1,65.10000000000001,3.3000000000000003,0.1,33.309998,16.92,61.9
-25.81048333,27.90955222,26-06-2013,153.40001,158.60000000000002,7.9,1.4,27.869999,16.33,150.7
-28.75,30.442778,26-06-2013,146.2,162.10000000000002,8.1,11.0,29.279999,17.56,146.2
-29.161667,30.629722,26-06-2013,124.700005,189.0,9.5,60.5,25.109999,14.92,124.700005
-28.141944,26.417778,26-06-2013,180.1,116.4,5.800000000000001,0.7,29.46,15.349999,110.6
-28.1175,26.719444,26-06-2013,175.0,120.10000000000001,6.0,0.7,29.039999,15.63,114.1
-28.116667,26.725278,26-06-2013,175.0,120.10000000000001,6.0,0.7,29.039999,15.63,114.1
-29.160278,26.573333,26-06-2013,178.6,116.80000000000001,5.800000000000001,0.7,29.199999,14.45,111.0
-29.033333,23.983333,26-06-2013,205.40001,73.0,3.7,0.2,32.82,16.42,69.4
-27.38972222,26.46388889,27-06-2013,179.6,124.9,6.2,0.8,29.349998,15.889999,118.6
-27.398611,26.614722,27-06-2013,177.90001,126.60000000000001,6.300000000000001,0.8,29.17,15.929999,120.3
-27.671111,27.236944,27-06-2013,167.2,134.5,6.7,0.8,28.529999,15.2,127.8
-28.760833,17.730278,28-06-2013,244.2,0.30000000000000004,0.0,0.0,36.03,21.13,0.3
-29.744167,29.905833,28-06-2013,129.0,258.2,56.6,79.200005,25.869999,14.73,129.0
-28.96362,19.15486,29-06-2013,251.1,2.4000000000000004,0.1,0.0,36.73,18.92,2.3
-26.73806,27.59194,01-07-2013,153.90001,153.70000000000002,7.7,1.2,26.91,14.9,146.0
-26.45,28.085833,01-07-2013,147.8,150.6,7.5,1.4,26.31,14.309999,143.1
-34.065833,20.404167,02-07-2013,182.3,8.5,0.4,3.4,30.31,17.05,8.400001
-25.20639,27.558,02-07-2013,165.2,156.60000000000002,7.800000000000001,2.0,30.429998,17.99,148.8
-24.69514,27.40906,02-07-2013,172.7,157.70000000000002,7.9,2.3,31.24,19.199999,149.90001
-28.747778,31.745833,02-07-2013,137.90001,134.5,6.7,5.4,29.06,20.13,128.3
-27.937778,31.209444,02-07-2013,136.6,124.0,6.2,5.6,27.75,17.619999,118.3
-29.380556,30.2775,02-07-2013,122.4,209.5,15.8,77.4,24.75,14.07,122.4
-27.169444,29.233889,02-07-2013,138.3,147.1,7.4,2.7,25.34,13.0,138.3
-26.861111,28.884722,02-07-2013,143.2,141.8,7.1000000000000005,1.5,25.779999,13.349999,134.8
-27.398611,26.614722,02-07-2013,177.90001,126.60000000000001,6.300000000000001,0.8,29.17,15.929999,120.3
-28.69485,28.23487,02-07-2013,144.8,168.4,8.4,17.2,25.16,12.99,144.8
-34.031944,22.053333,02-07-2013,155.7,11.100000000000001,0.6000000000000001,2.1000001,25.949999,15.599999,10.7
-34.075556,20.145556,02-07-2013,185.90001,8.700000000000001,0.4,6.5,29.8,16.22,9.6
-29.161667,23.696389,03-07-2013,210.1,65.10000000000001,3.3000000000000003,0.1,33.309998,16.92,61.9
-27.01011111,26.69808333,03-07-2013,170.6,139.4,7.0,0.8,28.49,15.83,132.40001
-25.127778,27.628889,03-07-2013,164.7,154.20000000000002,7.7,2.0,30.5,18.06,146.6
-24.39619444,27.08983333,03-07-2013,172.8,149.3,7.5,2.6000001,31.56,19.42,141.90001
-27.00222,28.76528,03-07-2013,143.40001,148.3,7.4,1.4,25.97,13.45,140.90001
-27.02314,28.59389,03-07-2013,145.3,150.20000000000002,7.5,1.4,26.21,13.59,142.8
-26.648056,27.089444,03-07-2013,158.8,152.6,7.6000000000000005,1.0,27.67,15.21,145.0
-26.970278,27.211111,03-07-2013,160.0,146.9,7.300000000000001,1.0,27.789999,15.37,139.6
-26.880278,26.965,03-07-2013,162.6,145.9,7.300000000000001,1.0,28.23,15.67,138.7
-27.273889,28.49,03-07-2013,146.2,157.0,7.800000000000001,4.2000003,26.119999,13.49,146.2
-27.4275,28.525833,03-07-2013,145.0,162.4,8.1,11.5,26.0,13.28,145.0
-27.3,28.586944,03-07-2013,144.8,156.8,7.800000000000001,5.4,26.099998,13.37,144.8
-26.98472222,26.63227778,03-07-2013,169.1,141.0,7.1000000000000005,0.8,28.58,15.91,134.0
-34.039722,22.133333,03-07-2013,153.90001,11.4,0.6000000000000001,2.3,25.769999,15.92,11.0
-34.405833,19.600556,03-07-2013,162.8,8.9,0.4,10.8,25.57,15.29,11.5
-33.870833,20.003333,03-07-2013,195.0,8.8,0.4,5.6,30.9,16.09,9.6
-25.57877778,29.12747222,03-07-2013,150.0,148.4,7.4,1.4,28.359999,15.69,141.0
-22.769722,30.886944,04-07-2013,148.1,132.4,6.6000000000000005,6.6,31.609999,20.31,126.3
-28.801278,31.955389,04-07-2013,135.3,113.10000000000001,5.7,7.1,28.48,20.05,108.3
-27.5275,30.858056,04-07-2013,130.6,164.20000000000002,8.200000000000001,31.2,26.24,15.75,130.6
-26.98472222,26.63227778,04-07-2013,169.1,141.0,7.1000000000000005,0.8,28.58,15.91,134.0
-31.394444,20.947222,04-07-2013,234.8,18.400000000000002,0.9,0.0,31.849998,14.9,17.5
-34.329722,18.990278,04-07-2013,164.2,8.700000000000001,0.4,22.1,24.8,15.17,16.7
-23.281,30.54305556,05-07-2013,142.7,110.60000000000001,5.5,6.5,30.46,20.16,105.6
-27.937778,31.209444,05-07-2013,136.6,124.0,6.2,5.6,27.75,17.619999,118.3
-29.161667,30.629722,05-07-2013,124.700005,189.0,9.5,60.5,25.109999,14.92,124.700005
-27.902778,24.615556,05-07-2013,198.40001,93.9,4.7,0.2,32.34,17.029999,89.200005
-25.99136,27.84208,08-07-2013,149.40001,163.10000000000002,8.200000000000001,7.0,26.83,15.309999,149.40001
-29.7775,29.470833,08-07-2013,125.5,289.7,125.30000000000001,42.9,23.76,12.16,125.5
-29.987778,29.851667,08-07-2013,123.8,257.6,57.300000000000004,84.1,25.019999,14.04,123.8
-29.744167,29.905833,08-07-2013,129.0,258.2,56.6,79.200005,25.869999,14.73,129.0
-27.00222,28.76528,08-07-2013,143.40001,148.3,7.4,1.4,25.97,13.45,140.90001
-26.45,28.085833,08-07-2013,147.8,150.6,7.5,1.4,26.31,14.309999,143.1
-27.01011111,26.69808333,09-07-2013,181.0,69.60000000000001,3.5,0.7,31.22,17.539999,66.1
-24.670833,28.560833,09-07-2013,166.8,75.8,3.8000000000000003,13.5,30.4,18.25,75.700005
-30.733889,29.828333,09-07-2013,150.2,66.3,3.3000000000000003,25.5,28.359999,18.01,106.9
-26.648056,27.089444,09-07-2013,171.1,75.2,3.8000000000000003,1.0,29.99,16.84,71.5
-26.970278,27.211111,09-07-2013,172.7,67.9,3.4000000000000004,1.0,30.289999,17.039999,64.5
-26.880278,26.965,09-07-2013,173.7,71.2,3.6,1.0,30.63,17.25,67.700005
-26.98472222,26.63227778,09-07-2013,180.40001,72.60000000000001,3.6,0.8,31.38,17.8,69.0
-29.160278,26.573333,09-07-2013,192.6,31.6,1.6,0.7,32.71,16.529999,30.1
-28.883333,27.89,09-07-2013,160.1,48.6,2.4000000000000004,9.1,29.41,15.32,52.4
-31.396,29.2651,09-07-2013,155.6,67.8,3.4000000000000004,18.300001,29.32,20.14,95.8
-31.554722,29.245556,09-07-2013,147.0,71.2,3.6,18.6,28.0,19.02,99.6
-25.45963889,28.26430556,09-07-2013,170.7,79.0,3.9000000000000004,1.5,30.84,18.44,75.1
-28.338333,31.373611,09-07-2013,156.6,67.60000000000001,3.4000000000000004,4.2000003,30.22,19.35,64.6
-28.068333,31.55,09-07-2013,162.5,63.7,3.2,4.4,31.96,21.24,60.8
-25.81048333,27.90955222,10-07-2013,168.90001,87.4,4.4,1.4,30.08,18.35,83.1
-22.225556,29.990556,10-07-2013,154.7,96.0,4.800000000000001,0.2,33.42,22.949999,91.200005
-30.398056,30.601944,10-07-2013,156.6,71.2,3.6,29.800001,29.3,21.66,118.9
-30.27402,30.69602,10-07-2013,155.8,67.10000000000001,3.4000000000000004,29.5,29.189999,21.51,114.5
-28.69485,28.23487,10-07-2013,155.3,51.2,2.6,9.2,28.25,14.62,56.600002
-29.615556,27.065278,10-07-2013,179.6,36.1,1.8,0.7,31.439999,15.95,34.3
-30.568333,29.422778,10-07-2013,150.8,64.4,3.2,23.0,27.63,14.32,100.700005
-30.570833,29.150556,10-07-2013,150.2,66.0,3.3000000000000003,18.4,27.41,14.219999,94.200005
-31.104278,29.399722,10-07-2013,154.0,65.9,3.3000000000000003,21.1,28.849998,18.76,98.8
-34.092222,21.295278,10-07-2013,163.8,55.7,2.8000000000000003,1.7,29.89,17.47,53.0
-24.282222,28.090278,11-07-2013,162.40001,95.80000000000001,4.800000000000001,2.0,30.25,18.6,91.1
-30.13573889,30.67422222,11-07-2013,156.5,58.0,2.9000000000000004,29.5,29.46,21.52,105.700005
-30.160091,27.40124,11-07-2013,172.7,40.5,2.0,0.90000004,31.08,15.889999,38.5
-30.336111,27.359444,11-07-2013,175.0,41.300000000000004,2.1,0.90000004,31.07,15.46,39.3
-31.031389,28.883333,11-07-2013,151.5,63.900000000000006,3.2,20.6,28.67,16.73,96.200005
-30.86013889,29.07125,11-07-2013,155.0,61.5,3.1,19.0,29.099998,17.27,91.1
-30.77586667,29.03221667,11-07-2013,155.1,62.400000000000006,3.1,18.0,29.0,16.89,90.1
-30.830556,26.921389,12-07-2013,186.7,35.5,1.8,0.8,31.81,15.19,33.7
-31.000833,26.353056,12-07-2013,194.7,31.700000000000003,1.6,0.5,31.32,14.589999,30.1
-30.160091,27.40124,12-07-2013,172.7,40.5,2.0,0.90000004,31.08,15.889999,38.5
-28.75,30.442778,13-07-2013,167.2,50.2,2.5,8.6,31.82,18.88,50.100002
-28.735556,29.820556,15-07-2013,162.5,54.900000000000006,2.7,14.3,30.91,17.109999,64.200005
-26.73806,27.59194,15-07-2013,166.2,73.8,3.7,1.1,29.46,16.699999,70.1
-26.45,28.085833,15-07-2013,163.6,75.2,3.8000000000000003,1.3000001,28.869999,16.3,71.5
-33.38056,19.30167,15-07-2013,190.6,36.7,1.8,8.0,29.48,14.929999,36.4
-27.01011111,26.69808333,16-07-2013,181.0,69.60000000000001,3.5,0.7,31.22,17.539999,66.1
-24.679167,30.8025,16-07-2013,140.1,121.2,6.1000000000000005,94.6,26.26,16.88,129.6
-25.127778,27.628889,16-07-2013,180.2,76.60000000000001,3.8000000000000003,1.9,32.37,19.73,72.8
-24.39619444,27.08983333,16-07-2013,180.5,77.10000000000001,3.9000000000000004,2.5,32.73,20.789999,73.3
-24.69514,27.40906,16-07-2013,180.3,81.9,4.1000000000000005,2.3,32.34,20.67,77.9
-23.658056,31.05,16-07-2013,152.2,69.2,3.5,0.90000004,32.26,21.81,65.8
-27.169444,29.233889,16-07-2013,155.5,70.0,3.5,2.5,27.779999,14.599999,66.6
-26.861111,28.884722,16-07-2013,158.2,72.7,3.6,1.5,28.109999,15.0,69.1
-27.00222,28.76528,16-07-2013,158.8,69.60000000000001,3.5,1.4,28.49,15.179999,66.1
-26.648056,27.089444,16-07-2013,171.1,75.2,3.8000000000000003,1.0,29.99,16.84,71.5
-26.880278,26.965,16-07-2013,173.7,71.2,3.6,1.0,30.63,17.25,67.700005
-26.98472222,26.63227778,16-07-2013,180.40001,72.60000000000001,3.6,0.8,31.38,17.8,69.0
-28.141944,26.417778,16-07-2013,189.0,43.6,2.2,0.7,32.079998,17.44,41.4
-28.1175,26.719444,16-07-2013,184.7,43.6,2.2,0.7,31.88,17.65,41.4
-29.641944,30.6875,17-07-2013,153.8,30.5,1.5,30.9,29.64,19.92,78.3
-22.91028,29.61111,17-07-2013,145.7,104.7,5.2,1.8000001,30.55,20.119999,99.5
-25.20639,27.558,17-07-2013,178.40001,77.60000000000001,3.9000000000000004,1.9,32.12,19.55,73.8
-24.058889,31.237222,17-07-2013,152.3,73.4,3.7,1.0,31.99,21.63,69.700005
-27.363611,31.783333,17-07-2013,154.3,54.6,2.7,7.3,31.66,20.56,52.4
-27.38972222,26.46388889,17-07-2013,189.40001,58.800000000000004,2.9000000000000004,0.8,32.0,17.869999,55.9
-28.768056,20.720556,17-07-2013,253.7,28.8,1.4000000000000001,0.0,37.17,20.77,27.4
-33.13083,18.86278,17-07-2013,193.6,26.1,1.3,9.7,32.3,18.38,26.800001
-32.94583,18.33667,17-07-2013,191.7,17.6,0.9,6.1,29.46,17.49,17.800001
-22.935,28.004167,18-07-2013,165.5,82.60000000000001,4.1000000000000005,0.2,32.44,21.3,78.5
-24.183889,30.823889,18-07-2013,154.90001,75.9,3.8000000000000003,2.3,31.88,21.58,72.1
-23.23572222,27.717,18-07-2013,170.2,81.9,4.1000000000000005,0.4,32.92,21.199999,77.8
-26.905,32.324722,18-07-2013,156.40001,57.300000000000004,2.9000000000000004,7.8,33.27,21.949999,54.9
-27.602222,29.942778,18-07-2013,161.7,73.8,3.7,11.900001,29.14,16.08,74.0
-29.744167,29.905833,18-07-2013,155.1,57.0,2.8000000000000003,29.1,28.789999,16.39,104.200005
-27.935,26.126667,18-07-2013,189.6,48.1,2.4000000000000004,0.7,32.09,17.02,45.7
-28.141944,26.417778,18-07-2013,189.0,43.6,2.2,0.7,32.079998,17.44,41.4
-27.902778,24.615556,19-07-2013,211.90001,59.0,2.9000000000000004,0.2,35.48,19.119999,56.0
-28.96362,19.15486,20-07-2013,251.5,24.900000000000002,1.2000000000000002,0.0,38.09,20.6,23.6
-25.99136,27.84208,22-07-2013,165.8,90.0,4.5,6.0,29.199999,17.43,86.4
-32.502778,19.535833,22-07-2013,214.8,15.700000000000001,0.8,0.5,33.89,17.039999,14.900001
-31.860278,18.6875,23-07-2013,217.5,14.9,0.7000000000000001,0.5,32.52,17.06,14.2
-26.45,28.085833,23-07-2013,163.6,75.2,3.8000000000000003,1.3000001,28.869999,16.3,71.5
-28.141944,26.417778,23-07-2013,189.0,43.6,2.2,0.7,32.079998,17.44,41.4
-28.1175,26.719444,23-07-2013,184.7,43.6,2.2,0.7,31.88,17.65,41.4
-32.595833,19.009444,23-07-2013,215.3,18.400000000000002,0.9,6.2000003,33.63,17.34,18.2
-25.45963889,28.26430556,23-07-2013,170.7,79.0,3.9000000000000004,1.5,30.84,18.44,75.1
-29.161667,23.696389,24-07-2013,225.5,33.300000000000004,1.7000000000000002,0.1,36.17,19.07,31.6
-25.81048333,27.90955222,24-07-2013,168.90001,87.4,4.4,1.4,30.08,18.35,83.1
-26.861111,28.884722,24-07-2013,158.2,72.7,3.6,1.5,28.109999,15.0,69.1
-27.00222,28.76528,24-07-2013,158.8,69.60000000000001,3.5,1.4,28.49,15.179999,66.1
-26.970278,27.211111,24-07-2013,172.7,67.9,3.4000000000000004,1.0,30.289999,17.039999,64.5
-27.671111,27.236944,24-07-2013,178.40001,51.400000000000006,2.6,0.8,31.09,16.76,48.8
-33.501667,21.624167,24-07-2013,179.1,52.5,2.6,0.1,30.09,14.92,49.9
-33.7075,18.97444444,24-07-2013,195.7,36.2,1.8,11.8,31.01,18.22,36.9
-27.01011111,26.69808333,25-07-2013,181.0,69.60000000000001,3.5,0.7,31.22,17.539999,66.1
-23.838611,31.640833,25-07-2013,155.1,65.8,3.3000000000000003,0.90000004,33.26,22.279999,62.5
-29.744167,29.905833,25-07-2013,155.1,57.0,2.8000000000000003,29.1,28.789999,16.39,104.200005
-26.648056,27.089444,25-07-2013,171.1,75.2,3.8000000000000003,1.0,29.99,16.84,71.5
-26.880278,26.965,25-07-2013,173.7,71.2,3.6,1.0,30.63,17.25,67.700005
-27.38972222,26.46388889,25-07-2013,189.40001,58.800000000000004,2.9000000000000004,0.8,32.0,17.869999,55.9
-26.98472222,26.63227778,25-07-2013,180.40001,72.60000000000001,3.6,0.8,31.38,17.8,69.0
-27.398611,26.614722,25-07-2013,187.40001,58.5,2.9000000000000004,0.8,31.869999,17.77,55.600002
-33.31388889,19.07472222,25-07-2013,200.1,30.1,1.5,10.8,31.769999,17.49,30.9
-29.140556,31.391944,29-07-2013,157.1,65.10000000000001,3.3000000000000003,8.6,30.38,21.16,63.100002
-34.065833,20.404167,30-07-2013,175.5,40.900000000000006,2.0,3.2,31.539999,18.93,39.100002
-25.127778,27.628889,30-07-2013,180.2,76.60000000000001,3.8000000000000003,1.9,32.37,19.73,72.8
-25.20639,27.558,30-07-2013,178.40001,77.60000000000001,3.9000000000000004,1.9,32.12,19.55,73.8
-24.69514,27.40906,30-07-2013,180.3,81.9,4.1000000000000005,2.3,32.34,20.67,77.9
-28.404444,30.013056,30-07-2013,163.7,60.5,3.0,11.3,30.359999,16.99,62.2
-29.380556,30.2775,30-07-2013,147.8,54.1,2.7,28.5,27.47,15.5199995,100.3
-26.648056,27.089444,30-07-2013,171.1,75.2,3.8000000000000003,1.0,29.99,16.84,71.5
-26.970278,27.211111,30-07-2013,172.7,67.9,3.4000000000000004,1.0,30.289999,17.039999,64.5
-26.880278,26.965,30-07-2013,173.7,71.2,3.6,1.0,30.63,17.25,67.700005
-26.98472222,26.63227778,30-07-2013,180.40001,72.60000000000001,3.6,0.8,31.38,17.8,69.0
-29.160278,26.573333,30-07-2013,192.6,31.6,1.6,0.7,32.71,16.529999,30.1
-28.69485,28.23487,30-07-2013,155.3,51.2,2.6,9.2,28.25,14.62,56.600002
-28.883333,27.89,30-07-2013,160.1,48.6,2.4000000000000004,9.1,29.41,15.32,52.4
-34.075556,20.145556,30-07-2013,178.0,43.1,2.2,5.6,30.789999,18.199999,41.8
-28.058889,30.373611,30-07-2013,157.90001,67.4,3.4000000000000004,14.6,28.68,15.75,71.8
-29.161667,23.696389,31-07-2013,225.5,33.300000000000004,1.7000000000000002,0.1,36.17,19.07,31.6
-24.39619444,27.08983333,31-07-2013,180.5,77.10000000000001,3.9000000000000004,2.5,32.73,20.789999,73.3
-28.747778,31.745833,31-07-2013,160.1,62.400000000000006,3.1,4.9,31.199999,21.369999,59.7
-28.801278,31.955389,31-07-2013,159.1,63.800000000000004,3.2,6.4,30.859999,21.49,61.4
-29.615556,27.065278,31-07-2013,179.6,36.1,1.8,0.7,31.439999,15.95,34.3
-34.405833,19.600556,31-07-2013,156.6,53.800000000000004,2.7,8.900001,26.449999,17.199999,53.0
-27.5275,30.858056,01-08-2013,151.7,82.2,4.1000000000000005,20.300001,28.14,16.8,89.0
-27.902778,24.615556,01-08-2013,211.90001,59.0,2.9000000000000004,0.2,35.48,19.119999,56.0
-30.160091,27.40124,01-08-2013,172.7,40.5,2.0,0.90000004,31.08,15.889999,38.5
-30.336111,27.359444,01-08-2013,175.0,41.300000000000004,2.1,0.90000004,31.07,15.46,39.3
-29.651389,22.746389,01-08-2013,228.90001,25.5,1.3,0.0,36.14,20.34,24.2
-29.1825,23.575556,01-08-2013,224.90001,32.4,1.6,0.1,36.079998,19.22,30.800001
-33.897778,20.012778,01-08-2013,180.6,38.400000000000006,1.9000000000000001,4.7000003,31.369999,17.66,37.3
-29.744167,29.905833,02-08-2013,155.1,57.0,2.8000000000000003,29.1,28.789999,16.39,104.200005
-28.068333,31.55,03-08-2013,162.5,63.7,3.2,4.4,31.96,21.24,60.8
-25.99136,27.84208,05-08-2013,165.8,90.0,4.5,6.0,29.199999,17.43,86.4
-29.7775,29.470833,05-08-2013,146.0,76.80000000000001,3.8000000000000003,15.8,26.46,13.82,100.1
-29.987778,29.851667,05-08-2013,150.6,61.6,3.1,30.9,27.939999,15.78,111.700005
-29.744167,29.905833,05-08-2013,155.1,57.0,2.8000000000000003,29.1,28.789999,16.39,104.200005
-26.45,28.085833,05-08-2013,163.6,75.2,3.8000000000000003,1.3000001,28.869999,16.3,71.5
-31.396,29.2651,05-08-2013,155.6,67.8,3.4000000000000004,18.300001,29.32,20.14,95.8
-31.554722,29.245556,05-08-2013,147.0,71.2,3.6,18.6,28.0,19.02,99.6
-27.169444,29.233889,06-08-2013,155.5,70.0,3.5,2.5,27.779999,14.599999,66.6
-30.570833,29.150556,06-08-2013,150.2,66.0,3.3000000000000003,18.4,27.41,14.219999,94.200005
-31.104278,29.399722,06-08-2013,154.0,65.9,3.3000000000000003,21.1,28.849998,18.76,98.8
-25.45963889,28.26430556,06-08-2013,170.7,79.0,3.9000000000000004,1.5,30.84,18.44,75.1
-28.338333,31.373611,06-08-2013,156.6,67.60000000000001,3.4000000000000004,4.2000003,30.22,19.35,64.6
-28.068333,31.55,06-08-2013,162.5,63.7,3.2,4.4,31.96,21.24,60.8
-29.161667,23.696389,07-08-2013,225.5,33.300000000000004,1.7000000000000002,0.1,36.17,19.07,31.6
-25.81048333,27.90955222,07-08-2013,168.90001,87.4,4.4,1.4,30.08,18.35,83.1
-30.830556,26.921389,07-08-2013,186.7,35.5,1.8,0.8,31.81,15.19,33.7
-30.398056,30.601944,07-08-2013,156.6,71.2,3.6,29.800001,29.3,21.66,118.9
-27.02314,28.59389,07-08-2013,160.8,69.2,3.5,1.4,28.859999,15.5199995,65.8
-27.273889,28.49,07-08-2013,160.1,67.2,3.4000000000000004,3.8,28.869999,15.5,64.3
-27.4275,28.525833,07-08-2013,159.0,65.10000000000001,3.3000000000000003,8.400001,28.81,15.19,65.0
-27.3,28.586944,07-08-2013,159.8,67.0,3.3000000000000003,4.7000003,28.789999,15.33,64.3
-27.398611,26.614722,07-08-2013,187.40001,58.5,2.9000000000000004,0.8,31.869999,17.77,55.600002
-29.033333,23.983333,07-08-2013,219.8,38.300000000000004,1.9000000000000001,0.2,35.67,18.5,36.4
-31.031389,28.883333,07-08-2013,151.5,63.900000000000006,3.2,20.6,28.67,16.73,96.200005
-30.86013889,29.07125,07-08-2013,155.0,61.5,3.1,19.0,29.099998,17.27,91.1
-30.77586667,29.03221667,07-08-2013,155.1,62.400000000000006,3.1,18.0,29.0,16.89,90.1
-27.01011111,26.69808333,08-08-2013,181.0,69.60000000000001,3.5,0.7,31.22,17.539999,66.1
-28.44555556,32.325,01-10-2013,153.90001,76.3,3.8000000000000003,8.400001,30.3,21.81,73.6
-26.648056,27.089444,08-08-2013,171.1,75.2,3.8000000000000003,1.0,29.99,16.84,71.5
-26.970278,27.211111,08-08-2013,172.7,67.9,3.4000000000000004,1.0,30.289999,17.039999,64.5
-26.98472222,26.63227778,08-08-2013,180.40001,72.60000000000001,3.6,0.8,31.38,17.8,69.0
-27.573056,24.746389,08-08-2013,203.0,66.3,3.3000000000000003,0.3,34.82,18.71,63.0
-31.000833,26.353056,08-08-2013,194.7,31.700000000000003,1.6,0.5,31.32,14.589999,30.1
-30.679722,26.7125,08-08-2013,192.1,32.9,1.6,0.6,32.94,15.83,31.2
-30.570833,29.150556,08-08-2013,150.2,66.0,3.3000000000000003,18.4,27.41,14.219999,94.200005
-25.57877778,29.12747222,08-08-2013,167.40001,83.9,4.2,1.4,30.01,17.24,79.700005
-29.803611,30.516111,09-08-2013,150.2,41.7,2.1,30.800001,28.65,18.39,92.5
-28.735556,29.820556,12-08-2013,162.5,54.900000000000006,2.7,14.3,30.91,17.109999,64.200005
-26.73806,27.59194,12-08-2013,166.2,73.8,3.7,1.1,29.46,16.699999,70.1
-26.45,28.085833,12-08-2013,163.6,75.2,3.8000000000000003,1.3000001,28.869999,16.3,71.5
-26.98472222,26.63227778,12-08-2013,180.40001,72.60000000000001,3.6,0.8,31.38,17.8,69.0
-33.38056,19.30167,12-08-2013,190.6,36.7,1.8,8.0,29.48,14.929999,36.4
-28.760833,17.730278,13-08-2013,240.3,15.9,0.8,0.0,36.94,22.02,15.1
-22.225556,29.990556,13-08-2013,154.7,96.0,4.800000000000001,0.2,33.42,22.949999,91.200005
-25.127778,27.628889,13-08-2013,180.2,76.60000000000001,3.8000000000000003,1.9,32.37,19.73,72.8
-24.39619444,27.08983333,13-08-2013,180.5,77.10000000000001,3.9000000000000004,2.5,32.73,20.789999,73.3
-24.69514,27.40906,13-08-2013,180.3,81.9,4.1000000000000005,2.3,32.34,20.67,77.9
-23.658056,31.05,13-08-2013,152.2,69.2,3.5,0.90000004,32.26,21.81,65.8
-23.281,30.54305556,13-08-2013,147.40001,121.5,6.1000000000000005,6.1,31.24,21.529999,115.9
-27.169444,29.233889,13-08-2013,155.5,70.0,3.5,2.5,27.779999,14.599999,66.6
-27.00222,28.76528,13-08-2013,158.8,69.60000000000001,3.5,1.4,28.49,15.179999,66.1
-26.970278,27.211111,13-08-2013,172.7,67.9,3.4000000000000004,1.0,30.289999,17.039999,64.5
-29.1825,23.575556,13-08-2013,224.90001,32.4,1.6,0.1,36.079998,19.22,30.800001
-34.039722,22.133333,13-08-2013,150.2,73.3,3.7,2.2,27.23,18.16,69.8
-34.02861,22.22222,13-08-2013,147.90001,75.60000000000001,3.8000000000000003,2.3,26.63,17.94,71.9
-31.5653,18.3306,13-08-2013,211.90001,9.5,0.5,0.2,31.199999,17.289999,9.0
-29.161667,23.696389,14-08-2013,225.5,33.300000000000004,1.7000000000000002,0.1,36.17,19.07,31.6
-27.01011111,26.69808333,14-08-2013,181.0,69.60000000000001,3.5,0.7,31.22,17.539999,66.1
-29.641944,30.6875,14-08-2013,153.8,30.5,1.5,30.9,29.64,19.92,78.3
-24.183889,30.823889,14-08-2013,154.90001,75.9,3.8000000000000003,2.3,31.88,21.58,72.1
-25.20639,27.558,14-08-2013,178.40001,77.60000000000001,3.9000000000000004,1.9,32.12,19.55,73.8
-22.769722,30.886944,14-08-2013,148.0,120.80000000000001,6.0,6.2000003,31.689999,21.039999,115.200005
-23.838611,31.640833,14-08-2013,155.1,65.8,3.3000000000000003,0.90000004,33.26,22.279999,62.5
-24.058889,31.237222,14-08-2013,152.3,73.4,3.7,1.0,31.99,21.63,69.700005
-27.363611,31.783333,14-08-2013,154.3,54.6,2.7,7.3,31.66,20.56,52.4
-26.648056,27.089444,14-08-2013,171.1,75.2,3.8000000000000003,1.0,29.99,16.84,71.5
-26.880278,26.965,14-08-2013,173.7,71.2,3.6,1.0,30.63,17.25,67.700005
-27.38972222,26.46388889,14-08-2013,189.40001,58.800000000000004,2.9000000000000004,0.8,32.0,17.869999,55.9
-26.98472222,26.63227778,14-08-2013,180.40001,72.60000000000001,3.6,0.8,31.38,17.8,69.0
-28.141944,26.417778,14-08-2013,189.0,43.6,2.2,0.7,32.079998,17.44,41.4
-28.1175,26.719444,14-08-2013,184.7,43.6,2.2,0.7,31.88,17.65,41.4
-29.033333,23.983333,14-08-2013,219.8,38.300000000000004,1.9000000000000001,0.2,35.67,18.5,36.4
-28.768056,20.720556,14-08-2013,253.7,28.8,1.4000000000000001,0.0,37.17,20.77,27.4
-34.092222,21.295278,14-08-2013,163.8,55.7,2.8000000000000003,1.7,29.89,17.47,53.0
-33.13083,18.86278,14-08-2013,193.6,26.1,1.3,9.7,32.3,18.38,26.800001
-26.905,32.324722,15-08-2013,156.40001,57.300000000000004,2.9000000000000004,7.8,33.27,21.949999,54.9
-27.602222,29.942778,15-08-2013,161.7,73.8,3.7,11.900001,29.14,16.08,74.0
-27.398611,26.614722,15-08-2013,187.40001,58.5,2.9000000000000004,0.8,31.869999,17.77,55.600002
-27.671111,27.236944,15-08-2013,178.40001,51.400000000000006,2.6,0.8,31.09,16.76,48.8
-27.902778,24.615556,15-08-2013,211.90001,59.0,2.9000000000000004,0.2,35.48,19.119999,56.0
-24.679167,30.8025,16-08-2013,140.1,121.2,6.1000000000000005,94.6,26.26,16.88,129.6
-29.744167,29.905833,16-08-2013,155.1,57.0,2.8000000000000003,29.1,28.789999,16.39,104.200005
-25.447222,30.711667,18-08-2013,151.2,86.80000000000001,4.3,28.9,28.609999,18.539999,89.6
-25.99136,27.84208,19-08-2013,165.8,90.0,4.5,6.0,29.199999,17.43,86.4
-29.160278,26.573333,19-08-2013,192.6,31.6,1.6,0.7,32.71,16.529999,30.1
-32.502778,19.535833,19-08-2013,214.8,15.700000000000001,0.8,0.5,33.89,17.039999,14.900001
-31.860278,18.6875,20-08-2013,217.5,14.9,0.7000000000000001,0.5,32.52,17.06,14.2
-22.91028,29.61111,20-08-2013,145.7,104.7,5.2,1.8000001,30.55,20.119999,99.5
-25.45963889,28.26430556,20-08-2013,170.7,79.0,3.9000000000000004,1.5,30.84,18.44,75.1
-25.81048333,27.90955222,21-08-2013,168.90001,87.4,4.4,1.4,30.08,18.35,83.1
-22.935,28.004167,21-08-2013,165.5,82.60000000000001,4.1000000000000005,0.2,32.44,21.3,78.5
-26.03611,30.99778,21-08-2013,155.5,104.4,5.2,48.600002,28.73,19.09,121.700005
-28.75,30.442778,21-08-2013,167.2,50.2,2.5,8.6,31.82,18.88,50.100002
-29.161667,30.629722,21-08-2013,146.8,50.900000000000006,2.5,25.7,27.48,16.58,83.1
-26.45,28.085833,21-08-2013,163.6,75.2,3.8000000000000003,1.3000001,28.869999,16.3,71.5
-27.671111,27.236944,21-08-2013,178.40001,51.400000000000006,2.6,0.8,31.09,16.76,48.8
-33.7075,18.97444444,21-08-2013,195.7,36.2,1.8,11.8,31.01,18.22,36.9
-27.01011111,26.69808333,22-08-2013,181.0,69.60000000000001,3.5,0.7,31.22,17.539999,66.1
-24.282222,28.090278,22-08-2013,162.40001,95.80000000000001,4.800000000000001,2.0,30.25,18.6,91.1
-27.00222,28.76528,22-08-2013,158.8,69.60000000000001,3.5,1.4,28.49,15.179999,66.1
-26.98472222,26.63227778,22-08-2013,180.40001,72.60000000000001,3.6,0.8,31.38,17.8,69.0
-28.116667,26.725278,22-08-2013,184.7,43.6,2.2,0.7,31.88,17.65,41.4
-33.31388889,19.07472222,22-08-2013,200.1,30.1,1.5,10.8,31.769999,17.49,30.9
-26.648056,27.089444,23-08-2013,171.1,75.2,3.8000000000000003,1.0,29.99,16.84,71.5
-26.970278,27.211111,23-08-2013,172.7,67.9,3.4000000000000004,1.0,30.289999,17.039999,64.5
-26.880278,26.965,23-08-2013,173.7,71.2,3.6,1.0,30.63,17.25,67.700005
-30.398056,30.601944,24-08-2013,156.6,71.2,3.6,29.800001,29.3,21.66,118.9
-24.99328,30.81444,26-08-2013,131.2,112.0,5.6000000000000005,118.200005,24.51,14.86,120.4
-29.380556,30.2775,26-08-2013,147.8,54.1,2.7,28.5,27.47,15.5199995,100.3
-26.73806,27.59194,26-08-2013,166.2,73.8,3.7,1.1,29.46,16.699999,70.1
-26.45,28.085833,26-08-2013,163.6,75.2,3.8000000000000003,1.3000001,28.869999,16.3,71.5
-33.818056,19.694722,26-08-2013,193.40001,38.1,1.9000000000000001,5.4,31.07,17.3,37.100002
-34.065833,20.404167,27-08-2013,175.5,40.900000000000006,2.0,3.2,31.539999,18.93,39.100002
-25.127778,27.628889,27-08-2013,180.2,76.60000000000001,3.8000000000000003,1.9,32.37,19.73,72.8
-24.69514,27.40906,27-08-2013,180.3,81.9,4.1000000000000005,2.3,32.34,20.67,77.9
-22.43772222,31.07805556,27-08-2013,156.1,104.5,5.2,0.4,33.93,22.119999,99.3
-25.681111,31.783333,27-08-2013,146.7,65.5,3.3000000000000003,8.400001,31.24,20.869999,62.9
-25.67386,31.57527,27-08-2013,147.8,67.3,3.4000000000000004,8.400001,30.96,21.06,64.5
-28.747778,31.745833,27-08-2013,160.1,62.400000000000006,3.1,4.9,31.199999,21.369999,59.7
-27.169444,29.233889,27-08-2013,155.5,70.0,3.5,2.5,27.779999,14.599999,66.6
-27.00222,28.76528,27-08-2013,158.8,69.60000000000001,3.5,1.4,28.49,15.179999,66.1
-27.273889,28.49,27-08-2013,160.1,67.2,3.4000000000000004,3.8,28.869999,15.5,64.3
-29.042222,24.6,27-08-2013,216.6,42.6,2.1,0.1,35.17,18.48,40.4
-29.028629,24.638389,27-08-2013,215.2,44.1,2.2,0.1,35.07,18.369999,41.9
-29.033333,23.983333,27-08-2013,219.8,38.300000000000004,1.9000000000000001,0.2,35.67,18.5,36.4
-28.760833,17.730278,28-08-2013,240.3,15.9,0.8,0.0,36.94,22.02,15.1
-29.161667,23.696389,28-08-2013,225.5,33.300000000000004,1.7000000000000002,0.1,36.17,19.07,31.6
-25.436111,31.982222,28-08-2013,140.8,69.7,3.5,9.1,31.32,20.31,66.9
-23.838611,31.640833,28-08-2013,155.1,65.8,3.3000000000000003,0.90000004,33.26,22.279999,62.5
-25.398889,31.610556,28-08-2013,144.0,66.3,3.3000000000000003,8.3,30.56,20.859999,63.600002
-25.14944444,31.94055556,28-08-2013,141.2,69.60000000000001,3.5,8.2,31.099998,20.66,66.700005
-28.801278,31.955389,28-08-2013,159.1,63.800000000000004,3.2,6.4,30.859999,21.49,61.4
-27.937778,31.209444,28-08-2013,158.3,65.5,3.3000000000000003,5.2000003,29.81,18.69,62.600002
-28.69485,28.23487,28-08-2013,155.3,51.2,2.6,9.2,28.25,14.62,56.600002
-28.883333,27.89,28-08-2013,160.1,48.6,2.4000000000000004,9.1,29.41,15.32,52.4
-34.405833,19.600556,28-08-2013,156.6,53.800000000000004,2.7,8.900001,26.449999,17.199999,53.0
-28.058889,30.373611,28-08-2013,157.90001,67.4,3.4000000000000004,14.6,28.68,15.75,71.8
-27.5275,30.858056,29-08-2013,151.7,82.2,4.1000000000000005,20.300001,28.14,16.8,89.0
-26.970278,27.211111,29-08-2013,172.7,67.9,3.4000000000000004,1.0,30.289999,17.039999,64.5
-33.501667,21.624167,29-08-2013,179.1,52.5,2.6,0.1,30.09,14.92,49.9
-34.075556,20.145556,29-08-2013,178.0,43.1,2.2,5.6,30.789999,18.199999,41.8
-33.897778,20.012778,29-08-2013,180.6,38.400000000000006,1.9000000000000001,4.7000003,31.369999,17.66,37.3
-27.01011111,26.69808333,30-08-2013,181.0,69.60000000000001,3.5,0.7,31.22,17.539999,66.1
-29.744167,29.905833,30-08-2013,155.1,57.0,2.8000000000000003,29.1,28.789999,16.39,104.200005
-26.648056,27.089444,30-08-2013,171.1,75.2,3.8000000000000003,1.0,29.99,16.84,71.5
-26.880278,26.965,30-08-2013,173.7,71.2,3.6,1.0,30.63,17.25,67.700005
-26.98472222,26.63227778,30-08-2013,180.40001,72.60000000000001,3.6,0.8,31.38,17.8,69.0
-25.99136,27.84208,02-09-2013,165.8,90.0,4.5,6.0,29.199999,17.43,86.4
-30.733889,29.828333,02-09-2013,150.2,66.3,3.3000000000000003,25.5,28.359999,18.01,106.9
-29.7775,29.470833,02-09-2013,146.0,76.80000000000001,3.8000000000000003,15.8,26.46,13.82,100.1
-29.987778,29.851667,02-09-2013,150.6,61.6,3.1,30.9,27.939999,15.78,111.700005
-29.744167,29.905833,02-09-2013,155.1,57.0,2.8000000000000003,29.1,28.789999,16.39,104.200005
-26.45,28.085833,02-09-2013,163.6,75.2,3.8000000000000003,1.3000001,28.869999,16.3,71.5
-27.671111,27.236944,02-09-2013,178.40001,51.400000000000006,2.6,0.8,31.09,16.76,48.8
-31.396,29.2651,02-09-2013,155.6,67.8,3.4000000000000004,18.300001,29.32,20.14,95.8
-31.554722,29.245556,02-09-2013,147.0,71.2,3.6,18.6,28.0,19.02,99.6
-25.73411,27.21422,03-09-2013,168.6,95.80000000000001,4.800000000000001,9.5,30.16,17.1,93.8
-27.398611,26.614722,03-09-2013,187.40001,58.5,2.9000000000000004,0.8,31.869999,17.77,55.600002
-29.160278,26.573333,03-09-2013,192.6,31.6,1.6,0.7,32.71,16.529999,30.1
-30.568333,29.422778,03-09-2013,150.8,64.4,3.2,23.0,27.63,14.32,100.700005
-30.570833,29.150556,03-09-2013,150.2,66.0,3.3000000000000003,18.4,27.41,14.219999,94.200005
-31.104278,29.399722,03-09-2013,154.0,65.9,3.3000000000000003,21.1,28.849998,18.76,98.8
-25.45963889,28.26430556,03-09-2013,170.7,79.0,3.9000000000000004,1.5,30.84,18.44,75.1
-28.338333,31.373611,03-09-2013,156.6,67.60000000000001,3.4000000000000004,4.2000003,30.22,19.35,64.6
-27.495556,26.074722,03-09-2013,192.40001,58.1,2.9000000000000004,0.8,32.16,17.35,55.2
-29.161667,23.696389,04-09-2013,225.5,33.300000000000004,1.7000000000000002,0.1,36.17,19.07,31.6
-27.01011111,26.69808333,04-09-2013,181.0,69.60000000000001,3.5,0.7,31.22,17.539999,66.1
-25.81048333,27.90955222,04-09-2013,168.90001,87.4,4.4,1.4,30.08,18.35,83.1
-23.658056,31.05,04-09-2013,152.2,69.2,3.5,0.90000004,32.26,21.81,65.8
-25.49037,30.6986,04-09-2013,148.40001,89.4,4.5,35.5,28.039999,17.859999,96.0
-27.00222,28.76528,04-09-2013,158.8,69.60000000000001,3.5,1.4,28.49,15.179999,66.1
-26.648056,27.089444,04-09-2013,171.1,75.2,3.8000000000000003,1.0,29.99,16.84,71.5
-26.970278,27.211111,04-09-2013,172.7,67.9,3.4000000000000004,1.0,30.289999,17.039999,64.5
-26.880278,26.965,04-09-2013,173.7,71.2,3.6,1.0,30.63,17.25,67.700005
-27.273889,28.49,04-09-2013,160.1,67.2,3.4000000000000004,3.8,28.869999,15.5,64.3
-27.3,28.586944,04-09-2013,159.8,67.0,3.3000000000000003,4.7000003,28.789999,15.33,64.3
-26.98472222,26.63227778,04-09-2013,180.40001,72.60000000000001,3.6,0.8,31.38,17.8,69.0
-29.033333,23.983333,04-09-2013,219.8,38.300000000000004,1.9000000000000001,0.2,35.67,18.5,36.4
-30.336111,27.359444,04-09-2013,175.0,41.300000000000004,2.1,0.90000004,31.07,15.46,39.3
-29.615556,27.065278,04-09-2013,179.6,36.1,1.8,0.7,31.439999,15.95,34.3
-31.031389,28.883333,04-09-2013,151.5,63.900000000000006,3.2,20.6,28.67,16.73,96.200005
-30.86013889,29.07125,04-09-2013,155.0,61.5,3.1,19.0,29.099998,17.27,91.1
-30.77586667,29.03221667,04-09-2013,155.1,62.400000000000006,3.1,18.0,29.0,16.89,90.1
-34.031944,22.053333,04-09-2013,151.6,71.10000000000001,3.6,2.0,27.42,17.76,67.6
-34.039722,22.133333,04-09-2013,150.2,73.3,3.7,2.2,27.23,18.16,69.8
-33.08883333,19.21878333,04-09-2013,189.8,31.5,1.6,7.0,29.019999,14.07,31.1
-30.830556,26.921389,05-09-2013,186.7,35.5,1.8,0.8,31.81,15.19,33.7
-28.44555556,32.325,03-10-2013,153.90001,76.3,3.8000000000000003,8.400001,30.3,21.81,73.6
-29.744167,29.905833,05-09-2013,155.1,57.0,2.8000000000000003,29.1,28.789999,16.39,104.200005
-30.13573889,30.67422222,05-09-2013,156.5,58.0,2.9000000000000004,29.5,29.46,21.52,105.700005
-29.160278,26.573333,05-09-2013,192.6,31.6,1.6,0.7,32.71,16.529999,30.1
-30.679722,26.7125,05-09-2013,192.1,32.9,1.6,0.6,32.94,15.83,31.2
-30.160091,27.40124,05-09-2013,172.7,40.5,2.0,0.90000004,31.08,15.889999,38.5
-34.02861,22.22222,05-09-2013,147.90001,75.60000000000001,3.8000000000000003,2.3,26.63,17.94,71.9
-24.058889,31.237222,06-09-2013,152.3,73.4,3.7,1.0,31.99,21.63,69.700005
-27.573056,24.746389,06-09-2013,203.0,66.3,3.3000000000000003,0.3,34.82,18.71,63.0
-31.000833,26.353056,06-09-2013,194.7,31.700000000000003,1.6,0.5,31.32,14.589999,30.1
-29.803611,30.516111,06-09-2013,150.2,41.7,2.1,30.800001,28.65,18.39,92.5
-28.735556,29.820556,09-09-2013,162.5,54.900000000000006,2.7,14.3,30.91,17.109999,64.200005
-26.73806,27.59194,09-09-2013,166.2,73.8,3.7,1.1,29.46,16.699999,70.1
-26.45,28.085833,09-09-2013,163.6,75.2,3.8000000000000003,1.3000001,28.869999,16.3,71.5
-33.38056,19.30167,09-09-2013,190.6,36.7,1.8,8.0,29.48,14.929999,36.4
-32.502778,19.535833,09-09-2013,214.8,15.700000000000001,0.8,0.5,33.89,17.039999,14.900001
-34.005833,22.351111,09-09-2013,144.8,85.5,4.3,2.6000001,26.099998,17.97,81.4
-31.860278,18.6875,10-09-2013,217.5,14.9,0.7000000000000001,0.5,32.52,17.06,14.2
-25.127778,27.628889,10-09-2013,180.2,76.60000000000001,3.8000000000000003,1.9,32.37,19.73,72.8
-24.69514,27.40906,10-09-2013,180.3,81.9,4.1000000000000005,2.3,32.34,20.67,77.9
-22.769722,30.886944,10-09-2013,148.0,120.80000000000001,6.0,6.2000003,31.689999,21.039999,115.200005
-23.281,30.54305556,10-09-2013,147.40001,121.5,6.1000000000000005,6.1,31.24,21.529999,115.9
-27.802778,28.768333,10-09-2013,154.3,62.5,3.1,11.0,28.26,14.349999,71.0
-32.595833,19.009444,10-09-2013,215.3,18.400000000000002,0.9,6.2000003,33.63,17.34,18.2
-29.161667,23.696389,11-09-2013,225.5,33.300000000000004,1.7000000000000002,0.1,36.17,19.07,31.6
-27.01011111,26.69808333,11-09-2013,181.0,69.60000000000001,3.5,0.7,31.22,17.539999,66.1
-29.641944,30.6875,11-09-2013,153.8,30.5,1.5,30.9,29.64,19.92,78.3
-25.20639,27.558,11-09-2013,178.40001,77.60000000000001,3.9000000000000004,1.9,32.12,19.55,73.8
-27.363611,31.783333,11-09-2013,154.3,54.6,2.7,7.3,31.66,20.56,52.4
-26.970278,27.211111,11-09-2013,172.7,67.9,3.4000000000000004,1.0,30.289999,17.039999,64.5
-26.880278,26.965,11-09-2013,173.7,71.2,3.6,1.0,30.63,17.25,67.700005
-26.98472222,26.63227778,11-09-2013,180.40001,72.60000000000001,3.6,0.8,31.38,17.8,69.0
-28.768056,20.720556,11-09-2013,253.7,28.8,1.4000000000000001,0.0,37.17,20.77,27.4
-34.092222,21.295278,11-09-2013,163.8,55.7,2.8000000000000003,1.7,29.89,17.47,53.0
-33.13083,18.86278,11-09-2013,193.6,26.1,1.3,9.7,32.3,18.38,26.800001
-33.7075,18.97444444,11-09-2013,195.7,36.2,1.8,11.8,31.01,18.22,36.9
-32.94583,18.33667,11-09-2013,191.7,17.6,0.9,6.1,29.46,17.49,17.800001
-26.905,32.324722,12-09-2013,156.40001,57.300000000000004,2.9000000000000004,7.8,33.27,21.949999,54.9
-27.602222,29.942778,12-09-2013,161.7,73.8,3.7,11.900001,29.14,16.08,74.0
-33.31388889,19.07472222,12-09-2013,200.1,30.1,1.5,10.8,31.769999,17.49,30.9
-26.98472222,26.63227778,13-09-2013,180.40001,72.60000000000001,3.6,0.8,31.38,17.8,69.0
-27.902778,24.615556,13-09-2013,211.90001,59.0,2.9000000000000004,0.2,35.48,19.119999,56.0
-25.99136,27.84208,16-09-2013,165.8,90.0,4.5,6.0,29.199999,17.43,86.4
-26.03611,30.99778,16-09-2013,155.5,104.4,5.2,48.600002,28.73,19.09,121.700005
-26.45,28.085833,16-09-2013,163.6,75.2,3.8000000000000003,1.3000001,28.869999,16.3,71.5
-25.447222,30.711667,16-09-2013,151.2,86.80000000000001,4.3,28.9,28.609999,18.539999,89.6
-28.760833,17.730278,17-09-2013,240.3,15.9,0.8,0.0,36.94,22.02,15.1
-27.01011111,26.69808333,17-09-2013,181.0,69.60000000000001,3.5,0.7,31.22,17.539999,66.1
-25.73411,27.21422,17-09-2013,168.6,95.80000000000001,4.800000000000001,9.5,30.16,17.1,93.8
-27.00222,28.76528,17-09-2013,158.8,69.60000000000001,3.5,1.4,28.49,15.179999,66.1
-26.648056,27.089444,17-09-2013,171.1,75.2,3.8000000000000003,1.0,29.99,16.84,71.5
-26.970278,27.211111,17-09-2013,172.7,67.9,3.4000000000000004,1.0,30.289999,17.039999,64.5
-26.880278,26.965,17-09-2013,173.7,71.2,3.6,1.0,30.63,17.25,67.700005
-26.98472222,26.63227778,17-09-2013,180.40001,72.60000000000001,3.6,0.8,31.38,17.8,69.0
-29.042222,24.6,17-09-2013,216.6,42.6,2.1,0.1,35.17,18.48,40.4
-29.028629,24.638389,17-09-2013,215.2,44.1,2.2,0.1,35.07,18.369999,41.9
-29.033333,23.983333,17-09-2013,219.8,38.300000000000004,1.9000000000000001,0.2,35.67,18.5,36.4
-25.45963889,28.26430556,17-09-2013,170.7,79.0,3.9000000000000004,1.5,30.84,18.44,75.1
-25.57877778,29.12747222,17-09-2013,167.40001,83.9,4.2,1.4,30.01,17.24,79.700005
-28.760833,17.730278,18-09-2013,240.3,15.9,0.8,0.0,36.94,22.02,15.1
-29.161667,23.696389,18-09-2013,225.5,33.300000000000004,1.7000000000000002,0.1,36.17,19.07,31.6
-25.81048333,27.90955222,18-09-2013,168.90001,87.4,4.4,1.4,30.08,18.35,83.1
-25.398889,31.610556,18-09-2013,144.0,66.3,3.3000000000000003,8.3,30.56,20.859999,63.600002
-27.935,26.126667,18-09-2013,189.6,48.1,2.4000000000000004,0.7,32.09,17.02,45.7
-27.671111,27.236944,18-09-2013,178.40001,51.400000000000006,2.6,0.8,31.09,16.76,48.8
-29.033333,23.983333,18-09-2013,219.8,38.300000000000004,1.9000000000000001,0.2,35.67,18.5,36.4
-28.75,30.442778,19-09-2013,167.2,50.2,2.5,8.6,31.82,18.88,50.100002
-27.38972222,26.46388889,19-09-2013,189.40001,58.800000000000004,2.9000000000000004,0.8,32.0,17.869999,55.9
-34.250556,20.9925,19-09-2013,168.1,51.7,2.6,3.1000001,29.67,18.33,49.3
-29.744167,29.905833,20-09-2013,155.1,57.0,2.8000000000000003,29.1,28.789999,16.39,104.200005
-27.671111,27.236944,20-09-2013,178.40001,51.400000000000006,2.6,0.8,31.09,16.76,48.8
-27.573056,24.746389,20-09-2013,203.0,66.3,3.3000000000000003,0.3,34.82,18.71,63.0
-28.760833,17.730278,23-09-2013,240.3,15.9,0.8,0.0,36.94,22.02,15.1
-29.380556,30.2775,23-09-2013,147.8,54.1,2.7,28.5,27.47,15.5199995,100.3
-33.818056,19.694722,23-09-2013,193.40001,38.1,1.9000000000000001,5.4,31.07,17.3,37.100002
-34.065833,20.404167,24-09-2013,175.5,40.900000000000006,2.0,3.2,31.539999,18.93,39.100002
-24.670833,28.560833,24-09-2013,166.8,75.8,3.8000000000000003,13.5,30.4,18.25,75.700005
-25.681111,31.783333,24-09-2013,146.7,65.5,3.3000000000000003,8.400001,31.24,20.869999,62.9
-25.67386,31.57527,24-09-2013,147.8,67.3,3.4000000000000004,8.400001,30.96,21.06,64.5
-28.747778,31.745833,24-09-2013,160.1,62.400000000000006,3.1,4.9,31.199999,21.369999,59.7
-29.140556,31.391944,25-09-2013,157.1,65.10000000000001,3.3000000000000003,8.6,30.38,21.16,63.100002
-25.127778,27.628889,25-09-2013,180.2,76.60000000000001,3.8000000000000003,1.9,32.37,19.73,72.8
-24.69514,27.40906,25-09-2013,180.3,81.9,4.1000000000000005,2.3,32.34,20.67,77.9
-27.937778,31.209444,25-09-2013,158.3,65.5,3.3000000000000003,5.2000003,29.81,18.69,62.600002
-28.404444,30.013056,25-09-2013,163.7,60.5,3.0,11.3,30.359999,16.99,62.2
-26.73806,27.59194,25-09-2013,166.2,73.8,3.7,1.1,29.46,16.699999,70.1
-26.45,28.085833,25-09-2013,163.6,75.2,3.8000000000000003,1.3000001,28.869999,16.3,71.5
-33.501667,21.624167,25-09-2013,179.1,52.5,2.6,0.1,30.09,14.92,49.9
-27.01011111,26.69808333,26-09-2013,181.0,69.60000000000001,3.5,0.7,31.22,17.539999,66.1
-22.225556,29.990556,26-09-2013,154.7,96.0,4.800000000000001,0.2,33.42,22.949999,91.200005
-25.436111,31.982222,26-09-2013,140.8,69.7,3.5,9.1,31.32,20.31,66.9
-25.20639,27.558,26-09-2013,178.40001,77.60000000000001,3.9000000000000004,1.9,32.12,19.55,73.8
-28.801278,31.955389,26-09-2013,159.1,63.800000000000004,3.2,6.4,30.859999,21.49,61.4
-27.169444,29.233889,26-09-2013,155.5,70.0,3.5,2.5,27.779999,14.599999,66.6
-27.00222,28.76528,26-09-2013,158.8,69.60000000000001,3.5,1.4,28.49,15.179999,66.1
-26.648056,27.089444,26-09-2013,171.1,75.2,3.8000000000000003,1.0,29.99,16.84,71.5
-26.970278,27.211111,26-09-2013,172.7,67.9,3.4000000000000004,1.0,30.289999,17.039999,64.5
-26.880278,26.965,26-09-2013,173.7,71.2,3.6,1.0,30.63,17.25,67.700005
-28.141944,26.417778,26-09-2013,189.0,43.6,2.2,0.7,32.079998,17.44,41.4
-28.058889,30.373611,26-09-2013,157.90001,67.4,3.4000000000000004,14.6,28.68,15.75,71.8
-26.861111,28.884722,27-09-2013,158.2,72.7,3.6,1.5,28.109999,15.0,69.1
-27.902778,24.615556,27-09-2013,211.90001,59.0,2.9000000000000004,0.2,35.48,19.119999,56.0
-25.99136,27.84208,30-09-2013,165.8,90.0,4.5,6.0,29.199999,17.43,86.4
-29.7775,29.470833,30-09-2013,146.0,76.80000000000001,3.8000000000000003,15.8,26.46,13.82,100.1
-29.987778,29.851667,30-09-2013,150.6,61.6,3.1,30.9,27.939999,15.78,111.700005
-29.744167,29.905833,30-09-2013,155.1,57.0,2.8000000000000003,29.1,28.789999,16.39,104.200005
-26.45,28.085833,30-09-2013,163.6,75.2,3.8000000000000003,1.3000001,28.869999,16.3,71.5
-31.396,29.2651,30-09-2013,155.6,67.8,3.4000000000000004,18.300001,29.32,20.14,95.8
-31.554722,29.245556,30-09-2013,147.0,71.2,3.6,18.6,28.0,19.02,99.6
-24.183889,30.823889,01-10-2013,154.90001,75.9,3.8000000000000003,2.3,31.88,21.58,72.1
-25.73411,27.21422,01-10-2013,168.6,95.80000000000001,4.800000000000001,9.5,30.16,17.1,93.8
-28.44555556,32.325,31-10-2013,153.90001,76.3,3.8000000000000003,8.400001,30.3,21.81,73.6
-27.671111,27.236944,01-10-2013,178.40001,51.400000000000006,2.6,0.8,31.09,16.76,48.8
-30.568333,29.422778,01-10-2013,150.8,64.4,3.2,23.0,27.63,14.32,100.700005
-30.570833,29.150556,01-10-2013,150.2,66.0,3.3000000000000003,18.4,27.41,14.219999,94.200005
-31.104278,29.399722,01-10-2013,154.0,65.9,3.3000000000000003,21.1,28.849998,18.76,98.8
-34.031944,22.053333,01-10-2013,151.6,71.10000000000001,3.6,2.0,27.42,17.76,67.6
-34.005833,22.351111,01-10-2013,144.8,85.5,4.3,2.6000001,26.099998,17.97,81.4
-25.45963889,28.26430556,01-10-2013,170.7,79.0,3.9000000000000004,1.5,30.84,18.44,75.1
-28.068333,31.55,01-10-2013,162.5,63.7,3.2,4.4,31.96,21.24,60.8
-29.161667,23.696389,02-10-2013,225.5,33.300000000000004,1.7000000000000002,0.1,36.17,19.07,31.6
-27.01011111,26.69808333,02-10-2013,181.0,69.60000000000001,3.5,0.7,31.22,17.539999,66.1
-25.81048333,27.90955222,02-10-2013,168.90001,87.4,4.4,1.4,30.08,18.35,83.1
-24.058889,31.237222,02-10-2013,152.3,73.4,3.7,1.0,31.99,21.63,69.700005
-30.733889,29.828333,02-10-2013,150.2,66.3,3.3000000000000003,25.5,28.359999,18.01,106.9
-30.398056,30.601944,02-10-2013,156.6,71.2,3.6,29.800001,29.3,21.66,118.9
-27.00222,28.76528,02-10-2013,158.8,69.60000000000001,3.5,1.4,28.49,15.179999,66.1
-27.02314,28.59389,02-10-2013,160.8,69.2,3.5,1.4,28.859999,15.5199995,65.8
-27.273889,28.49,02-10-2013,160.1,67.2,3.4000000000000004,3.8,28.869999,15.5,64.3
-27.3,28.586944,02-10-2013,159.8,67.0,3.3000000000000003,4.7000003,28.789999,15.33,64.3
-27.802778,28.768333,02-10-2013,154.3,62.5,3.1,11.0,28.26,14.349999,71.0
-26.98472222,26.63227778,02-10-2013,180.40001,72.60000000000001,3.6,0.8,31.38,17.8,69.0
-27.398611,26.614722,02-10-2013,187.40001,58.5,2.9000000000000004,0.8,31.869999,17.77,55.600002
-27.671111,27.236944,02-10-2013,178.40001,51.400000000000006,2.6,0.8,31.09,16.76,48.8
-29.160278,26.573333,02-10-2013,192.6,31.6,1.6,0.7,32.71,16.529999,30.1
-29.615556,27.065278,02-10-2013,179.6,36.1,1.8,0.7,31.439999,15.95,34.3
-28.883333,27.89,02-10-2013,160.1,48.6,2.4000000000000004,9.1,29.41,15.32,52.4
-31.031389,28.883333,02-10-2013,151.5,63.900000000000006,3.2,20.6,28.67,16.73,96.200005
-30.86013889,29.07125,02-10-2013,155.0,61.5,3.1,19.0,29.099998,17.27,91.1
-30.77586667,29.03221667,02-10-2013,155.1,62.400000000000006,3.1,18.0,29.0,16.89,90.1
-34.039722,22.133333,02-10-2013,150.2,73.3,3.7,2.2,27.23,18.16,69.8
-34.02861,22.22222,02-10-2013,147.90001,75.60000000000001,3.8000000000000003,2.3,26.63,17.94,71.9
-27.495556,26.074722,02-10-2013,192.40001,58.1,2.9000000000000004,0.8,32.16,17.35,55.2
-28.44555556,32.325,16-01-2014,140.7,223.9,16.400000000000002,74.8,28.46,20.539999,140.7
-29.744167,29.905833,03-10-2013,155.1,57.0,2.8000000000000003,29.1,28.789999,16.39,104.200005
-26.648056,27.089444,03-10-2013,171.1,75.2,3.8000000000000003,1.0,29.99,16.84,71.5
-26.970278,27.211111,03-10-2013,172.7,67.9,3.4000000000000004,1.0,30.289999,17.039999,64.5
-26.880278,26.965,03-10-2013,173.7,71.2,3.6,1.0,30.63,17.25,67.700005
-27.3,28.586944,03-10-2013,159.8,67.0,3.3000000000000003,4.7000003,28.789999,15.33,64.3
-30.160091,27.40124,03-10-2013,172.7,40.5,2.0,0.90000004,31.08,15.889999,38.5
-30.336111,27.359444,03-10-2013,175.0,41.300000000000004,2.1,0.90000004,31.07,15.46,39.3
-29.615556,27.065278,03-10-2013,179.6,36.1,1.8,0.7,31.439999,15.95,34.3
-30.830556,26.921389,04-10-2013,186.7,35.5,1.8,0.8,31.81,15.19,33.7
-30.679722,26.7125,04-10-2013,192.1,32.9,1.6,0.6,32.94,15.83,31.2
-29.803611,30.516111,04-10-2013,150.2,41.7,2.1,30.800001,28.65,18.39,92.5
-26.73806,27.59194,07-10-2013,166.2,73.8,3.7,1.1,29.46,16.699999,70.1
-26.45,28.085833,07-10-2013,163.6,75.2,3.8000000000000003,1.3000001,28.869999,16.3,71.5
-31.436944,20.474722,07-10-2013,217.3,31.8,1.6,0.0,33.25,16.0,30.2
-29.1825,23.575556,07-10-2013,224.90001,32.4,1.6,0.1,36.079998,19.22,30.800001
-33.38056,19.30167,07-10-2013,190.6,36.7,1.8,8.0,29.48,14.929999,36.4
-32.502778,19.535833,07-10-2013,214.8,15.700000000000001,0.8,0.5,33.89,17.039999,14.900001
-31.860278,18.6875,08-10-2013,217.5,14.9,0.7000000000000001,0.5,32.52,17.06,14.2
-25.127778,27.628889,08-10-2013,180.2,76.60000000000001,3.8000000000000003,1.9,32.37,19.73,72.8
-24.69514,27.40906,08-10-2013,180.3,81.9,4.1000000000000005,2.3,32.34,20.67,77.9
-22.769722,30.886944,08-10-2013,148.0,120.80000000000001,6.0,6.2000003,31.689999,21.039999,115.200005
-28.735556,29.820556,08-10-2013,162.5,54.900000000000006,2.7,14.3,30.91,17.109999,64.200005
-27.169444,29.233889,08-10-2013,155.5,70.0,3.5,2.5,27.779999,14.599999,66.6
-26.861111,28.884722,08-10-2013,158.2,72.7,3.6,1.5,28.109999,15.0,69.1
-27.00222,28.76528,08-10-2013,158.8,69.60000000000001,3.5,1.4,28.49,15.179999,66.1
-34.092222,21.295278,08-10-2013,163.8,55.7,2.8000000000000003,1.7,29.89,17.47,53.0
-33.13083,18.86278,08-10-2013,193.6,26.1,1.3,9.7,32.3,18.38,26.800001
-32.94583,18.33667,08-10-2013,191.7,17.6,0.9,6.1,29.46,17.49,17.800001
-29.161667,23.696389,09-10-2013,225.5,33.300000000000004,1.7000000000000002,0.1,36.17,19.07,31.6
-29.641944,30.6875,09-10-2013,153.8,30.5,1.5,30.9,29.64,19.92,78.3
-25.20639,27.558,09-10-2013,178.40001,77.60000000000001,3.9000000000000004,1.9,32.12,19.55,73.8
-26.905,32.324722,09-10-2013,156.40001,57.300000000000004,2.9000000000000004,7.8,33.27,21.949999,54.9
-27.602222,29.942778,09-10-2013,161.7,73.8,3.7,11.900001,29.14,16.08,74.0
-33.7075,18.97444444,09-10-2013,195.7,36.2,1.8,11.8,31.01,18.22,36.9
-23.658056,31.05,10-10-2013,152.2,69.2,3.5,0.90000004,32.26,21.81,65.8
-27.363611,31.783333,10-10-2013,154.3,54.6,2.7,7.3,31.66,20.56,52.4
-26.970278,27.211111,10-10-2013,172.7,67.9,3.4000000000000004,1.0,30.289999,17.039999,64.5
-33.31388889,19.07472222,10-10-2013,200.1,30.1,1.5,10.8,31.769999,17.49,30.9
-27.01011111,26.69808333,11-10-2013,181.0,69.60000000000001,3.5,0.7,31.22,17.539999,66.1
-26.648056,27.089444,11-10-2013,171.1,75.2,3.8000000000000003,1.0,29.99,16.84,71.5
-26.880278,26.965,11-10-2013,173.7,71.2,3.6,1.0,30.63,17.25,67.700005
-26.98472222,26.63227778,11-10-2013,180.40001,72.60000000000001,3.6,0.8,31.38,17.8,69.0
-27.902778,24.615556,11-10-2013,211.90001,59.0,2.9000000000000004,0.2,35.48,19.119999,56.0
-26.861111,28.884722,13-10-2013,158.2,72.7,3.6,1.5,28.109999,15.0,69.1
-25.99136,27.84208,14-10-2013,165.8,90.0,4.5,6.0,29.199999,17.43,86.4
-26.45,28.085833,14-10-2013,163.6,75.2,3.8000000000000003,1.3000001,28.869999,16.3,71.5
-27.01011111,26.69808333,15-10-2013,181.0,69.60000000000001,3.5,0.7,31.22,17.539999,66.1
-25.73411,27.21422,15-10-2013,168.6,95.80000000000001,4.800000000000001,9.5,30.16,17.1,93.8
-24.99328,30.81444,15-10-2013,131.2,112.0,5.6000000000000005,118.200005,24.51,14.86,120.4
-27.5275,30.858056,15-10-2013,151.7,82.2,4.1000000000000005,20.300001,28.14,16.8,89.0
-26.861111,28.884722,15-10-2013,158.2,72.7,3.6,1.5,28.109999,15.0,69.1
-27.00222,28.76528,15-10-2013,158.8,69.60000000000001,3.5,1.4,28.49,15.179999,66.1
-26.648056,27.089444,15-10-2013,171.1,75.2,3.8000000000000003,1.0,29.99,16.84,71.5
-26.970278,27.211111,15-10-2013,172.7,67.9,3.4000000000000004,1.0,30.289999,17.039999,64.5
-26.880278,26.965,15-10-2013,173.7,71.2,3.6,1.0,30.63,17.25,67.700005
-26.98472222,26.63227778,15-10-2013,180.40001,72.60000000000001,3.6,0.8,31.38,17.8,69.0
-25.45963889,28.26430556,15-10-2013,170.7,79.0,3.9000000000000004,1.5,30.84,18.44,75.1
-29.161667,23.696389,16-10-2013,225.5,33.300000000000004,1.7000000000000002,0.1,36.17,19.07,31.6
-25.81048333,27.90955222,16-10-2013,168.90001,87.4,4.4,1.4,30.08,18.35,83.1
-24.670833,28.560833,16-10-2013,166.8,75.8,3.8000000000000003,13.5,30.4,18.25,75.700005
-28.75,30.442778,16-10-2013,167.2,50.2,2.5,8.6,31.82,18.88,50.100002
-29.161667,30.629722,16-10-2013,146.8,50.900000000000006,2.5,25.7,27.48,16.58,83.1
-29.160278,26.573333,16-10-2013,192.6,31.6,1.6,0.7,32.71,16.529999,30.1
-29.033333,23.983333,16-10-2013,219.8,38.300000000000004,1.9000000000000001,0.2,35.67,18.5,36.4
-28.768056,20.720556,16-10-2013,253.7,28.8,1.4000000000000001,0.0,37.17,20.77,27.4
-29.161667,23.696389,17-10-2013,225.5,33.300000000000004,1.7000000000000002,0.1,36.17,19.07,31.6
-29.744167,29.905833,17-10-2013,155.1,57.0,2.8000000000000003,29.1,28.789999,16.39,104.200005
-27.671111,27.236944,17-10-2013,178.40001,51.400000000000006,2.6,0.8,31.09,16.76,48.8
-34.250556,20.9925,17-10-2013,168.1,51.7,2.6,3.1000001,29.67,18.33,49.3
-29.380556,30.2775,21-10-2013,147.8,54.1,2.7,28.5,27.47,15.5199995,100.3
-33.818056,19.694722,21-10-2013,193.40001,38.1,1.9000000000000001,5.4,31.07,17.3,37.100002
-27.01011111,26.69808333,22-10-2013,181.0,69.60000000000001,3.5,0.7,31.22,17.539999,66.1
-34.065833,20.404167,22-10-2013,175.5,40.900000000000006,2.0,3.2,31.539999,18.93,39.100002
-25.127778,27.628889,22-10-2013,180.2,76.60000000000001,3.8000000000000003,1.9,32.37,19.73,72.8
-25.20639,27.558,22-10-2013,178.40001,77.60000000000001,3.9000000000000004,1.9,32.12,19.55,73.8
-24.69514,27.40906,22-10-2013,180.3,81.9,4.1000000000000005,2.3,32.34,20.67,77.9
-26.648056,27.089444,22-10-2013,171.1,75.2,3.8000000000000003,1.0,29.99,16.84,71.5
-26.970278,27.211111,22-10-2013,172.7,67.9,3.4000000000000004,1.0,30.289999,17.039999,64.5
-26.880278,26.965,22-10-2013,173.7,71.2,3.6,1.0,30.63,17.25,67.700005
-26.73806,27.59194,22-10-2013,166.2,73.8,3.7,1.1,29.46,16.699999,70.1
-26.45,28.085833,22-10-2013,163.6,75.2,3.8000000000000003,1.3000001,28.869999,16.3,71.5
-26.98472222,26.63227778,22-10-2013,180.40001,72.60000000000001,3.6,0.8,31.38,17.8,69.0
-28.141944,26.417778,22-10-2013,189.0,43.6,2.2,0.7,32.079998,17.44,41.4
-29.042222,24.6,22-10-2013,216.6,42.6,2.1,0.1,35.17,18.48,40.4
-29.028629,24.638389,22-10-2013,215.2,44.1,2.2,0.1,35.07,18.369999,41.9
-33.501667,21.624167,22-10-2013,179.1,52.5,2.6,0.1,30.09,14.92,49.9
-34.075556,20.145556,22-10-2013,178.0,43.1,2.2,5.6,30.789999,18.199999,41.8
-28.760833,17.730278,23-10-2013,240.3,15.9,0.8,0.0,36.94,22.02,15.1
-29.161667,23.696389,23-10-2013,225.5,33.300000000000004,1.7000000000000002,0.1,36.17,19.07,31.6
-29.140556,31.391944,23-10-2013,157.1,65.10000000000001,3.3000000000000003,8.6,30.38,21.16,63.100002
-28.801278,31.955389,23-10-2013,159.1,63.800000000000004,3.2,6.4,30.859999,21.49,61.4
-27.169444,29.233889,23-10-2013,155.5,70.0,3.5,2.5,27.779999,14.599999,66.6
-26.861111,28.884722,23-10-2013,158.2,72.7,3.6,1.5,28.109999,15.0,69.1
-27.00222,28.76528,23-10-2013,158.8,69.60000000000001,3.5,1.4,28.49,15.179999,66.1
-26.970278,27.211111,23-10-2013,172.7,67.9,3.4000000000000004,1.0,30.289999,17.039999,64.5
-27.38972222,26.46388889,23-10-2013,189.40001,58.800000000000004,2.9000000000000004,0.8,32.0,17.869999,55.9
-26.98472222,26.63227778,23-10-2013,180.40001,72.60000000000001,3.6,0.8,31.38,17.8,69.0
-27.398611,26.614722,23-10-2013,187.40001,58.5,2.9000000000000004,0.8,31.869999,17.77,55.600002
-27.671111,27.236944,23-10-2013,178.40001,51.400000000000006,2.6,0.8,31.09,16.76,48.8
-34.405833,19.600556,23-10-2013,156.6,53.800000000000004,2.7,8.900001,26.449999,17.199999,53.0
-28.058889,30.373611,23-10-2013,157.90001,67.4,3.4000000000000004,14.6,28.68,15.75,71.8
-33.897778,20.012778,23-10-2013,180.6,38.400000000000006,1.9000000000000001,4.7000003,31.369999,17.66,37.3
-28.747778,31.745833,24-10-2013,160.1,62.400000000000006,3.1,4.9,31.199999,21.369999,59.7
-27.5275,30.858056,24-10-2013,151.7,82.2,4.1000000000000005,20.300001,28.14,16.8,89.0
-28.116667,26.725278,24-10-2013,184.7,43.6,2.2,0.7,31.88,17.65,41.4
-34.329722,18.990278,24-10-2013,154.90001,55.0,2.7,17.5,25.34,16.859999,56.9
-27.573056,24.746389,25-10-2013,203.0,66.3,3.3000000000000003,0.3,34.82,18.71,63.0
-25.99136,27.84208,28-10-2013,165.8,90.0,4.5,6.0,29.199999,17.43,86.4
-29.7775,29.470833,28-10-2013,146.0,76.80000000000001,3.8000000000000003,15.8,26.46,13.82,100.1
-29.987778,29.851667,28-10-2013,150.6,61.6,3.1,30.9,27.939999,15.78,111.700005
-29.744167,29.905833,28-10-2013,155.1,57.0,2.8000000000000003,29.1,28.789999,16.39,104.200005
-26.45,28.085833,28-10-2013,163.6,75.2,3.8000000000000003,1.3000001,28.869999,16.3,71.5
-27.01011111,26.69808333,29-10-2013,181.0,69.60000000000001,3.5,0.7,31.22,17.539999,66.1
-25.73411,27.21422,29-10-2013,168.6,95.80000000000001,4.800000000000001,9.5,30.16,17.1,93.8
-30.733889,29.828333,29-10-2013,150.2,66.3,3.3000000000000003,25.5,28.359999,18.01,106.9
-27.00222,28.76528,29-10-2013,158.8,69.60000000000001,3.5,1.4,28.49,15.179999,66.1
-26.648056,27.089444,29-10-2013,171.1,75.2,3.8000000000000003,1.0,29.99,16.84,71.5
-26.970278,27.211111,29-10-2013,172.7,67.9,3.4000000000000004,1.0,30.289999,17.039999,64.5
-26.880278,26.965,29-10-2013,173.7,71.2,3.6,1.0,30.63,17.25,67.700005
-27.802778,28.768333,29-10-2013,154.3,62.5,3.1,11.0,28.26,14.349999,71.0
-26.98472222,26.63227778,29-10-2013,180.40001,72.60000000000001,3.6,0.8,31.38,17.8,69.0
-25.45963889,28.26430556,29-10-2013,170.7,79.0,3.9000000000000004,1.5,30.84,18.44,75.1
-28.338333,31.373611,29-10-2013,156.6,67.60000000000001,3.4000000000000004,4.2000003,30.22,19.35,64.6
-28.068333,31.55,29-10-2013,162.5,63.7,3.2,4.4,31.96,21.24,60.8
-25.81048333,27.90955222,30-10-2013,168.90001,87.4,4.4,1.4,30.08,18.35,83.1
-30.830556,26.921389,30-10-2013,186.7,35.5,1.8,0.8,31.81,15.19,33.7
-30.398056,30.601944,30-10-2013,156.6,71.2,3.6,29.800001,29.3,21.66,118.9
-30.160091,27.40124,30-10-2013,172.7,40.5,2.0,0.90000004,31.08,15.889999,38.5
-30.336111,27.359444,30-10-2013,175.0,41.300000000000004,2.1,0.90000004,31.07,15.46,39.3
-28.883333,27.89,30-10-2013,160.1,48.6,2.4000000000000004,9.1,29.41,15.32,52.4
-28.768056,20.720556,30-10-2013,253.7,28.8,1.4000000000000001,0.0,37.17,20.77,27.4
-31.104278,29.399722,30-10-2013,154.0,65.9,3.3000000000000003,21.1,28.849998,18.76,98.8
-31.396,29.2651,30-10-2013,155.6,67.8,3.4000000000000004,18.300001,29.32,20.14,95.8
-31.554722,29.245556,30-10-2013,147.0,71.2,3.6,18.6,28.0,19.02,99.6
-28.44555556,32.325,13-02-2014,140.7,223.9,16.400000000000002,74.8,28.46,20.539999,140.7
-30.13573889,30.67422222,31-10-2013,156.5,58.0,2.9000000000000004,29.5,29.46,21.52,105.700005
-28.69485,28.23487,31-10-2013,155.3,51.2,2.6,9.2,28.25,14.62,56.600002
-28.883333,27.89,31-10-2013,160.1,48.6,2.4000000000000004,9.1,29.41,15.32,52.4
-31.436944,20.474722,31-10-2013,217.3,31.8,1.6,0.0,33.25,16.0,30.2
-30.570833,29.150556,31-10-2013,150.2,66.0,3.3000000000000003,18.4,27.41,14.219999,94.200005
-29.744167,29.905833,01-11-2013,155.1,57.0,2.8000000000000003,29.1,28.789999,16.39,104.200005
-30.568333,29.422778,01-11-2013,150.8,64.4,3.2,23.0,27.63,14.32,100.700005
-31.031389,28.883333,01-11-2013,151.5,63.900000000000006,3.2,20.6,28.67,16.73,96.200005
-30.77586667,29.03221667,01-11-2013,155.1,62.400000000000006,3.1,18.0,29.0,16.89,90.1
-29.803611,30.516111,01-11-2013,150.2,41.7,2.1,30.800001,28.65,18.39,92.5
-26.73806,27.59194,04-11-2013,166.2,73.8,3.7,1.1,29.46,16.699999,70.1
-26.45,28.085833,04-11-2013,163.6,75.2,3.8000000000000003,1.3000001,28.869999,16.3,71.5
-27.3,28.586944,04-11-2013,159.8,67.0,3.3000000000000003,4.7000003,28.789999,15.33,64.3
-26.98472222,26.63227778,04-11-2013,180.40001,72.60000000000001,3.6,0.8,31.38,17.8,69.0
-33.38056,19.30167,04-11-2013,190.6,36.7,1.8,8.0,29.48,14.929999,36.4
-32.502778,19.535833,04-11-2013,214.8,15.700000000000001,0.8,0.5,33.89,17.039999,14.900001
-27.01011111,26.69808333,05-11-2013,181.0,69.60000000000001,3.5,0.7,31.22,17.539999,66.1
-31.860278,18.6875,05-11-2013,217.5,14.9,0.7000000000000001,0.5,32.52,17.06,14.2
-24.679167,30.8025,05-11-2013,140.1,121.2,6.1000000000000005,94.6,26.26,16.88,129.6
-33.980556,21.653333,05-11-2013,162.6,55.6,2.8000000000000003,1.5,29.119999,17.07,52.9
-25.127778,27.628889,05-11-2013,180.2,76.60000000000001,3.8000000000000003,1.9,32.37,19.73,72.8
-24.39619444,27.08983333,05-11-2013,180.5,77.10000000000001,3.9000000000000004,2.5,32.73,20.789999,73.3
-24.69514,27.40906,05-11-2013,180.3,81.9,4.1000000000000005,2.3,32.34,20.67,77.9
-27.169444,29.233889,05-11-2013,155.5,70.0,3.5,2.5,27.779999,14.599999,66.6
-26.861111,28.884722,05-11-2013,158.2,72.7,3.6,1.5,28.109999,15.0,69.1
-26.98472222,26.63227778,05-11-2013,180.40001,72.60000000000001,3.6,0.8,31.38,17.8,69.0
-27.398611,26.614722,05-11-2013,187.40001,58.5,2.9000000000000004,0.8,31.869999,17.77,55.600002
-27.671111,27.236944,05-11-2013,178.40001,51.400000000000006,2.6,0.8,31.09,16.76,48.8
-32.595833,19.009444,05-11-2013,215.3,18.400000000000002,0.9,6.2000003,33.63,17.34,18.2
-29.641944,30.6875,06-11-2013,153.8,30.5,1.5,30.9,29.64,19.92,78.3
-25.20639,27.558,06-11-2013,178.40001,77.60000000000001,3.9000000000000004,1.9,32.12,19.55,73.8
-27.00222,28.76528,06-11-2013,158.8,69.60000000000001,3.5,1.4,28.49,15.179999,66.1
-27.02314,28.59389,06-11-2013,160.8,69.2,3.5,1.4,28.859999,15.5199995,65.8
-26.970278,27.211111,06-11-2013,172.7,67.9,3.4000000000000004,1.0,30.289999,17.039999,64.5
-26.880278,26.965,06-11-2013,173.7,71.2,3.6,1.0,30.63,17.25,67.700005
-27.273889,28.49,06-11-2013,160.1,67.2,3.4000000000000004,3.8,28.869999,15.5,64.3
-27.4275,28.525833,06-11-2013,159.0,65.10000000000001,3.3000000000000003,8.400001,28.81,15.19,65.0
-33.13083,18.86278,06-11-2013,193.6,26.1,1.3,9.7,32.3,18.38,26.800001
-33.7075,18.97444444,06-11-2013,195.7,36.2,1.8,11.8,31.01,18.22,36.9
-32.94583,18.33667,06-11-2013,191.7,17.6,0.9,6.1,29.46,17.49,17.800001
-24.058889,31.237222,07-11-2013,152.3,73.4,3.7,1.0,31.99,21.63,69.700005
-27.602222,29.942778,07-11-2013,161.7,73.8,3.7,11.900001,29.14,16.08,74.0
-27.3,28.586944,07-11-2013,159.8,67.0,3.3000000000000003,4.7000003,28.789999,15.33,64.3
-27.902778,24.615556,07-11-2013,211.90001,59.0,2.9000000000000004,0.2,35.48,19.119999,56.0
-28.69485,28.23487,07-11-2013,155.3,51.2,2.6,9.2,28.25,14.62,56.600002
-33.31388889,19.07472222,07-11-2013,200.1,30.1,1.5,10.8,31.769999,17.49,30.9
-27.573056,24.746389,08-11-2013,203.0,66.3,3.3000000000000003,0.3,34.82,18.71,63.0
-27.573056,24.746389,10-11-2013,203.0,66.3,3.3000000000000003,0.3,34.82,18.71,63.0
-28.760833,17.730278,11-11-2013,240.3,15.9,0.8,0.0,36.94,22.02,15.1
-29.161667,23.696389,11-11-2013,225.5,33.300000000000004,1.7000000000000002,0.1,36.17,19.07,31.6
-25.99136,27.84208,11-11-2013,165.8,90.0,4.5,6.0,29.199999,17.43,86.4
-26.861111,28.884722,11-11-2013,158.2,72.7,3.6,1.5,28.109999,15.0,69.1
-30.86013889,29.07125,11-11-2013,155.0,61.5,3.1,19.0,29.099998,17.27,91.1
-27.01011111,26.69808333,12-11-2013,181.0,69.60000000000001,3.5,0.7,31.22,17.539999,66.1
-25.73411,27.21422,12-11-2013,168.6,95.80000000000001,4.800000000000001,9.5,30.16,17.1,93.8
-22.769722,30.886944,12-11-2013,148.0,120.80000000000001,6.0,6.2000003,31.689999,21.039999,115.200005
-27.00222,28.76528,12-11-2013,158.8,69.60000000000001,3.5,1.4,28.49,15.179999,66.1
-26.648056,27.089444,12-11-2013,171.1,75.2,3.8000000000000003,1.0,29.99,16.84,71.5
-26.970278,27.211111,12-11-2013,172.7,67.9,3.4000000000000004,1.0,30.289999,17.039999,64.5
-26.880278,26.965,12-11-2013,173.7,71.2,3.6,1.0,30.63,17.25,67.700005
-26.98472222,26.63227778,12-11-2013,180.40001,72.60000000000001,3.6,0.8,31.38,17.8,69.0
-33.08883333,19.21878333,12-11-2013,189.8,31.5,1.6,7.0,29.019999,14.07,31.1
-25.45963889,28.26430556,12-11-2013,170.7,79.0,3.9000000000000004,1.5,30.84,18.44,75.1
-29.161667,23.696389,13-11-2013,225.5,33.300000000000004,1.7000000000000002,0.1,36.17,19.07,31.6
-25.81048333,27.90955222,13-11-2013,168.90001,87.4,4.4,1.4,30.08,18.35,83.1
-22.43772222,31.07805556,13-11-2013,156.1,104.5,5.2,0.4,33.93,22.119999,99.3
-28.75,30.442778,13-11-2013,167.2,50.2,2.5,8.6,31.82,18.88,50.100002
-29.161667,30.629722,13-11-2013,146.8,50.900000000000006,2.5,25.7,27.48,16.58,83.1
-28.141944,26.417778,13-11-2013,189.0,43.6,2.2,0.7,32.079998,17.44,41.4
-28.1175,26.719444,13-11-2013,184.7,43.6,2.2,0.7,31.88,17.65,41.4
-29.160278,26.573333,13-11-2013,192.6,31.6,1.6,0.7,32.71,16.529999,30.1
-29.033333,23.983333,13-11-2013,219.8,38.300000000000004,1.9000000000000001,0.2,35.67,18.5,36.4
-34.02861,22.22222,13-11-2013,147.90001,75.60000000000001,3.8000000000000003,2.3,26.63,17.94,71.9
-34.005833,22.351111,13-11-2013,144.8,85.5,4.3,2.6000001,26.099998,17.97,81.4
-23.658056,31.05,14-11-2013,152.2,69.2,3.5,0.90000004,32.26,21.81,65.8
-29.744167,29.905833,14-11-2013,155.1,57.0,2.8000000000000003,29.1,28.789999,16.39,104.200005
-27.273889,28.49,14-11-2013,160.1,67.2,3.4000000000000004,3.8,28.869999,15.5,64.3
-27.4275,28.525833,14-11-2013,159.0,65.10000000000001,3.3000000000000003,8.400001,28.81,15.19,65.0
-27.3,28.586944,14-11-2013,159.8,67.0,3.3000000000000003,4.7000003,28.789999,15.33,64.3
-27.398611,26.614722,14-11-2013,187.40001,58.5,2.9000000000000004,0.8,31.869999,17.77,55.600002
-27.671111,27.236944,14-11-2013,178.40001,51.400000000000006,2.6,0.8,31.09,16.76,48.8
-34.031944,22.053333,15-11-2013,151.6,71.10000000000001,3.6,2.0,27.42,17.76,67.6
-34.039722,22.133333,15-11-2013,150.2,73.3,3.7,2.2,27.23,18.16,69.8
-24.925278,29.324444,18-11-2013,172.3,65.7,3.3000000000000003,1.2,31.599998,19.449999,62.4
-29.380556,30.2775,18-11-2013,147.8,54.1,2.7,28.5,27.47,15.5199995,100.3
-26.73806,27.59194,18-11-2013,166.2,73.8,3.7,1.1,29.46,16.699999,70.1
-26.45,28.085833,18-11-2013,163.6,75.2,3.8000000000000003,1.3000001,28.869999,16.3,71.5
-33.870833,20.003333,18-11-2013,180.40001,36.2,1.8,4.7000003,31.73,17.81,35.3
-33.818056,19.694722,18-11-2013,193.40001,38.1,1.9000000000000001,5.4,31.07,17.3,37.100002
-27.01011111,26.69808333,19-11-2013,181.0,69.60000000000001,3.5,0.7,31.22,17.539999,66.1
-34.065833,20.404167,19-11-2013,175.5,40.900000000000006,2.0,3.2,31.539999,18.93,39.100002
-25.20639,27.558,19-11-2013,178.40001,77.60000000000001,3.9000000000000004,1.9,32.12,19.55,73.8
-24.69514,27.40906,19-11-2013,180.3,81.9,4.1000000000000005,2.3,32.34,20.67,77.9
-28.747778,31.745833,19-11-2013,160.1,62.400000000000006,3.1,4.9,31.199999,21.369999,59.7
-27.169444,29.233889,19-11-2013,155.5,70.0,3.5,2.5,27.779999,14.599999,66.6
-26.861111,28.884722,19-11-2013,158.2,72.7,3.6,1.5,28.109999,15.0,69.1
-27.00222,28.76528,19-11-2013,158.8,69.60000000000001,3.5,1.4,28.49,15.179999,66.1
-26.648056,27.089444,19-11-2013,171.1,75.2,3.8000000000000003,1.0,29.99,16.84,71.5
-26.970278,27.211111,19-11-2013,172.7,67.9,3.4000000000000004,1.0,30.289999,17.039999,64.5
-26.880278,26.965,19-11-2013,173.7,71.2,3.6,1.0,30.63,17.25,67.700005
-27.3,28.586944,19-11-2013,159.8,67.0,3.3000000000000003,4.7000003,28.789999,15.33,64.3
-26.98472222,26.63227778,19-11-2013,180.40001,72.60000000000001,3.6,0.8,31.38,17.8,69.0
-27.671111,27.236944,19-11-2013,178.40001,51.400000000000006,2.6,0.8,31.09,16.76,48.8
-31.396,29.2651,19-11-2013,155.6,67.8,3.4000000000000004,18.300001,29.32,20.14,95.8
-31.554722,29.245556,19-11-2013,147.0,71.2,3.6,18.6,28.0,19.02,99.6
-34.075556,20.145556,19-11-2013,178.0,43.1,2.2,5.6,30.789999,18.199999,41.8
-29.161667,23.696389,20-11-2013,225.5,33.300000000000004,1.7000000000000002,0.1,36.17,19.07,31.6
-25.127778,27.628889,20-11-2013,180.2,76.60000000000001,3.8000000000000003,1.9,32.37,19.73,72.8
-28.801278,31.955389,20-11-2013,159.1,63.800000000000004,3.2,6.4,30.859999,21.49,61.4
-27.937778,31.209444,20-11-2013,158.3,65.5,3.3000000000000003,5.2000003,29.81,18.69,62.600002
-28.404444,30.013056,20-11-2013,163.7,60.5,3.0,11.3,30.359999,16.99,62.2
-27.273889,28.49,20-11-2013,160.1,67.2,3.4000000000000004,3.8,28.869999,15.5,64.3
-28.883333,27.89,20-11-2013,160.1,48.6,2.4000000000000004,9.1,29.41,15.32,52.4
-30.568333,29.422778,20-11-2013,150.8,64.4,3.2,23.0,27.63,14.32,100.700005
-31.104278,29.399722,20-11-2013,154.0,65.9,3.3000000000000003,21.1,28.849998,18.76,98.8
-34.250556,20.9925,20-11-2013,168.1,51.7,2.6,3.1000001,29.67,18.33,49.3
-34.329722,18.990278,20-11-2013,154.90001,55.0,2.7,17.5,25.34,16.859999,56.9
-25.57877778,29.12747222,20-11-2013,167.40001,83.9,4.2,1.4,30.01,17.24,79.700005
-27.5275,30.858056,21-11-2013,151.7,82.2,4.1000000000000005,20.300001,28.14,16.8,89.0
-28.116667,26.725278,21-11-2013,184.7,43.6,2.2,0.7,31.88,17.65,41.4
-28.69485,28.23487,21-11-2013,155.3,51.2,2.6,9.2,28.25,14.62,56.600002
-30.86013889,29.07125,21-11-2013,155.0,61.5,3.1,19.0,29.099998,17.27,91.1
-30.570833,29.150556,21-11-2013,150.2,66.0,3.3000000000000003,18.4,27.41,14.219999,94.200005
-30.77586667,29.03221667,21-11-2013,155.1,62.400000000000006,3.1,18.0,29.0,16.89,90.1
-34.405833,19.600556,21-11-2013,156.6,53.800000000000004,2.7,8.900001,26.449999,17.199999,53.0
-33.897778,20.012778,21-11-2013,180.6,38.400000000000006,1.9000000000000001,4.7000003,31.369999,17.66,37.3
-27.902778,24.615556,22-11-2013,211.90001,59.0,2.9000000000000004,0.2,35.48,19.119999,56.0
-31.031389,28.883333,22-11-2013,151.5,63.900000000000006,3.2,20.6,28.67,16.73,96.200005
-28.058889,30.373611,22-11-2013,157.90001,67.4,3.4000000000000004,14.6,28.68,15.75,71.8
-25.99136,27.84208,25-11-2013,165.8,90.0,4.5,6.0,29.199999,17.43,86.4
-29.7775,29.470833,25-11-2013,146.0,76.80000000000001,3.8000000000000003,15.8,26.46,13.82,100.1
-29.744167,29.905833,25-11-2013,155.1,57.0,2.8000000000000003,29.1,28.789999,16.39,104.200005
-26.45,28.085833,25-11-2013,163.6,75.2,3.8000000000000003,1.3000001,28.869999,16.3,71.5
-29.042222,24.6,25-11-2013,216.6,42.6,2.1,0.1,35.17,18.48,40.4
-33.38056,19.30167,25-11-2013,190.6,36.7,1.8,8.0,29.48,14.929999,36.4
-32.502778,19.535833,25-11-2013,214.8,15.700000000000001,0.8,0.5,33.89,17.039999,14.900001
-28.338333,31.373611,25-11-2013,156.6,67.60000000000001,3.4000000000000004,4.2000003,30.22,19.35,64.6
-28.068333,31.55,25-11-2013,162.5,63.7,3.2,4.4,31.96,21.24,60.8
-28.1175,26.719444,26-07-2011,193.3,52.400000000000006,2.6,2.3,32.5,16.35,50.0
-28.1175,26.719444,23-08-2011,193.3,52.400000000000006,2.6,2.3,32.5,16.35,50.0
-28.1175,26.719444,30-08-2011,193.3,52.400000000000006,2.6,2.3,32.5,16.35,50.0
-28.1175,26.719444,21-09-2011,193.3,52.400000000000006,2.6,2.3,32.5,16.35,50.0
-28.1175,26.719444,29-09-2011,193.3,52.400000000000006,2.6,2.3,32.5,16.35,50.0
-28.1175,26.719444,17-11-2011,193.3,52.400000000000006,2.6,2.3,32.5,16.35,50.0
-27.01011111,26.69808333,26-11-2013,181.0,69.60000000000001,3.5,0.7,31.22,17.539999,66.1
-31.860278,18.6875,26-11-2013,217.5,14.9,0.7000000000000001,0.5,32.52,17.06,14.2
-25.73411,27.21422,26-11-2013,168.6,95.80000000000001,4.800000000000001,9.5,30.16,17.1,93.8
-30.733889,29.828333,26-11-2013,150.2,66.3,3.3000000000000003,25.5,28.359999,18.01,106.9
-29.987778,29.851667,26-11-2013,150.6,61.6,3.1,30.9,27.939999,15.78,111.700005
-27.00222,28.76528,26-11-2013,158.8,69.60000000000001,3.5,1.4,28.49,15.179999,66.1
-28.1175,26.719444,07-06-2012,179.40001,136.20000000000002,6.800000000000001,1.1,29.26,15.5,129.40001
-26.970278,27.211111,26-11-2013,172.7,67.9,3.4000000000000004,1.0,30.289999,17.039999,64.5
-26.880278,26.965,26-11-2013,173.7,71.2,3.6,1.0,30.63,17.25,67.700005
-26.98472222,26.63227778,26-11-2013,180.40001,72.60000000000001,3.6,0.8,31.38,17.8,69.0
-29.160278,26.573333,26-11-2013,192.6,31.6,1.6,0.7,32.71,16.529999,30.1
-29.028629,24.638389,26-11-2013,215.2,44.1,2.2,0.1,35.07,18.369999,41.9
-28.69485,28.23487,26-11-2013,155.3,51.2,2.6,9.2,28.25,14.62,56.600002
-28.1175,26.719444,17-07-2012,191.7,48.300000000000004,2.4000000000000004,1.0,31.91,16.619999,45.9
-33.501667,21.624167,26-11-2013,179.1,52.5,2.6,0.1,30.09,14.92,49.9
-32.595833,19.009444,26-11-2013,215.3,18.400000000000002,0.9,6.2000003,33.63,17.34,18.2
-28.1175,26.719444,17-09-2012,191.7,48.300000000000004,2.4000000000000004,1.0,31.91,16.619999,45.9
-25.45963889,28.26430556,26-11-2013,170.7,79.0,3.9000000000000004,1.5,30.84,18.44,75.1
-29.161667,23.696389,27-11-2013,225.5,33.300000000000004,1.7000000000000002,0.1,36.17,19.07,31.6
-25.81048333,27.90955222,27-11-2013,168.90001,87.4,4.4,1.4,30.08,18.35,83.1
-24.670833,28.560833,27-11-2013,166.8,75.8,3.8000000000000003,13.5,30.4,18.25,75.700005
-30.398056,30.601944,27-11-2013,156.6,71.2,3.6,29.800001,29.3,21.66,118.9
-26.861111,28.884722,27-11-2013,158.2,72.7,3.6,1.5,28.109999,15.0,69.1
-29.033333,23.983333,27-11-2013,219.8,38.300000000000004,1.9000000000000001,0.2,35.67,18.5,36.4
-28.69485,28.23487,27-11-2013,155.3,51.2,2.6,9.2,28.25,14.62,56.600002
-29.615556,27.065278,27-11-2013,179.6,36.1,1.8,0.7,31.439999,15.95,34.3
-28.883333,27.89,27-11-2013,160.1,48.6,2.4000000000000004,9.1,29.41,15.32,52.4
-33.7075,18.97444444,27-11-2013,195.7,36.2,1.8,11.8,31.01,18.22,36.9
-32.94583,18.33667,27-11-2013,191.7,17.6,0.9,6.1,29.46,17.49,17.800001
-24.282222,28.090278,28-11-2013,162.40001,95.80000000000001,4.800000000000001,2.0,30.25,18.6,91.1
-30.13573889,30.67422222,28-11-2013,156.5,58.0,2.9000000000000004,29.5,29.46,21.52,105.700005
-28.1175,26.719444,18-07-2013,184.7,43.6,2.2,0.7,31.88,17.65,41.4
-33.31388889,19.07472222,28-11-2013,200.1,30.1,1.5,10.8,31.769999,17.49,30.9
-33.13083,18.86278,28-11-2013,193.6,26.1,1.3,9.7,32.3,18.38,26.800001
-29.744167,29.905833,29-11-2013,155.1,57.0,2.8000000000000003,29.1,28.789999,16.39,104.200005
-29.803611,30.516111,29-11-2013,150.2,41.7,2.1,30.800001,28.65,18.39,92.5
-26.73806,27.59194,01-12-2013,166.2,73.8,3.7,1.1,29.46,16.699999,70.1
-28.735556,29.820556,02-12-2013,162.5,54.900000000000006,2.7,14.3,30.91,17.109999,64.200005
-26.45,28.085833,02-12-2013,163.6,75.2,3.8000000000000003,1.3000001,28.869999,16.3,71.5
-25.127778,27.628889,03-12-2013,180.2,76.60000000000001,3.8000000000000003,1.9,32.37,19.73,72.8
-24.69514,27.40906,03-12-2013,180.3,81.9,4.1000000000000005,2.3,32.34,20.67,77.9
-27.273889,28.49,03-12-2013,160.1,67.2,3.4000000000000004,3.8,28.869999,15.5,64.3
-27.4275,28.525833,03-12-2013,159.0,65.10000000000001,3.3000000000000003,8.400001,28.81,15.19,65.0
-27.3,28.586944,03-12-2013,159.8,67.0,3.3000000000000003,4.7000003,28.789999,15.33,64.3
-27.398611,26.614722,03-12-2013,187.40001,58.5,2.9000000000000004,0.8,31.869999,17.77,55.600002
-30.160091,27.40124,03-12-2013,172.7,40.5,2.0,0.90000004,31.08,15.889999,38.5
-30.336111,27.359444,03-12-2013,175.0,41.300000000000004,2.1,0.90000004,31.07,15.46,39.3
-33.08883333,19.21878333,03-12-2013,189.8,31.5,1.6,7.0,29.019999,14.07,31.1
-27.4,26.624722,03-12-2013,187.40001,58.5,2.9000000000000004,0.8,31.869999,17.77,55.600002
-29.161667,23.696389,04-12-2013,225.5,33.300000000000004,1.7000000000000002,0.1,36.17,19.07,31.6
-27.01011111,26.69808333,04-12-2013,181.0,69.60000000000001,3.5,0.7,31.22,17.539999,66.1
-29.641944,30.6875,04-12-2013,153.8,30.5,1.5,30.9,29.64,19.92,78.3
-28.1175,26.719444,19-05-2014,186.2,64.5,3.2,0.5,30.31,15.799999,61.3
-28.1175,26.719444,03-06-2014,186.2,64.5,3.2,0.5,30.31,15.799999,61.3
-25.20639,27.558,04-12-2013,178.40001,77.60000000000001,3.9000000000000004,1.9,32.12,19.55,73.8
-27.363611,31.783333,04-12-2013,154.3,54.6,2.7,7.3,31.66,20.56,52.4
-26.648056,27.089444,04-12-2013,171.1,75.2,3.8000000000000003,1.0,29.99,16.84,71.5
-26.970278,27.211111,04-12-2013,172.7,67.9,3.4000000000000004,1.0,30.289999,17.039999,64.5
-26.880278,26.965,04-12-2013,173.7,71.2,3.6,1.0,30.63,17.25,67.700005
-26.98472222,26.63227778,04-12-2013,180.40001,72.60000000000001,3.6,0.8,31.38,17.8,69.0
-31.000833,26.353056,04-12-2013,194.7,31.700000000000003,1.6,0.5,31.32,14.589999,30.1
-30.679722,26.7125,04-12-2013,192.1,32.9,1.6,0.6,32.94,15.83,31.2
-28.1175,26.719444,06-08-2014,191.5,38.0,1.9000000000000001,0.5,31.88,16.449999,36.100002
-34.039722,22.133333,04-12-2013,150.2,73.3,3.7,2.2,27.23,18.16,69.8
-28.760833,17.730278,05-12-2013,240.3,15.9,0.8,0.0,36.94,22.02,15.1
-26.905,32.324722,05-12-2013,156.40001,57.300000000000004,2.9000000000000004,7.8,33.27,21.949999,54.9
-28.116667,26.725278,05-12-2013,184.7,43.6,2.2,0.7,31.88,17.65,41.4
-34.250556,20.9925,05-12-2013,168.1,51.7,2.6,3.1000001,29.67,18.33,49.3
-34.092222,21.295278,05-12-2013,163.8,55.7,2.8000000000000003,1.7,29.89,17.47,53.0
-23.658056,31.05,06-12-2013,152.2,69.2,3.5,0.90000004,32.26,21.81,65.8
-23.281,30.54305556,06-12-2013,147.40001,121.5,6.1000000000000005,6.1,31.24,21.529999,115.9
-27.02314,28.59389,07-12-2013,160.8,69.2,3.5,1.4,28.859999,15.5199995,65.8
-25.99136,27.84208,09-12-2013,165.8,90.0,4.5,6.0,29.199999,17.43,86.4
-27.935,26.126667,09-12-2013,189.6,48.1,2.4000000000000004,0.7,32.09,17.02,45.7
-28.141944,26.417778,09-12-2013,189.0,43.6,2.2,0.7,32.079998,17.44,41.4
-28.1175,26.719444,09-12-2013,184.7,43.6,2.2,0.7,31.88,17.65,41.4
-28.116667,26.725278,09-12-2013,184.7,43.6,2.2,0.7,31.88,17.65,41.4
-25.73411,27.21422,10-12-2013,168.6,95.80000000000001,4.800000000000001,9.5,30.16,17.1,93.8
-25.45963889,28.26430556,10-12-2013,170.7,79.0,3.9000000000000004,1.5,30.84,18.44,75.1
-27.01011111,26.69808333,11-12-2013,181.0,69.60000000000001,3.5,0.7,31.22,17.539999,66.1
-25.81048333,27.90955222,11-12-2013,168.90001,87.4,4.4,1.4,30.08,18.35,83.1
-28.116667,26.725278,22-02-2011,188.7,84.0,4.2,2.5,29.539999,15.009999,80.1
-24.183889,30.823889,11-12-2013,154.90001,75.9,3.8000000000000003,2.3,31.88,21.58,72.1
-24.058889,31.237222,11-12-2013,152.3,73.4,3.7,1.0,31.99,21.63,69.700005
-28.116667,26.725278,26-07-2011,193.3,52.400000000000006,2.6,2.3,32.5,16.35,50.0
-28.116667,26.725278,23-08-2011,193.3,52.400000000000006,2.6,2.3,32.5,16.35,50.0
-28.116667,26.725278,21-09-2011,193.3,52.400000000000006,2.6,2.3,32.5,16.35,50.0
-28.116667,26.725278,18-10-2011,193.3,52.400000000000006,2.6,2.3,32.5,16.35,50.0
-28.116667,26.725278,14-12-2011,193.3,52.400000000000006,2.6,2.3,32.5,16.35,50.0
-28.116667,26.725278,18-01-2012,179.40001,136.20000000000002,6.800000000000001,1.1,29.26,15.5,129.40001
-28.116667,26.725278,15-02-2012,179.40001,136.20000000000002,6.800000000000001,1.1,29.26,15.5,129.40001
-28.116667,26.725278,14-03-2012,179.40001,136.20000000000002,6.800000000000001,1.1,29.26,15.5,129.40001
-26.03611,30.99778,11-12-2013,155.5,104.4,5.2,48.600002,28.73,19.09,121.700005
-27.5275,30.858056,11-12-2013,151.7,82.2,4.1000000000000005,20.300001,28.14,16.8,89.0
-28.75,30.442778,11-12-2013,167.2,50.2,2.5,8.6,31.82,18.88,50.100002
-28.116667,26.725278,09-05-2012,179.40001,136.20000000000002,6.800000000000001,1.1,29.26,15.5,129.40001
-28.116667,26.725278,29-05-2012,179.40001,136.20000000000002,6.800000000000001,1.1,29.26,15.5,129.40001
-28.116667,26.725278,06-06-2012,179.40001,136.20000000000002,6.800000000000001,1.1,29.26,15.5,129.40001
-28.116667,26.725278,14-06-2012,179.40001,136.20000000000002,6.800000000000001,1.1,29.26,15.5,129.40001
-28.116667,26.725278,21-06-2012,179.40001,136.20000000000002,6.800000000000001,1.1,29.26,15.5,129.40001
-28.116667,26.725278,04-07-2012,179.40001,136.20000000000002,6.800000000000001,1.1,29.26,15.5,129.40001
-28.116667,26.725278,01-08-2012,191.7,48.300000000000004,2.4000000000000004,1.0,31.91,16.619999,45.9
-28.116667,26.725278,29-08-2012,191.7,48.300000000000004,2.4000000000000004,1.0,31.91,16.619999,45.9
-28.116667,26.725278,17-09-2012,191.7,48.300000000000004,2.4000000000000004,1.0,31.91,16.619999,45.9
-28.116667,26.725278,24-10-2012,191.7,48.300000000000004,2.4000000000000004,1.0,31.91,16.619999,45.9
-28.116667,26.725278,15-11-2012,191.7,48.300000000000004,2.4000000000000004,1.0,31.91,16.619999,45.9
-28.404444,30.013056,11-12-2013,163.7,60.5,3.0,11.3,30.359999,16.99,62.2
-28.116667,26.725278,21-11-2012,191.7,48.300000000000004,2.4000000000000004,1.0,31.91,16.619999,45.9
-28.116667,26.725278,31-01-2013,175.0,120.10000000000001,6.0,0.7,29.039999,15.63,114.1
-28.116667,26.725278,08-02-2013,175.0,120.10000000000001,6.0,0.7,29.039999,15.63,114.1
-28.116667,26.725278,20-02-2013,175.0,120.10000000000001,6.0,0.7,29.039999,15.63,114.1
-28.116667,26.725278,14-03-2013,175.0,120.10000000000001,6.0,0.7,29.039999,15.63,114.1
-28.116667,26.725278,21-03-2013,175.0,120.10000000000001,6.0,0.7,29.039999,15.63,114.1
-29.161667,30.629722,11-12-2013,146.8,50.900000000000006,2.5,25.7,27.48,16.58,83.1
-26.648056,27.089444,11-12-2013,171.1,75.2,3.8000000000000003,1.0,29.99,16.84,71.5
-28.116667,26.725278,24-04-2013,175.0,120.10000000000001,6.0,0.7,29.039999,15.63,114.1
-26.970278,27.211111,11-12-2013,172.7,67.9,3.4000000000000004,1.0,30.289999,17.039999,64.5
-26.880278,26.965,11-12-2013,173.7,71.2,3.6,1.0,30.63,17.25,67.700005
-27.38972222,26.46388889,11-12-2013,189.40001,58.800000000000004,2.9000000000000004,0.8,32.0,17.869999,55.9
-26.98472222,26.63227778,11-12-2013,180.40001,72.60000000000001,3.6,0.8,31.38,17.8,69.0
-28.116667,26.725278,16-07-2013,184.7,43.6,2.2,0.7,31.88,17.65,41.4
-28.116667,26.725278,14-08-2013,184.7,43.6,2.2,0.7,31.88,17.65,41.4
-28.141944,26.417778,11-12-2013,189.0,43.6,2.2,0.7,32.079998,17.44,41.4
-28.116667,26.725278,26-09-2013,184.7,43.6,2.2,0.7,31.88,17.65,41.4
-28.116667,26.725278,22-10-2013,184.7,43.6,2.2,0.7,31.88,17.65,41.4
-28.1175,26.719444,11-12-2013,184.7,43.6,2.2,0.7,31.88,17.65,41.4
-27.671111,27.236944,11-12-2013,178.40001,51.400000000000006,2.6,0.8,31.09,16.76,48.8
-28.768056,20.720556,11-12-2013,253.7,28.8,1.4000000000000001,0.0,37.17,20.77,27.4
-27.356667,27.286389,11-12-2013,176.6,58.5,2.9000000000000004,0.90000004,30.619999,16.949999,55.600002
-24.679167,30.8025,12-12-2013,140.1,121.2,6.1000000000000005,94.6,26.26,16.88,129.6
-27.937778,31.209444,12-12-2013,158.3,65.5,3.3000000000000003,5.2000003,29.81,18.69,62.600002
-29.744167,29.905833,12-12-2013,155.1,57.0,2.8000000000000003,29.1,28.789999,16.39,104.200005
-26.98472222,26.63227778,12-12-2013,180.40001,72.60000000000001,3.6,0.8,31.38,17.8,69.0
-27.398611,26.614722,12-12-2013,187.40001,58.5,2.9000000000000004,0.8,31.869999,17.77,55.600002
-34.031944,22.053333,13-12-2013,151.6,71.10000000000001,3.6,2.0,27.42,17.76,67.6
-28.735556,29.820556,17-12-2013,162.5,54.900000000000006,2.7,14.3,30.91,17.109999,64.200005
-27.935,26.126667,17-12-2013,189.6,48.1,2.4000000000000004,0.7,32.09,17.02,45.7
-28.141944,26.417778,17-12-2013,189.0,43.6,2.2,0.7,32.079998,17.44,41.4
-28.1175,26.719444,17-12-2013,184.7,43.6,2.2,0.7,31.88,17.65,41.4
-28.116667,26.725278,17-12-2013,184.7,43.6,2.2,0.7,31.88,17.65,41.4
-28.116667,26.725278,02-04-2014,186.2,64.5,3.2,0.5,30.31,15.799999,61.3
-29.160278,26.573333,17-12-2013,192.6,31.6,1.6,0.7,32.71,16.529999,30.1
-29.042222,24.6,17-12-2013,216.6,42.6,2.1,0.1,35.17,18.48,40.4
-29.028629,24.638389,17-12-2013,215.2,44.1,2.2,0.1,35.07,18.369999,41.9
-29.033333,23.983333,17-12-2013,219.8,38.300000000000004,1.9000000000000001,0.2,35.67,18.5,36.4
-33.501667,21.624167,17-12-2013,179.1,52.5,2.6,0.1,30.09,14.92,49.9
-27.01011111,26.69808333,18-12-2013,181.0,69.60000000000001,3.5,0.7,31.22,17.539999,66.1
-22.225556,29.990556,18-12-2013,154.7,96.0,4.800000000000001,0.2,33.42,22.949999,91.200005
-25.127778,27.628889,18-12-2013,180.2,76.60000000000001,3.8000000000000003,1.9,32.37,19.73,72.8
-28.116667,26.725278,20-05-2014,186.2,64.5,3.2,0.5,30.31,15.799999,61.3
-25.20639,27.558,18-12-2013,178.40001,77.60000000000001,3.9000000000000004,1.9,32.12,19.55,73.8
-24.39619444,27.08983333,18-12-2013,180.5,77.10000000000001,3.9000000000000004,2.5,32.73,20.789999,73.3
-28.116667,26.725278,02-07-2014,186.2,64.5,3.2,0.5,30.31,15.799999,61.3
-24.69514,27.40906,18-12-2013,180.3,81.9,4.1000000000000005,2.3,32.34,20.67,77.9
-28.116667,26.725278,15-07-2014,191.5,38.0,1.9000000000000001,0.5,31.88,16.449999,36.100002
-27.602222,29.942778,18-12-2013,161.7,73.8,3.7,11.900001,29.14,16.08,74.0
-29.380556,30.2775,18-12-2013,147.8,54.1,2.7,28.5,27.47,15.5199995,100.3
-28.116667,26.725278,29-07-2014,191.5,38.0,1.9000000000000001,0.5,31.88,16.449999,36.100002
-28.116667,26.725278,18-08-2014,191.5,38.0,1.9000000000000001,0.5,31.88,16.449999,36.100002
-28.116667,26.725278,20-08-2014,191.5,38.0,1.9000000000000001,0.5,31.88,16.449999,36.100002
-26.648056,27.089444,18-12-2013,171.1,75.2,3.8000000000000003,1.0,29.99,16.84,71.5
-28.116667,26.725278,26-08-2014,191.5,38.0,1.9000000000000001,0.5,31.88,16.449999,36.100002
-26.970278,27.211111,18-12-2013,172.7,67.9,3.4000000000000004,1.0,30.289999,17.039999,64.5
-28.116667,26.725278,09-09-2014,191.5,38.0,1.9000000000000001,0.5,31.88,16.449999,36.100002
-26.880278,26.965,18-12-2013,173.7,71.2,3.6,1.0,30.63,17.25,67.700005
-27.671111,27.236944,18-12-2013,178.40001,51.400000000000006,2.6,0.8,31.09,16.76,48.8
-28.116667,26.725278,15-10-2014,191.5,38.0,1.9000000000000001,0.5,31.88,16.449999,36.100002
-24.058889,31.237222,19-12-2013,152.3,73.4,3.7,1.0,31.99,21.63,69.700005
-28.116667,26.725278,10-11-2014,191.5,38.0,1.9000000000000001,0.5,31.88,16.449999,36.100002
-28.116667,26.725278,24-11-2014,191.5,38.0,1.9000000000000001,0.5,31.88,16.449999,36.100002
-28.116667,26.725278,25-11-2014,191.5,38.0,1.9000000000000001,0.5,31.88,16.449999,36.100002
-22.43772222,31.07805556,22-12-2013,156.1,104.5,5.2,0.4,33.93,22.119999,99.3
-28.116667,26.725278,05-01-2015,89.5,4.3,0.2,0.5,25.42,5.24,4.1
-25.99136,27.84208,23-12-2013,165.8,90.0,4.5,6.0,29.199999,17.43,86.4
-26.970278,27.211111,23-12-2013,172.7,67.9,3.4000000000000004,1.0,30.289999,17.039999,64.5
-26.880278,26.965,23-12-2013,173.7,71.2,3.6,1.0,30.63,17.25,67.700005
-25.45963889,28.26430556,23-12-2013,170.7,79.0,3.9000000000000004,1.5,30.84,18.44,75.1
-27.01011111,26.69808333,24-12-2013,181.0,69.60000000000001,3.5,0.7,31.22,17.539999,66.1
-25.81048333,27.90955222,24-12-2013,168.90001,87.4,4.4,1.4,30.08,18.35,83.1
-28.116667,26.725278,10-03-2015,216.3,13.9,0.7000000000000001,0.4,33.579998,16.869999,13.2
-25.73411,27.21422,24-12-2013,168.6,95.80000000000001,4.800000000000001,9.5,30.16,17.1,93.8
-26.648056,27.089444,24-12-2013,171.1,75.2,3.8000000000000003,1.0,29.99,16.84,71.5
-26.98472222,26.63227778,24-12-2013,180.40001,72.60000000000001,3.6,0.8,31.38,17.8,69.0
-28.116667,26.725278,14-04-2015,216.3,13.9,0.7000000000000001,0.4,33.579998,16.869999,13.2
-28.116667,26.725278,15-04-2015,216.3,13.9,0.7000000000000001,0.4,33.579998,16.869999,13.2
-28.116667,26.725278,09-06-2015,216.3,13.9,0.7000000000000001,0.4,33.579998,16.869999,13.2
-28.116667,26.725278,24-06-2015,216.3,13.9,0.7000000000000001,0.4,33.579998,16.869999,13.2
-28.116667,26.725278,22-07-2015,216.3,13.9,0.7000000000000001,0.4,33.579998,16.869999,13.2
-28.116667,26.725278,12-08-2015,216.3,13.9,0.7000000000000001,0.4,33.579998,16.869999,13.2
-28.116667,26.725278,20-08-2015,216.3,13.9,0.7000000000000001,0.4,33.579998,16.869999,13.2
-28.116667,26.725278,08-09-2015,216.3,13.9,0.7000000000000001,0.4,33.579998,16.869999,13.2
-28.116667,26.725278,15-10-2015,216.3,13.9,0.7000000000000001,0.4,33.579998,16.869999,13.2
-28.116667,26.725278,03-11-2015,216.3,13.9,0.7000000000000001,0.4,33.579998,16.869999,13.2
-28.116667,26.725278,10-11-2015,216.3,13.9,0.7000000000000001,0.4,33.579998,16.869999,13.2
-29.161667,23.696389,25-12-2013,225.5,33.300000000000004,1.7000000000000002,0.1,36.17,19.07,31.6
-28.96362,19.15486,28-12-2013,251.5,24.900000000000002,1.2000000000000002,0.0,38.09,20.6,23.6
-28.1175,26.719444,30-12-2013,184.7,43.6,2.2,0.7,31.88,17.65,41.4
-29.161667,23.696389,01-01-2014,225.5,33.300000000000004,1.7000000000000002,0.1,36.17,19.07,31.6
-29.140556,31.391944,01-01-2014,157.1,65.10000000000001,3.3000000000000003,8.6,30.38,21.16,63.100002
-28.747778,31.745833,01-01-2014,160.1,62.400000000000006,3.1,4.9,31.199999,21.369999,59.7
-25.99136,27.84208,06-01-2014,76.5,0.0,0.0,7.7000003,20.1,1.16,1.7
-26.45,28.085833,06-01-2014,76.8,0.0,0.0,7.7000003,19.55,-0.45,1.7
-27.935,26.126667,06-01-2014,72.8,0.0,0.0,0.6,19.439999,-2.01,0.0
-28.141944,26.417778,06-01-2014,71.5,0.0,0.0,0.6,18.89,-1.39,0.0
-28.1175,26.719444,06-01-2014,73.0,0.0,0.0,0.6,19.15,-0.64,0.0
-28.116667,26.725278,06-01-2014,73.0,0.0,0.0,0.6,19.15,-0.64,0.0
-27.169444,29.233889,07-01-2014,68.700005,0.0,0.0,6.3,17.73,-2.4099998,1.2
-26.861111,28.884722,07-01-2014,74.200005,0.0,0.0,7.9,18.3,-2.48,1.6
-27.273889,28.49,07-01-2014,72.4,0.0,0.0,5.6,18.38,-3.3,1.0
-25.45963889,28.26430556,07-01-2014,84.5,0.0,0.0,5.8,22.89,2.3899999,0.7
-29.161667,23.696389,08-01-2014,111.700005,5.9,0.30000000000000004,0.1,22.98,4.79,5.6
-27.01011111,26.69808333,08-01-2014,110.3,12.8,0.6000000000000001,0.6,22.42,4.33,12.2
-25.81048333,27.90955222,08-01-2014,110.9,3.5,0.2,5.5,24.07,5.66,4.1
-29.140556,31.391944,08-01-2014,92.700005,52.400000000000006,2.6,8.1,25.18,13.679999,50.9
-28.801278,31.955389,08-01-2014,93.3,48.900000000000006,2.4000000000000004,12.7,25.539999,14.349999,49.9
-28.75,30.442778,08-01-2014,99.0,2.3000000000000003,0.1,4.7000003,25.25,8.96,2.8
-28.404444,30.013056,08-01-2014,100.200005,2.6,0.1,5.6,23.99,6.21,3.3
-29.744167,29.905833,08-01-2014,94.700005,15.5,0.8,10.3,22.5,5.89,16.4
-29.161667,30.629722,08-01-2014,89.700005,5.2,0.30000000000000004,9.400001,21.58,8.2699995,6.5
-27.00222,28.76528,08-01-2014,95.0,5.7,0.30000000000000004,6.0,21.279999,1.43,6.3
-27.02314,28.59389,08-01-2014,98.3,6.0,0.30000000000000004,5.9,21.88,1.8499999,6.5
-26.648056,27.089444,08-01-2014,108.5,13.0,0.7000000000000001,4.3,22.46,3.9399998,13.0
-26.970278,27.211111,08-01-2014,109.9,10.100000000000001,0.5,3.3,22.63,4.04,9.900001
-26.880278,26.965,08-01-2014,109.4,12.700000000000001,0.6000000000000001,3.0,22.439999,3.98,12.3
-27.273889,28.49,08-01-2014,94.1,8.1,0.4,4.9,21.31,1.16,8.400001
-27.4275,28.525833,08-01-2014,92.700005,8.0,0.4,4.3,20.99,1.0799999,8.3
-27.3,28.586944,08-01-2014,94.200005,7.9,0.4,4.7000003,21.25,1.2099999,8.2
-26.98472222,26.63227778,08-01-2014,111.1,13.4,0.7000000000000001,0.7,22.619999,4.72,12.8
-27.044444,27.005,08-01-2014,108.6,12.4,0.6000000000000001,1.4,22.43,3.8899999,11.8
-28.69485,28.23487,08-01-2014,87.3,10.3,0.5,3.3,19.109999,2.48,10.3
-29.615556,27.065278,08-01-2014,94.700005,8.8,0.4,0.6,19.82,2.6299999,8.400001
-28.768056,20.720556,08-01-2014,123.8,2.7,0.1,0.0,24.26,7.1,2.5
-28.058889,30.373611,08-01-2014,97.8,2.3000000000000003,0.1,7.1,23.24,6.2799997,3.4
-27.937778,31.209444,09-01-2014,127.3,22.900000000000002,1.1,9.400001,28.16,12.48,23.1
-27.5275,30.858056,09-01-2014,122.0,16.900000000000002,0.8,9.8,26.97,9.849999,17.800001
-30.679722,26.7125,09-01-2014,124.8,12.600000000000001,0.6000000000000001,0.5,25.279999,5.96,11.900001
-30.160091,27.40124,09-01-2014,124.9,8.8,0.4,0.7,24.93,6.56,8.400001
-30.336111,27.359444,09-01-2014,124.6,11.3,0.6000000000000001,0.8,24.71,6.31,10.8
-27.671111,27.236944,10-01-2014,188.40001,13.4,0.7000000000000001,0.6,29.46,11.179999,12.7
-30.534167,24.961944,10-01-2014,189.7,6.0,0.30000000000000004,0.0,28.64,10.19,5.7000003
-29.380556,30.2775,13-01-2014,135.40001,130.0,6.5,69.9,25.72,14.2699995,131.0
-26.73806,27.59194,13-01-2014,164.40001,130.0,6.5,3.1000001,27.939999,14.929999,123.8
-26.45,28.085833,13-01-2014,159.7,154.3,7.7,3.8,27.4,14.45,146.90001
-26.98472222,26.63227778,13-01-2014,178.2,93.4,4.7,0.6,29.789999,16.07,88.8
-27.01011111,26.69808333,14-01-2014,180.0,91.9,4.6000000000000005,0.6,29.699999,15.98,87.3
-29.641944,30.6875,14-01-2014,140.5,113.9,5.7,63.8,27.65,18.609999,128.6
-25.127778,27.628889,14-01-2014,173.40001,185.3,9.3,6.9,31.48,18.26,173.40001
-25.20639,27.558,14-01-2014,174.0,182.3,9.1,4.7000003,31.42,18.19,173.3
-24.69514,27.40906,14-01-2014,178.1,182.4,9.1,2.6000001,32.2,19.41,173.3
-25.73411,27.21422,14-01-2014,165.7,168.5,8.4,3.8,29.05,15.4,160.40001
-24.058889,31.237222,14-01-2014,137.5,203.5,10.200000000000001,56.8,31.949999,20.43,137.5
-26.861111,28.884722,14-01-2014,156.1,156.20000000000002,7.800000000000001,4.4,26.789999,13.45,148.8
-26.648056,27.089444,14-01-2014,168.6,118.9,5.9,2.9,28.789999,15.339999,113.200005
-26.970278,27.211111,14-01-2014,170.40001,108.4,5.4,2.4,28.98,15.509999,103.1
-26.880278,26.965,14-01-2014,172.40001,104.80000000000001,5.2,2.2,29.41,15.83,99.700005
-26.98472222,26.63227778,14-01-2014,178.2,93.4,4.7,0.6,29.789999,16.07,88.8
-28.1175,26.719444,14-01-2014,186.2,64.5,3.2,0.5,30.31,15.799999,61.3
-27.044444,27.005,14-01-2014,174.8,98.2,4.9,1.2,29.48,15.78,93.3
-31.396,29.2651,14-01-2014,133.3,140.3,7.0,5.3,26.73,18.289999,133.3
-31.554722,29.245556,14-01-2014,123.6,150.1,7.5,24.4,25.49,17.25,123.6
-34.075556,20.145556,14-01-2014,181.7,2.3000000000000003,0.1,2.2,29.529999,15.73,2.3
-28.338333,31.373611,14-01-2014,146.90001,242.5,40.1,61.7,28.67,17.83,146.90001
-28.068333,31.55,14-01-2014,154.90001,230.4,16.3,65.3,30.8,20.27,154.90001
-29.161667,23.696389,15-01-2014,221.2,23.6,1.2000000000000002,0.1,34.53,17.02,22.5
-24.39619444,27.08983333,15-01-2014,175.2,163.4,8.200000000000001,1.9,32.489998,19.67,155.3
-30.568333,29.422778,15-01-2014,136.5,135.5,6.800000000000001,12.8,25.369999,12.7699995,130.3
-30.570833,29.150556,15-01-2014,138.0,135.4,6.800000000000001,7.1,25.23,12.62,129.90001
-31.104278,29.399722,15-01-2014,132.6,142.20000000000002,7.1000000000000005,8.6,26.49,16.96,132.6
-22.769722,30.886944,16-01-2014,143.1,208.5,10.4,58.8,32.18,20.38,143.1
-28.44555556,32.325,12-03-2014,140.7,223.9,16.400000000000002,74.8,28.46,20.539999,140.7
-27.935,26.126667,16-01-2014,194.8,54.6,2.7,0.5,31.07,15.25,51.9
-28.141944,26.417778,16-01-2014,191.90001,61.0,3.0,0.5,30.81,15.549999,57.9
-30.86013889,29.07125,16-01-2014,139.3,132.9,6.6000000000000005,4.3,26.82,15.49,126.700005
-30.77586667,29.03221667,16-01-2014,140.3,133.20000000000002,6.7,3.9,26.75,15.21,126.9
-23.838611,31.640833,17-01-2014,141.5,185.4,9.3,35.4,33.14,21.01,141.5
-27.902778,24.615556,17-01-2014,210.3,43.0,2.1,0.2,33.66,17.24,40.8
-31.031389,28.883333,17-01-2014,137.90001,136.8,6.800000000000001,4.8,26.42,14.98,130.5
-29.042222,24.6,20-01-2014,219.1,31.0,1.6,0.1,33.489998,16.48,29.5
-29.033333,23.983333,20-01-2014,217.3,27.5,1.4000000000000001,0.2,34.09,16.64,26.2
-28.760833,17.730278,21-01-2014,252.2,0.5,0.0,0.0,35.54,19.539999,0.5
-24.670833,28.560833,21-01-2014,159.5,255.4,29.900000000000002,70.4,29.83,16.71,159.5
-28.141944,26.417778,21-01-2014,191.90001,61.0,3.0,0.5,30.81,15.549999,57.9
-28.1175,26.719444,21-01-2014,186.2,64.5,3.2,0.5,30.31,15.799999,61.3
-29.028629,24.638389,21-01-2014,218.2,31.8,1.6,0.1,33.41,16.41,30.2
-29.1825,23.575556,21-01-2014,226.40001,21.5,1.1,0.1,34.5,17.06,20.4
-34.031944,22.053333,21-01-2014,153.90001,20.200000000000003,1.0,1.3000001,26.06,15.16,19.300001
-34.039722,22.133333,21-01-2014,152.40001,21.8,1.1,1.4,25.89,15.5,20.800001
-25.57877778,29.12747222,21-01-2014,160.6,226.4,16.5,50.4,29.269999,15.839999,160.6
-29.161667,23.696389,22-01-2014,221.2,23.6,1.2000000000000002,0.1,34.53,17.02,22.5
-24.282222,28.090278,22-01-2014,157.3,219.70000000000002,11.0,52.9,29.84,17.3,157.3
-25.99136,27.84208,22-01-2014,160.1,177.9,8.9,13.0,27.859999,15.42,160.1
-24.925278,29.324444,22-01-2014,161.90001,232.9,30.3,41.7,31.17,18.05,161.90001
-27.363611,31.783333,22-01-2014,147.1,189.60000000000002,9.5,40.0,30.57,19.65,147.1
-27.602222,29.942778,22-01-2014,162.40001,185.10000000000002,9.3,19.7,28.81,14.96,162.40001
-29.744167,29.905833,22-01-2014,141.6,154.60000000000002,7.7,73.8,26.84,14.99,141.6
-26.45,28.085833,22-01-2014,159.7,154.3,7.7,3.8,27.4,14.45,146.90001
-27.671111,27.236944,22-01-2014,177.90001,80.4,4.0,0.6,29.74,15.309999,76.4
-34.02861,22.22222,22-01-2014,149.2,24.8,1.2000000000000002,1.5,25.449999,15.25,23.6
-34.405833,19.600556,22-01-2014,158.3,3.2,0.2,9.0,25.16,14.839999,5.0
-27.01011111,26.69808333,23-01-2014,180.0,91.9,4.6000000000000005,0.6,29.699999,15.98,87.3
-26.905,32.324722,23-01-2014,147.40001,151.6,7.6000000000000005,4.6,32.219997,20.41,144.2
-27.169444,29.233889,23-01-2014,152.1,156.3,7.800000000000001,3.6000001,26.42,13.179999,148.8
-27.00222,28.76528,23-01-2014,156.7,149.20000000000002,7.5,3.9,27.08,13.599999,142.1
-26.648056,27.089444,23-01-2014,168.6,118.9,5.9,2.9,28.789999,15.339999,113.200005
-26.970278,27.211111,23-01-2014,170.40001,108.4,5.4,2.4,28.98,15.509999,103.1
-26.880278,26.965,23-01-2014,172.40001,104.80000000000001,5.2,2.2,29.41,15.83,99.700005
-27.38972222,26.46388889,23-01-2014,189.40001,74.10000000000001,3.7,0.6,30.619999,16.06,70.4
-26.98472222,26.63227778,23-01-2014,178.2,93.4,4.7,0.6,29.789999,16.07,88.8
-27.398611,26.614722,23-01-2014,187.7,75.8,3.8000000000000003,0.6,30.41,16.07,72.0
-25.45963889,28.26430556,23-01-2014,164.7,201.20000000000002,10.100000000000001,30.5,29.789999,16.67,164.7
-33.897778,20.012778,23-01-2014,193.5,2.0,0.1,1.9,30.31,15.37,2.0
-25.81048333,27.90955222,24-01-2014,163.7,182.20000000000002,9.1,13.5,28.859999,16.44,163.7
-29.803611,30.516111,26-01-2014,134.8,135.9,6.800000000000001,80.1,26.66,16.92,132.7
-30.733889,29.828333,27-01-2014,130.7,154.10000000000002,7.7,43.100002,26.07,16.25,130.7
-26.45,28.085833,27-01-2014,159.7,154.3,7.7,3.8,27.4,14.45,146.90001
-29.160278,26.573333,27-01-2014,192.5,58.2,2.9000000000000004,0.5,30.519999,14.58,55.3
-33.38056,19.30167,27-01-2014,195.7,2.2,0.1,8.6,27.97,13.0,4.0
-32.502778,19.535833,27-01-2014,233.8,0.6000000000000001,0.0,0.4,32.55,14.71,0.6
-27.01011111,26.69808333,28-01-2014,180.0,91.9,4.6000000000000005,0.6,29.699999,15.98,87.3
-25.127778,27.628889,28-01-2014,173.40001,185.3,9.3,6.9,31.48,18.26,173.40001
-24.69514,27.40906,28-01-2014,178.1,182.4,9.1,2.6000001,32.2,19.41,173.3
-25.73411,27.21422,28-01-2014,165.7,168.5,8.4,3.8,29.05,15.4,160.40001
-28.735556,29.820556,28-01-2014,159.40001,110.5,5.5,15.900001,29.41,16.039999,132.3
-27.00222,28.76528,28-01-2014,156.7,149.20000000000002,7.5,3.9,27.08,13.599999,142.1
-26.648056,27.089444,28-01-2014,168.6,118.9,5.9,2.9,28.789999,15.339999,113.200005
-26.970278,27.211111,28-01-2014,170.40001,108.4,5.4,2.4,28.98,15.509999,103.1
-26.880278,26.965,28-01-2014,172.40001,104.80000000000001,5.2,2.2,29.41,15.83,99.700005
-26.98472222,26.63227778,28-01-2014,178.2,93.4,4.7,0.6,29.789999,16.07,88.8
-27.398611,26.614722,28-01-2014,187.7,75.8,3.8000000000000003,0.6,30.41,16.07,72.0
-33.501667,21.624167,28-01-2014,184.0,9.3,0.5,0.1,28.39,12.3,8.900001
-32.595833,19.009444,28-01-2014,223.1,0.9,0.0,3.1000001,32.48,15.0199995,1.0
-25.20639,27.558,29-01-2014,174.0,182.3,9.1,4.7000003,31.42,18.19,173.3
-28.768056,20.720556,29-01-2014,260.2,3.4000000000000004,0.2,0.0,36.43,17.619999,3.3
-33.13083,18.86278,29-01-2014,212.90001,1.8,0.1,10.0,31.14,16.23,3.9
-33.7075,18.97444444,29-01-2014,203.90001,3.0,0.2,12.900001,29.779999,16.039999,6.1
-32.94583,18.33667,29-01-2014,197.8,1.2000000000000002,0.1,5.8,28.09,15.12,2.1000001
-30.13573889,30.67422222,30-01-2014,137.8,141.6,7.1000000000000005,62.100002,27.349998,20.029999,136.3
-27.38972222,26.46388889,30-01-2014,189.40001,74.10000000000001,3.7,0.6,30.619999,16.06,70.4
-33.31388889,19.07472222,30-01-2014,209.40001,2.2,0.1,11.2,30.599998,15.5199995,4.6
-29.380556,30.2775,31-01-2014,135.40001,130.0,6.5,69.9,25.72,14.2699995,131.0
-22.769722,30.886944,03-02-2014,143.1,208.5,10.4,58.8,32.18,20.38,143.1
-26.73806,27.59194,03-02-2014,164.40001,130.0,6.5,3.1000001,27.939999,14.929999,123.8
-26.45,28.085833,03-02-2014,159.7,154.3,7.7,3.8,27.4,14.45,146.90001
-33.08883333,19.21878333,03-02-2014,198.90001,1.7000000000000002,0.1,5.6,27.48,12.15,2.4
-28.747778,31.745833,04-02-2014,150.8,114.9,5.7,5.1,29.96,20.33,109.6
-27.398611,26.614722,04-02-2014,187.7,75.8,3.8000000000000003,0.6,30.41,16.07,72.0
-25.45963889,28.26430556,04-02-2014,164.7,201.20000000000002,10.100000000000001,30.5,29.789999,16.67,164.7
-27.495556,26.074722,04-02-2014,192.0,65.60000000000001,3.3000000000000003,0.6,30.849998,15.71,62.4
-27.4,26.624722,04-02-2014,187.7,75.8,3.8000000000000003,0.6,30.41,16.07,72.0
-28.760833,17.730278,05-02-2014,252.2,0.5,0.0,0.0,35.54,19.539999,0.5
-29.161667,23.696389,05-02-2014,221.2,23.6,1.2000000000000002,0.1,34.53,17.02,22.5
-27.01011111,26.69808333,05-02-2014,180.0,91.9,4.6000000000000005,0.6,29.699999,15.98,87.3
-25.81048333,27.90955222,05-02-2014,163.7,182.20000000000002,9.1,13.5,28.859999,16.44,163.7
-29.140556,31.391944,05-02-2014,143.3,112.30000000000001,5.6000000000000005,5.5,28.529999,19.8,107.200005
-28.801278,31.955389,05-02-2014,147.6,142.1,7.1000000000000005,7.0,29.3,20.17,135.8
-28.404444,30.013056,05-02-2014,160.8,110.60000000000001,5.5,17.1,29.119999,15.559999,134.40001
-29.744167,29.905833,05-02-2014,141.6,154.60000000000002,7.7,73.8,26.84,14.99,141.6
-26.970278,27.211111,05-02-2014,170.40001,108.4,5.4,2.4,28.98,15.509999,103.1
-26.880278,26.965,05-02-2014,172.40001,104.80000000000001,5.2,2.2,29.41,15.83,99.700005
-26.98472222,26.63227778,05-02-2014,178.2,93.4,4.7,0.6,29.789999,16.07,88.8
-28.116667,26.725278,05-02-2014,186.2,64.5,3.2,0.5,30.31,15.799999,61.3
-27.044444,27.005,05-02-2014,174.8,98.2,4.9,1.2,29.48,15.78,93.3
-29.033333,23.983333,05-02-2014,217.3,27.5,1.4000000000000001,0.2,34.09,16.64,26.2
-28.69485,28.23487,05-02-2014,157.3,91.80000000000001,4.6000000000000005,10.1,26.359999,13.08,104.5
-27.937778,31.209444,06-02-2014,151.1,252.0,30.1,78.3,28.66,17.72,151.1
-30.160091,27.40124,06-02-2014,173.5,79.30000000000001,4.0,0.7,28.609999,13.88,75.4
-30.336111,27.359444,06-02-2014,173.6,79.7,4.0,0.7,28.64,13.41,75.8
-30.830556,26.921389,07-02-2014,177.6,66.4,3.3000000000000003,0.6,29.33,13.03,63.100002
-27.671111,27.236944,07-02-2014,177.90001,80.4,4.0,0.6,29.74,15.309999,76.4
-29.658056,25.973333,07-02-2014,194.1,42.1,2.1,0.4,30.32,14.53,40.0
-30.679722,26.7125,07-02-2014,183.40001,61.2,3.1,0.5,30.199999,13.58,58.2
-29.641944,30.6875,08-02-2014,140.5,113.9,5.7,63.8,27.65,18.609999,128.6
-26.648056,27.089444,10-02-2014,168.6,118.9,5.9,2.9,28.789999,15.339999,113.200005
-26.98472222,26.63227778,10-02-2014,178.2,93.4,4.7,0.6,29.789999,16.07,88.8
-31.396,29.2651,10-02-2014,133.3,140.3,7.0,5.3,26.73,18.289999,133.3
-31.554722,29.245556,10-02-2014,123.6,150.1,7.5,24.4,25.49,17.25,123.6
-27.01011111,26.69808333,11-02-2014,180.0,91.9,4.6000000000000005,0.6,29.699999,15.98,87.3
-25.127778,27.628889,11-02-2014,173.40001,185.3,9.3,6.9,31.48,18.26,173.40001
-25.20639,27.558,11-02-2014,174.0,182.3,9.1,4.7000003,31.42,18.19,173.3
-24.69514,27.40906,11-02-2014,178.1,182.4,9.1,2.6000001,32.2,19.41,173.3
-26.970278,27.211111,11-02-2014,170.40001,108.4,5.4,2.4,28.98,15.509999,103.1
-26.880278,26.965,11-02-2014,172.40001,104.80000000000001,5.2,2.2,29.41,15.83,99.700005
-27.802778,28.768333,11-02-2014,153.90001,128.3,6.4,11.5,26.689999,12.82,141.7
-26.98472222,26.63227778,11-02-2014,178.2,93.4,4.7,0.6,29.789999,16.07,88.8
-27.935,26.126667,11-02-2014,194.8,54.6,2.7,0.5,31.07,15.25,51.9
-28.116667,26.725278,11-02-2014,186.2,64.5,3.2,0.5,30.31,15.799999,61.3
-27.044444,27.005,11-02-2014,174.8,98.2,4.9,1.2,29.48,15.78,93.3
-29.160278,26.573333,11-02-2014,192.5,58.2,2.9000000000000004,0.5,30.519999,14.58,55.3
-28.883333,27.89,11-02-2014,161.3,90.80000000000001,4.5,10.900001,27.09,13.559999,104.9
-30.568333,29.422778,11-02-2014,136.5,135.5,6.800000000000001,12.8,25.369999,12.7699995,130.3
-30.570833,29.150556,11-02-2014,138.0,135.4,6.800000000000001,7.1,25.23,12.62,129.90001
-31.104278,29.399722,11-02-2014,132.6,142.20000000000002,7.1000000000000005,8.6,26.49,16.96,132.6
-28.338333,31.373611,11-02-2014,146.90001,242.5,40.1,61.7,28.67,17.83,146.90001
-28.068333,31.55,11-02-2014,154.90001,230.4,16.3,65.3,30.8,20.27,154.90001
-29.161667,23.696389,12-02-2014,221.2,23.6,1.2000000000000002,0.1,34.53,17.02,22.5
-24.39619444,27.08983333,12-02-2014,175.2,163.4,8.200000000000001,1.9,32.489998,19.67,155.3
-23.658056,31.05,12-02-2014,139.0,172.70000000000002,8.6,25.800001,32.16,20.539999,139.0
-23.281,30.54305556,12-02-2014,140.40001,174.5,8.700000000000001,32.4,31.13,20.22,140.40001
-24.058889,31.237222,12-02-2014,137.5,203.5,10.200000000000001,56.8,31.949999,20.43,137.5
-28.75,30.442778,12-02-2014,162.0,108.80000000000001,5.4,16.300001,30.32,17.76,131.40001
-29.161667,30.629722,12-02-2014,138.1,123.10000000000001,6.2,57.2,26.07,15.12,130.3
-26.45,28.085833,12-02-2014,159.7,154.3,7.7,3.8,27.4,14.45,146.90001
-27.044444,27.005,12-02-2014,174.8,98.2,4.9,1.2,29.48,15.78,93.3
-29.615556,27.065278,12-02-2014,180.8,71.2,3.6,0.5,29.189999,13.889999,67.700005
-31.031389,28.883333,12-02-2014,137.90001,136.8,6.800000000000001,4.8,26.42,14.98,130.5
-30.86013889,29.07125,12-02-2014,139.3,132.9,6.6000000000000005,4.3,26.82,15.49,126.700005
-30.570833,29.150556,12-02-2014,138.0,135.4,6.800000000000001,7.1,25.23,12.62,129.90001
-30.77586667,29.03221667,12-02-2014,140.3,133.20000000000002,6.7,3.9,26.75,15.21,126.9
-32.94583,18.33667,12-02-2014,197.8,1.2000000000000002,0.1,5.8,28.09,15.12,2.1000001
-28.44555556,32.325,09-04-2014,140.7,223.9,16.400000000000002,74.8,28.46,20.539999,140.7
-27.4275,28.525833,13-02-2014,157.90001,130.9,6.5,11.7,27.119999,13.38,133.6
-34.031944,22.053333,13-02-2014,153.90001,20.200000000000003,1.0,1.3000001,26.06,15.16,19.300001
-34.329722,18.990278,13-02-2014,157.6,3.4000000000000004,0.2,18.0,24.109999,14.63,8.3
-33.13083,18.86278,13-02-2014,212.90001,1.8,0.1,10.0,31.14,16.23,3.9
-33.897778,20.012778,13-02-2014,193.5,2.0,0.1,1.9,30.31,15.37,2.0
-24.679167,30.8025,14-02-2014,133.7,374.20000000000005,129.0,125.9,26.49,15.67,133.7
-27.935,26.126667,14-02-2014,194.8,54.6,2.7,0.5,31.07,15.25,51.9
-34.039722,22.133333,14-02-2014,152.40001,21.8,1.1,1.4,25.89,15.5,20.800001
-34.02861,22.22222,14-02-2014,149.2,24.8,1.2000000000000002,1.5,25.449999,15.25,23.6
-25.99136,27.84208,17-02-2014,160.1,177.9,8.9,13.0,27.859999,15.42,160.1
-28.735556,29.820556,17-02-2014,159.40001,110.5,5.5,15.900001,29.41,16.039999,132.3
-26.648056,27.089444,17-02-2014,168.6,118.9,5.9,2.9,28.789999,15.339999,113.200005
-27.935,26.126667,17-02-2014,194.8,54.6,2.7,0.5,31.07,15.25,51.9
-28.1175,26.719444,17-02-2014,186.2,64.5,3.2,0.5,30.31,15.799999,61.3
-28.116667,26.725278,17-02-2014,186.2,64.5,3.2,0.5,30.31,15.799999,61.3
-29.042222,24.6,17-02-2014,219.1,31.0,1.6,0.1,33.489998,16.48,29.5
-29.033333,23.983333,17-02-2014,217.3,27.5,1.4000000000000001,0.2,34.09,16.64,26.2
-33.818056,19.694722,17-02-2014,200.1,2.2,0.1,6.0,29.89,15.04,3.3
-33.08883333,19.21878333,17-02-2014,198.90001,1.7000000000000002,0.1,5.6,27.48,12.15,2.4
-27.01011111,26.69808333,18-02-2014,180.0,91.9,4.6000000000000005,0.6,29.699999,15.98,87.3
-27.602222,29.942778,18-02-2014,162.40001,185.10000000000002,9.3,19.7,28.81,14.96,162.40001
-26.970278,27.211111,18-02-2014,170.40001,108.4,5.4,2.4,28.98,15.509999,103.1
-26.880278,26.965,18-02-2014,172.40001,104.80000000000001,5.2,2.2,29.41,15.83,99.700005
-26.98472222,26.63227778,18-02-2014,178.2,93.4,4.7,0.6,29.789999,16.07,88.8
-29.160278,26.573333,18-02-2014,192.5,58.2,2.9000000000000004,0.5,30.519999,14.58,55.3
-29.028629,24.638389,18-02-2014,218.2,31.8,1.6,0.1,33.41,16.41,30.2
-34.075556,20.145556,18-02-2014,181.7,2.3000000000000003,0.1,2.2,29.529999,15.73,2.3
-32.595833,19.009444,18-02-2014,223.1,0.9,0.0,3.1000001,32.48,15.0199995,1.0
-25.45963889,28.26430556,18-02-2014,164.7,201.20000000000002,10.100000000000001,30.5,29.789999,16.67,164.7
-27.495556,26.074722,18-02-2014,192.0,65.60000000000001,3.3000000000000003,0.6,30.849998,15.71,62.4
-29.161667,23.696389,19-02-2014,221.2,23.6,1.2000000000000002,0.1,34.53,17.02,22.5
-25.81048333,27.90955222,19-02-2014,163.7,182.20000000000002,9.1,13.5,28.859999,16.44,163.7
-26.905,32.324722,19-02-2014,147.40001,151.6,7.6000000000000005,4.6,32.219997,20.41,144.2
-29.744167,29.905833,19-02-2014,141.6,154.60000000000002,7.7,73.8,26.84,14.99,141.6
-27.169444,29.233889,19-02-2014,152.1,156.3,7.800000000000001,3.6000001,26.42,13.179999,148.8
-27.00222,28.76528,19-02-2014,156.7,149.20000000000002,7.5,3.9,27.08,13.599999,142.1
-26.73806,27.59194,19-02-2014,164.40001,130.0,6.5,3.1000001,27.939999,14.929999,123.8
-26.45,28.085833,19-02-2014,159.7,154.3,7.7,3.8,27.4,14.45,146.90001
-29.033333,23.983333,19-02-2014,217.3,27.5,1.4000000000000001,0.2,34.09,16.64,26.2
-28.69485,28.23487,19-02-2014,157.3,91.80000000000001,4.6000000000000005,10.1,26.359999,13.08,104.5
-28.883333,27.89,19-02-2014,161.3,90.80000000000001,4.5,10.900001,27.09,13.559999,104.9
-33.7075,18.97444444,19-02-2014,203.90001,3.0,0.2,12.900001,29.779999,16.039999,6.1
-25.57877778,29.12747222,19-02-2014,160.6,226.4,16.5,50.4,29.269999,15.839999,160.6
-30.830556,26.921389,20-02-2014,177.6,66.4,3.3000000000000003,0.6,29.33,13.03,63.100002
-28.1175,26.719444,20-02-2014,186.2,64.5,3.2,0.5,30.31,15.799999,61.3
-29.658056,25.973333,20-02-2014,194.1,42.1,2.1,0.4,30.32,14.53,40.0
-30.679722,26.7125,20-02-2014,183.40001,61.2,3.1,0.5,30.199999,13.58,58.2
-30.160091,27.40124,20-02-2014,173.5,79.30000000000001,4.0,0.7,28.609999,13.88,75.4
-30.336111,27.359444,20-02-2014,173.6,79.7,4.0,0.7,28.64,13.41,75.8
-33.31388889,19.07472222,20-02-2014,209.40001,2.2,0.1,11.2,30.599998,15.5199995,4.6
-24.925278,29.324444,21-02-2014,161.90001,232.9,30.3,41.7,31.17,18.05,161.90001
-30.534167,24.961944,21-02-2014,210.7,26.5,1.3,0.0,31.84,14.7699995,25.2
-29.7775,29.470833,24-02-2014,137.8,169.5,31.700000000000003,42.9,24.81,12.46,137.8
-29.744167,29.905833,24-02-2014,141.6,154.60000000000002,7.7,73.8,26.84,14.99,141.6
-26.45,28.085833,24-02-2014,159.7,154.3,7.7,3.8,27.4,14.45,146.90001
-27.935,26.126667,24-02-2014,194.8,54.6,2.7,0.5,31.07,15.25,51.9
-28.1175,26.719444,24-02-2014,186.2,64.5,3.2,0.5,30.31,15.799999,61.3
-28.116667,26.725278,24-02-2014,186.2,64.5,3.2,0.5,30.31,15.799999,61.3
-29.160278,26.573333,24-02-2014,192.5,58.2,2.9000000000000004,0.5,30.519999,14.58,55.3
-27.01011111,26.69808333,25-02-2014,180.0,91.9,4.6000000000000005,0.6,29.699999,15.98,87.3
-25.127778,27.628889,25-02-2014,173.40001,185.3,9.3,6.9,31.48,18.26,173.40001
-24.39619444,27.08983333,25-02-2014,175.2,163.4,8.200000000000001,1.9,32.489998,19.67,155.3
-24.69514,27.40906,25-02-2014,178.1,182.4,9.1,2.6000001,32.2,19.41,173.3
-27.5275,30.858056,25-02-2014,145.8,325.70000000000005,114.7,72.8,27.18,15.849999,145.8
-30.733889,29.828333,25-02-2014,130.7,154.10000000000002,7.7,43.100002,26.07,16.25,130.7
-29.987778,29.851667,25-02-2014,135.40001,158.10000000000002,7.9,76.6,25.97,14.33,135.40001
-29.380556,30.2775,25-02-2014,135.40001,130.0,6.5,69.9,25.72,14.2699995,131.0
-26.861111,28.884722,25-02-2014,156.1,156.20000000000002,7.800000000000001,4.4,26.789999,13.45,148.8
-26.970278,27.211111,25-02-2014,170.40001,108.4,5.4,2.4,28.98,15.509999,103.1
-26.880278,26.965,25-02-2014,172.40001,104.80000000000001,5.2,2.2,29.41,15.83,99.700005
-26.98472222,26.63227778,25-02-2014,178.2,93.4,4.7,0.6,29.789999,16.07,88.8
-27.044444,27.005,25-02-2014,174.8,98.2,4.9,1.2,29.48,15.78,93.3
-33.501667,21.624167,25-02-2014,184.0,9.3,0.5,0.1,28.39,12.3,8.900001
-28.058889,30.373611,25-02-2014,155.7,151.8,7.6000000000000005,45.4,27.98,14.679999,151.5
-29.161667,23.696389,26-02-2014,221.2,23.6,1.2000000000000002,0.1,34.53,17.02,22.5
-25.20639,27.558,26-02-2014,174.0,182.3,9.1,4.7000003,31.42,18.19,173.3
-25.73411,27.21422,26-02-2014,165.7,168.5,8.4,3.8,29.05,15.4,160.40001
-26.648056,27.089444,26-02-2014,168.6,118.9,5.9,2.9,28.789999,15.339999,113.200005
-28.116667,26.725278,26-02-2014,186.2,64.5,3.2,0.5,30.31,15.799999,61.3
-27.671111,27.236944,26-02-2014,177.90001,80.4,4.0,0.6,29.74,15.309999,76.4
-28.768056,20.720556,26-02-2014,260.2,3.4000000000000004,0.2,0.0,36.43,17.619999,3.3
-27.356667,27.286389,26-02-2014,177.3,91.9,4.6000000000000005,0.7,29.38,15.46,87.3
-30.13573889,30.67422222,27-02-2014,137.8,141.6,7.1000000000000005,62.100002,27.349998,20.029999,136.3
-30.398056,30.601944,27-02-2014,135.7,159.4,8.0,47.100002,27.039999,20.08,135.7
-27.902778,24.615556,28-02-2014,210.3,43.0,2.1,0.2,33.66,17.24,40.8
-29.803611,30.516111,28-02-2014,134.8,135.9,6.800000000000001,80.1,26.66,16.92,132.7
-26.73806,27.59194,03-03-2014,164.40001,130.0,6.5,3.1000001,27.939999,14.929999,123.8
-26.45,28.085833,03-03-2014,159.7,154.3,7.7,3.8,27.4,14.45,146.90001
-27.935,26.126667,03-03-2014,194.8,54.6,2.7,0.5,31.07,15.25,51.9
-28.116667,26.725278,03-03-2014,186.2,64.5,3.2,0.5,30.31,15.799999,61.3
-32.502778,19.535833,03-03-2014,233.8,0.6000000000000001,0.0,0.4,32.55,14.71,0.6
-27.356667,27.286389,03-03-2014,177.3,91.9,4.6000000000000005,0.7,29.38,15.46,87.3
-25.81048333,27.90955222,04-03-2014,163.7,182.20000000000002,9.1,13.5,28.859999,16.44,163.7
-26.861111,28.884722,04-03-2014,156.1,156.20000000000002,7.800000000000001,4.4,26.789999,13.45,148.8
-27.02314,28.59389,04-03-2014,158.2,145.3,7.300000000000001,3.9,27.3,13.71,138.40001
-27.398611,26.614722,04-03-2014,187.7,75.8,3.8000000000000003,0.6,30.41,16.07,72.0
-27.671111,27.236944,04-03-2014,177.90001,80.4,4.0,0.6,29.74,15.309999,76.4
-34.039722,22.133333,04-03-2014,152.40001,21.8,1.1,1.4,25.89,15.5,20.800001
-27.495556,26.074722,04-03-2014,192.0,65.60000000000001,3.3000000000000003,0.6,30.849998,15.71,62.4
-27.4,26.624722,04-03-2014,187.7,75.8,3.8000000000000003,0.6,30.41,16.07,72.0
-29.161667,23.696389,05-03-2014,221.2,23.6,1.2000000000000002,0.1,34.53,17.02,22.5
-27.01011111,26.69808333,05-03-2014,180.0,91.9,4.6000000000000005,0.6,29.699999,15.98,87.3
-29.140556,31.391944,05-03-2014,143.3,112.30000000000001,5.6000000000000005,5.5,28.529999,19.8,107.200005
-29.744167,29.905833,05-03-2014,141.6,154.60000000000002,7.7,73.8,26.84,14.99,141.6
-26.880278,26.965,05-03-2014,172.40001,104.80000000000001,5.2,2.2,29.41,15.83,99.700005
-26.98472222,26.63227778,05-03-2014,178.2,93.4,4.7,0.6,29.789999,16.07,88.8
-27.671111,27.236944,05-03-2014,177.90001,80.4,4.0,0.6,29.74,15.309999,76.4
-29.033333,23.983333,05-03-2014,217.3,27.5,1.4000000000000001,0.2,34.09,16.64,26.2
-34.02861,22.22222,05-03-2014,149.2,24.8,1.2000000000000002,1.5,25.449999,15.25,23.6
-33.13083,18.86278,05-03-2014,212.90001,1.8,0.1,10.0,31.14,16.23,3.9
-25.45963889,28.26430556,05-03-2014,164.7,201.20000000000002,10.100000000000001,30.5,29.789999,16.67,164.7
-22.769722,30.886944,06-03-2014,143.1,208.5,10.4,58.8,32.18,20.38,143.1
-27.937778,31.209444,06-03-2014,151.1,252.0,30.1,78.3,28.66,17.72,151.1
-26.648056,27.089444,06-03-2014,168.6,118.9,5.9,2.9,28.789999,15.339999,113.200005
-26.970278,27.211111,06-03-2014,170.40001,108.4,5.4,2.4,28.98,15.509999,103.1
-27.398611,26.614722,06-03-2014,187.7,75.8,3.8000000000000003,0.6,30.41,16.07,72.0
-27.044444,27.005,06-03-2014,174.8,98.2,4.9,1.2,29.48,15.78,93.3
-29.651389,22.746389,06-03-2014,248.2,11.3,0.6000000000000001,0.0,34.86,17.9,10.8
-29.1825,23.575556,06-03-2014,226.40001,21.5,1.1,0.1,34.5,17.06,20.4
-34.031944,22.053333,06-03-2014,153.90001,20.200000000000003,1.0,1.3000001,26.06,15.16,19.300001
-33.7075,18.97444444,06-03-2014,203.90001,3.0,0.2,12.900001,29.779999,16.039999,6.1
-32.94583,18.33667,06-03-2014,197.8,1.2000000000000002,0.1,5.8,28.09,15.12,2.1000001
-28.058889,30.373611,06-03-2014,155.7,151.8,7.6000000000000005,45.4,27.98,14.679999,151.5
-28.404444,30.013056,07-03-2014,160.8,110.60000000000001,5.5,17.1,29.119999,15.559999,134.40001
-28.116667,26.725278,07-03-2014,186.2,64.5,3.2,0.5,30.31,15.799999,61.3
-29.651389,22.746389,07-03-2014,248.2,11.3,0.6000000000000001,0.0,34.86,17.9,10.8
-34.005833,22.351111,07-03-2014,146.0,29.3,1.5,1.7,24.9,15.299999,27.9
-29.380556,30.2775,08-03-2014,135.40001,130.0,6.5,69.9,25.72,14.2699995,131.0
-26.45,28.085833,10-03-2014,159.7,154.3,7.7,3.8,27.4,14.45,146.90001
-26.98472222,26.63227778,10-03-2014,178.2,93.4,4.7,0.6,29.789999,16.07,88.8
-28.1175,26.719444,10-03-2014,186.2,64.5,3.2,0.5,30.31,15.799999,61.3
-31.396,29.2651,10-03-2014,133.3,140.3,7.0,5.3,26.73,18.289999,133.3
-31.554722,29.245556,10-03-2014,123.6,150.1,7.5,24.4,25.49,17.25,123.6
-27.01011111,26.69808333,11-03-2014,180.0,91.9,4.6000000000000005,0.6,29.699999,15.98,87.3
-24.183889,30.823889,11-03-2014,139.7,236.5,11.8,86.8,31.4,19.81,139.7
-26.861111,28.884722,11-03-2014,156.1,156.20000000000002,7.800000000000001,4.4,26.789999,13.45,148.8
-26.648056,27.089444,11-03-2014,168.6,118.9,5.9,2.9,28.789999,15.339999,113.200005
-26.970278,27.211111,11-03-2014,170.40001,108.4,5.4,2.4,28.98,15.509999,103.1
-26.880278,26.965,11-03-2014,172.40001,104.80000000000001,5.2,2.2,29.41,15.83,99.700005
-26.98472222,26.63227778,11-03-2014,178.2,93.4,4.7,0.6,29.789999,16.07,88.8
-27.902778,24.615556,02-08-2012,229.7,48.5,2.4000000000000004,0.3,35.71,18.05,46.0
-27.044444,27.005,11-03-2014,174.8,98.2,4.9,1.2,29.48,15.78,93.3
-30.568333,29.422778,11-03-2014,136.5,135.5,6.800000000000001,12.8,25.369999,12.7699995,130.3
-30.570833,29.150556,11-03-2014,138.0,135.4,6.800000000000001,7.1,25.23,12.62,129.90001
-31.104278,29.399722,11-03-2014,132.6,142.20000000000002,7.1000000000000005,8.6,26.49,16.96,132.6
-34.092222,21.295278,11-03-2014,168.8,11.5,0.6000000000000001,1.1,28.039999,15.23,10.900001
-29.161667,23.696389,12-03-2014,221.2,23.6,1.2000000000000002,0.1,34.53,17.02,22.5
-28.7115,24.07288889,12-03-2014,216.3,29.200000000000003,1.5,0.2,34.07,16.94,27.800001
-29.641944,30.6875,12-03-2014,140.5,113.9,5.7,63.8,27.65,18.609999,128.6
-27.902778,24.615556,20-06-2013,198.40001,93.9,4.7,0.2,32.34,17.029999,89.200005
-24.034167,31.123611,12-03-2014,137.8,218.10000000000002,10.9,72.5,31.41,19.98,137.8
-28.44555556,32.325,07-05-2014,140.7,223.9,16.400000000000002,74.8,28.46,20.539999,140.7
-28.75,30.442778,12-03-2014,162.0,108.80000000000001,5.4,16.300001,30.32,17.76,131.40001
-29.161667,30.629722,12-03-2014,138.1,123.10000000000001,6.2,57.2,26.07,15.12,130.3
-27.02314,28.59389,12-03-2014,158.2,145.3,7.300000000000001,3.9,27.3,13.71,138.40001
-27.273889,28.49,12-03-2014,158.8,133.9,6.7,7.6,27.21,13.58,129.2
-27.4275,28.525833,12-03-2014,157.90001,130.9,6.5,11.7,27.119999,13.38,133.6
-27.3,28.586944,12-03-2014,158.0,135.4,6.800000000000001,9.1,27.24,13.509999,131.90001
-27.902778,24.615556,02-01-2014,152.40001,83.30000000000001,4.2,0.2,32.61,18.5,79.1
-27.935,26.126667,12-03-2014,194.8,54.6,2.7,0.5,31.07,15.25,51.9
-28.141944,26.417778,12-03-2014,191.90001,61.0,3.0,0.5,30.81,15.549999,57.9
-29.651389,22.746389,12-03-2014,248.2,11.3,0.6000000000000001,0.0,34.86,17.9,10.8
-31.031389,28.883333,12-03-2014,137.90001,136.8,6.800000000000001,4.8,26.42,14.98,130.5
-30.86013889,29.07125,12-03-2014,139.3,132.9,6.6000000000000005,4.3,26.82,15.49,126.700005
-30.77586667,29.03221667,12-03-2014,140.3,133.20000000000002,6.7,3.9,26.75,15.21,126.9
-27.902778,24.615556,23-05-2014,210.3,43.0,2.1,0.2,33.66,17.24,40.8
-28.338333,31.373611,12-03-2014,146.90001,242.5,40.1,61.7,28.67,17.83,146.90001
-28.068333,31.55,12-03-2014,154.90001,230.4,16.3,65.3,30.8,20.27,154.90001
-24.679167,30.8025,13-03-2014,133.7,374.20000000000005,129.0,125.9,26.49,15.67,133.7
-25.20639,27.558,13-03-2014,174.0,182.3,9.1,4.7000003,31.42,18.19,173.3
-27.573056,24.746389,13-03-2014,211.90001,49.900000000000006,2.5,0.3,33.27,16.98,47.4
-31.394444,20.947222,13-03-2014,240.3,2.0,0.1,0.0,32.16,14.059999,1.9
-33.08883333,19.21878333,13-03-2014,198.90001,1.7000000000000002,0.1,5.6,27.48,12.15,2.4
-33.897778,20.012778,13-03-2014,193.5,2.0,0.1,1.9,30.31,15.37,2.0
-27.902778,24.615556,14-03-2014,210.3,43.0,2.1,0.2,33.66,17.24,40.8
-27.573056,24.746389,15-03-2014,211.90001,49.900000000000006,2.5,0.3,33.27,16.98,47.4
-28.96362,19.15486,15-03-2014,262.0,0.9,0.0,0.0,36.719997,17.63,0.90000004
-27.902778,24.615556,21-11-2014,223.7,39.0,2.0,0.2,35.41,18.3,37.100002
-25.99136,27.84208,17-03-2014,160.1,177.9,8.9,13.0,27.859999,15.42,160.1
-28.735556,29.820556,17-03-2014,159.40001,110.5,5.5,15.900001,29.41,16.039999,132.3
-26.73806,27.59194,17-03-2014,164.40001,130.0,6.5,3.1000001,27.939999,14.929999,123.8
-27.935,26.126667,17-03-2014,194.8,54.6,2.7,0.5,31.07,15.25,51.9
-28.1175,26.719444,17-03-2014,186.2,64.5,3.2,0.5,30.31,15.799999,61.3
-28.116667,26.725278,17-03-2014,186.2,64.5,3.2,0.5,30.31,15.799999,61.3
-29.042222,24.6,17-03-2014,219.1,31.0,1.6,0.1,33.489998,16.48,29.5
-29.033333,23.983333,17-03-2014,217.3,27.5,1.4000000000000001,0.2,34.09,16.64,26.2
-23.658056,31.05,18-03-2014,139.0,172.70000000000002,8.6,25.800001,32.16,20.539999,139.0
-23.281,30.54305556,18-03-2014,140.40001,174.5,8.700000000000001,32.4,31.13,20.22,140.40001
-27.169444,29.233889,18-03-2014,152.1,156.3,7.800000000000001,3.6000001,26.42,13.179999,148.8
-26.861111,28.884722,18-03-2014,156.1,156.20000000000002,7.800000000000001,4.4,26.789999,13.45,148.8
-26.98472222,26.63227778,18-03-2014,178.2,93.4,4.7,0.6,29.789999,16.07,88.8
-29.028629,24.638389,18-03-2014,218.2,31.8,1.6,0.1,33.41,16.41,30.2
-33.38056,19.30167,18-03-2014,195.7,2.2,0.1,8.6,27.97,13.0,4.0
-33.31388889,19.07472222,18-03-2014,209.40001,2.2,0.1,11.2,30.599998,15.5199995,4.6
-25.45963889,28.26430556,18-03-2014,164.7,201.20000000000002,10.100000000000001,30.5,29.789999,16.67,164.7
-27.495556,26.074722,18-03-2014,192.0,65.60000000000001,3.3000000000000003,0.6,30.849998,15.71,62.4
-25.447222,30.711667,18-03-2014,140.3,293.0,14.700000000000001,152.90001,27.88,17.06,140.3
-29.161667,23.696389,19-03-2014,221.2,23.6,1.2000000000000002,0.1,34.53,17.02,22.5
-27.01011111,26.69808333,19-03-2014,180.0,91.9,4.6000000000000005,0.6,29.699999,15.98,87.3
-25.81048333,27.90955222,19-03-2014,163.7,182.20000000000002,9.1,13.5,28.859999,16.44,163.7
-27.363611,31.783333,19-03-2014,147.1,189.60000000000002,9.5,40.0,30.57,19.65,147.1
-26.648056,27.089444,19-03-2014,168.6,118.9,5.9,2.9,28.789999,15.339999,113.200005
-26.970278,27.211111,19-03-2014,170.40001,108.4,5.4,2.4,28.98,15.509999,103.1
-26.880278,26.965,19-03-2014,172.40001,104.80000000000001,5.2,2.2,29.41,15.83,99.700005
-27.044444,27.005,19-03-2014,174.8,98.2,4.9,1.2,29.48,15.78,93.3
-27.573056,24.746389,19-03-2014,211.90001,49.900000000000006,2.5,0.3,33.27,16.98,47.4
-29.033333,23.983333,19-03-2014,217.3,27.5,1.4000000000000001,0.2,34.09,16.64,26.2
-28.376944,24.303056,29-09-2011,220.8,46.6,2.3000000000000003,0.3,36.329998,17.51,44.3
-28.376944,24.303056,20-11-2011,220.8,46.6,2.3000000000000003,0.3,36.329998,17.51,44.3
-28.376944,24.303056,08-12-2011,220.8,46.6,2.3000000000000003,0.3,36.329998,17.51,44.3
-32.595833,19.009444,19-03-2014,223.1,0.9,0.0,3.1000001,32.48,15.0199995,1.0
-28.376944,24.303056,19-01-2012,204.3,102.0,5.1000000000000005,0.3,32.37,16.77,96.9
-26.03611,30.99778,20-03-2014,148.1,363.6,91.30000000000001,139.7,28.5,18.08,148.1
-27.602222,29.942778,20-03-2014,162.40001,185.10000000000002,9.3,19.7,28.81,14.96,162.40001
-29.744167,29.905833,20-03-2014,141.6,154.60000000000002,7.7,73.8,26.84,14.99,141.6
-28.376944,24.303056,05-07-2012,204.3,102.0,5.1000000000000005,0.3,32.37,16.77,96.9
-28.376944,24.303056,11-07-2012,231.8,46.7,2.3000000000000003,0.3,36.0,17.789999,44.4
-29.7775,29.470833,24-03-2014,137.8,169.5,31.700000000000003,42.9,24.81,12.46,137.8
-28.376944,24.303056,16-08-2012,231.8,46.7,2.3000000000000003,0.3,36.0,17.789999,44.4
-28.376944,24.303056,30-08-2012,231.8,46.7,2.3000000000000003,0.3,36.0,17.789999,44.4
-28.376944,24.303056,27-09-2012,231.8,46.7,2.3000000000000003,0.3,36.0,17.789999,44.4
-28.376944,24.303056,17-01-2013,200.90001,86.9,4.3,0.2,32.399998,17.0,82.6
-28.376944,24.303056,28-02-2013,200.90001,86.9,4.3,0.2,32.399998,17.0,82.6
-29.987778,29.851667,24-03-2014,135.40001,158.10000000000002,7.9,76.6,25.97,14.33,135.40001
-28.376944,24.303056,14-03-2013,200.90001,86.9,4.3,0.2,32.399998,17.0,82.6
-28.376944,24.303056,11-04-2013,200.90001,86.9,4.3,0.2,32.399998,17.0,82.6
-28.376944,24.303056,25-04-2013,200.90001,86.9,4.3,0.2,32.399998,17.0,82.6
-28.376944,24.303056,09-05-2013,200.90001,86.9,4.3,0.2,32.399998,17.0,82.6
-28.376944,24.303056,20-06-2013,200.90001,86.9,4.3,0.2,32.399998,17.0,82.6
-28.376944,24.303056,04-07-2013,200.90001,86.9,4.3,0.2,32.399998,17.0,82.6
-28.376944,24.303056,18-07-2013,214.8,53.300000000000004,2.7,0.2,35.77,18.88,50.600002
-28.376944,24.303056,01-08-2013,214.8,53.300000000000004,2.7,0.2,35.77,18.88,50.600002
-28.376944,24.303056,15-08-2013,214.8,53.300000000000004,2.7,0.2,35.77,18.88,50.600002
-28.376944,24.303056,29-08-2013,214.8,53.300000000000004,2.7,0.2,35.77,18.88,50.600002
-28.376944,24.303056,12-09-2013,214.8,53.300000000000004,2.7,0.2,35.77,18.88,50.600002
-28.376944,24.303056,26-09-2013,214.8,53.300000000000004,2.7,0.2,35.77,18.88,50.600002
-28.376944,24.303056,10-10-2013,214.8,53.300000000000004,2.7,0.2,35.77,18.88,50.600002
-28.376944,24.303056,24-10-2013,214.8,53.300000000000004,2.7,0.2,35.77,18.88,50.600002
-28.376944,24.303056,07-11-2013,214.8,53.300000000000004,2.7,0.2,35.77,18.88,50.600002
-28.376944,24.303056,21-11-2013,214.8,53.300000000000004,2.7,0.2,35.77,18.88,50.600002
-28.376944,24.303056,02-01-2014,154.6,78.5,3.9000000000000004,0.2,32.82,18.23,74.5
-28.376944,24.303056,16-01-2014,212.7,35.2,1.8,0.2,33.579998,17.109999,33.4
-28.376944,24.303056,30-01-2014,212.7,35.2,1.8,0.2,33.579998,17.109999,33.4
-28.376944,24.303056,27-02-2014,212.7,35.2,1.8,0.2,33.579998,17.109999,33.4
-29.744167,29.905833,24-03-2014,141.6,154.60000000000002,7.7,73.8,26.84,14.99,141.6
-26.45,28.085833,24-03-2014,159.7,154.3,7.7,3.8,27.4,14.45,146.90001
-27.935,26.126667,24-03-2014,194.8,54.6,2.7,0.5,31.07,15.25,51.9
-28.141944,26.417778,24-03-2014,191.90001,61.0,3.0,0.5,30.81,15.549999,57.9
-28.376944,24.303056,05-06-2014,212.7,35.2,1.8,0.2,33.579998,17.109999,33.4
-28.1175,26.719444,24-03-2014,186.2,64.5,3.2,0.5,30.31,15.799999,61.3
-22.225556,29.990556,25-03-2014,151.40001,115.0,5.800000000000001,0.2,33.01,21.64,109.3
-25.127778,27.628889,25-03-2014,173.40001,185.3,9.3,6.9,31.48,18.26,173.40001
-24.39619444,27.08983333,25-03-2014,175.2,163.4,8.200000000000001,1.9,32.489998,19.67,155.3
-24.69514,27.40906,25-03-2014,178.1,182.4,9.1,2.6000001,32.2,19.41,173.3
-28.376944,24.303056,23-10-2014,225.6,35.7,1.8,0.2,35.7,18.1,34.0
-30.733889,29.828333,25-03-2014,130.7,154.10000000000002,7.7,43.100002,26.07,16.25,130.7
-26.861111,28.884722,25-03-2014,156.1,156.20000000000002,7.800000000000001,4.4,26.789999,13.45,148.8
-28.116667,26.725278,25-03-2014,186.2,64.5,3.2,0.5,30.31,15.799999,61.3
-29.160278,26.573333,25-03-2014,192.5,58.2,2.9000000000000004,0.5,30.519999,14.58,55.3
-28.69485,28.23487,25-03-2014,157.3,91.80000000000001,4.6000000000000005,10.1,26.359999,13.08,104.5
-29.615556,27.065278,25-03-2014,180.8,71.2,3.6,0.5,29.189999,13.889999,67.700005
-28.883333,27.89,25-03-2014,161.3,90.80000000000001,4.5,10.900001,27.09,13.559999,104.9
-33.501667,21.624167,25-03-2014,184.0,9.3,0.5,0.1,28.39,12.3,8.900001
-29.161667,23.696389,26-03-2014,221.2,23.6,1.2000000000000002,0.1,34.53,17.02,22.5
-27.01011111,26.69808333,26-03-2014,180.0,91.9,4.6000000000000005,0.6,29.699999,15.98,87.3
-22.935,28.004167,26-03-2014,161.5,123.2,6.2,0.2,32.68,19.869999,117.0
-25.20639,27.558,26-03-2014,174.0,182.3,9.1,4.7000003,31.42,18.19,173.3
-28.376944,24.303056,16-07-2015,230.7,8.9,0.4,0.2,36.45,18.26,8.5
-28.376944,24.303056,30-07-2015,230.7,8.9,0.4,0.2,36.45,18.26,8.5
-28.376944,24.303056,13-08-2015,230.7,8.9,0.4,0.2,36.45,18.26,8.5
-28.376944,24.303056,24-09-2015,230.7,8.9,0.4,0.2,36.45,18.26,8.5
-28.376944,24.303056,08-10-2015,230.7,8.9,0.4,0.2,36.45,18.26,8.5
-28.376944,24.303056,22-10-2015,230.7,8.9,0.4,0.2,36.45,18.26,8.5
-28.376944,24.303056,05-11-2015,230.7,8.9,0.4,0.2,36.45,18.26,8.5
-28.376944,24.303056,19-11-2015,230.7,8.9,0.4,0.2,36.45,18.26,8.5
-28.376944,24.303056,03-12-2015,230.7,8.9,0.4,0.2,36.45,18.26,8.5
-28.376944,24.303056,31-12-2015,230.7,8.9,0.4,0.2,36.45,18.26,8.5
-30.398056,30.601944,26-03-2014,135.7,159.4,8.0,47.100002,27.039999,20.08,135.7
-26.648056,27.089444,26-03-2014,168.6,118.9,5.9,2.9,28.789999,15.339999,113.200005
-26.970278,27.211111,26-03-2014,170.40001,108.4,5.4,2.4,28.98,15.509999,103.1
-26.880278,26.965,26-03-2014,172.40001,104.80000000000001,5.2,2.2,29.41,15.83,99.700005
-26.98472222,26.63227778,26-03-2014,178.2,93.4,4.7,0.6,29.789999,16.07,88.8
-27.671111,27.236944,26-03-2014,177.90001,80.4,4.0,0.6,29.74,15.309999,76.4
-27.044444,27.005,26-03-2014,174.8,98.2,4.9,1.2,29.48,15.78,93.3
-30.160091,27.40124,26-03-2014,173.5,79.30000000000001,4.0,0.7,28.609999,13.88,75.4
-30.336111,27.359444,26-03-2014,173.6,79.7,4.0,0.7,28.64,13.41,75.8
-22.935,28.004167,27-03-2014,161.5,123.2,6.2,0.2,32.68,19.869999,117.0
-30.830556,26.921389,27-03-2014,177.6,66.4,3.3000000000000003,0.6,29.33,13.03,63.100002
-22.548889,28.898056,27-03-2014,154.7,127.5,6.4,0.1,32.25,19.199999,121.1
-22.91028,29.61111,27-03-2014,142.5,187.8,9.4,37.3,30.55,18.939999,142.5
-30.13573889,30.67422222,27-03-2014,137.8,141.6,7.1000000000000005,62.100002,27.349998,20.029999,136.3
-27.38972222,26.46388889,27-03-2014,189.40001,74.10000000000001,3.7,0.6,30.619999,16.06,70.4
-27.398611,26.614722,27-03-2014,187.7,75.8,3.8000000000000003,0.6,30.41,16.07,72.0
-27.902778,24.615556,27-03-2014,210.3,43.0,2.1,0.2,33.66,17.24,40.8
-29.658056,25.973333,27-03-2014,194.1,42.1,2.1,0.4,30.32,14.53,40.0
-31.000833,26.353056,27-03-2014,180.0,50.2,2.5,0.4,29.099998,12.38,47.7
-30.679722,26.7125,27-03-2014,183.40001,61.2,3.1,0.5,30.199999,13.58,58.2
-30.534167,24.961944,27-03-2014,210.7,26.5,1.3,0.0,31.84,14.7699995,25.2
-27.356667,27.286389,27-03-2014,177.3,91.9,4.6000000000000005,0.7,29.38,15.46,87.3
-22.548889,28.898056,28-03-2014,154.7,127.5,6.4,0.1,32.25,19.199999,121.1
-29.160278,26.573333,28-03-2014,192.5,58.2,2.9000000000000004,0.5,30.519999,14.58,55.3
-29.803611,30.516111,28-03-2014,134.8,135.9,6.800000000000001,80.1,26.66,16.92,132.7
-25.99136,27.84208,31-03-2014,160.1,177.9,8.9,13.0,27.859999,15.42,160.1
-25.513889,31.224444,31-03-2014,139.0,288.90000000000003,36.1,125.1,28.539999,18.32,139.0
-33.818056,19.694722,31-03-2014,200.1,2.2,0.1,6.0,29.89,15.04,3.3
-32.502778,19.535833,31-03-2014,233.8,0.6000000000000001,0.0,0.4,32.55,14.71,0.6
-25.681111,31.783333,01-04-2014,135.7,212.4,10.600000000000001,72.8,30.21,19.01,135.7
-27.935,26.126667,01-04-2014,194.8,54.6,2.7,0.5,31.07,15.25,51.9
-28.1175,26.719444,01-04-2014,186.2,64.5,3.2,0.5,30.31,15.799999,61.3
-28.116667,26.725278,01-04-2014,186.2,64.5,3.2,0.5,30.31,15.799999,61.3
-27.671111,27.236944,01-04-2014,177.90001,80.4,4.0,0.6,29.74,15.309999,76.4
-34.075556,20.145556,01-04-2014,181.7,2.3000000000000003,0.1,2.2,29.529999,15.73,2.3
-29.161667,23.696389,02-04-2014,221.2,23.6,1.2000000000000002,0.1,34.53,17.02,22.5
-25.81048333,27.90955222,02-04-2014,163.7,182.20000000000002,9.1,13.5,28.859999,16.44,163.7
-22.935,28.004167,02-04-2014,161.5,123.2,6.2,0.2,32.68,19.869999,117.0
-24.768889,31.39,02-04-2014,134.1,244.20000000000002,12.200000000000001,105.5,30.42,19.49,134.1
-24.9675,31.516667,02-04-2014,136.40001,227.0,11.4,83.700005,30.789999,20.17,136.40001
-28.801278,31.955389,02-04-2014,147.6,142.1,7.1000000000000005,7.0,29.3,20.17,135.8
-29.744167,29.905833,02-04-2014,141.6,154.60000000000002,7.7,73.8,26.84,14.99,141.6
-27.4275,28.525833,02-04-2014,157.90001,130.9,6.5,11.7,27.119999,13.38,133.6
-27.398611,26.614722,02-04-2014,187.7,75.8,3.8000000000000003,0.6,30.41,16.07,72.0
-27.671111,27.236944,02-04-2014,177.90001,80.4,4.0,0.6,29.74,15.309999,76.4
-29.033333,23.983333,02-04-2014,217.3,27.5,1.4000000000000001,0.2,34.09,16.64,26.2
-28.768056,20.720556,02-04-2014,260.2,3.4000000000000004,0.2,0.0,36.43,17.619999,3.3
-34.031944,22.053333,02-04-2014,153.90001,20.200000000000003,1.0,1.3000001,26.06,15.16,19.300001
-34.039722,22.133333,02-04-2014,152.40001,21.8,1.1,1.4,25.89,15.5,20.800001
-33.7075,18.97444444,02-04-2014,203.90001,3.0,0.2,12.900001,29.779999,16.039999,6.1
-28.058889,30.373611,02-04-2014,155.7,151.8,7.6000000000000005,45.4,27.98,14.679999,151.5
-27.495556,26.074722,02-04-2014,192.0,65.60000000000001,3.3000000000000003,0.6,30.849998,15.71,62.4
-27.4,26.624722,02-04-2014,187.7,75.8,3.8000000000000003,0.6,30.41,16.07,72.0
-27.01011111,26.69808333,03-04-2014,180.0,91.9,4.6000000000000005,0.6,29.699999,15.98,87.3
-22.91028,29.61111,03-04-2014,142.5,187.8,9.4,37.3,30.55,18.939999,142.5
-23.658056,31.05,03-04-2014,139.0,172.70000000000002,8.6,25.800001,32.16,20.539999,139.0
-23.281,30.54305556,03-04-2014,140.40001,174.5,8.700000000000001,32.4,31.13,20.22,140.40001
-24.99328,30.81444,03-04-2014,123.5,365.5,102.30000000000001,159.5,24.49,13.7699995,123.5
-27.937778,31.209444,03-04-2014,151.1,252.0,30.1,78.3,28.66,17.72,151.1
-27.5275,30.858056,03-04-2014,145.8,325.70000000000005,114.7,72.8,27.18,15.849999,145.8
-26.648056,27.089444,03-04-2014,168.6,118.9,5.9,2.9,28.789999,15.339999,113.200005
-26.970278,27.211111,03-04-2014,170.40001,108.4,5.4,2.4,28.98,15.509999,103.1
-26.880278,26.965,03-04-2014,172.40001,104.80000000000001,5.2,2.2,29.41,15.83,99.700005
-26.98472222,26.63227778,03-04-2014,178.2,93.4,4.7,0.6,29.789999,16.07,88.8
-27.044444,27.005,03-04-2014,174.8,98.2,4.9,1.2,29.48,15.78,93.3
-33.13083,18.86278,03-04-2014,212.90001,1.8,0.1,10.0,31.14,16.23,3.9
-28.404444,30.013056,04-04-2014,160.8,110.60000000000001,5.5,17.1,29.119999,15.559999,134.40001
-28.116667,26.725278,04-04-2014,186.2,64.5,3.2,0.5,30.31,15.799999,61.3
-28.735556,29.820556,07-04-2014,159.40001,110.5,5.5,15.900001,29.41,16.039999,132.3
-26.73806,27.59194,07-04-2014,164.40001,130.0,6.5,3.1000001,27.939999,14.929999,123.8
-26.45,28.085833,07-04-2014,159.7,154.3,7.7,3.8,27.4,14.45,146.90001
-26.98472222,26.63227778,07-04-2014,178.2,93.4,4.7,0.6,29.789999,16.07,88.8
-27.935,26.126667,07-04-2014,194.8,54.6,2.7,0.5,31.07,15.25,51.9
-28.141944,26.417778,07-04-2014,191.90001,61.0,3.0,0.5,30.81,15.549999,57.9
-28.1175,26.719444,07-04-2014,186.2,64.5,3.2,0.5,30.31,15.799999,61.3
-28.116667,26.725278,07-04-2014,186.2,64.5,3.2,0.5,30.31,15.799999,61.3
-29.042222,24.6,07-04-2014,219.1,31.0,1.6,0.1,33.489998,16.48,29.5
-29.028629,24.638389,07-04-2014,218.2,31.8,1.6,0.1,33.41,16.41,30.2
-29.033333,23.983333,07-04-2014,217.3,27.5,1.4000000000000001,0.2,34.09,16.64,26.2
-31.554722,29.245556,07-04-2014,123.6,150.1,7.5,24.4,25.49,17.25,123.6
-27.01011111,26.69808333,08-04-2014,180.0,91.9,4.6000000000000005,0.6,29.699999,15.98,87.3
-34.065833,20.404167,08-04-2014,178.0,3.1,0.2,1.8000001,30.099998,16.57,3.0
-25.127778,27.628889,08-04-2014,173.40001,185.3,9.3,6.9,31.48,18.26,173.40001
-25.20639,27.558,08-04-2014,174.0,182.3,9.1,4.7000003,31.42,18.19,173.3
-24.69514,27.40906,08-04-2014,178.1,182.4,9.1,2.6000001,32.2,19.41,173.3
-22.769722,30.886944,08-04-2014,143.1,208.5,10.4,58.8,32.18,20.38,143.1
-27.169444,29.233889,08-04-2014,152.1,156.3,7.800000000000001,3.6000001,26.42,13.179999,148.8
-26.861111,28.884722,08-04-2014,156.1,156.20000000000002,7.800000000000001,4.4,26.789999,13.45,148.8
-26.648056,27.089444,08-04-2014,168.6,118.9,5.9,2.9,28.789999,15.339999,113.200005
-26.970278,27.211111,08-04-2014,170.40001,108.4,5.4,2.4,28.98,15.509999,103.1
-26.880278,26.965,08-04-2014,172.40001,104.80000000000001,5.2,2.2,29.41,15.83,99.700005
-26.98472222,26.63227778,08-04-2014,178.2,93.4,4.7,0.6,29.789999,16.07,88.8
-30.570833,29.150556,08-04-2014,138.0,135.4,6.800000000000001,7.1,25.23,12.62,129.90001
-33.31388889,19.07472222,08-04-2014,209.40001,2.2,0.1,11.2,30.599998,15.5199995,4.6
-28.338333,31.373611,08-04-2014,146.90001,242.5,40.1,61.7,28.67,17.83,146.90001
-29.658056,25.973333,27-09-2011,201.6,45.6,2.3000000000000003,1.9,33.12,15.2,43.5
-28.068333,31.55,08-04-2014,154.90001,230.4,16.3,65.3,30.8,20.27,154.90001
-28.308889,31.9025,08-04-2014,150.3,223.20000000000002,15.9,63.7,30.529999,20.9,150.3
-25.57877778,29.12747222,08-04-2014,160.6,226.4,16.5,50.4,29.269999,15.839999,160.6
-29.641944,30.6875,09-04-2014,140.5,113.9,5.7,63.8,27.65,18.609999,128.6
-25.73411,27.21422,09-04-2014,165.7,168.5,8.4,3.8,29.05,15.4,160.40001
-28.44555556,32.325,04-06-2014,140.7,223.9,16.400000000000002,74.8,28.46,20.539999,140.7
-28.75,30.442778,09-04-2014,162.0,108.80000000000001,5.4,16.300001,30.32,17.76,131.40001
-29.161667,30.629722,09-04-2014,138.1,123.10000000000001,6.2,57.2,26.07,15.12,130.3
-27.00222,28.76528,09-04-2014,156.7,149.20000000000002,7.5,3.9,27.08,13.599999,142.1
-27.02314,28.59389,09-04-2014,158.2,145.3,7.300000000000001,3.9,27.3,13.71,138.40001
-27.273889,28.49,09-04-2014,158.8,133.9,6.7,7.6,27.21,13.58,129.2
-27.4275,28.525833,09-04-2014,157.90001,130.9,6.5,11.7,27.119999,13.38,133.6
-27.3,28.586944,09-04-2014,158.0,135.4,6.800000000000001,9.1,27.24,13.509999,131.90001
-30.568333,29.422778,09-04-2014,136.5,135.5,6.800000000000001,12.8,25.369999,12.7699995,130.3
-31.031389,28.883333,09-04-2014,137.90001,136.8,6.800000000000001,4.8,26.42,14.98,130.5
-30.86013889,29.07125,09-04-2014,139.3,132.9,6.6000000000000005,4.3,26.82,15.49,126.700005
-30.77586667,29.03221667,09-04-2014,140.3,133.20000000000002,6.7,3.9,26.75,15.21,126.9
-32.595833,19.009444,09-04-2014,223.1,0.9,0.0,3.1000001,32.48,15.0199995,1.0
-28.376944,24.303056,10-04-2014,212.7,35.2,1.8,0.2,33.579998,17.109999,33.4
-34.092222,21.295278,10-04-2014,168.8,11.5,0.6000000000000001,1.1,28.039999,15.23,10.900001
-34.329722,18.990278,10-04-2014,157.6,3.4000000000000004,0.2,18.0,24.109999,14.63,8.3
-33.897778,20.012778,10-04-2014,193.5,2.0,0.1,1.9,30.31,15.37,2.0
-27.902778,24.615556,11-04-2014,210.3,43.0,2.1,0.2,33.66,17.24,40.8
-24.679167,30.8025,14-04-2014,133.7,374.20000000000005,129.0,125.9,26.49,15.67,133.7
-25.99136,27.84208,14-04-2014,160.1,177.9,8.9,13.0,27.859999,15.42,160.1
-26.73806,27.59194,14-04-2014,164.40001,130.0,6.5,3.1000001,27.939999,14.929999,123.8
-28.1175,26.719444,14-04-2014,186.2,64.5,3.2,0.5,30.31,15.799999,61.3
-28.116667,26.725278,14-04-2014,186.2,64.5,3.2,0.5,30.31,15.799999,61.3
-33.08883333,19.21878333,14-04-2014,198.90001,1.7000000000000002,0.1,5.6,27.48,12.15,2.4
-24.183889,30.823889,15-04-2014,139.7,236.5,11.8,86.8,31.4,19.81,139.7
-27.169444,29.233889,15-04-2014,152.1,156.3,7.800000000000001,3.6000001,26.42,13.179999,148.8
-26.861111,28.884722,15-04-2014,156.1,156.20000000000002,7.800000000000001,4.4,26.789999,13.45,148.8
-27.00222,28.76528,15-04-2014,156.7,149.20000000000002,7.5,3.9,27.08,13.599999,142.1
-27.4275,28.525833,15-04-2014,157.90001,130.9,6.5,11.7,27.119999,13.38,133.6
-26.98472222,26.63227778,15-04-2014,178.2,93.4,4.7,0.6,29.789999,16.07,88.8
-27.935,26.126667,15-04-2014,194.8,54.6,2.7,0.5,31.07,15.25,51.9
-29.160278,26.573333,15-04-2014,192.5,58.2,2.9000000000000004,0.5,30.519999,14.58,55.3
-29.033333,23.983333,15-04-2014,217.3,27.5,1.4000000000000001,0.2,34.09,16.64,26.2
-25.45963889,28.26430556,15-04-2014,164.7,201.20000000000002,10.100000000000001,30.5,29.789999,16.67,164.7
-29.161667,23.696389,16-04-2014,221.2,23.6,1.2000000000000002,0.1,34.53,17.02,22.5
-28.7115,24.07288889,16-04-2014,216.3,29.200000000000003,1.5,0.2,34.07,16.94,27.800001
-27.01011111,26.69808333,16-04-2014,180.0,91.9,4.6000000000000005,0.6,29.699999,15.98,87.3
-25.81048333,27.90955222,16-04-2014,163.7,182.20000000000002,9.1,13.5,28.859999,16.44,163.7
-26.905,32.324722,16-04-2014,147.40001,151.6,7.6000000000000005,4.6,32.219997,20.41,144.2
-27.602222,29.942778,16-04-2014,162.40001,185.10000000000002,9.3,19.7,28.81,14.96,162.40001
-29.744167,29.905833,16-04-2014,141.6,154.60000000000002,7.7,73.8,26.84,14.99,141.6
-26.648056,27.089444,16-04-2014,168.6,118.9,5.9,2.9,28.789999,15.339999,113.200005
-26.970278,27.211111,16-04-2014,170.40001,108.4,5.4,2.4,28.98,15.509999,103.1
-26.880278,26.965,16-04-2014,172.40001,104.80000000000001,5.2,2.2,29.41,15.83,99.700005
-29.033333,23.983333,16-04-2014,217.3,27.5,1.4000000000000001,0.2,34.09,16.64,26.2
-29.1825,23.575556,16-04-2014,226.40001,21.5,1.1,0.1,34.5,17.06,20.4
-28.768056,20.720556,16-04-2014,260.2,3.4000000000000004,0.2,0.0,36.43,17.619999,3.3
-27.363611,31.783333,17-04-2014,147.1,189.60000000000002,9.5,40.0,30.57,19.65,147.1
-29.042222,24.6,17-04-2014,219.1,31.0,1.6,0.1,33.489998,16.48,29.5
-29.028629,24.638389,17-04-2014,218.2,31.8,1.6,0.1,33.41,16.41,30.2
-29.987778,29.851667,21-04-2014,135.40001,158.10000000000002,7.9,76.6,25.97,14.33,135.40001
-29.744167,29.905833,21-04-2014,141.6,154.60000000000002,7.7,73.8,26.84,14.99,141.6
-30.733889,29.828333,22-04-2014,130.7,154.10000000000002,7.7,43.100002,26.07,16.25,130.7
-29.380556,30.2775,22-04-2014,135.40001,130.0,6.5,69.9,25.72,14.2699995,131.0
-27.935,26.126667,22-04-2014,194.8,54.6,2.7,0.5,31.07,15.25,51.9
-28.141944,26.417778,22-04-2014,191.90001,61.0,3.0,0.5,30.81,15.549999,57.9
-28.1175,26.719444,22-04-2014,186.2,64.5,3.2,0.5,30.31,15.799999,61.3
-28.116667,26.725278,22-04-2014,186.2,64.5,3.2,0.5,30.31,15.799999,61.3
-29.160278,26.573333,22-04-2014,192.5,58.2,2.9000000000000004,0.5,30.519999,14.58,55.3
-33.501667,21.624167,22-04-2014,184.0,9.3,0.5,0.1,28.39,12.3,8.900001
-27.01011111,26.69808333,23-04-2014,180.0,91.9,4.6000000000000005,0.6,29.699999,15.98,87.3
-25.127778,27.628889,23-04-2014,173.40001,185.3,9.3,6.9,31.48,18.26,173.40001
-25.20639,27.558,23-04-2014,174.0,182.3,9.1,4.7000003,31.42,18.19,173.3
-24.39619444,27.08983333,23-04-2014,175.2,163.4,8.200000000000001,1.9,32.489998,19.67,155.3
-24.69514,27.40906,23-04-2014,178.1,182.4,9.1,2.6000001,32.2,19.41,173.3
-26.970278,27.211111,23-04-2014,170.40001,108.4,5.4,2.4,28.98,15.509999,103.1
-26.880278,26.965,23-04-2014,172.40001,104.80000000000001,5.2,2.2,29.41,15.83,99.700005
-26.98472222,26.63227778,23-04-2014,178.2,93.4,4.7,0.6,29.789999,16.07,88.8
-28.1175,26.719444,23-04-2014,186.2,64.5,3.2,0.5,30.31,15.799999,61.3
-28.116667,26.725278,23-04-2014,186.2,64.5,3.2,0.5,30.31,15.799999,61.3
-27.671111,27.236944,23-04-2014,177.90001,80.4,4.0,0.6,29.74,15.309999,76.4
-28.69485,28.23487,23-04-2014,157.3,91.80000000000001,4.6000000000000005,10.1,26.359999,13.08,104.5
-29.615556,27.065278,23-04-2014,180.8,71.2,3.6,0.5,29.189999,13.889999,67.700005
-28.883333,27.89,23-04-2014,161.3,90.80000000000001,4.5,10.900001,27.09,13.559999,104.9
-28.760833,17.730278,24-04-2014,252.2,0.5,0.0,0.0,35.54,19.539999,0.5
-30.13573889,30.67422222,24-04-2014,137.8,141.6,7.1000000000000005,62.100002,27.349998,20.029999,136.3
-27.38972222,26.46388889,24-04-2014,189.40001,74.10000000000001,3.7,0.6,30.619999,16.06,70.4
-28.141944,26.417778,24-04-2014,191.90001,61.0,3.0,0.5,30.81,15.549999,57.9
-28.1175,26.719444,24-04-2014,186.2,64.5,3.2,0.5,30.31,15.799999,61.3
-28.116667,26.725278,24-04-2014,186.2,64.5,3.2,0.5,30.31,15.799999,61.3
-27.398611,26.614722,24-04-2014,187.7,75.8,3.8000000000000003,0.6,30.41,16.07,72.0
-28.376944,24.303056,24-04-2014,212.7,35.2,1.8,0.2,33.579998,17.109999,33.4
-30.160091,27.40124,24-04-2014,173.5,79.30000000000001,4.0,0.7,28.609999,13.88,75.4
-30.336111,27.359444,24-04-2014,173.6,79.7,4.0,0.7,28.64,13.41,75.8
-27.356667,27.286389,24-04-2014,177.3,91.9,4.6000000000000005,0.7,29.38,15.46,87.3
-30.830556,26.921389,25-04-2014,177.6,66.4,3.3000000000000003,0.6,29.33,13.03,63.100002
-27.902778,24.615556,25-04-2014,210.3,43.0,2.1,0.2,33.66,17.24,40.8
-31.000833,26.353056,25-04-2014,180.0,50.2,2.5,0.4,29.099998,12.38,47.7
-30.679722,26.7125,25-04-2014,183.40001,61.2,3.1,0.5,30.199999,13.58,58.2
-30.534167,24.961944,25-04-2014,210.7,26.5,1.3,0.0,31.84,14.7699995,25.2
-29.140556,31.391944,29-04-2014,143.3,112.30000000000001,5.6000000000000005,5.5,28.529999,19.8,107.200005
-25.99136,27.84208,29-04-2014,160.1,177.9,8.9,13.0,27.859999,15.42,160.1
-28.747778,31.745833,29-04-2014,150.8,114.9,5.7,5.1,29.96,20.33,109.6
-28.801278,31.955389,29-04-2014,147.6,142.1,7.1000000000000005,7.0,29.3,20.17,135.8
-26.73806,27.59194,29-04-2014,164.40001,130.0,6.5,3.1000001,27.939999,14.929999,123.8
-26.45,28.085833,29-04-2014,159.7,154.3,7.7,3.8,27.4,14.45,146.90001
-27.935,26.126667,29-04-2014,194.8,54.6,2.7,0.5,31.07,15.25,51.9
-28.1175,26.719444,29-04-2014,186.2,64.5,3.2,0.5,30.31,15.799999,61.3
-27.671111,27.236944,29-04-2014,177.90001,80.4,4.0,0.6,29.74,15.309999,76.4
-28.404444,30.013056,30-04-2014,160.8,110.60000000000001,5.5,17.1,29.119999,15.559999,134.40001
-27.169444,29.233889,30-04-2014,152.1,156.3,7.800000000000001,3.6000001,26.42,13.179999,148.8
-26.861111,28.884722,30-04-2014,156.1,156.20000000000002,7.800000000000001,4.4,26.789999,13.45,148.8
-26.98472222,26.63227778,30-04-2014,178.2,93.4,4.7,0.6,29.789999,16.07,88.8
-25.45963889,28.26430556,30-04-2014,164.7,201.20000000000002,10.100000000000001,30.5,29.789999,16.67,164.7
-28.058889,30.373611,30-04-2014,155.7,151.8,7.6000000000000005,45.4,27.98,14.679999,151.5
-27.495556,26.074722,30-04-2014,192.0,65.60000000000001,3.3000000000000003,0.6,30.849998,15.71,62.4
-29.033333,23.983333,05-10-2011,221.90001,37.6,1.9000000000000001,0.2,36.34,17.33,35.8
-29.033333,23.983333,25-10-2011,221.90001,37.6,1.9000000000000001,0.2,36.34,17.33,35.8
-29.033333,23.983333,02-11-2011,221.90001,37.6,1.9000000000000001,0.2,36.34,17.33,35.8
-29.033333,23.983333,16-11-2011,221.90001,37.6,1.9000000000000001,0.2,36.34,17.33,35.8
-29.033333,23.983333,14-12-2011,221.90001,37.6,1.9000000000000001,0.2,36.34,17.33,35.8
-29.033333,23.983333,11-01-2012,227.90001,23.200000000000003,1.2000000000000002,0.2,33.51,13.59,22.0
-29.033333,23.983333,25-01-2012,202.3,84.5,4.2,0.2,32.71,16.17,80.3
-29.033333,23.983333,22-02-2012,202.3,84.5,4.2,0.2,32.71,16.17,80.3
-25.81048333,27.90955222,01-05-2014,163.7,182.20000000000002,9.1,13.5,28.859999,16.44,163.7
-27.937778,31.209444,01-05-2014,151.1,252.0,30.1,78.3,28.66,17.72,151.1
-27.5275,30.858056,01-05-2014,145.8,325.70000000000005,114.7,72.8,27.18,15.849999,145.8
-29.033333,23.983333,06-06-2012,202.3,84.5,4.2,0.2,32.71,16.17,80.3
-29.033333,23.983333,13-06-2012,202.3,84.5,4.2,0.2,32.71,16.17,80.3
-29.033333,23.983333,26-06-2012,202.3,84.5,4.2,0.2,32.71,16.17,80.3
-29.033333,23.983333,27-06-2012,202.3,84.5,4.2,0.2,32.71,16.17,80.3
-29.033333,23.983333,11-07-2012,236.2,33.300000000000004,1.7000000000000002,0.2,35.89,17.449999,31.7
-29.033333,23.983333,18-07-2012,236.2,33.300000000000004,1.7000000000000002,0.2,35.89,17.449999,31.7
-29.033333,23.983333,25-07-2012,236.2,33.300000000000004,1.7000000000000002,0.2,35.89,17.449999,31.7
-27.02314,28.59389,01-05-2014,158.2,145.3,7.300000000000001,3.9,27.3,13.71,138.40001
-29.033333,23.983333,22-08-2012,236.2,33.300000000000004,1.7000000000000002,0.2,35.89,17.449999,31.7
-29.033333,23.983333,05-09-2012,236.2,33.300000000000004,1.7000000000000002,0.2,35.89,17.449999,31.7
-29.033333,23.983333,19-09-2012,236.2,33.300000000000004,1.7000000000000002,0.2,35.89,17.449999,31.7
-29.033333,23.983333,17-10-2012,236.2,33.300000000000004,1.7000000000000002,0.2,35.89,17.449999,31.7
-29.033333,23.983333,31-10-2012,236.2,33.300000000000004,1.7000000000000002,0.2,35.89,17.449999,31.7
-29.033333,23.983333,14-11-2012,236.2,33.300000000000004,1.7000000000000002,0.2,35.89,17.449999,31.7
-29.033333,23.983333,28-11-2012,236.2,33.300000000000004,1.7000000000000002,0.2,35.89,17.449999,31.7
-29.033333,23.983333,27-02-2013,205.40001,73.0,3.7,0.2,32.82,16.42,69.4
-26.970278,27.211111,01-05-2014,170.40001,108.4,5.4,2.4,28.98,15.509999,103.1
-26.880278,26.965,01-05-2014,172.40001,104.80000000000001,5.2,2.2,29.41,15.83,99.700005
-29.744167,29.905833,02-05-2014,141.6,154.60000000000002,7.7,73.8,26.84,14.99,141.6
-34.031944,22.053333,03-05-2014,153.90001,20.200000000000003,1.0,1.3000001,26.06,15.16,19.300001
-34.039722,22.133333,03-05-2014,152.40001,21.8,1.1,1.4,25.89,15.5,20.800001
-26.970278,27.211111,05-05-2014,170.40001,108.4,5.4,2.4,28.98,15.509999,103.1
-26.45,28.085833,05-05-2014,159.7,154.3,7.7,3.8,27.4,14.45,146.90001
-27.935,26.126667,05-05-2014,194.8,54.6,2.7,0.5,31.07,15.25,51.9
-29.033333,23.983333,24-07-2013,219.8,38.300000000000004,1.9000000000000001,0.2,35.67,18.5,36.4
-28.141944,26.417778,05-05-2014,191.90001,61.0,3.0,0.5,30.81,15.549999,57.9
-28.116667,26.725278,05-05-2014,186.2,64.5,3.2,0.5,30.31,15.799999,61.3
-27.671111,27.236944,05-05-2014,177.90001,80.4,4.0,0.6,29.74,15.309999,76.4
-32.502778,19.535833,05-05-2014,233.8,0.6000000000000001,0.0,0.4,32.55,14.71,0.6
-27.01011111,26.69808333,06-05-2014,180.0,91.9,4.6000000000000005,0.6,29.699999,15.98,87.3
-29.641944,30.6875,06-05-2014,140.5,113.9,5.7,63.8,27.65,18.609999,128.6
-25.127778,27.628889,06-05-2014,173.40001,185.3,9.3,6.9,31.48,18.26,173.40001
-25.20639,27.558,06-05-2014,174.0,182.3,9.1,4.7000003,31.42,18.19,173.3
-24.69514,27.40906,06-05-2014,178.1,182.4,9.1,2.6000001,32.2,19.41,173.3
-26.006389,29.253889,06-05-2014,149.3,221.3,20.3,56.7,26.609999,13.73,149.3
-28.1175,26.719444,06-05-2014,186.2,64.5,3.2,0.5,30.31,15.799999,61.3
-27.398611,26.614722,06-05-2014,187.7,75.8,3.8000000000000003,0.6,30.41,16.07,72.0
-28.338333,31.373611,06-05-2014,146.90001,242.5,40.1,61.7,28.67,17.83,146.90001
-28.068333,31.55,06-05-2014,154.90001,230.4,16.3,65.3,30.8,20.27,154.90001
-27.495556,26.074722,06-05-2014,192.0,65.60000000000001,3.3000000000000003,0.6,30.849998,15.71,62.4
-27.4,26.624722,06-05-2014,187.7,75.8,3.8000000000000003,0.6,30.41,16.07,72.0
-28.44555556,32.325,03-07-2014,140.7,223.9,16.400000000000002,74.8,28.46,20.539999,140.7
-26.648056,27.089444,07-05-2014,168.6,118.9,5.9,2.9,28.789999,15.339999,113.200005
-29.651389,22.746389,07-05-2014,248.2,11.3,0.6000000000000001,0.0,34.86,17.9,10.8
-24.39619444,27.08983333,08-05-2014,175.2,163.4,8.200000000000001,1.9,32.489998,19.67,155.3
-29.161667,30.629722,08-05-2014,138.1,123.10000000000001,6.2,57.2,26.07,15.12,130.3
-29.033333,23.983333,06-08-2014,229.8,26.700000000000003,1.3,0.2,35.67,17.85,25.4
-29.033333,23.983333,20-08-2014,229.8,26.700000000000003,1.3,0.2,35.67,17.85,25.4
-29.033333,23.983333,03-09-2014,229.8,26.700000000000003,1.3,0.2,35.67,17.85,25.4
-28.376944,24.303056,08-05-2014,212.7,35.2,1.8,0.2,33.579998,17.109999,33.4
-34.031944,22.053333,08-05-2014,153.90001,20.200000000000003,1.0,1.3000001,26.06,15.16,19.300001
-34.039722,22.133333,08-05-2014,152.40001,21.8,1.1,1.4,25.89,15.5,20.800001
-34.005833,22.351111,08-05-2014,146.0,29.3,1.5,1.7,24.9,15.299999,27.9
-23.838611,31.640833,09-05-2014,141.5,185.4,9.3,35.4,33.14,21.01,141.5
-27.902778,24.615556,09-05-2014,210.3,43.0,2.1,0.2,33.66,17.24,40.8
-25.99136,27.84208,12-05-2014,160.1,177.9,8.9,13.0,27.859999,15.42,160.1
-28.735556,29.820556,12-05-2014,159.40001,110.5,5.5,15.900001,29.41,16.039999,132.3
-31.396,29.2651,12-05-2014,133.3,140.3,7.0,5.3,26.73,18.289999,133.3
-31.554722,29.245556,12-05-2014,123.6,150.1,7.5,24.4,25.49,17.25,123.6
-29.033333,23.983333,23-09-2015,230.7,5.5,0.30000000000000004,0.1,36.78,17.77,5.3
-33.818056,19.694722,12-05-2014,200.1,2.2,0.1,6.0,29.89,15.04,3.3
-33.13083,18.86278,12-05-2014,212.90001,1.8,0.1,10.0,31.14,16.23,3.9
-27.01011111,26.69808333,13-05-2014,180.0,91.9,4.6000000000000005,0.6,29.699999,15.98,87.3
-25.681111,31.783333,13-05-2014,135.7,212.4,10.600000000000001,72.8,30.21,19.01,135.7
-25.67386,31.57527,13-05-2014,142.40001,234.8,11.700000000000001,88.0,30.88,20.16,142.40001
-26.648056,27.089444,13-05-2014,168.6,118.9,5.9,2.9,28.789999,15.339999,113.200005
-26.970278,27.211111,13-05-2014,170.40001,108.4,5.4,2.4,28.98,15.509999,103.1
-27.273889,28.49,13-05-2014,158.8,133.9,6.7,7.6,27.21,13.58,129.2
-26.98472222,26.63227778,13-05-2014,178.2,93.4,4.7,0.6,29.789999,16.07,88.8
-29.160278,26.573333,13-05-2014,192.5,58.2,2.9000000000000004,0.5,30.519999,14.58,55.3
-30.568333,29.422778,13-05-2014,136.5,135.5,6.800000000000001,12.8,25.369999,12.7699995,130.3
-31.104278,29.399722,13-05-2014,132.6,142.20000000000002,7.1000000000000005,8.6,26.49,16.96,132.6
-34.092222,21.295278,13-05-2014,168.8,11.5,0.6000000000000001,1.1,28.039999,15.23,10.900001
-34.075556,20.145556,13-05-2014,181.7,2.3000000000000003,0.1,2.2,29.529999,15.73,2.3
-25.45963889,28.26430556,13-05-2014,164.7,201.20000000000002,10.100000000000001,30.5,29.789999,16.67,164.7
-25.81048333,27.90955222,14-05-2014,163.7,182.20000000000002,9.1,13.5,28.859999,16.44,163.7
-24.183889,30.823889,14-05-2014,139.7,236.5,11.8,86.8,31.4,19.81,139.7
-24.058889,31.237222,14-05-2014,137.5,203.5,10.200000000000001,56.8,31.949999,20.43,137.5
-25.67386,31.57527,14-05-2014,142.40001,234.8,11.700000000000001,88.0,30.88,20.16,142.40001
-26.905,32.324722,14-05-2014,147.40001,151.6,7.6000000000000005,4.6,32.219997,20.41,144.2
-29.744167,29.905833,14-05-2014,141.6,154.60000000000002,7.7,73.8,26.84,14.99,141.6
-27.169444,29.233889,14-05-2014,152.1,156.3,7.800000000000001,3.6000001,26.42,13.179999,148.8
-26.861111,28.884722,14-05-2014,156.1,156.20000000000002,7.800000000000001,4.4,26.789999,13.45,148.8
-26.73806,27.59194,14-05-2014,164.40001,130.0,6.5,3.1000001,27.939999,14.929999,123.8
-26.45,28.085833,14-05-2014,159.7,154.3,7.7,3.8,27.4,14.45,146.90001
-27.3,28.586944,14-05-2014,158.0,135.4,6.800000000000001,9.1,27.24,13.509999,131.90001
-26.98472222,26.63227778,14-05-2014,178.2,93.4,4.7,0.6,29.789999,16.07,88.8
-27.573056,24.746389,14-05-2014,211.90001,49.900000000000006,2.5,0.3,33.27,16.98,47.4
-30.570833,29.150556,14-05-2014,138.0,135.4,6.800000000000001,7.1,25.23,12.62,129.90001
-33.7075,18.97444444,14-05-2014,203.90001,3.0,0.2,12.900001,29.779999,16.039999,6.1
-32.94583,18.33667,14-05-2014,197.8,1.2000000000000002,0.1,5.8,28.09,15.12,2.1000001
-27.363611,31.783333,15-05-2014,147.1,189.60000000000002,9.5,40.0,30.57,19.65,147.1
-31.031389,28.883333,15-05-2014,137.90001,136.8,6.800000000000001,4.8,26.42,14.98,130.5
-30.86013889,29.07125,15-05-2014,139.3,132.9,6.6000000000000005,4.3,26.82,15.49,126.700005
-30.77586667,29.03221667,15-05-2014,140.3,133.20000000000002,6.7,3.9,26.75,15.21,126.9
-33.38056,19.30167,15-05-2014,195.7,2.2,0.1,8.6,27.97,13.0,4.0
-33.08883333,19.21878333,15-05-2014,198.90001,1.7000000000000002,0.1,5.6,27.48,12.15,2.4
-24.679167,30.8025,16-05-2014,133.7,374.20000000000005,129.0,125.9,26.49,15.67,133.7
-27.602222,29.942778,16-05-2014,162.40001,185.10000000000002,9.3,19.7,28.81,14.96,162.40001
-28.116667,26.725278,16-05-2014,186.2,64.5,3.2,0.5,30.31,15.799999,61.3
-29.7775,29.470833,19-05-2014,137.8,169.5,31.700000000000003,42.9,24.81,12.46,137.8
-29.987778,29.851667,19-05-2014,135.40001,158.10000000000002,7.9,76.6,25.97,14.33,135.40001
-29.744167,29.905833,19-05-2014,141.6,154.60000000000002,7.7,73.8,26.84,14.99,141.6
-26.73806,27.59194,19-05-2014,164.40001,130.0,6.5,3.1000001,27.939999,14.929999,123.8
-26.45,28.085833,19-05-2014,159.7,154.3,7.7,3.8,27.4,14.45,146.90001
-27.935,26.126667,19-05-2014,194.8,54.6,2.7,0.5,31.07,15.25,51.9
-27.671111,27.236944,19-05-2014,177.90001,80.4,4.0,0.6,29.74,15.309999,76.4
-29.160278,26.573333,19-05-2014,192.5,58.2,2.9000000000000004,0.5,30.519999,14.58,55.3
-33.31388889,19.07472222,19-05-2014,209.40001,2.2,0.1,11.2,30.599998,15.5199995,4.6
-27.01011111,26.69808333,20-05-2014,180.0,91.9,4.6000000000000005,0.6,29.699999,15.98,87.3
-34.065833,20.404167,20-05-2014,178.0,3.1,0.2,1.8000001,30.099998,16.57,3.0
-25.127778,27.628889,20-05-2014,173.40001,185.3,9.3,6.9,31.48,18.26,173.40001
-24.39619444,27.08983333,20-05-2014,175.2,163.4,8.200000000000001,1.9,32.489998,19.67,155.3
-24.69514,27.40906,20-05-2014,178.1,182.4,9.1,2.6000001,32.2,19.41,173.3
-26.03611,30.99778,20-05-2014,148.1,363.6,91.30000000000001,139.7,28.5,18.08,148.1
-30.733889,29.828333,20-05-2014,130.7,154.10000000000002,7.7,43.100002,26.07,16.25,130.7
-29.380556,30.2775,20-05-2014,135.40001,130.0,6.5,69.9,25.72,14.2699995,131.0
-27.169444,29.233889,20-05-2014,152.1,156.3,7.800000000000001,3.6000001,26.42,13.179999,148.8
-26.861111,28.884722,20-05-2014,156.1,156.20000000000002,7.800000000000001,4.4,26.789999,13.45,148.8
-27.00222,28.76528,20-05-2014,156.7,149.20000000000002,7.5,3.9,27.08,13.599999,142.1
-27.273889,28.49,20-05-2014,158.8,133.9,6.7,7.6,27.21,13.58,129.2
-27.3,28.586944,20-05-2014,158.0,135.4,6.800000000000001,9.1,27.24,13.509999,131.90001
-26.98472222,26.63227778,20-05-2014,178.2,93.4,4.7,0.6,29.789999,16.07,88.8
-28.141944,26.417778,20-05-2014,191.90001,61.0,3.0,0.5,30.81,15.549999,57.9
-28.1175,26.719444,20-05-2014,186.2,64.5,3.2,0.5,30.31,15.799999,61.3
-29.042222,24.6,20-05-2014,219.1,31.0,1.6,0.1,33.489998,16.48,29.5
-29.033333,23.983333,20-05-2014,217.3,27.5,1.4000000000000001,0.2,34.09,16.64,26.2
-28.69485,28.23487,20-05-2014,157.3,91.80000000000001,4.6000000000000005,10.1,26.359999,13.08,104.5
-28.883333,27.89,20-05-2014,161.3,90.80000000000001,4.5,10.900001,27.09,13.559999,104.9
-27.495556,26.074722,20-05-2014,192.0,65.60000000000001,3.3000000000000003,0.6,30.849998,15.71,62.4
-25.20639,27.558,21-05-2014,174.0,182.3,9.1,4.7000003,31.42,18.19,173.3
-23.658056,31.05,21-05-2014,139.0,172.70000000000002,8.6,25.800001,32.16,20.539999,139.0
-23.281,30.54305556,21-05-2014,140.40001,174.5,8.700000000000001,32.4,31.13,20.22,140.40001
-30.398056,30.601944,21-05-2014,135.7,159.4,8.0,47.100002,27.039999,20.08,135.7
-26.648056,27.089444,21-05-2014,168.6,118.9,5.9,2.9,28.789999,15.339999,113.200005
-26.970278,27.211111,21-05-2014,170.40001,108.4,5.4,2.4,28.98,15.509999,103.1
-26.880278,26.965,21-05-2014,172.40001,104.80000000000001,5.2,2.2,29.41,15.83,99.700005
-27.671111,27.236944,21-05-2014,177.90001,80.4,4.0,0.6,29.74,15.309999,76.4
-29.028629,24.638389,21-05-2014,218.2,31.8,1.6,0.1,33.41,16.41,30.2
-30.160091,27.40124,21-05-2014,173.5,79.30000000000001,4.0,0.7,28.609999,13.88,75.4
-30.336111,27.359444,21-05-2014,173.6,79.7,4.0,0.7,28.64,13.41,75.8
-34.405833,19.600556,21-05-2014,158.3,3.2,0.2,9.0,25.16,14.839999,5.0
-27.356667,27.286389,21-05-2014,177.3,91.9,4.6000000000000005,0.7,29.38,15.46,87.3
-30.830556,26.921389,22-05-2014,177.6,66.4,3.3000000000000003,0.6,29.33,13.03,63.100002
-22.769722,30.886944,22-05-2014,143.1,208.5,10.4,58.8,32.18,20.38,143.1
-30.13573889,30.67422222,22-05-2014,137.8,141.6,7.1000000000000005,62.100002,27.349998,20.029999,136.3
-27.398611,26.614722,22-05-2014,187.7,75.8,3.8000000000000003,0.6,30.41,16.07,72.0
-28.376944,24.303056,22-05-2014,212.7,35.2,1.8,0.2,33.579998,17.109999,33.4
-29.658056,25.973333,22-05-2014,194.1,42.1,2.1,0.4,30.32,14.53,40.0
-31.000833,26.353056,22-05-2014,180.0,50.2,2.5,0.4,29.099998,12.38,47.7
-30.679722,26.7125,22-05-2014,183.40001,61.2,3.1,0.5,30.199999,13.58,58.2
-34.329722,18.990278,22-05-2014,157.6,3.4000000000000004,0.2,18.0,24.109999,14.63,8.3
-33.897778,20.012778,22-05-2014,193.5,2.0,0.1,1.9,30.31,15.37,2.0
-29.615556,27.065278,23-05-2014,180.8,71.2,3.6,0.5,29.189999,13.889999,67.700005
-29.803611,30.516111,23-05-2014,134.8,135.9,6.800000000000001,80.1,26.66,16.92,132.7
-25.99136,27.84208,26-05-2014,160.1,177.9,8.9,13.0,27.859999,15.42,160.1
-23.838611,31.640833,26-05-2014,141.5,185.4,9.3,35.4,33.14,21.01,141.5
-27.01011111,26.69808333,27-05-2014,180.0,91.9,4.6000000000000005,0.6,29.699999,15.98,87.3
-29.140556,31.391944,27-05-2014,143.3,112.30000000000001,5.6000000000000005,5.5,28.529999,19.8,107.200005
-28.801278,31.955389,27-05-2014,147.6,142.1,7.1000000000000005,7.0,29.3,20.17,135.8
-26.970278,27.211111,27-05-2014,170.40001,108.4,5.4,2.4,28.98,15.509999,103.1
-26.98472222,26.63227778,27-05-2014,178.2,93.4,4.7,0.6,29.789999,16.07,88.8
-33.501667,21.624167,27-05-2014,184.0,9.3,0.5,0.1,28.39,12.3,8.900001
-25.45963889,28.26430556,27-05-2014,164.7,201.20000000000002,10.100000000000001,30.5,29.789999,16.67,164.7
-25.81048333,27.90955222,28-05-2014,163.7,182.20000000000002,9.1,13.5,28.859999,16.44,163.7
-22.935,28.004167,28-05-2014,161.5,123.2,6.2,0.2,32.68,19.869999,117.0
-24.282222,28.090278,28-05-2014,157.3,219.70000000000002,11.0,52.9,29.84,17.3,157.3
-23.763056,27.908611,28-05-2014,157.7,176.8,8.8,11.6,31.179998,18.539999,157.7
-28.747778,31.745833,28-05-2014,150.8,114.9,5.7,5.1,29.96,20.33,109.6
-27.937778,31.209444,28-05-2014,151.1,252.0,30.1,78.3,28.66,17.72,151.1
-28.404444,30.013056,28-05-2014,160.8,110.60000000000001,5.5,17.1,29.119999,15.559999,134.40001
-29.744167,29.905833,28-05-2014,141.6,154.60000000000002,7.7,73.8,26.84,14.99,141.6
-27.00222,28.76528,28-05-2014,156.7,149.20000000000002,7.5,3.9,27.08,13.599999,142.1
-31.436944,20.474722,28-05-2014,236.8,1.2000000000000002,0.1,0.0,31.529999,13.23,1.1
-29.1825,23.575556,28-05-2014,226.40001,21.5,1.1,0.1,34.5,17.06,20.4
-28.768056,20.720556,28-05-2014,260.2,3.4000000000000004,0.2,0.0,36.43,17.619999,3.3
-28.058889,30.373611,28-05-2014,155.7,151.8,7.6000000000000005,45.4,27.98,14.679999,151.5
-22.225556,29.990556,29-05-2014,151.40001,115.0,5.800000000000001,0.2,33.01,21.64,109.3
-22.91028,29.61111,29-05-2014,142.5,187.8,9.4,37.3,30.55,18.939999,142.5
-27.5275,30.858056,29-05-2014,145.8,325.70000000000005,114.7,72.8,27.18,15.849999,145.8
-27.398611,26.614722,29-05-2014,187.7,75.8,3.8000000000000003,0.6,30.41,16.07,72.0
-27.573056,24.746389,29-05-2014,211.90001,49.900000000000006,2.5,0.3,33.27,16.98,47.4
-25.57877778,29.12747222,29-05-2014,160.6,226.4,16.5,50.4,29.269999,15.839999,160.6
-27.398611,26.614722,30-05-2014,187.7,75.8,3.8000000000000003,0.6,30.41,16.07,72.0
-29.160278,26.573333,02-06-2014,192.5,58.2,2.9000000000000004,0.5,30.519999,14.58,55.3
-24.670833,28.560833,03-06-2014,159.5,255.4,29.900000000000002,70.4,29.83,16.71,159.5
-25.127778,27.628889,03-06-2014,173.40001,185.3,9.3,6.9,31.48,18.26,173.40001
-25.20639,27.558,03-06-2014,174.0,182.3,9.1,4.7000003,31.42,18.19,173.3
-24.69514,27.40906,03-06-2014,178.1,182.4,9.1,2.6000001,32.2,19.41,173.3
-27.935,26.126667,03-06-2014,194.8,54.6,2.7,0.5,31.07,15.25,51.9
-28.141944,26.417778,03-06-2014,191.90001,61.0,3.0,0.5,30.81,15.549999,57.9
-28.338333,31.373611,03-06-2014,146.90001,242.5,40.1,61.7,28.67,17.83,146.90001
-28.068333,31.55,03-06-2014,154.90001,230.4,16.3,65.3,30.8,20.27,154.90001
-29.641944,30.6875,04-06-2014,140.5,113.9,5.7,63.8,27.65,18.609999,128.6
-24.39619444,27.08983333,04-06-2014,175.2,163.4,8.200000000000001,1.9,32.489998,19.67,155.3
-28.44555556,32.325,30-07-2014,157.2,88.7,4.4,28.7,30.529999,20.81,130.40001
-28.75,30.442778,04-06-2014,162.0,108.80000000000001,5.4,16.300001,30.32,17.76,131.40001
-29.161667,30.629722,04-06-2014,138.1,123.10000000000001,6.2,57.2,26.07,15.12,130.3
-34.005833,22.351111,04-06-2014,146.0,29.3,1.5,1.7,24.9,15.299999,27.9
-26.98472222,26.63227778,05-06-2014,178.2,93.4,4.7,0.6,29.789999,16.07,88.8
-27.902778,24.615556,05-06-2014,210.3,43.0,2.1,0.2,33.66,17.24,40.8
-33.970833,22.548333,05-06-2014,143.0,37.6,1.9000000000000001,3.2,24.59,15.389999,35.9
-28.308889,31.9025,05-06-2014,150.3,223.20000000000002,15.9,63.7,30.529999,20.9,150.3
-25.99136,27.84208,09-06-2014,160.1,177.9,8.9,13.0,27.859999,15.42,160.1
-26.73806,27.59194,09-06-2014,164.40001,130.0,6.5,3.1000001,27.939999,14.929999,123.8
-26.45,28.085833,09-06-2014,159.7,154.3,7.7,3.8,27.4,14.45,146.90001
-27.671111,27.236944,09-06-2014,177.90001,80.4,4.0,0.6,29.74,15.309999,76.4
-31.396,29.2651,09-06-2014,133.3,140.3,7.0,5.3,26.73,18.289999,133.3
-31.554722,29.245556,09-06-2014,123.6,150.1,7.5,24.4,25.49,17.25,123.6
-33.818056,19.694722,09-06-2014,200.1,2.2,0.1,6.0,29.89,15.04,3.3
-23.658056,31.05,10-06-2014,139.0,172.70000000000002,8.6,25.800001,32.16,20.539999,139.0
-23.281,30.54305556,10-06-2014,140.40001,174.5,8.700000000000001,32.4,31.13,20.22,140.40001
-25.681111,31.783333,10-06-2014,135.7,212.4,10.600000000000001,72.8,30.21,19.01,135.7
-25.362222,31.956667,10-06-2014,130.7,199.5,10.0,66.9,30.74,19.029999,130.7
-28.735556,29.820556,10-06-2014,159.40001,110.5,5.5,15.900001,29.41,16.039999,132.3
-29.615556,27.065278,10-06-2014,180.8,71.2,3.6,0.5,29.189999,13.889999,67.700005
-30.570833,29.150556,10-06-2014,138.0,135.4,6.800000000000001,7.1,25.23,12.62,129.90001
-34.092222,21.295278,10-06-2014,168.8,11.5,0.6000000000000001,1.1,28.039999,15.23,10.900001
-34.075556,20.145556,10-06-2014,181.7,2.3000000000000003,0.1,2.2,29.529999,15.73,2.3
-31.5653,18.3306,10-06-2014,213.1,0.6000000000000001,0.0,0.2,29.73,14.589999,0.5
-32.94583,18.33667,10-06-2014,197.8,1.2000000000000002,0.1,5.8,28.09,15.12,2.1000001
-25.45963889,28.26430556,10-06-2014,164.7,201.20000000000002,10.100000000000001,30.5,29.789999,16.67,164.7
-25.81048333,27.90955222,11-06-2014,163.7,182.20000000000002,9.1,13.5,28.859999,16.44,163.7
-24.768889,31.39,11-06-2014,134.1,244.20000000000002,12.200000000000001,105.5,30.42,19.49,134.1
-26.905,32.324722,11-06-2014,147.40001,151.6,7.6000000000000005,4.6,32.219997,20.41,144.2
-27.602222,29.942778,11-06-2014,162.40001,185.10000000000002,9.3,19.7,28.81,14.96,162.40001
-27.00222,28.76528,11-06-2014,156.7,149.20000000000002,7.5,3.9,27.08,13.599999,142.1
-27.02314,28.59389,11-06-2014,158.2,145.3,7.300000000000001,3.9,27.3,13.71,138.40001
-27.273889,28.49,11-06-2014,158.8,133.9,6.7,7.6,27.21,13.58,129.2
-27.3,28.586944,11-06-2014,158.0,135.4,6.800000000000001,9.1,27.24,13.509999,131.90001
-27.935,26.126667,11-06-2014,194.8,54.6,2.7,0.5,31.07,15.25,51.9
-28.69485,28.23487,11-06-2014,157.3,91.80000000000001,4.6000000000000005,10.1,26.359999,13.08,104.5
-28.883333,27.89,11-06-2014,161.3,90.80000000000001,4.5,10.900001,27.09,13.559999,104.9
-28.768056,20.720556,11-06-2014,260.2,3.4000000000000004,0.2,0.0,36.43,17.619999,3.3
-30.568333,29.422778,11-06-2014,136.5,135.5,6.800000000000001,12.8,25.369999,12.7699995,130.3
-30.86013889,29.07125,11-06-2014,139.3,132.9,6.6000000000000005,4.3,26.82,15.49,126.700005
-30.77586667,29.03221667,11-06-2014,140.3,133.20000000000002,6.7,3.9,26.75,15.21,126.9
-33.13083,18.86278,11-06-2014,212.90001,1.8,0.1,10.0,31.14,16.23,3.9
-33.7075,18.97444444,11-06-2014,203.90001,3.0,0.2,12.900001,29.779999,16.039999,6.1
-25.57877778,29.12747222,11-06-2014,160.6,226.4,16.5,50.4,29.269999,15.839999,160.6
-22.769722,30.886944,12-06-2014,143.1,208.5,10.4,58.8,32.18,20.38,143.1
-26.006389,29.253889,12-06-2014,149.3,221.3,20.3,56.7,26.609999,13.73,149.3
-25.513889,31.224444,12-06-2014,139.0,288.90000000000003,36.1,125.1,28.539999,18.32,139.0
-27.363611,31.783333,12-06-2014,147.1,189.60000000000002,9.5,40.0,30.57,19.65,147.1
-28.141944,26.417778,12-06-2014,191.90001,61.0,3.0,0.5,30.81,15.549999,57.9
-28.1175,26.719444,12-06-2014,186.2,64.5,3.2,0.5,30.31,15.799999,61.3
-31.436944,20.474722,12-06-2014,236.8,1.2000000000000002,0.1,0.0,31.529999,13.23,1.1
-30.568333,29.422778,12-06-2014,136.5,135.5,6.800000000000001,12.8,25.369999,12.7699995,130.3
-24.99328,30.81444,13-06-2014,123.5,365.5,102.30000000000001,159.5,24.49,13.7699995,123.5
-29.744167,29.905833,13-06-2014,141.6,154.60000000000002,7.7,73.8,26.84,14.99,141.6
-27.573056,24.746389,13-06-2014,211.90001,49.900000000000006,2.5,0.3,33.27,16.98,47.4
-31.436944,20.474722,13-06-2014,236.8,1.2000000000000002,0.1,0.0,31.529999,13.23,1.1
-29.987778,29.851667,16-06-2014,135.40001,158.10000000000002,7.9,76.6,25.97,14.33,135.40001
-29.744167,29.905833,16-06-2014,141.6,154.60000000000002,7.7,73.8,26.84,14.99,141.6
-25.127778,27.628889,17-06-2014,173.40001,185.3,9.3,6.9,31.48,18.26,173.40001
-24.39619444,27.08983333,17-06-2014,175.2,163.4,8.200000000000001,1.9,32.489998,19.67,155.3
-24.69514,27.40906,17-06-2014,178.1,182.4,9.1,2.6000001,32.2,19.41,173.3
-30.733889,29.828333,17-06-2014,130.7,154.10000000000002,7.7,43.100002,26.07,16.25,130.7
-29.380556,30.2775,17-06-2014,135.40001,130.0,6.5,69.9,25.72,14.2699995,131.0
-28.1175,26.719444,17-06-2014,186.2,64.5,3.2,0.5,30.31,15.799999,61.3
-28.116667,26.725278,17-06-2014,186.2,64.5,3.2,0.5,30.31,15.799999,61.3
-33.38056,19.30167,17-06-2014,195.7,2.2,0.1,8.6,27.97,13.0,4.0
-27.01011111,26.69808333,18-06-2014,180.0,91.9,4.6000000000000005,0.6,29.699999,15.98,87.3
-24.183889,30.823889,18-06-2014,139.7,236.5,11.8,86.8,31.4,19.81,139.7
-25.20639,27.558,18-06-2014,174.0,182.3,9.1,4.7000003,31.42,18.19,173.3
-24.058889,31.237222,18-06-2014,137.5,203.5,10.200000000000001,56.8,31.949999,20.43,137.5
-24.034167,31.123611,18-06-2014,137.8,218.10000000000002,10.9,72.5,31.41,19.98,137.8
-30.398056,30.601944,18-06-2014,135.7,159.4,8.0,47.100002,27.039999,20.08,135.7
-26.98472222,26.63227778,18-06-2014,178.2,93.4,4.7,0.6,29.789999,16.07,88.8
-27.935,26.126667,18-06-2014,194.8,54.6,2.7,0.5,31.07,15.25,51.9
-33.31388889,19.07472222,18-06-2014,209.40001,2.2,0.1,11.2,30.599998,15.5199995,4.6
-30.13573889,30.67422222,19-06-2014,137.8,141.6,7.1000000000000005,62.100002,27.349998,20.029999,136.3
-26.970278,27.211111,19-06-2014,170.40001,108.4,5.4,2.4,28.98,15.509999,103.1
-27.398611,26.614722,19-06-2014,187.7,75.8,3.8000000000000003,0.6,30.41,16.07,72.0
-27.671111,27.236944,19-06-2014,177.90001,80.4,4.0,0.6,29.74,15.309999,76.4
-28.376944,24.303056,19-06-2014,212.7,35.2,1.8,0.2,33.579998,17.109999,33.4
-27.4,26.624722,19-06-2014,187.7,75.8,3.8000000000000003,0.6,30.41,16.07,72.0
-24.679167,30.8025,20-06-2014,133.7,374.20000000000005,129.0,125.9,26.49,15.67,133.7
-26.880278,26.965,20-06-2014,172.40001,104.80000000000001,5.2,2.2,29.41,15.83,99.700005
-29.803611,30.516111,20-06-2014,134.8,135.9,6.800000000000001,80.1,26.66,16.92,132.7
-23.838611,31.640833,21-06-2014,141.5,185.4,9.3,35.4,33.14,21.01,141.5
-25.99136,27.84208,23-06-2014,160.1,177.9,8.9,13.0,27.859999,15.42,160.1
-26.73806,27.59194,23-06-2014,164.40001,130.0,6.5,3.1000001,27.939999,14.929999,123.8
-26.45,28.085833,23-06-2014,159.7,154.3,7.7,3.8,27.4,14.45,146.90001
-29.160278,26.573333,23-06-2014,192.5,58.2,2.9000000000000004,0.5,30.519999,14.58,55.3
-29.042222,24.6,23-06-2014,219.1,31.0,1.6,0.1,33.489998,16.48,29.5
-29.033333,23.983333,23-06-2014,217.3,27.5,1.4000000000000001,0.2,34.09,16.64,26.2
-27.01011111,26.69808333,24-06-2014,180.0,91.9,4.6000000000000005,0.6,29.699999,15.98,87.3
-29.140556,31.391944,24-06-2014,143.3,112.30000000000001,5.6000000000000005,5.5,28.529999,19.8,107.200005
-34.065833,20.404167,24-06-2014,178.0,3.1,0.2,1.8000001,30.099998,16.57,3.0
-31.860278,18.6875,24-06-2014,222.90001,0.6000000000000001,0.0,0.5,31.269999,14.589999,0.6
-24.282222,28.090278,24-06-2014,157.3,219.70000000000002,11.0,52.9,29.84,17.3,157.3
-26.03611,30.99778,24-06-2014,148.1,363.6,91.30000000000001,139.7,28.5,18.08,148.1
-25.362222,31.956667,24-06-2014,130.7,199.5,10.0,66.9,30.74,19.029999,130.7
-25.14944444,31.94055556,24-06-2014,130.1,201.0,10.100000000000001,68.700005,30.66,19.25,130.1
-27.169444,29.233889,24-06-2014,152.1,156.3,7.800000000000001,3.6000001,26.42,13.179999,148.8
-26.648056,27.089444,24-06-2014,168.6,118.9,5.9,2.9,28.789999,15.339999,113.200005
-26.970278,27.211111,24-06-2014,170.40001,108.4,5.4,2.4,28.98,15.509999,103.1
-26.880278,26.965,24-06-2014,172.40001,104.80000000000001,5.2,2.2,29.41,15.83,99.700005
-26.98472222,26.63227778,24-06-2014,178.2,93.4,4.7,0.6,29.789999,16.07,88.8
-28.141944,26.417778,24-06-2014,191.90001,61.0,3.0,0.5,30.81,15.549999,57.9
-28.1175,26.719444,24-06-2014,186.2,64.5,3.2,0.5,30.31,15.799999,61.3
-28.116667,26.725278,24-06-2014,186.2,64.5,3.2,0.5,30.31,15.799999,61.3
-29.028629,24.638389,24-06-2014,218.2,31.8,1.6,0.1,33.41,16.41,30.2
-28.69485,28.23487,24-06-2014,157.3,91.80000000000001,4.6000000000000005,10.1,26.359999,13.08,104.5
-29.615556,27.065278,24-06-2014,180.8,71.2,3.6,0.5,29.189999,13.889999,67.700005
-33.501667,21.624167,24-06-2014,184.0,9.3,0.5,0.1,28.39,12.3,8.900001
-25.45963889,28.26430556,24-06-2014,164.7,201.20000000000002,10.100000000000001,30.5,29.789999,16.67,164.7
-25.81048333,27.90955222,25-06-2014,163.7,182.20000000000002,9.1,13.5,28.859999,16.44,163.7
-23.763056,27.908611,25-06-2014,157.7,176.8,8.8,11.6,31.179998,18.539999,157.7
-23.23572222,27.717,25-06-2014,164.3,124.9,6.2,0.4,32.63,20.13,118.700005
-28.404444,30.013056,25-06-2014,160.8,110.60000000000001,5.5,17.1,29.119999,15.559999,134.40001
-29.744167,29.905833,25-06-2014,141.6,154.60000000000002,7.7,73.8,26.84,14.99,141.6
-27.3,28.586944,25-06-2014,158.0,135.4,6.800000000000001,9.1,27.24,13.509999,131.90001
-27.802778,28.768333,25-06-2014,153.90001,128.3,6.4,11.5,26.689999,12.82,141.7
-27.671111,27.236944,25-06-2014,177.90001,80.4,4.0,0.6,29.74,15.309999,76.4
-30.160091,27.40124,25-06-2014,173.5,79.30000000000001,4.0,0.7,28.609999,13.88,75.4
-30.336111,27.359444,25-06-2014,173.6,79.7,4.0,0.7,28.64,13.41,75.8
-34.405833,19.600556,25-06-2014,158.3,3.2,0.2,9.0,25.16,14.839999,5.0
-28.058889,30.373611,25-06-2014,155.7,151.8,7.6000000000000005,45.4,27.98,14.679999,151.5
-29.161667,23.696389,26-06-2014,221.2,23.6,1.2000000000000002,0.1,34.53,17.02,22.5
-30.830556,26.921389,26-06-2014,177.6,66.4,3.3000000000000003,0.6,29.33,13.03,63.100002
-22.91028,29.61111,26-06-2014,142.5,187.8,9.4,37.3,30.55,18.939999,142.5
-26.006389,29.253889,26-06-2014,149.3,221.3,20.3,56.7,26.609999,13.73,149.3
-25.49037,30.6986,26-06-2014,138.8,299.90000000000003,15.0,162.2,27.34,16.41,138.8
-27.5275,30.858056,26-06-2014,145.8,325.70000000000005,114.7,72.8,27.18,15.849999,145.8
-27.4275,28.525833,26-06-2014,157.90001,130.9,6.5,11.7,27.119999,13.38,133.6
-27.38972222,26.46388889,26-06-2014,189.40001,74.10000000000001,3.7,0.6,30.619999,16.06,70.4
-27.398611,26.614722,26-06-2014,187.7,75.8,3.8000000000000003,0.6,30.41,16.07,72.0
-27.573056,24.746389,26-06-2014,211.90001,49.900000000000006,2.5,0.3,33.27,16.98,47.4
-31.000833,26.353056,26-06-2014,180.0,50.2,2.5,0.4,29.099998,12.38,47.7
-30.679722,26.7125,26-06-2014,183.40001,61.2,3.1,0.5,30.199999,13.58,58.2
-33.897778,20.012778,26-06-2014,193.5,2.0,0.1,1.9,30.31,15.37,2.0
-28.7115,24.07288889,27-06-2014,216.3,29.200000000000003,1.5,0.2,34.07,16.94,27.800001
-23.23572222,27.717,27-06-2014,164.3,124.9,6.2,0.4,32.63,20.13,118.700005
-24.058889,31.237222,27-06-2014,137.5,203.5,10.200000000000001,56.8,31.949999,20.43,137.5
-27.902778,24.615556,27-06-2014,210.3,43.0,2.1,0.2,33.66,17.24,40.8
-29.658056,25.973333,27-06-2014,194.1,42.1,2.1,0.4,30.32,14.53,40.0
-30.534167,24.961944,27-06-2014,210.7,26.5,1.3,0.0,31.84,14.7699995,25.2
-26.45,28.085833,30-06-2014,159.7,154.3,7.7,3.8,27.4,14.45,146.90001
-27.671111,27.236944,30-06-2014,177.90001,80.4,4.0,0.6,29.74,15.309999,76.4
-25.57877778,29.12747222,30-06-2014,160.6,226.4,16.5,50.4,29.269999,15.839999,160.6
-25.127778,27.628889,01-07-2014,173.40001,185.3,9.3,6.9,31.48,18.26,173.40001
-25.20639,27.558,01-07-2014,174.0,182.3,9.1,4.7000003,31.42,18.19,173.3
-24.69514,27.40906,01-07-2014,178.1,182.4,9.1,2.6000001,32.2,19.41,173.3
-26.861111,28.884722,01-07-2014,156.1,156.20000000000002,7.800000000000001,4.4,26.789999,13.45,148.8
-26.98472222,26.63227778,01-07-2014,178.2,93.4,4.7,0.6,29.789999,16.07,88.8
-28.1175,26.719444,01-07-2014,186.2,64.5,3.2,0.5,30.31,15.799999,61.3
-27.671111,27.236944,01-07-2014,177.90001,80.4,4.0,0.6,29.74,15.309999,76.4
-34.031944,22.053333,01-07-2014,153.90001,20.200000000000003,1.0,1.3000001,26.06,15.16,19.300001
-34.039722,22.133333,01-07-2014,152.40001,21.8,1.1,1.4,25.89,15.5,20.800001
-28.068333,31.55,01-07-2014,154.90001,230.4,16.3,65.3,30.8,20.27,154.90001
-27.495556,26.074722,01-07-2014,192.0,65.60000000000001,3.3000000000000003,0.6,30.849998,15.71,62.4
-29.161667,23.696389,02-07-2014,221.2,23.6,1.2000000000000002,0.1,34.53,17.02,22.5
-27.01011111,26.69808333,02-07-2014,180.0,91.9,4.6000000000000005,0.6,29.699999,15.98,87.3
-29.641944,30.6875,02-07-2014,140.5,113.9,5.7,63.8,27.65,18.609999,128.6
-24.39619444,27.08983333,02-07-2014,175.2,163.4,8.200000000000001,1.9,32.489998,19.67,155.3
-27.00222,28.76528,02-07-2014,156.7,149.20000000000002,7.5,3.9,27.08,13.599999,142.1
-27.02314,28.59389,02-07-2014,158.2,145.3,7.300000000000001,3.9,27.3,13.71,138.40001
-26.648056,27.089444,02-07-2014,168.6,118.9,5.9,2.9,28.789999,15.339999,113.200005
-26.880278,26.965,02-07-2014,172.40001,104.80000000000001,5.2,2.2,29.41,15.83,99.700005
-27.273889,28.49,02-07-2014,158.8,133.9,6.7,7.6,27.21,13.58,129.2
-27.4275,28.525833,02-07-2014,157.90001,130.9,6.5,11.7,27.119999,13.38,133.6
-27.3,28.586944,02-07-2014,158.0,135.4,6.800000000000001,9.1,27.24,13.509999,131.90001
-28.44555556,32.325,27-08-2014,157.2,88.7,4.4,28.7,30.529999,20.81,130.40001
-27.671111,27.236944,03-07-2014,177.90001,80.4,4.0,0.6,29.74,15.309999,76.4
-34.005833,22.351111,03-07-2014,146.0,29.3,1.5,1.7,24.9,15.299999,27.9
-28.308889,31.9025,03-07-2014,150.3,223.20000000000002,15.9,63.7,30.529999,20.9,150.3
-25.99136,27.84208,07-07-2014,160.1,177.9,8.9,13.0,27.859999,15.42,160.1
-28.735556,29.820556,07-07-2014,159.40001,110.5,5.5,15.900001,29.41,16.039999,132.3
-26.73806,27.59194,07-07-2014,164.40001,130.0,6.5,3.1000001,27.939999,14.929999,123.8
-26.45,28.085833,07-07-2014,159.7,154.3,7.7,3.8,27.4,14.45,146.90001
-26.98472222,26.63227778,07-07-2014,178.2,93.4,4.7,0.6,29.789999,16.07,88.8
-28.1175,26.719444,07-07-2014,186.2,64.5,3.2,0.5,30.31,15.799999,61.3
-28.116667,26.725278,07-07-2014,186.2,64.5,3.2,0.5,30.31,15.799999,61.3
-27.169444,29.233889,08-07-2014,152.1,156.3,7.800000000000001,3.6000001,26.42,13.179999,148.8
-26.861111,28.884722,08-07-2014,156.1,156.20000000000002,7.800000000000001,4.4,26.789999,13.45,148.8
-31.436944,20.474722,08-07-2014,236.8,1.2000000000000002,0.1,0.0,31.529999,13.23,1.1
-31.394444,20.947222,08-07-2014,240.3,2.0,0.1,0.0,32.16,14.059999,1.9
-34.092222,21.295278,08-07-2014,168.8,11.5,0.6000000000000001,1.1,28.039999,15.23,10.900001
-25.45963889,28.26430556,08-07-2014,164.7,201.20000000000002,10.100000000000001,30.5,29.789999,16.67,164.7
-29.161667,23.696389,09-07-2014,236.0,23.3,1.2000000000000002,0.1,36.17,18.47,22.1
-25.81048333,27.90955222,09-07-2014,171.0,57.0,2.8000000000000003,10.2,30.13,16.88,57.3
-25.362222,31.956667,09-07-2014,143.40001,58.900000000000006,2.9000000000000004,40.9,31.65,19.25,81.9
-26.905,32.324722,09-07-2014,161.2,74.0,3.7,4.5,33.88,20.76,70.4
-27.602222,29.942778,09-07-2014,162.3,57.2,2.9000000000000004,13.900001,29.279999,14.799999,60.3
-26.98472222,26.63227778,09-07-2014,184.7,47.6,2.4000000000000004,0.6,31.34,16.539999,45.2
-27.935,26.126667,09-07-2014,197.0,37.5,1.9000000000000001,0.5,32.11,15.91,35.600002
-28.141944,26.417778,09-07-2014,196.0,37.300000000000004,1.9000000000000001,0.5,32.079998,16.25,35.4
-29.033333,23.983333,09-07-2014,229.8,26.700000000000003,1.3,0.2,35.67,17.85,25.4
-30.568333,29.422778,09-07-2014,153.40001,35.2,1.8,10.400001,27.38,13.349999,35.8
-30.570833,29.150556,09-07-2014,154.1,37.5,1.9000000000000001,6.2000003,27.17,13.219999,36.600002
-31.104278,29.399722,09-07-2014,154.5,27.400000000000002,1.4000000000000001,7.4,28.49,17.789999,27.2
-27.4,26.624722,09-07-2014,193.1,41.800000000000004,2.1,0.6,31.89,16.619999,39.7
-27.01011111,26.69808333,10-07-2014,185.5,46.1,2.3000000000000003,0.6,31.179998,16.279999,43.8
-25.436111,31.982222,10-07-2014,145.0,60.300000000000004,3.0,41.4,32.03,19.31,82.700005
-27.363611,31.783333,10-07-2014,156.90001,64.10000000000001,3.2,28.7,32.05,19.46,72.1
-26.648056,27.089444,10-07-2014,174.8,48.1,2.4000000000000004,2.7,29.929998,15.46,45.9
-26.970278,27.211111,10-07-2014,176.1,45.800000000000004,2.3000000000000003,2.2,30.15,15.65,43.7
-26.880278,26.965,10-07-2014,177.5,46.800000000000004,2.3000000000000003,2.1000001,30.529999,15.889999,44.600002
-31.031389,28.883333,10-07-2014,154.40001,31.700000000000003,1.6,4.4,28.349998,15.73,30.5
-30.86013889,29.07125,10-07-2014,158.0,30.5,1.5,4.0,28.81,16.27,29.300001
-30.77586667,29.03221667,10-07-2014,158.7,32.0,1.6,3.6000001,28.74,15.889999,30.7
-31.396,29.2651,11-07-2014,155.2,27.200000000000003,1.4000000000000001,4.7000003,28.92,19.17,26.300001
-29.7775,29.470833,14-07-2014,150.40001,60.800000000000004,3.0,15.8,26.359999,12.82,84.9
-29.744167,29.905833,14-07-2014,157.2,45.800000000000004,2.3000000000000003,29.1,28.699999,15.389999,88.3
-26.45,28.085833,14-07-2014,164.5,50.6,2.5,3.5,28.849998,14.78,48.4
-27.671111,27.236944,14-07-2014,183.40001,40.6,2.0,0.6,30.98,15.45,38.600002
-29.160278,26.573333,14-07-2014,200.8,33.9,1.7000000000000002,0.5,32.719997,15.309999,32.2
-33.818056,19.694722,14-07-2014,212.5,14.700000000000001,0.7000000000000001,5.2000003,31.57,16.5,14.900001
-32.502778,19.535833,14-07-2014,232.90001,2.5,0.1,0.4,34.37,16.41,2.4
-25.57877778,29.12747222,14-07-2014,166.40001,55.400000000000006,2.8000000000000003,18.5,30.289999,15.88,84.5
-25.127778,27.628889,15-07-2014,184.3,47.2,2.4000000000000004,6.3,32.53,18.359999,45.4
-24.39619444,27.08983333,15-07-2014,187.90001,44.0,2.2,1.9,33.04,19.56,41.8
-24.69514,27.40906,15-07-2014,187.0,48.1,2.4000000000000004,2.6000001,32.64,19.4,45.7
-26.006389,29.253889,15-07-2014,153.7,60.900000000000006,3.0,20.9,27.789999,13.849999,93.700005
-30.733889,29.828333,15-07-2014,151.0,31.5,1.6,23.2,28.15,17.109999,49.9
-29.987778,29.851667,15-07-2014,152.90001,43.400000000000006,2.2,30.800001,27.769999,14.79,87.1
-29.380556,30.2775,15-07-2014,149.7,49.400000000000006,2.5,28.300001,27.449999,14.5199995,88.5
-26.861111,28.884722,15-07-2014,158.3,50.7,2.5,4.0,28.16,13.559999,48.5
-26.98472222,26.63227778,15-07-2014,184.7,47.6,2.4000000000000004,0.6,31.34,16.539999,45.2
-28.768056,20.720556,15-07-2014,254.1,11.3,0.6000000000000001,0.0,36.969997,20.359999,10.7
-34.075556,20.145556,15-07-2014,199.2,15.200000000000001,0.8,2.1000001,31.279999,17.32,14.6
-31.5653,18.3306,15-07-2014,219.2,1.2000000000000002,0.1,0.2,31.42,16.65,1.1
-32.94583,18.33667,15-07-2014,204.3,5.5,0.30000000000000004,5.1,29.9,16.89,5.9
-27.495556,26.074722,15-07-2014,199.90001,40.400000000000006,2.0,0.6,32.21,16.32,38.4
-29.161667,23.696389,16-07-2014,236.0,23.3,1.2000000000000002,0.1,36.17,18.47,22.1
-27.01011111,26.69808333,16-07-2014,185.5,46.1,2.3000000000000003,0.6,31.179998,16.279999,43.8
-25.20639,27.558,16-07-2014,182.8,47.6,2.4000000000000004,4.4,32.28,18.19,45.5
-26.03611,30.99778,16-07-2014,157.1,87.5,4.4,92.9,29.3,17.99,129.90001
-30.398056,30.601944,16-07-2014,157.7,32.800000000000004,1.6,26.300001,29.16,20.8,51.9
-26.648056,27.089444,16-07-2014,174.8,48.1,2.4000000000000004,2.7,29.929998,15.46,45.9
-26.970278,27.211111,16-07-2014,176.1,45.800000000000004,2.3000000000000003,2.2,30.15,15.65,43.7
-26.880278,26.965,16-07-2014,177.5,46.800000000000004,2.3000000000000003,2.1000001,30.529999,15.889999,44.600002
-27.044444,27.005,16-07-2014,179.90001,45.5,2.3000000000000003,1.1,30.64,15.98,43.3
-33.13083,18.86278,16-07-2014,209.40001,8.700000000000001,0.4,8.5,32.739998,17.699999,9.7
-28.1175,26.719444,17-07-2014,191.5,38.0,1.9000000000000001,0.5,31.88,16.449999,36.100002
-28.116667,26.725278,17-07-2014,191.5,38.0,1.9000000000000001,0.5,31.88,16.449999,36.100002
-28.376944,24.303056,17-07-2014,225.6,35.7,1.8,0.2,35.7,18.1,34.0
-24.95861111,29.39527778,18-07-2014,174.2,43.5,2.2,13.8,32.38,18.51,65.0
-29.744167,29.905833,18-07-2014,157.2,45.800000000000004,2.3000000000000003,29.1,28.699999,15.389999,88.3
-27.902778,24.615556,18-07-2014,223.7,39.0,2.0,0.2,35.41,18.3,37.100002
-29.803611,30.516111,18-07-2014,151.7,45.2,2.3000000000000003,30.800001,28.59,17.449999,92.3
-29.140556,31.391944,21-07-2014,158.3,113.7,5.7,5.1,30.42,20.17,108.4
-25.99136,27.84208,21-07-2014,168.0,58.7,2.9000000000000004,9.8,29.21,15.929999,58.9
-25.513889,31.224444,21-07-2014,149.3,67.5,3.4000000000000004,71.3,29.66,18.39,118.0
-29.160278,26.573333,21-07-2014,200.8,33.9,1.7000000000000002,0.5,32.719997,15.309999,32.2
-29.042222,24.6,21-07-2014,226.5,29.8,1.5,0.1,35.29,17.779999,28.300001
-29.033333,23.983333,21-07-2014,229.8,26.700000000000003,1.3,0.2,35.67,17.85,25.4
-25.398889,31.610556,22-07-2014,147.0,55.0,2.8000000000000003,43.8,31.24,19.83,90.3
-28.801278,31.955389,22-07-2014,161.1,71.3,3.6,6.3,30.96,20.449999,68.4
-27.935,26.126667,22-07-2014,197.0,37.5,1.9000000000000001,0.5,32.11,15.91,35.600002
-28.1175,26.719444,22-07-2014,191.5,38.0,1.9000000000000001,0.5,31.88,16.449999,36.100002
-28.116667,26.725278,22-07-2014,191.5,38.0,1.9000000000000001,0.5,31.88,16.449999,36.100002
-29.028629,24.638389,22-07-2014,225.2,30.8,1.5,0.1,35.2,17.67,29.2
-28.69485,28.23487,22-07-2014,163.3,49.2,2.5,7.0,28.25,13.42,49.9
-29.615556,27.065278,22-07-2014,188.8,36.9,1.8,0.5,31.38,14.73,35.100002
-28.883333,27.89,22-07-2014,168.90001,47.400000000000006,2.4000000000000004,7.5,29.38,14.12,48.4
-25.45963889,28.26430556,22-07-2014,172.3,51.6,2.6,17.5,30.96,16.949999,62.0
-25.81048333,27.90955222,23-07-2014,171.0,57.0,2.8000000000000003,10.2,30.13,16.88,57.3
-24.282222,28.090278,23-07-2014,171.90001,55.6,2.8000000000000003,25.0,30.609999,17.26,80.8
-28.747778,31.745833,23-07-2014,161.6,73.10000000000001,3.7,4.7000003,31.31,20.27,69.8
-28.404444,30.013056,23-07-2014,165.0,50.5,2.5,11.8,30.439999,15.809999,53.3
-30.160091,27.40124,23-07-2014,182.6,36.6,1.8,0.7,30.88,14.75,34.7
-30.336111,27.359444,23-07-2014,183.3,35.9,1.8,0.7,30.83,14.32,34.2
-33.501667,21.624167,23-07-2014,197.90001,12.8,0.6000000000000001,0.1,30.66,13.889999,12.1
-28.058889,30.373611,23-07-2014,159.1,58.7,2.9000000000000004,19.2,28.82,14.549999,82.0
-22.935,28.004167,24-07-2014,185.5,27.400000000000002,1.4000000000000001,0.2,33.03,20.189999,26.1
-30.830556,26.921389,24-07-2014,189.40001,28.5,1.4000000000000001,0.6,31.5,14.0,27.1
-24.99328,30.81444,24-07-2014,135.40001,78.30000000000001,3.9000000000000004,121.0,25.029999,13.679999,113.0
-27.937778,31.209444,24-07-2014,159.7,118.7,5.9,48.7,30.039999,17.59,142.40001
-27.5275,30.858056,24-07-2014,152.90001,110.80000000000001,5.5,42.7,28.359999,15.58,135.40001
-31.000833,26.353056,24-07-2014,194.1,26.0,1.3,0.4,31.179998,13.559999,24.7
-30.679722,26.7125,24-07-2014,194.3,28.0,1.4000000000000001,0.5,32.66,14.63,26.6
-30.534167,24.961944,24-07-2014,220.90001,22.5,1.1,0.0,33.93,16.21,21.300001
-29.744167,29.905833,25-07-2014,157.2,45.800000000000004,2.3000000000000003,29.1,28.699999,15.389999,88.3
-29.658056,25.973333,25-07-2014,204.0,27.1,1.4000000000000001,0.4,32.77,15.219999,25.800001
-33.38056,19.30167,28-07-2014,206.90001,12.9,0.6000000000000001,7.3,29.96,14.19,13.5
-30.534167,24.961944,16-08-2011,217.8,35.9,1.8,0.0,34.329998,16.26,34.100002
-27.01011111,26.69808333,29-07-2014,185.5,46.1,2.3000000000000003,0.6,31.179998,16.279999,43.8
-30.534167,24.961944,08-09-2011,217.8,35.9,1.8,0.0,34.329998,16.26,34.100002
-30.534167,24.961944,28-09-2011,217.8,35.9,1.8,0.0,34.329998,16.26,34.100002
-30.534167,24.961944,07-10-2011,217.8,35.9,1.8,0.0,34.329998,16.26,34.100002
-30.534167,24.961944,04-11-2011,217.8,35.9,1.8,0.0,34.329998,16.26,34.100002
-30.534167,24.961944,02-12-2011,217.8,35.9,1.8,0.0,34.329998,16.26,34.100002
-30.534167,24.961944,23-12-2011,217.8,35.9,1.8,0.0,34.329998,16.26,34.100002
-30.534167,24.961944,03-02-2012,187.90001,58.0,2.9000000000000004,0.0,30.57,14.38,55.100002
-30.534167,24.961944,02-03-2012,187.90001,58.0,2.9000000000000004,0.0,30.57,14.38,55.100002
-30.534167,24.961944,30-03-2012,187.90001,58.0,2.9000000000000004,0.0,30.57,14.38,55.100002
-30.534167,24.961944,25-05-2012,187.90001,58.0,2.9000000000000004,0.0,30.57,14.38,55.100002
-34.065833,20.404167,29-07-2014,197.5,13.600000000000001,0.7000000000000001,1.7,32.05,18.029999,13.0
-22.91028,29.61111,29-07-2014,165.3,38.6,1.9000000000000001,18.6,31.199999,19.039999,55.3
-30.534167,24.961944,20-07-2012,234.6,22.0,1.1,0.0,33.63,16.1,20.9
-30.534167,24.961944,14-09-2012,234.6,22.0,1.1,0.0,33.63,16.1,20.9
-30.534167,24.961944,12-10-2012,234.6,22.0,1.1,0.0,33.63,16.1,20.9
-30.534167,24.961944,09-11-2012,234.6,22.0,1.1,0.0,33.63,16.1,20.9
-30.534167,24.961944,06-12-2012,234.6,22.0,1.1,0.0,33.63,16.1,20.9
-25.127778,27.628889,29-07-2014,184.3,47.2,2.4000000000000004,6.3,32.53,18.359999,45.4
-30.534167,24.961944,08-02-2013,201.6,57.300000000000004,2.9000000000000004,0.0,30.57,14.45,54.4
-25.20639,27.558,29-07-2014,182.8,47.6,2.4000000000000004,4.4,32.28,18.19,45.5
-24.69514,27.40906,29-07-2014,187.0,48.1,2.4000000000000004,2.6000001,32.64,19.4,45.7
-28.75,30.442778,29-07-2014,168.6,43.400000000000006,2.2,11.3,31.91,17.779999,46.3
-26.880278,26.965,29-07-2014,177.5,46.800000000000004,2.3000000000000003,2.1000001,30.529999,15.889999,44.600002
-30.534167,24.961944,22-05-2014,210.7,26.5,1.3,0.0,31.84,14.7699995,25.2
-26.98472222,26.63227778,29-07-2014,184.7,47.6,2.4000000000000004,0.6,31.34,16.539999,45.2
-28.141944,26.417778,29-07-2014,196.0,37.300000000000004,1.9000000000000001,0.5,32.079998,16.25,35.4
-28.1175,26.719444,29-07-2014,191.5,38.0,1.9000000000000001,0.5,31.88,16.449999,36.100002
-29.651389,22.746389,29-07-2014,239.8,14.600000000000001,0.7000000000000001,0.0,36.14,19.84,13.900001
-30.534167,24.961944,16-10-2014,220.90001,22.5,1.1,0.0,33.93,16.21,21.300001
-30.534167,24.961944,06-11-2014,220.90001,22.5,1.1,0.0,33.93,16.21,21.300001
-30.534167,24.961944,04-12-2014,220.90001,22.5,1.1,0.0,33.93,16.21,21.300001
-30.534167,24.961944,08-01-2015,87.6,30.3,1.5,0.0,17.42,-1.12,28.7
-33.31388889,19.07472222,29-07-2014,216.6,10.700000000000001,0.5,9.5,32.23,16.789999,11.8
-28.338333,31.373611,29-07-2014,157.40001,117.2,5.9,32.5,30.349998,18.279999,140.5
-28.068333,31.55,29-07-2014,164.40001,103.9,5.2,24.0,32.21,20.18,139.90001
-27.495556,26.074722,29-07-2014,199.90001,40.400000000000006,2.0,0.6,32.21,16.32,38.4
-29.161667,23.696389,30-07-2014,236.0,23.3,1.2000000000000002,0.1,36.17,18.47,22.1
-22.225556,29.990556,30-07-2014,179.5,25.5,1.3,0.2,34.27,22.15,24.2
-30.534167,24.961944,22-10-2015,229.2,3.0,0.2,0.0,34.48,15.87,2.9
-31.860278,18.6875,30-07-2014,229.40001,1.8,0.1,0.5,32.899998,16.52,1.7
-24.39619444,27.08983333,30-07-2014,187.90001,44.0,2.2,1.9,33.04,19.56,41.8
-23.281,30.54305556,30-07-2014,160.7,55.2,2.8000000000000003,22.6,31.84,20.42,62.2
-28.44555556,32.325,22-10-2014,157.2,88.7,4.4,28.7,30.529999,20.81,130.40001
-29.161667,30.629722,30-07-2014,148.40001,50.7,2.5,25.5,27.5,15.559999,79.9
-31.436944,20.474722,24-04-2014,236.8,1.2000000000000002,0.1,0.0,31.529999,13.23,1.1
-26.861111,28.884722,30-07-2014,158.3,50.7,2.5,4.0,28.16,13.559999,48.5
-26.73806,27.59194,30-07-2014,168.90001,48.900000000000006,2.4000000000000004,2.8,29.3,15.219999,46.7
-26.45,28.085833,30-07-2014,164.5,50.6,2.5,3.5,28.849998,14.78,48.4
-27.38972222,26.46388889,30-07-2014,195.40001,41.6,2.1,0.6,32.04,16.76,39.5
-27.398611,26.614722,30-07-2014,193.1,41.800000000000004,2.1,0.6,31.89,16.619999,39.7
-27.671111,27.236944,30-07-2014,183.40001,40.6,2.0,0.6,30.98,15.45,38.600002
-28.768056,20.720556,30-07-2014,254.1,11.3,0.6000000000000001,0.0,36.969997,20.359999,10.7
-33.08883333,19.21878333,30-07-2014,205.3,9.3,0.5,5.0,29.49,13.37,9.400001
-29.641944,30.6875,31-07-2014,155.40001,48.5,2.4000000000000004,29.9,29.63,18.99,80.0
-22.769722,30.886944,31-07-2014,165.8,45.400000000000006,2.3000000000000003,32.2,32.45,20.13,69.700005
-27.169444,29.233889,31-07-2014,156.2,50.2,2.5,3.3,27.8,13.13,48.0
-27.00222,28.76528,31-07-2014,159.6,49.0,2.4000000000000004,3.6000001,28.49,13.73,46.8
-28.376944,24.303056,31-07-2014,225.6,35.7,1.8,0.2,35.7,18.1,34.0
-34.405833,19.600556,31-07-2014,173.0,23.6,1.2000000000000002,7.7000003,27.0,16.4,23.7
-34.329722,18.990278,31-07-2014,168.3,27.3,1.4000000000000001,14.900001,25.789999,16.01,29.0
-27.356667,27.286389,31-07-2014,180.5,42.5,2.1,0.7,30.449999,15.58,40.3
-28.308889,31.9025,31-07-2014,161.7,84.10000000000001,4.2,23.4,32.04,20.779999,120.200005
-33.897778,20.012778,31-07-2014,201.3,13.600000000000001,0.7000000000000001,1.8000001,31.849998,16.81,13.0
-29.744167,29.905833,01-08-2014,157.2,45.800000000000004,2.3000000000000003,29.1,28.699999,15.389999,88.3
-26.648056,27.089444,01-08-2014,174.8,48.1,2.4000000000000004,2.7,29.929998,15.46,45.9
-27.671111,27.236944,01-08-2014,183.40001,40.6,2.0,0.6,30.98,15.45,38.600002
-27.902778,24.615556,01-08-2014,223.7,39.0,2.0,0.2,35.41,18.3,37.100002
-25.99136,27.84208,04-08-2014,168.0,58.7,2.9000000000000004,9.8,29.21,15.929999,58.9
-28.735556,29.820556,04-08-2014,164.8,51.1,2.6,11.0,30.92,15.92,53.4
-26.45,28.085833,04-08-2014,164.5,50.6,2.5,3.5,28.849998,14.78,48.4
-29.160278,26.573333,04-08-2014,200.8,33.9,1.7000000000000002,0.5,32.719997,15.309999,32.2
-24.058889,31.237222,05-08-2014,157.6,45.0,2.3000000000000003,32.8,32.63,20.57,66.700005
-26.861111,28.884722,05-08-2014,158.3,50.7,2.5,4.0,28.16,13.559999,48.5
-34.031944,22.053333,05-08-2014,168.5,19.700000000000003,1.0,1.3000001,28.019999,16.609999,18.7
-34.039722,22.133333,05-08-2014,166.90001,20.3,1.0,1.4,27.83,17.01,19.4
-25.45963889,28.26430556,05-08-2014,172.3,51.6,2.6,17.5,30.96,16.949999,62.0
-29.161667,23.696389,06-08-2014,236.0,23.3,1.2000000000000002,0.1,36.17,18.47,22.1
-25.81048333,27.90955222,06-08-2014,171.0,57.0,2.8000000000000003,10.2,30.13,16.88,57.3
-25.73411,27.21422,06-08-2014,172.5,58.5,2.9000000000000004,3.5,30.179998,15.71,55.9
-27.363611,31.783333,06-08-2014,156.90001,64.10000000000001,3.2,28.7,32.05,19.46,72.1
-26.905,32.324722,06-08-2014,161.2,74.0,3.7,4.5,33.88,20.76,70.4
-27.602222,29.942778,06-08-2014,162.3,57.2,2.9000000000000004,13.900001,29.279999,14.799999,60.3
-27.4275,28.525833,06-08-2014,162.0,47.7,2.4000000000000004,8.5,28.779999,13.83,48.600002
-27.3,28.586944,06-08-2014,162.1,48.300000000000004,2.4000000000000004,7.2000003,28.769999,13.94,47.7
-27.935,26.126667,06-08-2014,197.0,37.5,1.9000000000000001,0.5,32.11,15.91,35.600002
-34.005833,22.351111,06-08-2014,160.40001,24.3,1.2000000000000002,1.6,26.66,16.82,23.1
-27.00222,28.76528,07-08-2014,159.6,49.0,2.4000000000000004,3.6000001,28.49,13.73,46.8
-27.02314,28.59389,07-08-2014,161.8,48.6,2.4000000000000004,3.6000001,28.84,14.07,46.4
-31.394444,20.947222,07-08-2014,240.0,3.5,0.2,0.0,34.11,16.41,3.3
-23.658056,31.05,08-08-2014,160.1,37.800000000000004,1.9000000000000001,19.4,32.88,20.74,42.3
-28.96362,19.15486,09-08-2014,248.3,4.6000000000000005,0.2,0.0,37.71,19.98,4.4
-24.679167,30.8025,11-08-2014,144.8,80.7,4.0,82.8,26.789999,15.7,119.700005
-29.7775,29.470833,11-08-2014,150.40001,60.800000000000004,3.0,15.8,26.359999,12.82,84.9
-29.987778,29.851667,11-08-2014,152.90001,43.400000000000006,2.2,30.800001,27.769999,14.79,87.1
-29.744167,29.905833,11-08-2014,157.2,45.800000000000004,2.3000000000000003,29.1,28.699999,15.389999,88.3
-29.380556,30.2775,11-08-2014,149.7,49.400000000000006,2.5,28.300001,27.449999,14.5199995,88.5
-26.970278,27.211111,11-08-2014,176.1,45.800000000000004,2.3000000000000003,2.2,30.15,15.65,43.7
-26.45,28.085833,11-08-2014,164.5,50.6,2.5,3.5,28.849998,14.78,48.4
-26.98472222,26.63227778,11-08-2014,184.7,47.6,2.4000000000000004,0.6,31.34,16.539999,45.2
-27.671111,27.236944,11-08-2014,183.40001,40.6,2.0,0.6,30.98,15.45,38.600002
-31.396,29.2651,11-08-2014,155.2,27.200000000000003,1.4000000000000001,4.7000003,28.92,19.17,26.300001
-31.554722,29.245556,11-08-2014,146.7,29.700000000000003,1.5,15.1,27.599998,18.08,37.600002
-24.183889,30.823889,12-08-2014,159.90001,46.800000000000004,2.3000000000000003,32.3,32.469997,20.47,99.0
-25.127778,27.628889,12-08-2014,184.3,47.2,2.4000000000000004,6.3,32.53,18.359999,45.4
-24.39619444,27.08983333,12-08-2014,187.90001,44.0,2.2,1.9,33.04,19.56,41.8
-24.69514,27.40906,12-08-2014,187.0,48.1,2.4000000000000004,2.6000001,32.64,19.4,45.7
-25.73411,27.21422,12-08-2014,172.5,58.5,2.9000000000000004,3.5,30.179998,15.71,55.9
-26.03611,30.99778,12-08-2014,157.1,87.5,4.4,92.9,29.3,17.99,129.90001
-30.733889,29.828333,12-08-2014,151.0,31.5,1.6,23.2,28.15,17.109999,49.9
-26.861111,28.884722,12-08-2014,158.3,50.7,2.5,4.0,28.16,13.559999,48.5
-27.00222,28.76528,12-08-2014,159.6,49.0,2.4000000000000004,3.6000001,28.49,13.73,46.8
-26.98472222,26.63227778,12-08-2014,184.7,47.6,2.4000000000000004,0.6,31.34,16.539999,45.2
-27.398611,26.614722,12-08-2014,193.1,41.800000000000004,2.1,0.6,31.89,16.619999,39.7
-30.570833,29.150556,12-08-2014,154.1,37.5,1.9000000000000001,6.2000003,27.17,13.219999,36.600002
-31.104278,29.399722,12-08-2014,154.5,27.400000000000002,1.4000000000000001,7.4,28.49,17.789999,27.2
-27.495556,26.074722,12-08-2014,199.90001,40.400000000000006,2.0,0.6,32.21,16.32,38.4
-27.4,26.624722,12-08-2014,193.1,41.800000000000004,2.1,0.6,31.89,16.619999,39.7
-29.161667,23.696389,13-08-2014,236.0,23.3,1.2000000000000002,0.1,36.17,18.47,22.1
-27.01011111,26.69808333,13-08-2014,185.5,46.1,2.3000000000000003,0.6,31.179998,16.279999,43.8
-22.935,28.004167,13-08-2014,185.5,27.400000000000002,1.4000000000000001,0.2,33.03,20.189999,26.1
-24.670833,28.560833,13-08-2014,172.2,45.7,2.3000000000000003,25.9,30.71,16.859999,87.9
-25.20639,27.558,13-08-2014,182.8,47.6,2.4000000000000004,4.4,32.28,18.19,45.5
-24.058889,31.237222,13-08-2014,157.6,45.0,2.3000000000000003,32.8,32.63,20.57,66.700005
-30.398056,30.601944,13-08-2014,157.7,32.800000000000004,1.6,26.300001,29.16,20.8,51.9
-26.648056,27.089444,13-08-2014,174.8,48.1,2.4000000000000004,2.7,29.929998,15.46,45.9
-26.880278,26.965,13-08-2014,177.5,46.800000000000004,2.3000000000000003,2.1000001,30.529999,15.889999,44.600002
-31.031389,28.883333,13-08-2014,154.40001,31.700000000000003,1.6,4.4,28.349998,15.73,30.5
-30.86013889,29.07125,13-08-2014,158.0,30.5,1.5,4.0,28.81,16.27,29.300001
-30.77586667,29.03221667,13-08-2014,158.7,32.0,1.6,3.6000001,28.74,15.889999,30.7
-24.282222,28.090278,14-08-2014,171.90001,55.6,2.8000000000000003,25.0,30.609999,17.26,80.8
-22.91028,29.61111,14-08-2014,165.3,38.6,1.9000000000000001,18.6,31.199999,19.039999,55.3
-25.49037,30.6986,14-08-2014,149.8,67.0,3.4000000000000004,109.5,28.58,16.699999,116.4
-30.13573889,30.67422222,14-08-2014,157.90001,38.400000000000006,1.9000000000000001,28.6,29.38,20.619999,70.1
-28.376944,24.303056,14-08-2014,225.6,35.7,1.8,0.2,35.7,18.1,34.0
-25.447222,30.711667,14-08-2014,152.5,65.10000000000001,3.3000000000000003,98.0,29.14,17.369999,116.8
-29.744167,29.905833,15-08-2014,157.2,45.800000000000004,2.3000000000000003,29.1,28.699999,15.389999,88.3
-27.902778,24.615556,15-08-2014,223.7,39.0,2.0,0.2,35.41,18.3,37.100002
-29.803611,30.516111,15-08-2014,151.7,45.2,2.3000000000000003,30.800001,28.59,17.449999,92.3
-28.96362,19.15486,16-08-2014,248.3,4.6000000000000005,0.2,0.0,37.71,19.98,4.4
-25.99136,27.84208,18-08-2014,168.0,58.7,2.9000000000000004,9.8,29.21,15.929999,58.9
-26.73806,27.59194,18-08-2014,168.90001,48.900000000000006,2.4000000000000004,2.8,29.3,15.219999,46.7
-26.45,28.085833,18-08-2014,164.5,50.6,2.5,3.5,28.849998,14.78,48.4
-28.1175,26.719444,18-08-2014,191.5,38.0,1.9000000000000001,0.5,31.88,16.449999,36.100002
-27.671111,27.236944,18-08-2014,183.40001,40.6,2.0,0.6,30.98,15.45,38.600002
-29.160278,26.573333,18-08-2014,200.8,33.9,1.7000000000000002,0.5,32.719997,15.309999,32.2
-29.140556,31.391944,19-08-2014,158.3,113.7,5.7,5.1,30.42,20.17,108.4
-26.006389,29.253889,19-08-2014,153.7,60.900000000000006,3.0,20.9,27.789999,13.849999,93.700005
-28.801278,31.955389,19-08-2014,161.1,71.3,3.6,6.3,30.96,20.449999,68.4
-27.169444,29.233889,19-08-2014,156.2,50.2,2.5,3.3,27.8,13.13,48.0
-26.861111,28.884722,19-08-2014,158.3,50.7,2.5,4.0,28.16,13.559999,48.5
-27.00222,28.76528,19-08-2014,159.6,49.0,2.4000000000000004,3.6000001,28.49,13.73,46.8
-26.98472222,26.63227778,19-08-2014,184.7,47.6,2.4000000000000004,0.6,31.34,16.539999,45.2
-27.935,26.126667,19-08-2014,197.0,37.5,1.9000000000000001,0.5,32.11,15.91,35.600002
-27.398611,26.614722,19-08-2014,193.1,41.800000000000004,2.1,0.6,31.89,16.619999,39.7
-28.69485,28.23487,19-08-2014,163.3,49.2,2.5,7.0,28.25,13.42,49.9
-28.883333,27.89,19-08-2014,168.90001,47.400000000000006,2.4000000000000004,7.5,29.38,14.12,48.4
-25.45963889,28.26430556,19-08-2014,172.3,51.6,2.6,17.5,30.96,16.949999,62.0
-27.495556,26.074722,19-08-2014,199.90001,40.400000000000006,2.0,0.6,32.21,16.32,38.4
-27.4,26.624722,19-08-2014,193.1,41.800000000000004,2.1,0.6,31.89,16.619999,39.7
-29.161667,23.696389,20-08-2014,236.0,23.3,1.2000000000000002,0.1,36.17,18.47,22.1
-27.01011111,26.69808333,20-08-2014,185.5,46.1,2.3000000000000003,0.6,31.179998,16.279999,43.8
-25.81048333,27.90955222,20-08-2014,171.0,57.0,2.8000000000000003,10.2,30.13,16.88,57.3
-28.747778,31.745833,20-08-2014,161.6,73.10000000000001,3.7,4.7000003,31.31,20.27,69.8
-28.404444,30.013056,20-08-2014,165.0,50.5,2.5,11.8,30.439999,15.809999,53.3
-26.648056,27.089444,20-08-2014,174.8,48.1,2.4000000000000004,2.7,29.929998,15.46,45.9
-26.970278,27.211111,20-08-2014,176.1,45.800000000000004,2.3000000000000003,2.2,30.15,15.65,43.7
-26.880278,26.965,20-08-2014,177.5,46.800000000000004,2.3000000000000003,2.1000001,30.529999,15.889999,44.600002
-28.1175,26.719444,20-08-2014,191.5,38.0,1.9000000000000001,0.5,31.88,16.449999,36.100002
-30.160091,27.40124,20-08-2014,182.6,36.6,1.8,0.7,30.88,14.75,34.7
-30.336111,27.359444,20-08-2014,183.3,35.9,1.8,0.7,30.83,14.32,34.2
-29.615556,27.065278,20-08-2014,188.8,36.9,1.8,0.5,31.38,14.73,35.100002
-28.058889,30.373611,20-08-2014,159.1,58.7,2.9000000000000004,19.2,28.82,14.549999,82.0
-30.830556,26.921389,21-08-2014,189.40001,28.5,1.4000000000000001,0.6,31.5,14.0,27.1
-27.937778,31.209444,21-08-2014,159.7,118.7,5.9,48.7,30.039999,17.59,142.40001
-27.5275,30.858056,21-08-2014,152.90001,110.80000000000001,5.5,42.7,28.359999,15.58,135.40001
-28.116667,26.725278,21-08-2014,191.5,38.0,1.9000000000000001,0.5,31.88,16.449999,36.100002
-31.000833,26.353056,21-08-2014,194.1,26.0,1.3,0.4,31.179998,13.559999,24.7
-30.679722,26.7125,21-08-2014,194.3,28.0,1.4000000000000001,0.5,32.66,14.63,26.6
-28.883333,27.89,21-08-2014,168.90001,47.400000000000006,2.4000000000000004,7.5,29.38,14.12,48.4
-30.534167,24.961944,21-08-2014,220.90001,22.5,1.1,0.0,33.93,16.21,21.300001
-31.394444,20.947222,21-08-2014,240.0,3.5,0.2,0.0,34.11,16.41,3.3
-24.925278,29.324444,22-08-2014,173.0,40.300000000000004,2.0,15.3,32.04,18.17,64.6
-29.658056,25.973333,22-08-2014,204.0,27.1,1.4000000000000001,0.4,32.77,15.219999,25.800001
-26.45,28.085833,25-08-2014,164.5,50.6,2.5,3.5,28.849998,14.78,48.4
-29.042222,24.6,25-08-2014,226.5,29.8,1.5,0.1,35.29,17.779999,28.300001
-29.028629,24.638389,25-08-2014,225.2,30.8,1.5,0.1,35.2,17.67,29.2
-33.818056,19.694722,25-08-2014,212.5,14.700000000000001,0.7000000000000001,5.2000003,31.57,16.5,14.900001
-32.502778,19.535833,25-08-2014,232.90001,2.5,0.1,0.4,34.37,16.41,2.4
-27.01011111,26.69808333,26-08-2014,185.5,46.1,2.3000000000000003,0.6,31.179998,16.279999,43.8
-25.127778,27.628889,26-08-2014,184.3,47.2,2.4000000000000004,6.3,32.53,18.359999,45.4
-25.20639,27.558,26-08-2014,182.8,47.6,2.4000000000000004,4.4,32.28,18.19,45.5
-24.69514,27.40906,26-08-2014,187.0,48.1,2.4000000000000004,2.6000001,32.64,19.4,45.7
-23.281,30.54305556,26-08-2014,160.7,55.2,2.8000000000000003,22.6,31.84,20.42,62.2
-26.861111,28.884722,26-08-2014,158.3,50.7,2.5,4.0,28.16,13.559999,48.5
-26.648056,27.089444,26-08-2014,174.8,48.1,2.4000000000000004,2.7,29.929998,15.46,45.9
-26.970278,27.211111,26-08-2014,176.1,45.800000000000004,2.3000000000000003,2.2,30.15,15.65,43.7
-26.880278,26.965,26-08-2014,177.5,46.800000000000004,2.3000000000000003,2.1000001,30.529999,15.889999,44.600002
-26.98472222,26.63227778,26-08-2014,184.7,47.6,2.4000000000000004,0.6,31.34,16.539999,45.2
-28.141944,26.417778,26-08-2014,196.0,37.300000000000004,1.9000000000000001,0.5,32.079998,16.25,35.4
-28.1175,26.719444,26-08-2014,191.5,38.0,1.9000000000000001,0.5,31.88,16.449999,36.100002
-33.501667,21.624167,26-08-2014,197.90001,12.8,0.6000000000000001,0.1,30.66,13.889999,12.1
-34.075556,20.145556,26-08-2014,199.2,15.200000000000001,0.8,2.1000001,31.279999,17.32,14.6
-31.5653,18.3306,26-08-2014,219.2,1.2000000000000002,0.1,0.2,31.42,16.65,1.1
-32.94583,18.33667,26-08-2014,204.3,5.5,0.30000000000000004,5.1,29.9,16.89,5.9
-28.338333,31.373611,26-08-2014,157.40001,117.2,5.9,32.5,30.349998,18.279999,140.5
-28.068333,31.55,26-08-2014,164.40001,103.9,5.2,24.0,32.21,20.18,139.90001
-24.39619444,27.08983333,27-08-2014,187.90001,44.0,2.2,1.9,33.04,19.56,41.8
-22.769722,30.886944,27-08-2014,165.8,45.400000000000006,2.3000000000000003,32.2,32.45,20.13,69.700005
-28.44555556,32.325,19-11-2014,157.2,88.7,4.4,28.7,30.529999,20.81,130.40001
-29.161667,30.629722,27-08-2014,148.40001,50.7,2.5,25.5,27.5,15.559999,79.9
-27.00222,28.76528,27-08-2014,159.6,49.0,2.4000000000000004,3.6000001,28.49,13.73,46.8
-27.02314,28.59389,27-08-2014,161.8,48.6,2.4000000000000004,3.6000001,28.84,14.07,46.4
-27.4275,28.525833,27-08-2014,162.0,47.7,2.4000000000000004,8.5,28.779999,13.83,48.600002
-27.3,28.586944,27-08-2014,162.1,48.300000000000004,2.4000000000000004,7.2000003,28.769999,13.94,47.7
-27.398611,26.614722,27-08-2014,193.1,41.800000000000004,2.1,0.6,31.89,16.619999,39.7
-33.13083,18.86278,27-08-2014,209.40001,8.700000000000001,0.4,8.5,32.739998,17.699999,9.7
-33.7075,18.97444444,27-08-2014,212.0,16.2,0.8,10.8,31.46,17.48,17.5
-28.308889,31.9025,27-08-2014,161.7,84.10000000000001,4.2,23.4,32.04,20.779999,120.200005
-26.619444,27.980833,28-08-2014,167.2,48.5,2.4000000000000004,3.2,29.26,15.16,46.4
-26.510278,28.351389,28-08-2014,162.8,49.800000000000004,2.5,4.3,28.74,14.17,47.7
-27.671111,27.236944,28-08-2014,183.40001,40.6,2.0,0.6,30.98,15.45,38.600002
-27.573056,24.746389,28-08-2014,215.40001,42.900000000000006,2.1,0.3,34.78,17.88,40.7
-28.376944,24.303056,28-08-2014,225.6,35.7,1.8,0.2,35.7,18.1,34.0
-28.75,30.442778,29-08-2014,168.6,43.400000000000006,2.2,11.3,31.91,17.779999,46.3
-29.744167,29.905833,29-08-2014,157.2,45.800000000000004,2.3000000000000003,29.1,28.699999,15.389999,88.3
-27.902778,24.615556,29-08-2014,223.7,39.0,2.0,0.2,35.41,18.3,37.100002
-25.99136,27.84208,01-09-2014,168.0,58.7,2.9000000000000004,9.8,29.21,15.929999,58.9
-26.73806,27.59194,01-09-2014,168.90001,48.900000000000006,2.4000000000000004,2.8,29.3,15.219999,46.7
-26.45,28.085833,01-09-2014,164.5,50.6,2.5,3.5,28.849998,14.78,48.4
-28.141944,26.417778,01-09-2014,196.0,37.300000000000004,1.9000000000000001,0.5,32.079998,16.25,35.4
-28.116667,26.725278,01-09-2014,191.5,38.0,1.9000000000000001,0.5,31.88,16.449999,36.100002
-33.38056,19.30167,01-09-2014,206.90001,12.9,0.6000000000000001,7.3,29.96,14.19,13.5
-34.065833,20.404167,02-09-2014,197.5,13.600000000000001,0.7000000000000001,1.7,32.05,18.029999,13.0
-31.860278,18.6875,02-09-2014,229.40001,1.8,0.1,0.5,32.899998,16.52,1.7
-27.169444,29.233889,02-09-2014,156.2,50.2,2.5,3.3,27.8,13.13,48.0
-26.861111,28.884722,02-09-2014,158.3,50.7,2.5,4.0,28.16,13.559999,48.5
-27.00222,28.76528,02-09-2014,159.6,49.0,2.4000000000000004,3.6000001,28.49,13.73,46.8
-26.880278,26.965,02-09-2014,177.5,46.800000000000004,2.3000000000000003,2.1000001,30.529999,15.889999,44.600002
-27.935,26.126667,02-09-2014,197.0,37.5,1.9000000000000001,0.5,32.11,15.91,35.600002
-27.671111,27.236944,02-09-2014,183.40001,40.6,2.0,0.6,30.98,15.45,38.600002
-34.031944,22.053333,02-09-2014,168.5,19.700000000000003,1.0,1.3000001,28.019999,16.609999,18.7
-34.039722,22.133333,02-09-2014,166.90001,20.3,1.0,1.4,27.83,17.01,19.4
-25.45963889,28.26430556,02-09-2014,172.3,51.6,2.6,17.5,30.96,16.949999,62.0
-25.57877778,29.12747222,02-09-2014,166.40001,55.400000000000006,2.8000000000000003,18.5,30.289999,15.88,84.5
-29.161667,23.696389,03-09-2014,236.0,23.3,1.2000000000000002,0.1,36.17,18.47,22.1
-25.81048333,27.90955222,03-09-2014,171.0,57.0,2.8000000000000003,10.2,30.13,16.88,57.3
-23.658056,31.05,03-09-2014,160.1,37.800000000000004,1.9000000000000001,19.4,32.88,20.74,42.3
-26.006389,29.253889,03-09-2014,153.7,60.900000000000006,3.0,20.9,27.789999,13.849999,93.700005
-27.602222,29.942778,03-09-2014,162.3,57.2,2.9000000000000004,13.900001,29.279999,14.799999,60.3
-27.802778,28.768333,03-09-2014,158.6,48.2,2.4000000000000004,8.0,28.349998,13.13,49.3
-29.160278,26.573333,03-09-2014,200.8,33.9,1.7000000000000002,0.5,32.719997,15.309999,32.2
-31.436944,20.474722,03-09-2014,233.7,2.6,0.1,0.0,33.68,15.429999,2.4
-34.405833,19.600556,03-09-2014,173.0,23.6,1.2000000000000002,7.7000003,27.0,16.4,23.7
-27.363611,31.783333,04-09-2014,156.90001,64.10000000000001,3.2,28.7,32.05,19.46,72.1
-26.970278,27.211111,04-09-2014,176.1,45.800000000000004,2.3000000000000003,2.2,30.15,15.65,43.7
-27.671111,27.236944,04-09-2014,183.40001,40.6,2.0,0.6,30.98,15.45,38.600002
-34.329722,18.990278,04-09-2014,168.3,27.3,1.4000000000000001,14.900001,25.789999,16.01,29.0
-33.897778,20.012778,04-09-2014,201.3,13.600000000000001,0.7000000000000001,1.8000001,31.849998,16.81,13.0
-27.01011111,26.69808333,05-09-2014,185.5,46.1,2.3000000000000003,0.6,31.179998,16.279999,43.8
-26.905,32.324722,05-09-2014,161.2,74.0,3.7,4.5,33.88,20.76,70.4
-28.735556,29.820556,05-09-2014,164.8,51.1,2.6,11.0,30.92,15.92,53.4
-29.744167,29.905833,05-09-2014,157.2,45.800000000000004,2.3000000000000003,29.1,28.699999,15.389999,88.3
-26.98472222,26.63227778,05-09-2014,184.7,47.6,2.4000000000000004,0.6,31.34,16.539999,45.2
-34.005833,22.351111,05-09-2014,160.40001,24.3,1.2000000000000002,1.6,26.66,16.82,23.1
-27.495556,26.074722,05-09-2014,199.90001,40.400000000000006,2.0,0.6,32.21,16.32,38.4
-28.96362,19.15486,06-09-2014,248.3,4.6000000000000005,0.2,0.0,37.71,19.98,4.4
-28.338333,31.373611,06-09-2014,157.40001,117.2,5.9,32.5,30.349998,18.279999,140.5
-29.7775,29.470833,08-09-2014,150.40001,60.800000000000004,3.0,15.8,26.359999,12.82,84.9
-29.987778,29.851667,08-09-2014,152.90001,43.400000000000006,2.2,30.800001,27.769999,14.79,87.1
-29.744167,29.905833,08-09-2014,157.2,45.800000000000004,2.3000000000000003,29.1,28.699999,15.389999,88.3
-26.98472222,26.63227778,08-09-2014,184.7,47.6,2.4000000000000004,0.6,31.34,16.539999,45.2
-27.671111,27.236944,08-09-2014,183.40001,40.6,2.0,0.6,30.98,15.45,38.600002
-29.160278,26.573333,08-09-2014,200.8,33.9,1.7000000000000002,0.5,32.719997,15.309999,32.2
-33.31388889,19.07472222,08-09-2014,216.6,10.700000000000001,0.5,9.5,32.23,16.789999,11.8
-25.127778,27.628889,09-09-2014,184.3,47.2,2.4000000000000004,6.3,32.53,18.359999,45.4
-25.20639,27.558,09-09-2014,182.8,47.6,2.4000000000000004,4.4,32.28,18.19,45.5
-24.39619444,27.08983333,09-09-2014,187.90001,44.0,2.2,1.9,33.04,19.56,41.8
-24.69514,27.40906,09-09-2014,187.0,48.1,2.4000000000000004,2.6000001,32.64,19.4,45.7
-30.733889,29.828333,09-09-2014,151.0,31.5,1.6,23.2,28.15,17.109999,49.9
-29.380556,30.2775,09-09-2014,149.7,49.400000000000006,2.5,28.300001,27.449999,14.5199995,88.5
-28.141944,26.417778,09-09-2014,196.0,37.300000000000004,1.9000000000000001,0.5,32.079998,16.25,35.4
-28.1175,26.719444,09-09-2014,191.5,38.0,1.9000000000000001,0.5,31.88,16.449999,36.100002
-27.398611,26.614722,09-09-2014,193.1,41.800000000000004,2.1,0.6,31.89,16.619999,39.7
-28.69485,28.23487,09-09-2014,163.3,49.2,2.5,7.0,28.25,13.42,49.9
-29.615556,27.065278,09-09-2014,188.8,36.9,1.8,0.5,31.38,14.73,35.100002
-28.883333,27.89,09-09-2014,168.90001,47.400000000000006,2.4000000000000004,7.5,29.38,14.12,48.4
-31.554722,29.245556,09-09-2014,146.7,29.700000000000003,1.5,15.1,27.599998,18.08,37.600002
-27.4,26.624722,09-09-2014,193.1,41.800000000000004,2.1,0.6,31.89,16.619999,39.7
-29.161667,23.696389,10-09-2014,236.0,23.3,1.2000000000000002,0.1,36.17,18.47,22.1
-27.01011111,26.69808333,10-09-2014,185.5,46.1,2.3000000000000003,0.6,31.179998,16.279999,43.8
-26.648056,27.089444,10-09-2014,174.8,48.1,2.4000000000000004,2.7,29.929998,15.46,45.9
-26.970278,27.211111,10-09-2014,176.1,45.800000000000004,2.3000000000000003,2.2,30.15,15.65,43.7
-26.880278,26.965,10-09-2014,177.5,46.800000000000004,2.3000000000000003,2.1000001,30.529999,15.889999,44.600002
-26.98472222,26.63227778,10-09-2014,184.7,47.6,2.4000000000000004,0.6,31.34,16.539999,45.2
-27.671111,27.236944,10-09-2014,183.40001,40.6,2.0,0.6,30.98,15.45,38.600002
-30.160091,27.40124,10-09-2014,182.6,36.6,1.8,0.7,30.88,14.75,34.7
-30.336111,27.359444,10-09-2014,183.3,35.9,1.8,0.7,30.83,14.32,34.2
-28.460833,21.248889,10-09-2014,241.2,16.2,0.8,0.0,36.899998,20.1,15.400001
-30.568333,29.422778,10-09-2014,153.40001,35.2,1.8,10.400001,27.38,13.349999,35.8
-30.570833,29.150556,10-09-2014,154.1,37.5,1.9000000000000001,6.2000003,27.17,13.219999,36.600002
-30.830556,26.921389,11-09-2014,189.40001,28.5,1.4000000000000001,0.6,31.5,14.0,27.1
-30.13573889,30.67422222,11-09-2014,157.90001,38.400000000000006,1.9000000000000001,28.6,29.38,20.619999,70.1
-27.38972222,26.46388889,11-09-2014,195.40001,41.6,2.1,0.6,32.04,16.76,39.5
-27.398611,26.614722,11-09-2014,193.1,41.800000000000004,2.1,0.6,31.89,16.619999,39.7
-28.376944,24.303056,11-09-2014,225.6,35.7,1.8,0.2,35.7,18.1,34.0
-31.000833,26.353056,11-09-2014,194.1,26.0,1.3,0.4,31.179998,13.559999,24.7
-30.679722,26.7125,11-09-2014,194.3,28.0,1.4000000000000001,0.5,32.66,14.63,26.6
-30.534167,24.961944,11-09-2014,220.90001,22.5,1.1,0.0,33.93,16.21,21.300001
-30.77586667,29.03221667,11-09-2014,158.7,32.0,1.6,3.6000001,28.74,15.889999,30.7
-27.902778,24.615556,12-09-2014,223.7,39.0,2.0,0.2,35.41,18.3,37.100002
-29.803611,30.516111,12-09-2014,151.7,45.2,2.3000000000000003,30.800001,28.59,17.449999,92.3
-24.679167,30.8025,15-09-2014,144.8,80.7,4.0,82.8,26.789999,15.7,119.700005
-25.99136,27.84208,15-09-2014,168.0,58.7,2.9000000000000004,9.8,29.21,15.929999,58.9
-25.513889,31.224444,15-09-2014,149.3,67.5,3.4000000000000004,71.3,29.66,18.39,118.0
-26.73806,27.59194,15-09-2014,168.90001,48.900000000000006,2.4000000000000004,2.8,29.3,15.219999,46.7
-26.45,28.085833,15-09-2014,164.5,50.6,2.5,3.5,28.849998,14.78,48.4
-29.042222,24.6,15-09-2014,226.5,29.8,1.5,0.1,35.29,17.779999,28.300001
-29.028629,24.638389,15-09-2014,225.2,30.8,1.5,0.1,35.2,17.67,29.2
-22.225556,29.990556,16-09-2014,179.5,25.5,1.3,0.2,34.27,22.15,24.2
-25.436111,31.982222,16-09-2014,145.0,60.300000000000004,3.0,41.4,32.03,19.31,82.700005
-29.140556,31.391944,16-09-2014,158.3,113.7,5.7,5.1,30.42,20.17,108.4
-24.183889,30.823889,16-09-2014,159.90001,46.800000000000004,2.3000000000000003,32.3,32.469997,20.47,99.0
-25.73411,27.21422,16-09-2014,172.5,58.5,2.9000000000000004,3.5,30.179998,15.71,55.9
-23.838611,31.640833,16-09-2014,161.3,39.1,2.0,27.6,33.94,21.32,45.0
-24.058889,31.237222,16-09-2014,157.6,45.0,2.3000000000000003,32.8,32.63,20.57,66.700005
-26.03611,30.99778,16-09-2014,157.1,87.5,4.4,92.9,29.3,17.99,129.90001
-25.681111,31.783333,16-09-2014,150.2,57.900000000000006,2.9000000000000004,41.8,31.859999,19.779999,86.0
-25.362222,31.956667,16-09-2014,143.40001,58.900000000000006,2.9000000000000004,40.9,31.65,19.25,81.9
-27.169444,29.233889,16-09-2014,156.2,50.2,2.5,3.3,27.8,13.13,48.0
-26.861111,28.884722,16-09-2014,158.3,50.7,2.5,4.0,28.16,13.559999,48.5
-27.802778,28.768333,16-09-2014,158.6,48.2,2.4000000000000004,8.0,28.349998,13.13,49.3
-33.501667,21.624167,16-09-2014,197.90001,12.8,0.6000000000000001,0.1,30.66,13.889999,12.1
-25.45963889,28.26430556,16-09-2014,172.3,51.6,2.6,17.5,30.96,16.949999,62.0
-25.81048333,27.90955222,17-09-2014,171.0,57.0,2.8000000000000003,10.2,30.13,16.88,57.3
-24.282222,28.090278,17-09-2014,171.90001,55.6,2.8000000000000003,25.0,30.609999,17.26,80.8
-23.23572222,27.717,17-09-2014,186.90001,31.700000000000003,1.6,0.4,33.42,20.01,30.1
-24.670833,28.560833,17-09-2014,172.2,45.7,2.3000000000000003,25.9,30.71,16.859999,87.9
-22.91028,29.61111,17-09-2014,165.3,38.6,1.9000000000000001,18.6,31.199999,19.039999,55.3
-24.768889,31.39,17-09-2014,149.8,58.300000000000004,2.9000000000000004,49.7,31.929998,20.109999,111.1
-28.801278,31.955389,17-09-2014,161.1,71.3,3.6,6.3,30.96,20.449999,68.4
-28.404444,30.013056,17-09-2014,165.0,50.5,2.5,11.8,30.439999,15.809999,53.3
-27.00222,28.76528,17-09-2014,159.6,49.0,2.4000000000000004,3.6000001,28.49,13.73,46.8
-27.02314,28.59389,17-09-2014,161.8,48.6,2.4000000000000004,3.6000001,28.84,14.07,46.4
-27.273889,28.49,17-09-2014,162.40001,48.1,2.4000000000000004,6.4,28.82,14.099999,46.9
-27.4275,28.525833,17-09-2014,162.0,47.7,2.4000000000000004,8.5,28.779999,13.83,48.600002
-27.3,28.586944,17-09-2014,162.1,48.300000000000004,2.4000000000000004,7.2000003,28.769999,13.94,47.7
-27.935,26.126667,17-09-2014,197.0,37.5,1.9000000000000001,0.5,32.11,15.91,35.600002
-28.768056,20.720556,17-09-2014,254.1,11.3,0.6000000000000001,0.0,36.969997,20.359999,10.7
-28.058889,30.373611,17-09-2014,159.1,58.7,2.9000000000000004,19.2,28.82,14.549999,82.0
-23.763056,27.908611,18-09-2014,179.0,42.7,2.1,9.7,31.98,18.56,42.5
-24.99328,30.81444,18-09-2014,135.40001,78.30000000000001,3.9000000000000004,121.0,25.029999,13.679999,113.0
-28.747778,31.745833,18-09-2014,161.6,73.10000000000001,3.7,4.7000003,31.31,20.27,69.8
-27.937778,31.209444,18-09-2014,159.7,118.7,5.9,48.7,30.039999,17.59,142.40001
-27.5275,30.858056,18-09-2014,152.90001,110.80000000000001,5.5,42.7,28.359999,15.58,135.40001
-26.619444,27.980833,18-09-2014,167.2,48.5,2.4000000000000004,3.2,29.26,15.16,46.4
-29.744167,29.905833,19-09-2014,157.2,45.800000000000004,2.3000000000000003,29.1,28.699999,15.389999,88.3
-31.394444,20.947222,22-09-2014,240.0,3.5,0.2,0.0,34.11,16.41,3.3
-33.818056,19.694722,22-09-2014,212.5,14.700000000000001,0.7000000000000001,5.2000003,31.57,16.5,14.900001
-32.502778,19.535833,22-09-2014,232.90001,2.5,0.1,0.4,34.37,16.41,2.4
-27.01011111,26.69808333,23-09-2014,185.5,46.1,2.3000000000000003,0.6,31.179998,16.279999,43.8
-31.860278,18.6875,23-09-2014,229.40001,1.8,0.1,0.5,32.899998,16.52,1.7
-25.127778,27.628889,23-09-2014,184.3,47.2,2.4000000000000004,6.3,32.53,18.359999,45.4
-25.20639,27.558,23-09-2014,182.8,47.6,2.4000000000000004,4.4,32.28,18.19,45.5
-24.69514,27.40906,23-09-2014,187.0,48.1,2.4000000000000004,2.6000001,32.64,19.4,45.7
-25.73411,27.21422,23-09-2014,172.5,58.5,2.9000000000000004,3.5,30.179998,15.71,55.9
-26.970278,27.211111,23-09-2014,176.1,45.800000000000004,2.3000000000000003,2.2,30.15,15.65,43.7
-26.880278,26.965,23-09-2014,177.5,46.800000000000004,2.3000000000000003,2.1000001,30.529999,15.889999,44.600002
-26.98472222,26.63227778,23-09-2014,184.7,47.6,2.4000000000000004,0.6,31.34,16.539999,45.2
-27.398611,26.614722,23-09-2014,193.1,41.800000000000004,2.1,0.6,31.89,16.619999,39.7
-27.671111,27.236944,23-09-2014,183.40001,40.6,2.0,0.6,30.98,15.45,38.600002
-34.075556,20.145556,23-09-2014,199.2,15.200000000000001,0.8,2.1000001,31.279999,17.32,14.6
-31.5653,18.3306,23-09-2014,219.2,1.2000000000000002,0.1,0.2,31.42,16.65,1.1
-28.338333,31.373611,23-09-2014,157.40001,117.2,5.9,32.5,30.349998,18.279999,140.5
-27.495556,26.074722,23-09-2014,199.90001,40.400000000000006,2.0,0.6,32.21,16.32,38.4
-27.4,26.624722,23-09-2014,193.1,41.800000000000004,2.1,0.6,31.89,16.619999,39.7
-29.641944,30.6875,24-09-2014,155.40001,48.5,2.4000000000000004,29.9,29.63,18.99,80.0
-29.161667,30.629722,24-09-2014,148.40001,50.7,2.5,25.5,27.5,15.559999,79.9
-27.00222,28.76528,24-09-2014,159.6,49.0,2.4000000000000004,3.6000001,28.49,13.73,46.8
-26.619444,27.980833,24-09-2014,167.2,48.5,2.4000000000000004,3.2,29.26,15.16,46.4
-26.45,28.085833,24-09-2014,164.5,50.6,2.5,3.5,28.849998,14.78,48.4
-33.38056,19.30167,24-09-2014,206.90001,12.9,0.6000000000000001,7.3,29.96,14.19,13.5
-23.281,30.54305556,25-09-2014,160.7,55.2,2.8000000000000003,22.6,31.84,20.42,62.2
-26.861111,28.884722,25-09-2014,158.3,50.7,2.5,4.0,28.16,13.559999,48.5
-28.376944,24.303056,25-09-2014,225.6,35.7,1.8,0.2,35.7,18.1,34.0
-32.94583,18.33667,25-09-2014,204.3,5.5,0.30000000000000004,5.1,29.9,16.89,5.9
-26.648056,27.089444,26-09-2014,174.8,48.1,2.4000000000000004,2.7,29.929998,15.46,45.9
-27.573056,24.746389,26-09-2014,215.40001,42.900000000000006,2.1,0.3,34.78,17.88,40.7
-27.902778,24.615556,26-09-2014,223.7,39.0,2.0,0.2,35.41,18.3,37.100002
-28.96362,19.15486,26-09-2014,248.3,4.6000000000000005,0.2,0.0,37.71,19.98,4.4
-25.99136,27.84208,29-09-2014,168.0,58.7,2.9000000000000004,9.8,29.21,15.929999,58.9
-27.01011111,26.69808333,30-09-2014,185.5,46.1,2.3000000000000003,0.6,31.179998,16.279999,43.8
-34.065833,20.404167,30-09-2014,197.5,13.600000000000001,0.7000000000000001,1.7,32.05,18.029999,13.0
-30.398056,30.601944,30-09-2014,157.7,32.800000000000004,1.6,26.300001,29.16,20.8,51.9
-26.648056,27.089444,30-09-2014,174.8,48.1,2.4000000000000004,2.7,29.929998,15.46,45.9
-26.970278,27.211111,30-09-2014,176.1,45.800000000000004,2.3000000000000003,2.2,30.15,15.65,43.7
-26.880278,26.965,30-09-2014,177.5,46.800000000000004,2.3000000000000003,2.1000001,30.529999,15.889999,44.600002
-26.73806,27.59194,30-09-2014,168.90001,48.900000000000006,2.4000000000000004,2.8,29.3,15.219999,46.7
-26.45,28.085833,30-09-2014,164.5,50.6,2.5,3.5,28.849998,14.78,48.4
-26.98472222,26.63227778,30-09-2014,184.7,47.6,2.4000000000000004,0.6,31.34,16.539999,45.2
-27.935,26.126667,30-09-2014,197.0,37.5,1.9000000000000001,0.5,32.11,15.91,35.600002
-28.141944,26.417778,30-09-2014,196.0,37.300000000000004,1.9000000000000001,0.5,32.079998,16.25,35.4
-33.31388889,19.07472222,30-09-2014,216.6,10.700000000000001,0.5,9.5,32.23,16.789999,11.8
-33.7075,18.97444444,30-09-2014,212.0,16.2,0.8,10.8,31.46,17.48,17.5
-25.45963889,28.26430556,30-09-2014,172.3,51.6,2.6,17.5,30.96,16.949999,62.0
-25.81048333,27.90955222,01-10-2014,171.0,57.0,2.8000000000000003,10.2,30.13,16.88,57.3
-27.169444,29.233889,01-10-2014,156.2,50.2,2.5,3.3,27.8,13.13,48.0
-26.861111,28.884722,01-10-2014,158.3,50.7,2.5,4.0,28.16,13.559999,48.5
-34.405833,19.600556,01-10-2014,173.0,23.6,1.2000000000000002,7.7000003,27.0,16.4,23.7
-33.13083,18.86278,01-10-2014,209.40001,8.700000000000001,0.4,8.5,32.739998,17.699999,9.7
-25.73411,27.21422,02-10-2014,172.5,58.5,2.9000000000000004,3.5,30.179998,15.71,55.9
-27.00222,28.76528,02-10-2014,159.6,49.0,2.4000000000000004,3.6000001,28.49,13.73,46.8
-26.619444,27.980833,02-10-2014,167.2,48.5,2.4000000000000004,3.2,29.26,15.16,46.4
-26.98472222,26.63227778,02-10-2014,184.7,47.6,2.4000000000000004,0.6,31.34,16.539999,45.2
-34.329722,18.990278,02-10-2014,168.3,27.3,1.4000000000000001,14.900001,25.789999,16.01,29.0
-33.897778,20.012778,02-10-2014,201.3,13.600000000000001,0.7000000000000001,1.8000001,31.849998,16.81,13.0
-29.744167,29.905833,03-10-2014,157.2,45.800000000000004,2.3000000000000003,29.1,28.699999,15.389999,88.3
-31.031389,28.883333,03-10-2014,154.40001,31.700000000000003,1.6,4.4,28.349998,15.73,30.5
-30.86013889,29.07125,03-10-2014,158.0,30.5,1.5,4.0,28.81,16.27,29.300001
-30.77586667,29.03221667,03-10-2014,158.7,32.0,1.6,3.6000001,28.74,15.889999,30.7
-25.49037,30.6986,06-10-2014,149.8,67.0,3.4000000000000004,109.5,28.58,16.699999,116.4
-29.160278,26.573333,06-10-2014,200.8,33.9,1.7000000000000002,0.5,32.719997,15.309999,32.2
-30.568333,29.422778,06-10-2014,153.40001,35.2,1.8,10.400001,27.38,13.349999,35.8
-30.570833,29.150556,06-10-2014,154.1,37.5,1.9000000000000001,6.2000003,27.17,13.219999,36.600002
-25.447222,30.711667,06-10-2014,152.5,65.10000000000001,3.3000000000000003,98.0,29.14,17.369999,116.8
-28.7115,24.07288889,07-10-2014,230.2,31.200000000000003,1.6,0.2,35.96,18.23,29.6
-25.127778,27.628889,07-10-2014,184.3,47.2,2.4000000000000004,6.3,32.53,18.359999,45.4
-24.69514,27.40906,07-10-2014,187.0,48.1,2.4000000000000004,2.6000001,32.64,19.4,45.7
-22.769722,30.886944,07-10-2014,165.8,45.400000000000006,2.3000000000000003,32.2,32.45,20.13,69.700005
-31.396,29.2651,07-10-2014,155.2,27.200000000000003,1.4000000000000001,4.7000003,28.92,19.17,26.300001
-34.031944,22.053333,07-10-2014,168.5,19.700000000000003,1.0,1.3000001,28.019999,16.609999,18.7
-34.039722,22.133333,07-10-2014,166.90001,20.3,1.0,1.4,27.83,17.01,19.4
-25.20639,27.558,08-10-2014,182.8,47.6,2.4000000000000004,4.4,32.28,18.19,45.5
-25.73411,27.21422,08-10-2014,172.5,58.5,2.9000000000000004,3.5,30.179998,15.71,55.9
-23.281,30.54305556,08-10-2014,160.7,55.2,2.8000000000000003,22.6,31.84,20.42,62.2
-26.905,32.324722,08-10-2014,161.2,74.0,3.7,4.5,33.88,20.76,70.4
-29.380556,30.2775,08-10-2014,149.7,49.400000000000006,2.5,28.300001,27.449999,14.5199995,88.5
-26.970278,27.211111,08-10-2014,176.1,45.800000000000004,2.3000000000000003,2.2,30.15,15.65,43.7
-28.116667,26.725278,08-10-2014,191.5,38.0,1.9000000000000001,0.5,31.88,16.449999,36.100002
-31.104278,29.399722,08-10-2014,154.5,27.400000000000002,1.4000000000000001,7.4,28.49,17.789999,27.2
-34.02861,22.22222,08-10-2014,164.3,21.0,1.0,1.5,27.23,16.8,20.0
-27.01011111,26.69808333,09-10-2014,185.5,46.1,2.3000000000000003,0.6,31.179998,16.279999,43.8
-25.127778,27.628889,09-10-2014,184.3,47.2,2.4000000000000004,6.3,32.53,18.359999,45.4
-23.658056,31.05,09-10-2014,160.1,37.800000000000004,1.9000000000000001,19.4,32.88,20.74,42.3
-26.861111,28.884722,09-10-2014,158.3,50.7,2.5,4.0,28.16,13.559999,48.5
-26.45,28.085833,09-10-2014,164.5,50.6,2.5,3.5,28.849998,14.78,48.4
-26.98472222,26.63227778,09-10-2014,184.7,47.6,2.4000000000000004,0.6,31.34,16.539999,45.2
-27.671111,27.236944,09-10-2014,183.40001,40.6,2.0,0.6,30.98,15.45,38.600002
-28.376944,24.303056,09-10-2014,225.6,35.7,1.8,0.2,35.7,18.1,34.0
-31.554722,29.245556,09-10-2014,146.7,29.700000000000003,1.5,15.1,27.599998,18.08,37.600002
-34.005833,22.351111,09-10-2014,160.40001,24.3,1.2000000000000002,1.6,26.66,16.82,23.1
-27.495556,26.074722,09-10-2014,199.90001,40.400000000000006,2.0,0.6,32.21,16.32,38.4
-26.648056,27.089444,10-10-2014,174.8,48.1,2.4000000000000004,2.7,29.929998,15.46,45.9
-26.880278,26.965,10-10-2014,177.5,46.800000000000004,2.3000000000000003,2.1000001,30.529999,15.889999,44.600002
-27.573056,24.746389,10-10-2014,215.40001,42.900000000000006,2.1,0.3,34.78,17.88,40.7
-27.902778,24.615556,10-10-2014,223.7,39.0,2.0,0.2,35.41,18.3,37.100002
-31.031389,28.883333,16-02-2011,138.90001,102.10000000000001,5.1000000000000005,7.0,25.63,14.299999,98.0
-25.99136,27.84208,13-10-2014,168.0,58.7,2.9000000000000004,9.8,29.21,15.929999,58.9
-26.510278,28.351389,13-10-2014,162.8,49.800000000000004,2.5,4.3,28.74,14.17,47.7
-26.73806,27.59194,13-10-2014,168.90001,48.900000000000006,2.4000000000000004,2.8,29.3,15.219999,46.7
-26.45,28.085833,13-10-2014,164.5,50.6,2.5,3.5,28.849998,14.78,48.4
-27.671111,27.236944,13-10-2014,183.40001,40.6,2.0,0.6,30.98,15.45,38.600002
-29.160278,26.573333,13-10-2014,200.8,33.9,1.7000000000000002,0.5,32.719997,15.309999,32.2
-29.042222,24.6,13-10-2014,226.5,29.8,1.5,0.1,35.29,17.779999,28.300001
-29.028629,24.638389,13-10-2014,225.2,30.8,1.5,0.1,35.2,17.67,29.2
-27.01011111,26.69808333,14-10-2014,185.5,46.1,2.3000000000000003,0.6,31.179998,16.279999,43.8
-29.140556,31.391944,14-10-2014,158.3,113.7,5.7,5.1,30.42,20.17,108.4
-25.73411,27.21422,14-10-2014,172.5,58.5,2.9000000000000004,3.5,30.179998,15.71,55.9
-27.169444,29.233889,14-10-2014,156.2,50.2,2.5,3.3,27.8,13.13,48.0
-26.861111,28.884722,14-10-2014,158.3,50.7,2.5,4.0,28.16,13.559999,48.5
-27.802778,28.768333,14-10-2014,158.6,48.2,2.4000000000000004,8.0,28.349998,13.13,49.3
-26.98472222,26.63227778,14-10-2014,184.7,47.6,2.4000000000000004,0.6,31.34,16.539999,45.2
-28.1175,26.719444,14-10-2014,191.5,38.0,1.9000000000000001,0.5,31.88,16.449999,36.100002
-28.116667,26.725278,14-10-2014,191.5,38.0,1.9000000000000001,0.5,31.88,16.449999,36.100002
-27.398611,26.614722,14-10-2014,193.1,41.800000000000004,2.1,0.6,31.89,16.619999,39.7
-28.69485,28.23487,14-10-2014,163.3,49.2,2.5,7.0,28.25,13.42,49.9
-29.615556,27.065278,14-10-2014,188.8,36.9,1.8,0.5,31.38,14.73,35.100002
-28.883333,27.89,14-10-2014,168.90001,47.400000000000006,2.4000000000000004,7.5,29.38,14.12,48.4
-27.4,26.624722,14-10-2014,193.1,41.800000000000004,2.1,0.6,31.89,16.619999,39.7
-25.81048333,27.90955222,15-10-2014,171.0,57.0,2.8000000000000003,10.2,30.13,16.88,57.3
-28.747778,31.745833,15-10-2014,161.6,73.10000000000001,3.7,4.7000003,31.31,20.27,69.8
-28.404444,30.013056,15-10-2014,165.0,50.5,2.5,11.8,30.439999,15.809999,53.3
-27.00222,28.76528,15-10-2014,159.6,49.0,2.4000000000000004,3.6000001,28.49,13.73,46.8
-27.02314,28.59389,15-10-2014,161.8,48.6,2.4000000000000004,3.6000001,28.84,14.07,46.4
-26.648056,27.089444,15-10-2014,174.8,48.1,2.4000000000000004,2.7,29.929998,15.46,45.9
-26.970278,27.211111,15-10-2014,176.1,45.800000000000004,2.3000000000000003,2.2,30.15,15.65,43.7
-26.880278,26.965,15-10-2014,177.5,46.800000000000004,2.3000000000000003,2.1000001,30.529999,15.889999,44.600002
-27.273889,28.49,15-10-2014,162.40001,48.1,2.4000000000000004,6.4,28.82,14.099999,46.9
-27.4275,28.525833,15-10-2014,162.0,47.7,2.4000000000000004,8.5,28.779999,13.83,48.600002
-27.3,28.586944,15-10-2014,162.1,48.300000000000004,2.4000000000000004,7.2000003,28.769999,13.94,47.7
-27.935,26.126667,15-10-2014,197.0,37.5,1.9000000000000001,0.5,32.11,15.91,35.600002
-28.141944,26.417778,15-10-2014,196.0,37.300000000000004,1.9000000000000001,0.5,32.079998,16.25,35.4
-27.671111,27.236944,15-10-2014,183.40001,40.6,2.0,0.6,30.98,15.45,38.600002
-30.160091,27.40124,15-10-2014,182.6,36.6,1.8,0.7,30.88,14.75,34.7
-30.336111,27.359444,15-10-2014,183.3,35.9,1.8,0.7,30.83,14.32,34.2
-28.768056,20.720556,15-10-2014,254.1,11.3,0.6000000000000001,0.0,36.969997,20.359999,10.7
-34.092222,21.295278,15-10-2014,183.90001,16.3,0.8,1.1,30.49,16.39,15.5
-28.058889,30.373611,15-10-2014,159.1,58.7,2.9000000000000004,19.2,28.82,14.549999,82.0
-30.830556,26.921389,16-10-2014,189.40001,28.5,1.4000000000000001,0.6,31.5,14.0,27.1
-25.49037,30.6986,16-10-2014,149.8,67.0,3.4000000000000004,109.5,28.58,16.699999,116.4
-27.937778,31.209444,16-10-2014,159.7,118.7,5.9,48.7,30.039999,17.59,142.40001
-27.5275,30.858056,16-10-2014,152.90001,110.80000000000001,5.5,42.7,28.359999,15.58,135.40001
-29.744167,29.905833,16-10-2014,157.2,45.800000000000004,2.3000000000000003,29.1,28.699999,15.389999,88.3
-26.619444,27.980833,16-10-2014,167.2,48.5,2.4000000000000004,3.2,29.26,15.16,46.4
-27.38972222,26.46388889,16-10-2014,195.40001,41.6,2.1,0.6,32.04,16.76,39.5
-27.398611,26.614722,16-10-2014,193.1,41.800000000000004,2.1,0.6,31.89,16.619999,39.7
-31.000833,26.353056,16-10-2014,194.1,26.0,1.3,0.4,31.179998,13.559999,24.7
-30.679722,26.7125,16-10-2014,194.3,28.0,1.4000000000000001,0.5,32.66,14.63,26.6
-27.4,26.624722,16-10-2014,193.1,41.800000000000004,2.1,0.6,31.89,16.619999,39.7
-24.99328,30.81444,20-10-2014,135.40001,78.30000000000001,3.9000000000000004,121.0,25.029999,13.679999,113.0
-33.818056,19.694722,20-10-2014,212.5,14.700000000000001,0.7000000000000001,5.2000003,31.57,16.5,14.900001
-32.502778,19.535833,20-10-2014,232.90001,2.5,0.1,0.4,34.37,16.41,2.4
-25.127778,27.628889,21-10-2014,184.3,47.2,2.4000000000000004,6.3,32.53,18.359999,45.4
-25.20639,27.558,21-10-2014,182.8,47.6,2.4000000000000004,4.4,32.28,18.19,45.5
-24.69514,27.40906,21-10-2014,187.0,48.1,2.4000000000000004,2.6000001,32.64,19.4,45.7
-26.006389,29.253889,21-10-2014,153.7,60.900000000000006,3.0,20.9,27.789999,13.849999,93.700005
-25.513889,31.224444,21-10-2014,149.3,67.5,3.4000000000000004,71.3,29.66,18.39,118.0
-25.398889,31.610556,21-10-2014,147.0,55.0,2.8000000000000003,43.8,31.24,19.83,90.3
-26.970278,27.211111,21-10-2014,176.1,45.800000000000004,2.3000000000000003,2.2,30.15,15.65,43.7
-26.45,28.085833,21-10-2014,164.5,50.6,2.5,3.5,28.849998,14.78,48.4
-34.075556,20.145556,21-10-2014,199.2,15.200000000000001,0.8,2.1000001,31.279999,17.32,14.6
-32.595833,19.009444,21-10-2014,231.40001,3.7,0.2,2.9,34.079998,16.72,3.7
-28.338333,31.373611,21-10-2014,157.40001,117.2,5.9,32.5,30.349998,18.279999,140.5
-28.068333,31.55,21-10-2014,164.40001,103.9,5.2,24.0,32.21,20.18,139.90001
-27.01011111,26.69808333,22-10-2014,185.5,46.1,2.3000000000000003,0.6,31.179998,16.279999,43.8
-29.641944,30.6875,22-10-2014,155.40001,48.5,2.4000000000000004,29.9,29.63,18.99,80.0
-24.39619444,27.08983333,22-10-2014,187.90001,44.0,2.2,1.9,33.04,19.56,41.8
-28.44555556,32.325,16-12-2014,157.2,88.7,4.4,28.7,30.529999,20.81,130.40001
-26.861111,28.884722,22-10-2014,158.3,50.7,2.5,4.0,28.16,13.559999,48.5
-26.648056,27.089444,22-10-2014,174.8,48.1,2.4000000000000004,2.7,29.929998,15.46,45.9
-26.880278,26.965,22-10-2014,177.5,46.800000000000004,2.3000000000000003,2.1000001,30.529999,15.889999,44.600002
-26.98472222,26.63227778,22-10-2014,184.7,47.6,2.4000000000000004,0.6,31.34,16.539999,45.2
-34.250556,20.9925,22-10-2014,188.3,16.6,0.8,1.9,30.269999,17.34,15.8
-25.57877778,29.12747222,22-10-2014,166.40001,55.400000000000006,2.8000000000000003,18.5,30.289999,15.88,84.5
-25.436111,31.982222,23-10-2014,145.0,60.300000000000004,3.0,41.4,32.03,19.31,82.700005
-25.681111,31.783333,23-10-2014,150.2,57.900000000000006,2.9000000000000004,41.8,31.859999,19.779999,86.0
-25.362222,31.956667,23-10-2014,143.40001,58.900000000000006,2.9000000000000004,40.9,31.65,19.25,81.9
-28.75,30.442778,23-10-2014,168.6,43.400000000000006,2.2,11.3,31.91,17.779999,46.3
-29.161667,30.629722,23-10-2014,148.40001,50.7,2.5,25.5,27.5,15.559999,79.9
-27.00222,28.76528,23-10-2014,159.6,49.0,2.4000000000000004,3.6000001,28.49,13.73,46.8
-26.619444,27.980833,23-10-2014,167.2,48.5,2.4000000000000004,3.2,29.26,15.16,46.4
-27.573056,24.746389,23-10-2014,215.40001,42.900000000000006,2.1,0.3,34.78,17.88,40.7
-32.94583,18.33667,23-10-2014,204.3,5.5,0.30000000000000004,5.1,29.9,16.89,5.9
-28.308889,31.9025,23-10-2014,161.7,84.10000000000001,4.2,23.4,32.04,20.779999,120.200005
-23.838611,31.640833,24-10-2014,161.3,39.1,2.0,27.6,33.94,21.32,45.0
-24.95861111,29.39527778,24-10-2014,174.2,43.5,2.2,13.8,32.38,18.51,65.0
-27.902778,24.615556,24-10-2014,223.7,39.0,2.0,0.2,35.41,18.3,37.100002
-29.161667,23.696389,27-10-2014,236.0,23.3,1.2000000000000002,0.1,36.17,18.47,22.1
-25.99136,27.84208,27-10-2014,168.0,58.7,2.9000000000000004,9.8,29.21,15.929999,58.9
-31.554722,29.245556,27-10-2014,146.7,29.700000000000003,1.5,15.1,27.599998,18.08,37.600002
-28.7115,24.07288889,28-10-2014,230.2,31.200000000000003,1.6,0.2,35.96,18.23,29.6
-34.065833,20.404167,28-10-2014,197.5,13.600000000000001,0.7000000000000001,1.7,32.05,18.029999,13.0
-22.91028,29.61111,28-10-2014,165.3,38.6,1.9000000000000001,18.6,31.199999,19.039999,55.3
-26.970278,27.211111,28-10-2014,176.1,45.800000000000004,2.3000000000000003,2.2,30.15,15.65,43.7
-26.880278,26.965,28-10-2014,177.5,46.800000000000004,2.3000000000000003,2.1000001,30.529999,15.889999,44.600002
-27.802778,28.768333,28-10-2014,158.6,48.2,2.4000000000000004,8.0,28.349998,13.13,49.3
-27.671111,27.236944,28-10-2014,183.40001,40.6,2.0,0.6,30.98,15.45,38.600002
-29.1825,23.575556,28-10-2014,235.40001,22.1,1.1,0.1,36.07,18.619999,21.0
-30.568333,29.422778,28-10-2014,153.40001,35.2,1.8,10.400001,27.38,13.349999,35.8
-30.570833,29.150556,28-10-2014,154.1,37.5,1.9000000000000001,6.2000003,27.17,13.219999,36.600002
-31.104278,29.399722,28-10-2014,154.5,27.400000000000002,1.4000000000000001,7.4,28.49,17.789999,27.2
-33.501667,21.624167,28-10-2014,197.90001,12.8,0.6000000000000001,0.1,30.66,13.889999,12.1
-27.01011111,26.69808333,29-10-2014,185.5,46.1,2.3000000000000003,0.6,31.179998,16.279999,43.8
-25.81048333,27.90955222,29-10-2014,171.0,57.0,2.8000000000000003,10.2,30.13,16.88,57.3
-22.935,28.004167,29-10-2014,185.5,27.400000000000002,1.4000000000000001,0.2,33.03,20.189999,26.1
-24.282222,28.090278,29-10-2014,171.90001,55.6,2.8000000000000003,25.0,30.609999,17.26,80.8
-24.670833,28.560833,29-10-2014,172.2,45.7,2.3000000000000003,25.9,30.71,16.859999,87.9
-25.73411,27.21422,29-10-2014,172.5,58.5,2.9000000000000004,3.5,30.179998,15.71,55.9
-26.905,32.324722,29-10-2014,161.2,74.0,3.7,4.5,33.88,20.76,70.4
-28.735556,29.820556,29-10-2014,164.8,51.1,2.6,11.0,30.92,15.92,53.4
-26.861111,28.884722,29-10-2014,158.3,50.7,2.5,4.0,28.16,13.559999,48.5
-26.648056,27.089444,29-10-2014,174.8,48.1,2.4000000000000004,2.7,29.929998,15.46,45.9
-27.273889,28.49,29-10-2014,162.40001,48.1,2.4000000000000004,6.4,28.82,14.099999,46.9
-27.3,28.586944,29-10-2014,162.1,48.300000000000004,2.4000000000000004,7.2000003,28.769999,13.94,47.7
-26.98472222,26.63227778,29-10-2014,184.7,47.6,2.4000000000000004,0.6,31.34,16.539999,45.2
-28.768056,20.720556,29-10-2014,254.1,11.3,0.6000000000000001,0.0,36.969997,20.359999,10.7
-31.031389,28.883333,29-10-2014,154.40001,31.700000000000003,1.6,4.4,28.349998,15.73,30.5
-30.86013889,29.07125,29-10-2014,158.0,30.5,1.5,4.0,28.81,16.27,29.300001
-30.77586667,29.03221667,29-10-2014,158.7,32.0,1.6,3.6000001,28.74,15.889999,30.7
-34.405833,19.600556,29-10-2014,173.0,23.6,1.2000000000000002,7.7000003,27.0,16.4,23.7
-33.13083,18.86278,29-10-2014,209.40001,8.700000000000001,0.4,8.5,32.739998,17.699999,9.7
-33.7075,18.97444444,29-10-2014,212.0,16.2,0.8,10.8,31.46,17.48,17.5
-27.363611,31.783333,30-10-2014,156.90001,64.10000000000001,3.2,28.7,32.05,19.46,72.1
-27.602222,29.942778,30-10-2014,162.3,57.2,2.9000000000000004,13.900001,29.279999,14.799999,60.3
-27.00222,28.76528,30-10-2014,159.6,49.0,2.4000000000000004,3.6000001,28.49,13.73,46.8
-26.619444,27.980833,30-10-2014,167.2,48.5,2.4000000000000004,3.2,29.26,15.16,46.4
-26.73806,27.59194,30-10-2014,168.90001,48.900000000000006,2.4000000000000004,2.8,29.3,15.219999,46.7
-34.329722,18.990278,30-10-2014,168.3,27.3,1.4000000000000001,14.900001,25.789999,16.01,29.0
-33.31388889,19.07472222,30-10-2014,216.6,10.700000000000001,0.5,9.5,32.23,16.789999,11.8
-33.897778,20.012778,30-10-2014,201.3,13.600000000000001,0.7000000000000001,1.8000001,31.849998,16.81,13.0
-29.744167,29.905833,31-10-2014,157.2,45.800000000000004,2.3000000000000003,29.1,28.699999,15.389999,88.3
-28.404444,30.013056,02-11-2014,165.0,50.5,2.5,11.8,30.439999,15.809999,53.3
-29.744167,29.905833,03-11-2014,157.2,45.800000000000004,2.3000000000000003,29.1,28.699999,15.389999,88.3
-26.73806,27.59194,03-11-2014,168.90001,48.900000000000006,2.4000000000000004,2.8,29.3,15.219999,46.7
-26.45,28.085833,03-11-2014,164.5,50.6,2.5,3.5,28.849998,14.78,48.4
-27.671111,27.236944,03-11-2014,183.40001,40.6,2.0,0.6,30.98,15.45,38.600002
-30.733889,29.828333,04-11-2014,151.0,31.5,1.6,23.2,28.15,17.109999,49.9
-29.380556,30.2775,04-11-2014,149.7,49.400000000000006,2.5,28.300001,27.449999,14.5199995,88.5
-27.169444,29.233889,04-11-2014,156.2,50.2,2.5,3.3,27.8,13.13,48.0
-26.861111,28.884722,04-11-2014,158.3,50.7,2.5,4.0,28.16,13.559999,48.5
-26.98472222,26.63227778,04-11-2014,184.7,47.6,2.4000000000000004,0.6,31.34,16.539999,45.2
-28.141944,26.417778,04-11-2014,196.0,37.300000000000004,1.9000000000000001,0.5,32.079998,16.25,35.4
-27.398611,26.614722,04-11-2014,193.1,41.800000000000004,2.1,0.6,31.89,16.619999,39.7
-29.160278,26.573333,04-11-2014,200.8,33.9,1.7000000000000002,0.5,32.719997,15.309999,32.2
-28.69485,28.23487,04-11-2014,163.3,49.2,2.5,7.0,28.25,13.42,49.9
-28.883333,27.89,04-11-2014,168.90001,47.400000000000006,2.4000000000000004,7.5,29.38,14.12,48.4
-34.039722,22.133333,04-11-2014,166.90001,20.3,1.0,1.4,27.83,17.01,19.4
-27.4,26.624722,04-11-2014,193.1,41.800000000000004,2.1,0.6,31.89,16.619999,39.7
-27.01011111,26.69808333,05-11-2014,185.5,46.1,2.3000000000000003,0.6,31.179998,16.279999,43.8
-25.73411,27.21422,05-11-2014,172.5,58.5,2.9000000000000004,3.5,30.179998,15.71,55.9
-30.398056,30.601944,05-11-2014,157.7,32.800000000000004,1.6,26.300001,29.16,20.8,51.9
-27.00222,28.76528,05-11-2014,159.6,49.0,2.4000000000000004,3.6000001,28.49,13.73,46.8
-27.02314,28.59389,05-11-2014,161.8,48.6,2.4000000000000004,3.6000001,28.84,14.07,46.4
-26.648056,27.089444,05-11-2014,174.8,48.1,2.4000000000000004,2.7,29.929998,15.46,45.9
-26.970278,27.211111,05-11-2014,176.1,45.800000000000004,2.3000000000000003,2.2,30.15,15.65,43.7
-26.880278,26.965,05-11-2014,177.5,46.800000000000004,2.3000000000000003,2.1000001,30.529999,15.889999,44.600002
-27.273889,28.49,05-11-2014,162.40001,48.1,2.4000000000000004,6.4,28.82,14.099999,46.9
-27.4275,28.525833,05-11-2014,162.0,47.7,2.4000000000000004,8.5,28.779999,13.83,48.600002
-27.3,28.586944,05-11-2014,162.1,48.300000000000004,2.4000000000000004,7.2000003,28.769999,13.94,47.7
-28.116667,26.725278,05-11-2014,191.5,38.0,1.9000000000000001,0.5,31.88,16.449999,36.100002
-30.160091,27.40124,05-11-2014,182.6,36.6,1.8,0.7,30.88,14.75,34.7
-30.336111,27.359444,05-11-2014,183.3,35.9,1.8,0.7,30.83,14.32,34.2
-29.615556,27.065278,05-11-2014,188.8,36.9,1.8,0.5,31.38,14.73,35.100002
-34.02861,22.22222,05-11-2014,164.3,21.0,1.0,1.5,27.23,16.8,20.0
-30.830556,26.921389,06-11-2014,189.40001,28.5,1.4000000000000001,0.6,31.5,14.0,27.1
-26.619444,27.980833,06-11-2014,167.2,48.5,2.4000000000000004,3.2,29.26,15.16,46.4
-28.376944,24.303056,06-11-2014,225.6,35.7,1.8,0.2,35.7,18.1,34.0
-31.000833,26.353056,06-11-2014,194.1,26.0,1.3,0.4,31.179998,13.559999,24.7
-30.679722,26.7125,06-11-2014,194.3,28.0,1.4000000000000001,0.5,32.66,14.63,26.6
-23.838611,31.640833,07-11-2014,161.3,39.1,2.0,27.6,33.94,21.32,45.0
-27.902778,24.615556,07-11-2014,223.7,39.0,2.0,0.2,35.41,18.3,37.100002
-29.658056,25.973333,07-11-2014,204.0,27.1,1.4000000000000001,0.4,32.77,15.219999,25.800001
-25.99136,27.84208,10-11-2014,168.0,58.7,2.9000000000000004,9.8,29.21,15.929999,58.9
-28.1175,26.719444,10-11-2014,191.5,38.0,1.9000000000000001,0.5,31.88,16.449999,36.100002
-27.671111,27.236944,10-11-2014,183.40001,40.6,2.0,0.6,30.98,15.45,38.600002
-29.140556,31.391944,11-11-2014,158.3,113.7,5.7,5.1,30.42,20.17,108.4
-24.183889,30.823889,11-11-2014,159.90001,46.800000000000004,2.3000000000000003,32.3,32.469997,20.47,99.0
-25.73411,27.21422,11-11-2014,172.5,58.5,2.9000000000000004,3.5,30.179998,15.71,55.9
-28.801278,31.955389,11-11-2014,161.1,71.3,3.6,6.3,30.96,20.449999,68.4
-26.73806,27.59194,11-11-2014,168.90001,48.900000000000006,2.4000000000000004,2.8,29.3,15.219999,46.7
-26.45,28.085833,11-11-2014,164.5,50.6,2.5,3.5,28.849998,14.78,48.4
-26.98472222,26.63227778,11-11-2014,184.7,47.6,2.4000000000000004,0.6,31.34,16.539999,45.2
-27.935,26.126667,11-11-2014,197.0,37.5,1.9000000000000001,0.5,32.11,15.91,35.600002
-28.141944,26.417778,11-11-2014,196.0,37.300000000000004,1.9000000000000001,0.5,32.079998,16.25,35.4
-27.398611,26.614722,11-11-2014,193.1,41.800000000000004,2.1,0.6,31.89,16.619999,39.7
-34.092222,21.295278,11-11-2014,183.90001,16.3,0.8,1.1,30.49,16.39,15.5
-25.45963889,28.26430556,11-11-2014,172.3,51.6,2.6,17.5,30.96,16.949999,62.0
-27.4,26.624722,11-11-2014,193.1,41.800000000000004,2.1,0.6,31.89,16.619999,39.7
-27.01011111,26.69808333,12-11-2014,185.5,46.1,2.3000000000000003,0.6,31.179998,16.279999,43.8
-25.81048333,27.90955222,12-11-2014,171.0,57.0,2.8000000000000003,10.2,30.13,16.88,57.3
-24.670833,28.560833,12-11-2014,172.2,45.7,2.3000000000000003,25.9,30.71,16.859999,87.9
-22.769722,30.886944,12-11-2014,165.8,45.400000000000006,2.3000000000000003,32.2,32.45,20.13,69.700005
-24.058889,31.237222,12-11-2014,157.6,45.0,2.3000000000000003,32.8,32.63,20.57,66.700005
-28.747778,31.745833,12-11-2014,161.6,73.10000000000001,3.7,4.7000003,31.31,20.27,69.8
-27.937778,31.209444,12-11-2014,159.7,118.7,5.9,48.7,30.039999,17.59,142.40001
-29.744167,29.905833,12-11-2014,157.2,45.800000000000004,2.3000000000000003,29.1,28.699999,15.389999,88.3
-27.169444,29.233889,12-11-2014,156.2,50.2,2.5,3.3,27.8,13.13,48.0
-26.861111,28.884722,12-11-2014,158.3,50.7,2.5,4.0,28.16,13.559999,48.5
-26.648056,27.089444,12-11-2014,174.8,48.1,2.4000000000000004,2.7,29.929998,15.46,45.9
-26.970278,27.211111,12-11-2014,176.1,45.800000000000004,2.3000000000000003,2.2,30.15,15.65,43.7
-26.880278,26.965,12-11-2014,177.5,46.800000000000004,2.3000000000000003,2.1000001,30.529999,15.889999,44.600002
-27.802778,28.768333,12-11-2014,158.6,48.2,2.4000000000000004,8.0,28.349998,13.13,49.3
-25.127778,27.628889,13-11-2014,184.3,47.2,2.4000000000000004,6.3,32.53,18.359999,45.4
-25.20639,27.558,13-11-2014,182.8,47.6,2.4000000000000004,4.4,32.28,18.19,45.5
-23.658056,31.05,13-11-2014,160.1,37.800000000000004,1.9000000000000001,19.4,32.88,20.74,42.3
-23.281,30.54305556,13-11-2014,160.7,55.2,2.8000000000000003,22.6,31.84,20.42,62.2
-27.5275,30.858056,13-11-2014,152.90001,110.80000000000001,5.5,42.7,28.359999,15.58,135.40001
-27.00222,28.76528,13-11-2014,159.6,49.0,2.4000000000000004,3.6000001,28.49,13.73,46.8
-27.273889,28.49,13-11-2014,162.40001,48.1,2.4000000000000004,6.4,28.82,14.099999,46.9
-27.4275,28.525833,13-11-2014,162.0,47.7,2.4000000000000004,8.5,28.779999,13.83,48.600002
-27.3,28.586944,13-11-2014,162.1,48.300000000000004,2.4000000000000004,7.2000003,28.769999,13.94,47.7
-24.679167,30.8025,14-11-2014,144.8,80.7,4.0,82.8,26.789999,15.7,119.700005
-26.98472222,26.63227778,14-11-2014,184.7,47.6,2.4000000000000004,0.6,31.34,16.539999,45.2
-25.49037,30.6986,17-11-2014,149.8,67.0,3.4000000000000004,109.5,28.58,16.699999,116.4
-27.671111,27.236944,17-11-2014,183.40001,40.6,2.0,0.6,30.98,15.45,38.600002
-29.042222,24.6,17-11-2014,226.5,29.8,1.5,0.1,35.29,17.779999,28.300001
-29.033333,23.983333,17-11-2014,229.8,26.700000000000003,1.3,0.2,35.67,17.85,25.4
-25.447222,30.711667,17-11-2014,152.5,65.10000000000001,3.3000000000000003,98.0,29.14,17.369999,116.8
-25.127778,27.628889,18-11-2014,184.3,47.2,2.4000000000000004,6.3,32.53,18.359999,45.4
-25.20639,27.558,18-11-2014,182.8,47.6,2.4000000000000004,4.4,32.28,18.19,45.5
-24.69514,27.40906,18-11-2014,187.0,48.1,2.4000000000000004,2.6000001,32.64,19.4,45.7
-26.006389,29.253889,18-11-2014,153.7,60.900000000000006,3.0,20.9,27.789999,13.849999,93.700005
-25.513889,31.224444,18-11-2014,149.3,67.5,3.4000000000000004,71.3,29.66,18.39,118.0
-25.398889,31.610556,18-11-2014,147.0,55.0,2.8000000000000003,43.8,31.24,19.83,90.3
-28.141944,26.417778,18-11-2014,196.0,37.300000000000004,1.9000000000000001,0.5,32.079998,16.25,35.4
-28.1175,26.719444,18-11-2014,191.5,38.0,1.9000000000000001,0.5,31.88,16.449999,36.100002
-29.028629,24.638389,18-11-2014,225.2,30.8,1.5,0.1,35.2,17.67,29.2
-28.338333,31.373611,18-11-2014,157.40001,117.2,5.9,32.5,30.349998,18.279999,140.5
-28.068333,31.55,18-11-2014,164.40001,103.9,5.2,24.0,32.21,20.18,139.90001
-29.641944,30.6875,19-11-2014,155.40001,48.5,2.4000000000000004,29.9,29.63,18.99,80.0
-24.39619444,27.08983333,19-11-2014,187.90001,44.0,2.2,1.9,33.04,19.56,41.8
-25.681111,31.783333,19-11-2014,150.2,57.900000000000006,2.9000000000000004,41.8,31.859999,19.779999,86.0
-28.44555556,32.325,14-01-2015,162.3,13.5,0.7000000000000001,10.3,31.01,21.119999,14.7
-29.161667,30.629722,19-11-2014,148.40001,50.7,2.5,25.5,27.5,15.559999,79.9
-26.45,28.085833,19-11-2014,164.5,50.6,2.5,3.5,28.849998,14.78,48.4
-27.38972222,26.46388889,19-11-2014,195.40001,41.6,2.1,0.6,32.04,16.76,39.5
-27.398611,26.614722,19-11-2014,193.1,41.800000000000004,2.1,0.6,31.89,16.619999,39.7
-25.57877778,29.12747222,19-11-2014,166.40001,55.400000000000006,2.8000000000000003,18.5,30.289999,15.88,84.5
-26.03611,30.99778,20-11-2014,157.1,87.5,4.4,92.9,29.3,17.99,129.90001
-28.75,30.442778,20-11-2014,168.6,43.400000000000006,2.2,11.3,31.91,17.779999,46.3
-26.861111,28.884722,20-11-2014,158.3,50.7,2.5,4.0,28.16,13.559999,48.5
-27.671111,27.236944,20-11-2014,183.40001,40.6,2.0,0.6,30.98,15.45,38.600002
-28.376944,24.303056,20-11-2014,225.6,35.7,1.8,0.2,35.7,18.1,34.0
-29.160278,26.573333,20-11-2014,200.8,33.9,1.7000000000000002,0.5,32.719997,15.309999,32.2
-28.308889,31.9025,20-11-2014,161.7,84.10000000000001,4.2,23.4,32.04,20.779999,120.200005
-24.9675,31.516667,21-11-2014,150.2,53.5,2.7,41.8,32.079998,20.439999,92.700005
-28.058889,30.373611,22-11-2014,159.1,58.7,2.9000000000000004,19.2,28.82,14.549999,82.0
-23.23572222,27.717,24-11-2014,186.90001,31.700000000000003,1.6,0.4,33.42,20.01,30.1
-25.99136,27.84208,24-11-2014,168.0,58.7,2.9000000000000004,9.8,29.21,15.929999,58.9
-27.671111,27.236944,24-11-2014,183.40001,40.6,2.0,0.6,30.98,15.45,38.600002
-31.554722,29.245556,24-11-2014,146.7,29.700000000000003,1.5,15.1,27.599998,18.08,37.600002
-33.818056,19.694722,24-11-2014,212.5,14.700000000000001,0.7000000000000001,5.2000003,31.57,16.5,14.900001
-32.502778,19.535833,24-11-2014,232.90001,2.5,0.1,0.4,34.37,16.41,2.4
-27.01011111,26.69808333,25-11-2014,185.5,46.1,2.3000000000000003,0.6,31.179998,16.279999,43.8
-31.860278,18.6875,25-11-2014,229.40001,1.8,0.1,0.5,32.899998,16.52,1.7
-22.91028,29.61111,25-11-2014,165.3,38.6,1.9000000000000001,18.6,31.199999,19.039999,55.3
-26.970278,27.211111,25-11-2014,176.1,45.800000000000004,2.3000000000000003,2.2,30.15,15.65,43.7
-26.880278,26.965,25-11-2014,177.5,46.800000000000004,2.3000000000000003,2.1000001,30.529999,15.889999,44.600002
-28.1175,26.719444,25-11-2014,191.5,38.0,1.9000000000000001,0.5,31.88,16.449999,36.100002
-30.568333,29.422778,25-11-2014,153.40001,35.2,1.8,10.400001,27.38,13.349999,35.8
-30.570833,29.150556,25-11-2014,154.1,37.5,1.9000000000000001,6.2000003,27.17,13.219999,36.600002
-31.104278,29.399722,25-11-2014,154.5,27.400000000000002,1.4000000000000001,7.4,28.49,17.789999,27.2
-33.501667,21.624167,25-11-2014,197.90001,12.8,0.6000000000000001,0.1,30.66,13.889999,12.1
-34.075556,20.145556,25-11-2014,199.2,15.200000000000001,0.8,2.1000001,31.279999,17.32,14.6
-32.595833,19.009444,25-11-2014,231.40001,3.7,0.2,2.9,34.079998,16.72,3.7
-25.45963889,28.26430556,25-11-2014,172.3,51.6,2.6,17.5,30.96,16.949999,62.0
-25.81048333,27.90955222,26-11-2014,171.0,57.0,2.8000000000000003,10.2,30.13,16.88,57.3
-24.282222,28.090278,26-11-2014,171.90001,55.6,2.8000000000000003,25.0,30.609999,17.26,80.8
-23.763056,27.908611,26-11-2014,179.0,42.7,2.1,9.7,31.98,18.56,42.5
-26.905,32.324722,26-11-2014,161.2,74.0,3.7,4.5,33.88,20.76,70.4
-27.602222,29.942778,26-11-2014,162.3,57.2,2.9000000000000004,13.900001,29.279999,14.799999,60.3
-27.00222,28.76528,26-11-2014,159.6,49.0,2.4000000000000004,3.6000001,28.49,13.73,46.8
-26.73806,27.59194,26-11-2014,168.90001,48.900000000000006,2.4000000000000004,2.8,29.3,15.219999,46.7
-26.45,28.085833,26-11-2014,164.5,50.6,2.5,3.5,28.849998,14.78,48.4
-29.042222,24.6,26-11-2014,226.5,29.8,1.5,0.1,35.29,17.779999,28.300001
-29.033333,23.983333,26-11-2014,229.8,26.700000000000003,1.3,0.2,35.67,17.85,25.4
-31.031389,28.883333,26-11-2014,154.40001,31.700000000000003,1.6,4.4,28.349998,15.73,30.5
-30.86013889,29.07125,26-11-2014,158.0,30.5,1.5,4.0,28.81,16.27,29.300001
-30.77586667,29.03221667,26-11-2014,158.7,32.0,1.6,3.6000001,28.74,15.889999,30.7
-34.250556,20.9925,26-11-2014,188.3,16.6,0.8,1.9,30.269999,17.34,15.8
-33.38056,19.30167,26-11-2014,206.90001,12.9,0.6000000000000001,7.3,29.96,14.19,13.5
-27.169444,29.233889,27-11-2014,156.2,50.2,2.5,3.3,27.8,13.13,48.0
-26.861111,28.884722,27-11-2014,158.3,50.7,2.5,4.0,28.16,13.559999,48.5
-29.028629,24.638389,27-11-2014,225.2,30.8,1.5,0.1,35.2,17.67,29.2
-32.94583,18.33667,27-11-2014,204.3,5.5,0.30000000000000004,5.1,29.9,16.89,5.9
-23.838611,31.640833,28-11-2014,161.3,39.1,2.0,27.6,33.94,21.32,45.0
-29.744167,29.905833,28-11-2014,157.2,45.800000000000004,2.3000000000000003,29.1,28.699999,15.389999,88.3
-26.648056,27.089444,28-11-2014,174.8,48.1,2.4000000000000004,2.7,29.929998,15.46,45.9
-28.116667,26.725278,28-11-2014,191.5,38.0,1.9000000000000001,0.5,31.88,16.449999,36.100002
-27.573056,24.746389,28-11-2014,215.40001,42.900000000000006,2.1,0.3,34.78,17.88,40.7
-29.744167,29.905833,01-12-2014,157.2,45.800000000000004,2.3000000000000003,29.1,28.699999,15.389999,88.3
-29.380556,30.2775,01-12-2014,149.7,49.400000000000006,2.5,28.300001,27.449999,14.5199995,88.5
-26.970278,27.211111,01-12-2014,176.1,45.800000000000004,2.3000000000000003,2.2,30.15,15.65,43.7
-29.160278,26.573333,01-12-2014,200.8,33.9,1.7000000000000002,0.5,32.719997,15.309999,32.2
-27.01011111,26.69808333,02-12-2014,185.5,46.1,2.3000000000000003,0.6,31.179998,16.279999,43.8
-34.065833,20.404167,02-12-2014,197.5,13.600000000000001,0.7000000000000001,1.7,32.05,18.029999,13.0
-25.127778,27.628889,02-12-2014,184.3,47.2,2.4000000000000004,6.3,32.53,18.359999,45.4
-24.69514,27.40906,02-12-2014,187.0,48.1,2.4000000000000004,2.6000001,32.64,19.4,45.7
-25.49037,30.6986,02-12-2014,149.8,67.0,3.4000000000000004,109.5,28.58,16.699999,116.4
-26.861111,28.884722,02-12-2014,158.3,50.7,2.5,4.0,28.16,13.559999,48.5
-26.648056,27.089444,02-12-2014,174.8,48.1,2.4000000000000004,2.7,29.929998,15.46,45.9
-26.880278,26.965,02-12-2014,177.5,46.800000000000004,2.3000000000000003,2.1000001,30.529999,15.889999,44.600002
-26.98472222,26.63227778,02-12-2014,184.7,47.6,2.4000000000000004,0.6,31.34,16.539999,45.2
-27.671111,27.236944,02-12-2014,183.40001,40.6,2.0,0.6,30.98,15.45,38.600002
-28.69485,28.23487,02-12-2014,163.3,49.2,2.5,7.0,28.25,13.42,49.9
-29.615556,27.065278,02-12-2014,188.8,36.9,1.8,0.5,31.38,14.73,35.100002
-28.883333,27.89,02-12-2014,168.90001,47.400000000000006,2.4000000000000004,7.5,29.38,14.12,48.4
-34.092222,21.295278,02-12-2014,183.90001,16.3,0.8,1.1,30.49,16.39,15.5
-33.31388889,19.07472222,02-12-2014,216.6,10.700000000000001,0.5,9.5,32.23,16.789999,11.8
-33.7075,18.97444444,02-12-2014,212.0,16.2,0.8,10.8,31.46,17.48,17.5
-25.20639,27.558,03-12-2014,182.8,47.6,2.4000000000000004,4.4,32.28,18.19,45.5
-25.73411,27.21422,03-12-2014,172.5,58.5,2.9000000000000004,3.5,30.179998,15.71,55.9
-26.45,28.085833,03-12-2014,164.5,50.6,2.5,3.5,28.849998,14.78,48.4
-27.273889,28.49,03-12-2014,162.40001,48.1,2.4000000000000004,6.4,28.82,14.099999,46.9
-27.4275,28.525833,03-12-2014,162.0,47.7,2.4000000000000004,8.5,28.779999,13.83,48.600002
-27.3,28.586944,03-12-2014,162.1,48.300000000000004,2.4000000000000004,7.2000003,28.769999,13.94,47.7
-30.160091,27.40124,03-12-2014,182.6,36.6,1.8,0.7,30.88,14.75,34.7
-30.336111,27.359444,03-12-2014,183.3,35.9,1.8,0.7,30.83,14.32,34.2
-34.039722,22.133333,03-12-2014,166.90001,20.3,1.0,1.4,27.83,17.01,19.4
-34.02861,22.22222,03-12-2014,164.3,21.0,1.0,1.5,27.23,16.8,20.0
-34.405833,19.600556,03-12-2014,173.0,23.6,1.2000000000000002,7.7000003,27.0,16.4,23.7
-33.13083,18.86278,03-12-2014,209.40001,8.700000000000001,0.4,8.5,32.739998,17.699999,9.7
-33.464444,18.740556,03-12-2014,210.7,12.9,0.6000000000000001,7.9,30.96,17.27,13.7
-30.830556,26.921389,04-12-2014,189.40001,28.5,1.4000000000000001,0.6,31.5,14.0,27.1
-25.362222,31.956667,04-12-2014,143.40001,58.900000000000006,2.9000000000000004,40.9,31.65,19.25,81.9
-27.902778,24.615556,04-12-2014,223.7,39.0,2.0,0.2,35.41,18.3,37.100002
-28.376944,24.303056,04-12-2014,225.6,35.7,1.8,0.2,35.7,18.1,34.0
-29.160278,26.573333,04-12-2014,200.8,33.9,1.7000000000000002,0.5,32.719997,15.309999,32.2
-30.679722,26.7125,04-12-2014,194.3,28.0,1.4000000000000001,0.5,32.66,14.63,26.6
-34.329722,18.990278,04-12-2014,168.3,27.3,1.4000000000000001,14.900001,25.789999,16.01,29.0
-29.803611,30.516111,04-12-2014,151.7,45.2,2.3000000000000003,30.800001,28.59,17.449999,92.3
-33.897778,20.012778,04-12-2014,201.3,13.600000000000001,0.7000000000000001,1.8000001,31.849998,16.81,13.0
-26.98472222,26.63227778,05-12-2014,184.7,47.6,2.4000000000000004,0.6,31.34,16.539999,45.2
-25.99136,27.84208,08-12-2014,168.0,58.7,2.9000000000000004,9.8,29.21,15.929999,58.9
-26.45,28.085833,08-12-2014,164.5,50.6,2.5,3.5,28.849998,14.78,48.4
-28.141944,26.417778,08-12-2014,196.0,37.300000000000004,1.9000000000000001,0.5,32.079998,16.25,35.4
-29.042222,24.6,08-12-2014,226.5,29.8,1.5,0.1,35.29,17.779999,28.300001
-29.028629,24.638389,08-12-2014,225.2,30.8,1.5,0.1,35.2,17.67,29.2
-29.033333,23.983333,08-12-2014,229.8,26.700000000000003,1.3,0.2,35.67,17.85,25.4
-28.460833,21.248889,08-12-2014,241.2,16.2,0.8,0.0,36.899998,20.1,15.400001
-30.86013889,29.07125,08-12-2014,158.0,30.5,1.5,4.0,28.81,16.27,29.300001
-30.77586667,29.03221667,08-12-2014,158.7,32.0,1.6,3.6000001,28.74,15.889999,30.7
-29.140556,31.391944,09-12-2014,158.3,113.7,5.7,5.1,30.42,20.17,108.4
-24.183889,30.823889,09-12-2014,159.90001,46.800000000000004,2.3000000000000003,32.3,32.469997,20.47,99.0
-24.69514,27.40906,09-12-2014,187.0,48.1,2.4000000000000004,2.6000001,32.64,19.4,45.7
-25.73411,27.21422,09-12-2014,172.5,58.5,2.9000000000000004,3.5,30.179998,15.71,55.9
-28.747778,31.745833,09-12-2014,161.6,73.10000000000001,3.7,4.7000003,31.31,20.27,69.8
-28.801278,31.955389,09-12-2014,161.1,71.3,3.6,6.3,30.96,20.449999,68.4
-26.861111,28.884722,09-12-2014,158.3,50.7,2.5,4.0,28.16,13.559999,48.5
-28.1175,26.719444,09-12-2014,191.5,38.0,1.9000000000000001,0.5,31.88,16.449999,36.100002
-27.398611,26.614722,09-12-2014,193.1,41.800000000000004,2.1,0.6,31.89,16.619999,39.7
-30.568333,29.422778,09-12-2014,153.40001,35.2,1.8,10.400001,27.38,13.349999,35.8
-30.570833,29.150556,09-12-2014,154.1,37.5,1.9000000000000001,6.2000003,27.17,13.219999,36.600002
-31.554722,29.245556,09-12-2014,146.7,29.700000000000003,1.5,15.1,27.599998,18.08,37.600002
-25.45963889,28.26430556,09-12-2014,172.3,51.6,2.6,17.5,30.96,16.949999,62.0
-27.4,26.624722,09-12-2014,193.1,41.800000000000004,2.1,0.6,31.89,16.619999,39.7
-27.01011111,26.69808333,10-12-2014,185.5,46.1,2.3000000000000003,0.6,31.179998,16.279999,43.8
-25.81048333,27.90955222,10-12-2014,171.0,57.0,2.8000000000000003,10.2,30.13,16.88,57.3
-29.641944,30.6875,10-12-2014,155.40001,48.5,2.4000000000000004,29.9,29.63,18.99,80.0
-24.670833,28.560833,10-12-2014,172.2,45.7,2.3000000000000003,25.9,30.71,16.859999,87.9
-28.404444,30.013056,10-12-2014,165.0,50.5,2.5,11.8,30.439999,15.809999,53.3
-26.648056,27.089444,10-12-2014,174.8,48.1,2.4000000000000004,2.7,29.929998,15.46,45.9
-26.970278,27.211111,10-12-2014,176.1,45.800000000000004,2.3000000000000003,2.2,30.15,15.65,43.7
-26.880278,26.965,10-12-2014,177.5,46.800000000000004,2.3000000000000003,2.1000001,30.529999,15.889999,44.600002
-26.98472222,26.63227778,10-12-2014,184.7,47.6,2.4000000000000004,0.6,31.34,16.539999,45.2
-27.671111,27.236944,10-12-2014,183.40001,40.6,2.0,0.6,30.98,15.45,38.600002
-28.058889,30.373611,10-12-2014,159.1,58.7,2.9000000000000004,19.2,28.82,14.549999,82.0
-23.658056,31.05,11-12-2014,160.1,37.800000000000004,1.9000000000000001,19.4,32.88,20.74,42.3
-23.281,30.54305556,11-12-2014,160.7,55.2,2.8000000000000003,22.6,31.84,20.42,62.2
-27.5275,30.858056,11-12-2014,152.90001,110.80000000000001,5.5,42.7,28.359999,15.58,135.40001
-27.38972222,26.46388889,11-12-2014,195.40001,41.6,2.1,0.6,32.04,16.76,39.5
-27.398611,26.614722,11-12-2014,193.1,41.800000000000004,2.1,0.6,31.89,16.619999,39.7
-27.4,26.624722,11-12-2014,193.1,41.800000000000004,2.1,0.6,31.89,16.619999,39.7
-24.679167,30.8025,12-12-2014,144.8,80.7,4.0,82.8,26.789999,15.7,119.700005
-29.744167,29.905833,12-12-2014,157.2,45.800000000000004,2.3000000000000003,29.1,28.699999,15.389999,88.3
-26.73806,27.59194,15-12-2014,168.90001,48.900000000000006,2.4000000000000004,2.8,29.3,15.219999,46.7
-27.671111,27.236944,15-12-2014,183.40001,40.6,2.0,0.6,30.98,15.45,38.600002
-25.127778,27.628889,16-12-2014,184.3,47.2,2.4000000000000004,6.3,32.53,18.359999,45.4
-28.44555556,32.325,18-02-2015,162.3,13.5,0.7000000000000001,10.3,31.01,21.119999,14.7
-26.970278,27.211111,16-12-2014,176.1,45.800000000000004,2.3000000000000003,2.2,30.15,15.65,43.7
-27.01011111,26.69808333,17-12-2014,185.5,46.1,2.3000000000000003,0.6,31.179998,16.279999,43.8
-27.602222,29.942778,17-12-2014,162.3,57.2,2.9000000000000004,13.900001,29.279999,14.799999,60.3
-28.75,30.442778,17-12-2014,168.6,43.400000000000006,2.2,11.3,31.91,17.779999,46.3
-29.161667,30.629722,17-12-2014,148.40001,50.7,2.5,25.5,27.5,15.559999,79.9
-26.648056,27.089444,17-12-2014,174.8,48.1,2.4000000000000004,2.7,29.929998,15.46,45.9
-26.880278,26.965,17-12-2014,177.5,46.800000000000004,2.3000000000000003,2.1000001,30.529999,15.889999,44.600002
-26.45,28.085833,17-12-2014,164.5,50.6,2.5,3.5,28.849998,14.78,48.4
-26.98472222,26.63227778,17-12-2014,184.7,47.6,2.4000000000000004,0.6,31.34,16.539999,45.2
-33.501667,21.624167,17-12-2014,197.90001,12.8,0.6000000000000001,0.1,30.66,13.889999,12.1
-29.641944,30.6875,18-12-2014,155.40001,48.5,2.4000000000000004,29.9,29.63,18.99,80.0
-26.905,32.324722,18-12-2014,161.2,74.0,3.7,4.5,33.88,20.76,70.4
-27.169444,29.233889,18-12-2014,156.2,50.2,2.5,3.3,27.8,13.13,48.0
-26.861111,28.884722,18-12-2014,158.3,50.7,2.5,4.0,28.16,13.559999,48.5
-27.00222,28.76528,18-12-2014,159.6,49.0,2.4000000000000004,3.6000001,28.49,13.73,46.8
-28.376944,24.303056,18-12-2014,225.6,35.7,1.8,0.2,35.7,18.1,34.0
-34.250556,20.9925,18-12-2014,188.3,16.6,0.8,1.9,30.269999,17.34,15.8
-27.902778,24.615556,19-12-2014,223.7,39.0,2.0,0.2,35.41,18.3,37.100002
-22.43772222,31.07805556,21-12-2014,176.1,33.9,1.7000000000000002,15.8,34.7,21.279999,38.0
-24.282222,28.090278,22-12-2014,171.90001,55.6,2.8000000000000003,25.0,30.609999,17.26,80.8
-30.733889,29.828333,22-12-2014,151.0,31.5,1.6,23.2,28.15,17.109999,49.9
-26.970278,27.211111,22-12-2014,176.1,45.800000000000004,2.3000000000000003,2.2,30.15,15.65,43.7
-26.880278,26.965,22-12-2014,177.5,46.800000000000004,2.3000000000000003,2.1000001,30.529999,15.889999,44.600002
-26.45,28.085833,22-12-2014,164.5,50.6,2.5,3.5,28.849998,14.78,48.4
-27.01011111,26.69808333,23-12-2014,185.5,46.1,2.3000000000000003,0.6,31.179998,16.279999,43.8
-25.81048333,27.90955222,23-12-2014,171.0,57.0,2.8000000000000003,10.2,30.13,16.88,57.3
-22.225556,29.990556,23-12-2014,179.5,25.5,1.3,0.2,34.27,22.15,24.2
-22.91028,29.61111,23-12-2014,165.3,38.6,1.9000000000000001,18.6,31.199999,19.039999,55.3
-26.861111,28.884722,23-12-2014,158.3,50.7,2.5,4.0,28.16,13.559999,48.5
-27.00222,28.76528,23-12-2014,159.6,49.0,2.4000000000000004,3.6000001,28.49,13.73,46.8
-26.98472222,26.63227778,23-12-2014,184.7,47.6,2.4000000000000004,0.6,31.34,16.539999,45.2
-29.744167,29.905833,24-12-2014,157.2,45.800000000000004,2.3000000000000003,29.1,28.699999,15.389999,88.3
-29.161667,23.696389,31-12-2014,236.0,23.3,1.2000000000000002,0.1,36.17,18.47,22.1
-28.376944,24.303056,01-01-2015,225.6,35.7,1.8,0.2,35.7,18.1,34.0
-27.902778,24.615556,02-01-2015,191.1,60.800000000000004,3.0,0.2,33.899998,15.87,57.7
-25.99136,27.84208,05-01-2015,92.3,0.9,0.0,5.1,24.96,5.92,1.5
-29.987778,29.851667,05-01-2015,74.3,9.5,0.5,18.2,24.8,6.7999997,15.1
-29.744167,29.905833,05-01-2015,76.9,7.5,0.4,15.3,25.16,6.92,11.400001
-26.970278,27.211111,05-01-2015,91.200005,1.9000000000000001,0.1,1.8000001,25.5,5.2,1.9
-28.1175,26.719444,05-01-2015,89.5,4.3,0.2,0.5,25.42,5.24,4.1
-27.671111,27.236944,05-01-2015,90.200005,3.6,0.2,0.5,25.5,4.91,3.4
-29.140556,31.391944,06-01-2015,64.8,31.8,1.6,3.9,23.769999,11.57,30.5
-25.73411,27.21422,06-01-2015,81.8,19.1,1.0,2.5,20.76,3.06,18.300001
-30.733889,29.828333,06-01-2015,65.200005,64.5,3.2,13.0,20.07,6.74,61.9
-27.935,26.126667,06-01-2015,71.5,26.1,1.3,0.5,18.71,-0.22999999,24.800001
-28.141944,26.417778,06-01-2015,70.0,30.1,1.5,0.5,18.109999,0.44,28.6
-27.398611,26.614722,06-01-2015,76.4,36.7,1.8,0.5,19.859999,2.03,34.8
-29.160278,26.573333,06-01-2015,65.8,35.6,1.8,0.4,17.51,-0.35,33.8
-28.69485,28.23487,06-01-2015,61.5,42.6,2.1,2.9,16.15,-0.47,40.8
-28.883333,27.89,06-01-2015,58.3,41.7,2.1,3.1000001,15.78,-1.23,40.0
-27.01011111,26.69808333,07-01-2015,82.0,7.7,0.4,0.5,20.0,2.97,7.4
-25.81048333,27.90955222,07-01-2015,84.1,6.300000000000001,0.30000000000000004,4.4,21.869999,3.78,6.4
-28.747778,31.745833,07-01-2015,73.0,118.5,5.9,42.9,24.119999,12.179999,73.0
-28.801278,31.955389,07-01-2015,72.4,147.1,14.5,67.8,24.109999,12.799999,72.4
-28.404444,30.013056,07-01-2015,70.200005,15.0,0.8,4.4,21.369999,4.16,14.8
-26.648056,27.089444,07-01-2015,80.6,8.200000000000001,0.4,1.8000001,20.0,2.1399999,7.9
-26.880278,26.965,07-01-2015,80.3,9.9,0.5,1.5,20.119999,2.61,9.400001
-26.98472222,26.63227778,07-01-2015,82.1,7.9,0.4,0.5,19.84,2.9099998,7.5
-28.116667,26.725278,07-01-2015,75.8,12.100000000000001,0.6000000000000001,0.4,18.58,1.99,11.5
-30.160091,27.40124,07-01-2015,59.4,20.0,1.0,0.6,15.089999,1.3,19.0
-30.336111,27.359444,07-01-2015,58.2,22.700000000000003,1.1,0.6,14.7,0.76,21.6
-29.615556,27.065278,07-01-2015,66.700005,19.900000000000002,1.0,0.5,16.63,0.81,19.0
-30.830556,26.921389,08-01-2015,89.5,27.5,1.4000000000000001,0.5,18.33,0.26999998,26.1
-31.000833,26.353056,08-01-2015,87.200005,31.8,1.6,0.3,17.75,-0.74,30.2
-30.679722,26.7125,08-01-2015,90.9,27.0,1.3,0.4,18.99,0.19,25.6
-23.838611,31.640833,09-01-2015,121.3,16.0,0.8,10.400001,29.75,14.08,16.0
-27.5275,30.858056,09-01-2015,108.200005,40.7,2.0,6.8,25.08,10.21,39.4
-29.744167,29.905833,09-01-2015,104.3,33.7,1.7000000000000002,8.3,24.97,9.099999,33.0
-30.398056,30.601944,09-01-2015,99.700005,59.6,3.0,12.1,24.31,15.9,58.9
-26.98472222,26.63227778,09-01-2015,148.40001,36.6,1.8,0.5,26.72,9.62,34.8
-27.573056,24.746389,09-01-2015,153.3,17.5,0.9,0.3,28.5,9.3,16.6
-29.658056,25.973333,09-01-2015,134.2,12.700000000000001,0.6000000000000001,0.4,24.85,6.68,12.1
-29.803611,30.516111,09-01-2015,101.700005,42.800000000000004,2.1,8.0,24.72,11.84,41.5
-28.735556,29.820556,12-01-2015,180.3,15.8,0.8,2.8,32.219997,16.84,15.2
-26.970278,27.211111,12-01-2015,199.8,28.6,1.4000000000000001,1.3000001,32.09,16.359999,27.2
-26.73806,27.59194,12-01-2015,193.3,33.9,1.7000000000000002,1.6,31.109999,15.799999,32.3
-25.127778,27.628889,13-01-2015,203.40001,48.400000000000006,2.4000000000000004,3.1000001,34.579998,18.93,46.100002
-25.20639,27.558,13-01-2015,204.40001,48.2,2.4000000000000004,2.6000001,34.52,18.869999,45.9
-24.69514,27.40906,13-01-2015,210.1,47.6,2.4000000000000004,1.9,35.25,20.039999,45.3
-28.141944,26.417778,13-01-2015,220.40001,13.3,0.7000000000000001,0.4,33.989998,16.58,12.6
-28.1175,26.719444,13-01-2015,216.3,13.9,0.7000000000000001,0.4,33.579998,16.869999,13.2
-28.116667,26.725278,13-01-2015,216.3,13.9,0.7000000000000001,0.4,33.579998,16.869999,13.2
-30.568333,29.422778,13-01-2015,157.8,25.400000000000002,1.3,4.0,28.07,13.9,24.5
-30.570833,29.150556,13-01-2015,159.7,25.5,1.3,2.6000001,27.92,13.75,24.4
-28.338333,31.373611,13-01-2015,164.90001,37.0,1.9000000000000001,4.4,31.349998,18.449999,35.5
-28.068333,31.55,13-01-2015,176.1,14.0,0.7000000000000001,4.5,33.53,20.9,13.6
-27.01011111,26.69808333,14-01-2015,210.0,25.5,1.3,0.5,32.84,16.93,24.2
-29.641944,30.6875,14-01-2015,158.7,16.8,0.8,6.0,30.349998,19.5,16.4
-24.39619444,27.08983333,14-01-2015,208.8,43.300000000000004,2.2,1.5,35.61,20.32,41.2
-25.73411,27.21422,14-01-2015,194.2,47.300000000000004,2.4000000000000004,1.9,32.07,16.109999,45.0
-28.44555556,32.325,09-04-2015,162.3,13.5,0.7000000000000001,10.3,31.01,21.119999,14.7
-27.602222,29.942778,14-01-2015,185.90001,35.0,1.7000000000000002,3.5,31.789999,15.66,33.5
-28.75,30.442778,14-01-2015,181.40001,15.600000000000001,0.8,2.8,33.11,18.56,15.0
-29.161667,30.629722,14-01-2015,155.0,17.6,0.9,5.1,28.789999,15.98,17.1
-26.648056,27.089444,14-01-2015,197.3,32.9,1.6,1.5,31.9,16.15,31.300001
-26.45,28.085833,14-01-2015,186.7,38.7,1.9000000000000001,1.9,30.5,15.23,36.9
-27.38972222,26.46388889,14-01-2015,219.6,19.5,1.0,0.5,33.79,17.06,18.5
-26.98472222,26.63227778,14-01-2015,207.8,26.200000000000003,1.3,0.5,32.93,17.02,24.9
-27.398611,26.614722,14-01-2015,218.2,19.8,1.0,0.5,33.59,17.07,18.800001
-31.104278,29.399722,14-01-2015,154.2,28.0,1.4000000000000001,5.0,29.029999,18.07,27.1
-31.396,29.2651,14-01-2015,155.7,27.8,1.4000000000000001,5.2000003,29.199999,19.42,27.1
-31.554722,29.245556,14-01-2015,145.2,29.700000000000003,1.5,4.8,27.93,18.41,28.7
-27.169444,29.233889,15-01-2015,177.0,34.4,1.7000000000000002,1.8000001,29.41,13.78,32.8
-27.02314,28.59389,15-01-2015,185.5,33.800000000000004,1.7000000000000002,2.0,30.33,14.45,32.2
-27.398611,26.614722,15-01-2015,218.2,19.8,1.0,0.5,33.59,17.07,18.800001
-27.573056,24.746389,15-01-2015,235.0,14.0,0.7000000000000001,0.3,36.17,18.08,13.3
-28.376944,24.303056,15-01-2015,230.7,8.9,0.4,0.2,36.45,18.26,8.5
-31.031389,28.883333,15-01-2015,161.1,26.6,1.3,2.3,29.039999,16.16,25.300001
-30.86013889,29.07125,15-01-2015,161.8,25.700000000000003,1.3,2.1000001,29.439999,16.63,24.5
-30.77586667,29.03221667,15-01-2015,162.90001,25.700000000000003,1.3,2.0,29.39,16.359999,24.5
-26.619444,27.980833,16-01-2015,190.0,36.6,1.8,1.8000001,30.92,15.65,34.9
-27.671111,27.236944,16-01-2015,209.5,19.0,1.0,0.5,32.93,16.3,18.1
-27.902778,24.615556,16-01-2015,230.90001,11.600000000000001,0.6000000000000001,0.2,36.51,18.33,11.0
-28.747778,31.745833,17-01-2015,171.40001,104.7,5.2,8.5,32.66,21.02,100.9
-25.99136,27.84208,19-01-2015,187.6,46.0,2.3000000000000003,2.9,31.01,16.18,43.9
-26.970278,27.211111,19-01-2015,199.8,28.6,1.4000000000000001,1.3000001,32.09,16.359999,27.2
-29.028629,24.638389,19-01-2015,235.6,7.2,0.4,0.1,36.37,17.47,6.9
-29.033333,23.983333,19-01-2015,230.7,5.5,0.30000000000000004,0.1,36.78,17.77,5.3
-33.818056,19.694722,19-01-2015,202.7,13.100000000000001,0.7000000000000001,5.9,31.279999,15.929999,13.6
-27.01011111,26.69808333,20-01-2015,210.0,25.5,1.3,0.5,32.84,16.93,24.2
-22.225556,29.990556,20-01-2015,192.8,29.700000000000003,1.5,0.2,35.86,22.09,28.2
-26.98472222,26.63227778,20-01-2015,207.8,26.200000000000003,1.3,0.5,32.93,17.02,24.9
-27.935,26.126667,20-01-2015,222.8,12.9,0.6000000000000001,0.4,34.219997,16.25,12.2
-28.1175,26.719444,20-01-2015,216.3,13.9,0.7000000000000001,0.4,33.579998,16.869999,13.2
-34.075556,20.145556,20-01-2015,182.5,12.700000000000001,0.6000000000000001,5.3,30.89,16.68,12.900001
-32.502778,19.535833,20-01-2015,234.0,5.0,0.30000000000000004,2.1000001,34.0,15.36,5.0
-29.161667,23.696389,21-01-2015,232.1,4.3,0.2,0.0,37.1,18.199999,4.1
-25.81048333,27.90955222,21-01-2015,191.90001,46.800000000000004,2.3000000000000003,3.0,31.99,17.13,44.7
-29.641944,30.6875,21-01-2015,158.7,16.8,0.8,6.0,30.349998,19.5,16.4
-25.73411,27.21422,21-01-2015,194.2,47.300000000000004,2.4000000000000004,1.9,32.07,16.109999,45.0
-26.648056,27.089444,21-01-2015,197.3,32.9,1.6,1.5,31.9,16.15,31.300001
-29.160278,26.573333,21-01-2015,220.1,10.0,0.5,0.4,33.69,15.73,9.5
-29.033333,23.983333,21-01-2015,230.7,5.5,0.30000000000000004,0.1,36.78,17.77,5.3
-26.03611,30.99778,22-01-2015,173.3,51.1,2.6,11.1,31.39,18.43,49.600002
-27.363611,31.783333,22-01-2015,170.5,16.8,0.8,7.6,33.2,20.109999,16.5
-26.905,32.324722,22-01-2015,175.0,18.400000000000002,0.9,3.2,34.71,20.609999,17.6
-28.116667,26.725278,22-01-2015,216.3,13.9,0.7000000000000001,0.4,33.579998,16.869999,13.2
-23.838611,31.640833,23-01-2015,181.2,38.400000000000006,1.9000000000000001,8.5,35.579998,21.16,37.100002
-29.744167,29.905833,23-01-2015,161.0,26.900000000000002,1.3,6.3,29.539999,15.889999,26.1
-28.96362,19.15486,24-01-2015,253.7,0.2,0.0,0.0,38.5,19.16,0.2
-26.73806,27.59194,26-01-2015,193.3,33.9,1.7000000000000002,1.6,31.109999,15.799999,32.3
-26.45,28.085833,26-01-2015,186.7,38.7,1.9000000000000001,1.9,30.5,15.23,36.9
-34.065833,20.404167,27-01-2015,177.6,11.8,0.6000000000000001,4.5,31.42,17.529999,11.7
-25.127778,27.628889,27-01-2015,203.40001,48.400000000000006,2.4000000000000004,3.1000001,34.579998,18.93,46.100002
-25.20639,27.558,27-01-2015,204.40001,48.2,2.4000000000000004,2.6000001,34.52,18.869999,45.9
-24.39619444,27.08983333,27-01-2015,208.8,43.300000000000004,2.2,1.5,35.61,20.32,41.2
-24.69514,27.40906,27-01-2015,210.1,47.6,2.4000000000000004,1.9,35.25,20.039999,45.3
-27.169444,29.233889,27-01-2015,177.0,34.4,1.7000000000000002,1.8000001,29.41,13.78,32.8
-26.861111,28.884722,27-01-2015,182.40001,35.800000000000004,1.8,2.2,29.83,14.12,34.100002
-26.970278,27.211111,27-01-2015,199.8,28.6,1.4000000000000001,1.3000001,32.09,16.359999,27.2
-26.880278,26.965,27-01-2015,201.8,28.6,1.4000000000000001,1.2,32.53,16.71,27.300001
-33.501667,21.624167,27-01-2015,189.6,9.0,0.5,0.1,29.73,13.429999,8.6
-32.595833,19.009444,27-01-2015,221.2,6.6000000000000005,0.30000000000000004,7.7000003,33.96,15.69,7.5
-29.161667,23.696389,28-01-2015,232.1,4.3,0.2,0.0,37.1,18.199999,4.1
-28.7115,24.07288889,28-01-2015,231.5,6.7,0.30000000000000004,0.2,36.8,18.039999,6.4
-27.01011111,26.69808333,28-01-2015,210.0,25.5,1.3,0.5,32.84,16.93,24.2
-24.282222,28.090278,28-01-2015,187.3,51.400000000000006,2.6,4.8,32.87,17.83,49.2
-23.763056,27.908611,28-01-2015,190.7,43.300000000000004,2.2,3.6000001,34.28,19.14,41.3
-23.658056,31.05,28-01-2015,177.1,36.1,1.8,5.5,34.719997,20.8,34.7
-23.281,30.54305556,28-01-2015,177.2,36.7,1.8,5.8,33.7,20.49,35.2
-27.937778,31.209444,28-01-2015,170.90001,15.4,0.8,5.7000003,31.42,18.32,15.1
-28.404444,30.013056,28-01-2015,181.5,15.8,0.8,3.0,31.949999,16.32,15.2
-26.648056,27.089444,28-01-2015,197.3,32.9,1.6,1.5,31.9,16.15,31.300001
-27.273889,28.49,28-01-2015,186.7,31.1,1.6,2.3,30.269999,14.389999,29.7
-27.4275,28.525833,28-01-2015,186.1,29.900000000000002,1.5,2.3,30.179998,14.21,28.6
-27.3,28.586944,28-01-2015,185.6,31.1,1.6,2.3,30.24,14.28,29.7
-26.98472222,26.63227778,28-01-2015,207.8,26.200000000000003,1.3,0.5,32.93,17.02,24.9
-34.405833,19.600556,28-01-2015,163.0,17.0,0.9,8.8,26.47,15.74,18.0
-28.068333,31.55,28-01-2015,176.1,14.0,0.7000000000000001,4.5,33.53,20.9,13.6
-28.058889,30.373611,28-01-2015,176.40001,22.8,1.1,3.6000001,30.81,15.37,21.9
-22.935,28.004167,29-01-2015,199.5,32.2,1.6,0.2,35.76,20.47,30.6
-22.225556,29.990556,29-01-2015,192.8,29.700000000000003,1.5,0.2,35.86,22.09,28.2
-24.670833,28.560833,29-01-2015,187.5,59.1,3.0,4.8,32.86,17.25,56.5
-27.5275,30.858056,29-01-2015,166.3,29.900000000000002,1.5,5.3,29.97,16.4,28.9
-28.376944,24.303056,29-01-2015,230.7,8.9,0.4,0.2,36.45,18.26,8.5
-34.329722,18.990278,29-01-2015,166.40001,18.900000000000002,0.9,17.4,25.51,15.53,22.5
-33.38056,19.30167,29-01-2015,196.40001,13.3,0.7000000000000001,8.5,29.369999,13.74,14.5
-27.573056,24.746389,30-01-2015,235.0,14.0,0.7000000000000001,0.3,36.17,18.08,13.3
-27.902778,24.615556,30-01-2015,230.90001,11.600000000000001,0.6000000000000001,0.2,36.51,18.33,11.0
-25.99136,27.84208,02-02-2015,187.6,46.0,2.3000000000000003,2.9,31.01,16.18,43.9
-29.7775,29.470833,02-02-2015,157.8,30.400000000000002,1.5,3.7,27.56,13.36,29.300001
-29.744167,29.905833,02-02-2015,161.0,26.900000000000002,1.3,6.3,29.539999,15.889999,26.1
-26.970278,27.211111,02-02-2015,199.8,28.6,1.4000000000000001,1.3000001,32.09,16.359999,27.2
-28.116667,26.725278,02-02-2015,216.3,13.9,0.7000000000000001,0.4,33.579998,16.869999,13.2
-27.671111,27.236944,02-02-2015,209.5,19.0,1.0,0.5,32.93,16.3,18.1
-33.818056,19.694722,02-02-2015,202.7,13.100000000000001,0.7000000000000001,5.9,31.279999,15.929999,13.6
-29.140556,31.391944,03-02-2015,161.8,112.30000000000001,5.6000000000000005,2.9,31.13,20.58,106.8
-25.73411,27.21422,03-02-2015,194.2,47.300000000000004,2.4000000000000004,1.9,32.07,16.109999,45.0
-28.801278,31.955389,03-02-2015,169.6,67.5,3.4000000000000004,10.2,31.99,20.88,66.1
-29.987778,29.851667,03-02-2015,155.3,28.3,1.4000000000000001,6.9,28.689999,15.299999,27.6
-26.98472222,26.63227778,03-02-2015,207.8,26.200000000000003,1.3,0.5,32.93,17.02,24.9
-27.398611,26.614722,03-02-2015,218.2,19.8,1.0,0.5,33.59,17.07,18.800001
-33.31388889,19.07472222,03-02-2015,207.5,12.9,0.6000000000000001,10.900001,31.99,16.23,14.6
-25.45963889,28.26430556,03-02-2015,192.90001,49.300000000000004,2.5,3.7,32.93,17.21,47.100002
-27.4,26.624722,03-02-2015,218.2,19.8,1.0,0.5,33.59,17.07,18.800001
-27.01011111,26.69808333,04-02-2015,210.0,25.5,1.3,0.5,32.84,16.93,24.2
-25.81048333,27.90955222,04-02-2015,191.90001,46.800000000000004,2.3000000000000003,3.0,31.99,17.13,44.7
-29.641944,30.6875,04-02-2015,158.7,16.8,0.8,6.0,30.349998,19.5,16.4
-28.747778,31.745833,04-02-2015,171.40001,104.7,5.2,8.5,32.66,21.02,100.9
-26.648056,27.089444,04-02-2015,197.3,32.9,1.6,1.5,31.9,16.15,31.300001
-27.671111,27.236944,04-02-2015,209.5,19.0,1.0,0.5,32.93,16.3,18.1
-28.768056,20.720556,04-02-2015,253.7,0.8,0.0,0.0,38.129997,19.21,0.7
-32.94583,18.33667,04-02-2015,198.90001,7.2,0.4,5.9,29.56,15.79,7.8
-30.13573889,30.67422222,05-02-2015,156.6,25.700000000000003,1.3,6.7000003,29.98,20.93,25.0
-29.160278,26.573333,05-02-2015,220.1,10.0,0.5,0.4,33.69,15.73,9.5
-33.13083,18.86278,05-02-2015,209.90001,10.700000000000001,0.5,10.0,32.559998,16.93,12.3
-29.744167,29.905833,06-02-2015,161.0,26.900000000000002,1.3,6.3,29.539999,15.889999,26.1
-29.380556,30.2775,06-02-2015,152.7,20.1,1.0,5.7000003,28.42,15.099999,19.5
-29.803611,30.516111,06-02-2015,152.7,22.400000000000002,1.1,6.1,29.349998,17.82,21.800001
-23.838611,31.640833,09-02-2015,181.2,38.400000000000006,1.9000000000000001,8.5,35.579998,21.16,37.100002
-25.49037,30.6986,09-02-2015,165.0,50.1,2.5,13.7,30.279999,16.859999,48.9
-25.513889,31.224444,09-02-2015,166.3,43.7,2.2,9.2,31.21,18.57,42.2
-28.735556,29.820556,09-02-2015,180.3,15.8,0.8,2.8,32.219997,16.84,15.2
-26.970278,27.211111,09-02-2015,199.8,28.6,1.4000000000000001,1.3000001,32.09,16.359999,27.2
-26.45,28.085833,09-02-2015,186.7,38.7,1.9000000000000001,1.9,30.5,15.23,36.9
-25.447222,30.711667,09-02-2015,167.0,48.800000000000004,2.4000000000000004,12.7,30.82,17.5,47.4
-28.760833,17.730278,10-02-2015,248.2,0.1,0.0,0.0,37.53,21.24,0.1
-27.01011111,26.69808333,10-02-2015,210.0,25.5,1.3,0.5,32.84,16.93,24.2
-25.436111,31.982222,10-02-2015,164.6,29.3,1.5,9.2,33.91,19.6,28.6
-25.20639,27.558,10-02-2015,204.40001,48.2,2.4000000000000004,2.6000001,34.52,18.869999,45.9
-24.69514,27.40906,10-02-2015,210.1,47.6,2.4000000000000004,1.9,35.25,20.039999,45.3
-23.281,30.54305556,10-02-2015,177.2,36.7,1.8,5.8,33.7,20.49,35.2
-25.681111,31.783333,10-02-2015,165.1,31.700000000000003,1.6,8.8,32.89,19.38,30.7
-25.398889,31.610556,10-02-2015,162.90001,34.300000000000004,1.7000000000000002,8.8,32.63,19.699999,33.3
-24.99328,30.81444,10-02-2015,149.90001,64.60000000000001,3.2,15.2,27.31,14.16,63.100002
-27.602222,29.942778,10-02-2015,185.90001,35.0,1.7000000000000002,3.5,31.789999,15.66,33.5
-26.861111,28.884722,10-02-2015,182.40001,35.800000000000004,1.8,2.2,29.83,14.12,34.100002
-26.648056,27.089444,10-02-2015,197.3,32.9,1.6,1.5,31.9,16.15,31.300001
-26.98472222,26.63227778,10-02-2015,207.8,26.200000000000003,1.3,0.5,32.93,17.02,24.9
-28.141944,26.417778,10-02-2015,220.40001,13.3,0.7000000000000001,0.4,33.989998,16.58,12.6
-28.1175,26.719444,10-02-2015,216.3,13.9,0.7000000000000001,0.4,33.579998,16.869999,13.2
-28.116667,26.725278,10-02-2015,216.3,13.9,0.7000000000000001,0.4,33.579998,16.869999,13.2
-29.1825,23.575556,10-02-2015,236.40001,3.9000000000000004,0.2,0.0,37.02,18.25,3.7
-31.396,29.2651,10-02-2015,155.7,27.8,1.4000000000000001,5.2000003,29.199999,19.42,27.1
-31.554722,29.245556,10-02-2015,145.2,29.700000000000003,1.5,4.8,27.93,18.41,28.7
-34.039722,22.133333,10-02-2015,161.8,12.4,0.6000000000000001,1.0,27.189999,16.779999,11.8
-29.161667,23.696389,11-02-2015,232.1,4.3,0.2,0.0,37.1,18.199999,4.1
-24.670833,28.560833,11-02-2015,187.5,59.1,3.0,4.8,32.86,17.25,56.5
-24.39619444,27.08983333,11-02-2015,208.8,43.300000000000004,2.2,1.5,35.61,20.32,41.2
-24.058889,31.237222,11-02-2015,174.1,42.0,2.1,6.9,34.55,20.73,40.4
-25.362222,31.956667,11-02-2015,162.1,29.6,1.5,9.0,33.3,19.289999,28.800001
-25.14944444,31.94055556,11-02-2015,162.40001,30.700000000000003,1.5,8.6,33.19,19.48,29.800001
-28.75,30.442778,11-02-2015,181.40001,15.600000000000001,0.8,2.8,33.11,18.56,15.0
-29.161667,30.629722,11-02-2015,155.0,17.6,0.9,5.1,28.789999,15.98,17.1
-27.38972222,26.46388889,11-02-2015,219.6,19.5,1.0,0.5,33.79,17.06,18.5
-27.398611,26.614722,11-02-2015,218.2,19.8,1.0,0.5,33.59,17.07,18.800001
-31.104278,29.399722,11-02-2015,154.2,28.0,1.4000000000000001,5.0,29.029999,18.07,27.1
-30.77586667,29.03221667,11-02-2015,162.90001,25.700000000000003,1.3,2.0,29.39,16.359999,24.5
-34.005833,22.351111,11-02-2015,156.5,14.4,0.7000000000000001,2.5,26.23,16.609999,13.8
-23.658056,31.05,12-02-2015,177.1,36.1,1.8,5.5,34.719997,20.8,34.7
-27.671111,27.236944,12-02-2015,209.5,19.0,1.0,0.5,32.93,16.3,18.1
-28.376944,24.303056,12-02-2015,230.7,8.9,0.4,0.2,36.45,18.26,8.5
-30.568333,29.422778,12-02-2015,157.8,25.400000000000002,1.3,4.0,28.07,13.9,24.5
-31.031389,28.883333,12-02-2015,161.1,26.6,1.3,2.3,29.039999,16.16,25.300001
-30.86013889,29.07125,12-02-2015,161.8,25.700000000000003,1.3,2.1000001,29.439999,16.63,24.5
-30.570833,29.150556,12-02-2015,159.7,25.5,1.3,2.6000001,27.92,13.75,24.4
-28.338333,31.373611,12-02-2015,164.90001,37.0,1.9000000000000001,4.4,31.349998,18.449999,35.5
-24.679167,30.8025,13-02-2015,162.7,68.60000000000001,3.4000000000000004,11.400001,29.26,16.06,66.4
-22.769722,30.886944,13-02-2015,183.1,46.6,2.3000000000000003,6.6,34.85,20.65,44.8
-24.768889,31.39,13-02-2015,166.0,44.400000000000006,2.2,8.2,32.989998,19.76,42.8
-24.9675,31.516667,13-02-2015,167.90001,39.0,1.9000000000000001,8.2,33.34,20.41,37.7
-27.573056,24.746389,13-02-2015,235.0,14.0,0.7000000000000001,0.3,36.17,18.08,13.3
-27.902778,24.615556,13-02-2015,230.90001,11.600000000000001,0.6000000000000001,0.2,36.51,18.33,11.0
-28.96362,19.15486,14-02-2015,253.7,0.2,0.0,0.0,38.5,19.16,0.2
-25.99136,27.84208,16-02-2015,187.6,46.0,2.3000000000000003,2.9,31.01,16.18,43.9
-26.970278,27.211111,16-02-2015,199.8,28.6,1.4000000000000001,1.3000001,32.09,16.359999,27.2
-26.73806,27.59194,16-02-2015,193.3,33.9,1.7000000000000002,1.6,31.109999,15.799999,32.3
-26.45,28.085833,16-02-2015,186.7,38.7,1.9000000000000001,1.9,30.5,15.23,36.9
-27.671111,27.236944,16-02-2015,209.5,19.0,1.0,0.5,32.93,16.3,18.1
-32.502778,19.535833,16-02-2015,234.0,5.0,0.30000000000000004,2.1000001,34.0,15.36,5.0
-27.01011111,26.69808333,17-02-2015,210.0,25.5,1.3,0.5,32.84,16.93,24.2
-27.169444,29.233889,17-02-2015,177.0,34.4,1.7000000000000002,1.8000001,29.41,13.78,32.8
-26.861111,28.884722,17-02-2015,182.40001,35.800000000000004,1.8,2.2,29.83,14.12,34.100002
-27.02314,28.59389,17-02-2015,185.5,33.800000000000004,1.7000000000000002,2.0,30.33,14.45,32.2
-26.98472222,26.63227778,17-02-2015,207.8,26.200000000000003,1.3,0.5,32.93,17.02,24.9
-29.160278,26.573333,17-02-2015,220.1,10.0,0.5,0.4,33.69,15.73,9.5
-28.69485,28.23487,17-02-2015,186.40001,18.1,0.9,1.7,29.46,14.17,17.300001
-28.883333,27.89,17-02-2015,190.6,16.7,0.8,1.9,30.16,14.66,16.0
-31.436944,20.474722,17-02-2015,235.8,5.1000000000000005,0.30000000000000004,0.0,33.149998,14.0,4.8
-34.075556,20.145556,17-02-2015,182.5,12.700000000000001,0.6000000000000001,5.3,30.89,16.68,12.900001
-32.595833,19.009444,17-02-2015,221.2,6.6000000000000005,0.30000000000000004,7.7000003,33.96,15.69,7.5
-25.45963889,28.26430556,17-02-2015,192.90001,49.300000000000004,2.5,3.7,32.93,17.21,47.100002
-28.068333,31.55,17-02-2015,176.1,14.0,0.7000000000000001,4.5,33.53,20.9,13.6
-29.161667,23.696389,18-02-2015,232.1,4.3,0.2,0.0,37.1,18.199999,4.1
-25.81048333,27.90955222,18-02-2015,191.90001,46.800000000000004,2.3000000000000003,3.0,31.99,17.13,44.7
-22.225556,29.990556,18-02-2015,192.8,29.700000000000003,1.5,0.2,35.86,22.09,28.2
-29.641944,30.6875,18-02-2015,158.7,16.8,0.8,6.0,30.349998,19.5,16.4
-25.73411,27.21422,18-02-2015,194.2,47.300000000000004,2.4000000000000004,1.9,32.07,16.109999,45.0
-28.44555556,32.325,07-05-2015,162.3,13.5,0.7000000000000001,10.3,31.01,21.119999,14.7
-26.648056,27.089444,18-02-2015,197.3,32.9,1.6,1.5,31.9,16.15,31.300001
-26.880278,26.965,18-02-2015,201.8,28.6,1.4000000000000001,1.2,32.53,16.71,27.300001
-28.116667,26.725278,18-02-2015,216.3,13.9,0.7000000000000001,0.4,33.579998,16.869999,13.2
-29.033333,23.983333,18-02-2015,230.7,5.5,0.30000000000000004,0.1,36.78,17.77,5.3
-30.160091,27.40124,18-02-2015,201.2,13.200000000000001,0.7000000000000001,0.5,31.57,15.13,12.6
-30.336111,27.359444,18-02-2015,201.5,13.4,0.7000000000000001,0.6,31.58,14.67,12.8
-29.615556,27.065278,18-02-2015,208.7,11.700000000000001,0.6000000000000001,0.4,32.219997,15.049999,11.1
-25.57877778,29.12747222,18-02-2015,186.90001,50.2,2.5,3.4,32.3,16.31,48.0
-30.830556,26.921389,19-02-2015,205.40001,11.100000000000001,0.6000000000000001,0.5,32.04,14.16,10.6
-28.141944,26.417778,19-02-2015,220.40001,13.3,0.7000000000000001,0.4,33.989998,16.58,12.6
-31.000833,26.353056,19-02-2015,208.7,7.9,0.4,0.3,31.769999,13.509999,7.5
-30.679722,26.7125,19-02-2015,211.40001,9.9,0.5,0.4,32.93,14.69,9.5
-34.250556,20.9925,19-02-2015,180.8,14.0,0.7000000000000001,6.1,29.32,17.13,14.0
-33.31388889,19.07472222,19-02-2015,207.5,12.9,0.6000000000000001,10.900001,31.99,16.23,14.6
-28.308889,31.9025,19-02-2015,171.8,21.6,1.1,8.2,33.18,21.49,21.9
-22.43772222,31.07805556,20-02-2015,196.40001,43.0,2.1,4.3,36.73,21.65,41.100002
-29.744167,29.905833,20-02-2015,161.0,26.900000000000002,1.3,6.3,29.539999,15.889999,26.1
-29.658056,25.973333,20-02-2015,217.1,6.9,0.30000000000000004,0.4,33.42,15.7,6.6
-29.7775,29.470833,23-02-2015,157.8,30.400000000000002,1.5,3.7,27.56,13.36,29.300001
-29.987778,29.851667,23-02-2015,155.3,28.3,1.4000000000000001,6.9,28.689999,15.299999,27.6
-29.744167,29.905833,23-02-2015,161.0,26.900000000000002,1.3,6.3,29.539999,15.889999,26.1
-26.45,28.085833,23-02-2015,186.7,38.7,1.9000000000000001,1.9,30.5,15.23,36.9
-29.042222,24.6,23-02-2015,236.1,6.9,0.30000000000000004,0.1,36.43,17.55,6.6
-29.033333,23.983333,23-02-2015,230.7,5.5,0.30000000000000004,0.1,36.78,17.77,5.3
-34.031944,22.053333,23-02-2015,162.7,12.200000000000001,0.6000000000000001,1.0,27.359999,16.42,11.6
-33.38056,19.30167,23-02-2015,196.40001,13.3,0.7000000000000001,8.5,29.369999,13.74,14.5
-30.733889,29.828333,24-02-2015,151.7,29.6,1.5,5.9,28.769999,17.44,28.7
-26.861111,28.884722,24-02-2015,182.40001,35.800000000000004,1.8,2.2,29.83,14.12,34.100002
-27.00222,28.76528,24-02-2015,183.40001,34.300000000000004,1.7000000000000002,2.0,30.07,14.29,32.7
-26.970278,27.211111,24-02-2015,199.8,28.6,1.4000000000000001,1.3000001,32.09,16.359999,27.2
-26.619444,27.980833,24-02-2015,190.0,36.6,1.8,1.8000001,30.92,15.65,34.9
-29.028629,24.638389,24-02-2015,235.6,7.2,0.4,0.1,36.37,17.47,6.9
-33.13083,18.86278,24-02-2015,209.90001,10.700000000000001,0.5,10.0,32.559998,16.93,12.3
-29.161667,23.696389,25-02-2015,232.1,4.3,0.2,0.0,37.1,18.199999,4.1
-27.01011111,26.69808333,25-02-2015,210.0,25.5,1.3,0.5,32.84,16.93,24.2
-23.23572222,27.717,25-02-2015,201.2,32.4,1.6,0.4,35.829998,20.74,30.800001
-22.548889,28.898056,25-02-2015,195.0,33.0,1.7000000000000002,0.1,35.2,19.73,31.4
-22.91028,29.61111,25-02-2015,179.1,44.0,2.2,3.6000001,33.36,19.38,42.100002
-27.937778,31.209444,25-02-2015,170.90001,15.4,0.8,5.7000003,31.42,18.32,15.1
-26.905,32.324722,25-02-2015,175.0,18.400000000000002,0.9,3.2,34.71,20.609999,17.6
-28.404444,30.013056,25-02-2015,181.5,15.8,0.8,3.0,31.949999,16.32,15.2
-30.398056,30.601944,25-02-2015,155.2,30.8,1.5,8.2,29.64,21.05,30.2
-26.648056,27.089444,25-02-2015,197.3,32.9,1.6,1.5,31.9,16.15,31.300001
-26.98472222,26.63227778,25-02-2015,207.8,26.200000000000003,1.3,0.5,32.93,17.02,24.9
-34.405833,19.600556,25-02-2015,163.0,17.0,0.9,8.8,26.47,15.74,18.0
-32.94583,18.33667,25-02-2015,198.90001,7.2,0.4,5.9,29.56,15.79,7.8
-24.282222,28.090278,26-02-2015,187.3,51.400000000000006,2.6,4.8,32.87,17.83,49.2
-23.763056,27.908611,26-02-2015,190.7,43.300000000000004,2.2,3.6000001,34.28,19.14,41.3
-25.127778,27.628889,26-02-2015,203.40001,48.400000000000006,2.4000000000000004,3.1000001,34.579998,18.93,46.100002
-25.20639,27.558,26-02-2015,204.40001,48.2,2.4000000000000004,2.6000001,34.52,18.869999,45.9
-25.73411,27.21422,26-02-2015,194.2,47.300000000000004,2.4000000000000004,1.9,32.07,16.109999,45.0
-27.5275,30.858056,26-02-2015,166.3,29.900000000000002,1.5,5.3,29.97,16.4,28.9
-27.363611,31.783333,26-02-2015,170.5,16.8,0.8,7.6,33.2,20.109999,16.5
-30.13573889,30.67422222,26-02-2015,156.6,25.700000000000003,1.3,6.7000003,29.98,20.93,25.0
-28.376944,24.303056,26-02-2015,230.7,8.9,0.4,0.2,36.45,18.26,8.5
-34.329722,18.990278,26-02-2015,166.40001,18.900000000000002,0.9,17.4,25.51,15.53,22.5
-24.69514,27.40906,27-02-2015,210.1,47.6,2.4000000000000004,1.9,35.25,20.039999,45.3
-27.573056,24.746389,27-02-2015,235.0,14.0,0.7000000000000001,0.3,36.17,18.08,13.3
-27.902778,24.615556,27-02-2015,230.90001,11.600000000000001,0.6000000000000001,0.2,36.51,18.33,11.0
-28.058889,30.373611,27-02-2015,176.40001,22.8,1.1,3.6000001,30.81,15.37,21.9
-29.803611,30.516111,27-02-2015,152.7,22.400000000000002,1.1,6.1,29.349998,17.82,21.800001
-29.140556,31.391944,03-03-2015,161.8,112.30000000000001,5.6000000000000005,2.9,31.13,20.58,106.8
-26.03611,30.99778,03-03-2015,173.3,51.1,2.6,11.1,31.39,18.43,49.600002
-28.801278,31.955389,03-03-2015,169.6,67.5,3.4000000000000004,10.2,31.99,20.88,66.1
-26.970278,27.211111,03-03-2015,199.8,28.6,1.4000000000000001,1.3000001,32.09,16.359999,27.2
-27.671111,27.236944,03-03-2015,209.5,19.0,1.0,0.5,32.93,16.3,18.1
-34.031944,22.053333,03-03-2015,162.7,12.200000000000001,0.6000000000000001,1.0,27.359999,16.42,11.6
-34.039722,22.133333,03-03-2015,161.8,12.4,0.6000000000000001,1.0,27.189999,16.779999,11.8
-25.45963889,28.26430556,03-03-2015,192.90001,49.300000000000004,2.5,3.7,32.93,17.21,47.100002
-27.01011111,26.69808333,04-03-2015,210.0,25.5,1.3,0.5,32.84,16.93,24.2
-25.81048333,27.90955222,04-03-2015,191.90001,46.800000000000004,2.3000000000000003,3.0,31.99,17.13,44.7
-29.641944,30.6875,04-03-2015,158.7,16.8,0.8,6.0,30.349998,19.5,16.4
-28.747778,31.745833,04-03-2015,171.40001,104.7,5.2,8.5,32.66,21.02,100.9
-26.648056,27.089444,04-03-2015,197.3,32.9,1.6,1.5,31.9,16.15,31.300001
-26.880278,26.965,04-03-2015,201.8,28.6,1.4000000000000001,1.2,32.53,16.71,27.300001
-26.98472222,26.63227778,04-03-2015,207.8,26.200000000000003,1.3,0.5,32.93,17.02,24.9
-27.398611,26.614722,04-03-2015,218.2,19.8,1.0,0.5,33.59,17.07,18.800001
-27.671111,27.236944,04-03-2015,209.5,19.0,1.0,0.5,32.93,16.3,18.1
-34.02861,22.22222,04-03-2015,159.2,13.3,0.7000000000000001,1.1,26.75,16.55,12.7
-27.4,26.624722,04-03-2015,218.2,19.8,1.0,0.5,33.59,17.07,18.800001
-29.380556,30.2775,05-03-2015,152.7,20.1,1.0,5.7000003,28.42,15.099999,19.5
-26.73806,27.59194,05-03-2015,193.3,33.9,1.7000000000000002,1.6,31.109999,15.799999,32.3
-26.45,28.085833,05-03-2015,186.7,38.7,1.9000000000000001,1.9,30.5,15.23,36.9
-34.005833,22.351111,05-03-2015,156.5,14.4,0.7000000000000001,2.5,26.23,16.609999,13.8
-29.744167,29.905833,06-03-2015,161.0,26.900000000000002,1.3,6.3,29.539999,15.889999,26.1
-27.00222,28.76528,06-03-2015,183.40001,34.300000000000004,1.7000000000000002,2.0,30.07,14.29,32.7
-27.02314,28.59389,06-03-2015,185.5,33.800000000000004,1.7000000000000002,2.0,30.33,14.45,32.2
-34.250556,20.9925,17-02-2011,179.40001,17.6,0.9,10.1,27.33,15.65,18.9
-22.43772222,31.07805556,09-03-2015,196.40001,43.0,2.1,4.3,36.73,21.65,41.100002
-24.99328,30.81444,09-03-2015,149.90001,64.60000000000001,3.2,15.2,27.31,14.16,63.100002
-28.735556,29.820556,09-03-2015,180.3,15.8,0.8,2.8,32.219997,16.84,15.2
-26.970278,27.211111,09-03-2015,199.8,28.6,1.4000000000000001,1.3000001,32.09,16.359999,27.2
-26.880278,26.965,09-03-2015,201.8,28.6,1.4000000000000001,1.2,32.53,16.71,27.300001
-26.510278,28.351389,09-03-2015,183.8,39.2,2.0,2.3,30.359999,14.49,37.3
-26.73806,27.59194,09-03-2015,193.3,33.9,1.7000000000000002,1.6,31.109999,15.799999,32.3
-26.45,28.085833,09-03-2015,186.7,38.7,1.9000000000000001,1.9,30.5,15.23,36.9
-26.98472222,26.63227778,09-03-2015,207.8,26.200000000000003,1.3,0.5,32.93,17.02,24.9
-29.160278,26.573333,09-03-2015,220.1,10.0,0.5,0.4,33.69,15.73,9.5
-27.01011111,26.69808333,10-03-2015,210.0,25.5,1.3,0.5,32.84,16.93,24.2
-25.20639,27.558,10-03-2015,204.40001,48.2,2.4000000000000004,2.6000001,34.52,18.869999,45.9
-26.861111,28.884722,10-03-2015,182.40001,35.800000000000004,1.8,2.2,29.83,14.12,34.100002
-26.648056,27.089444,10-03-2015,197.3,32.9,1.6,1.5,31.9,16.15,31.300001
-27.802778,28.768333,10-03-2015,181.8,27.900000000000002,1.4000000000000001,2.0,29.769999,13.71,26.6
-26.98472222,26.63227778,10-03-2015,207.8,26.200000000000003,1.3,0.5,32.93,17.02,24.9
-28.141944,26.417778,10-03-2015,220.40001,13.3,0.7000000000000001,0.4,33.989998,16.58,12.6
-34.250556,20.9925,21-08-2013,168.1,51.7,2.6,3.1000001,29.67,18.33,49.3
-28.1175,26.719444,10-03-2015,216.3,13.9,0.7000000000000001,0.4,33.579998,16.869999,13.2
-28.69485,28.23487,10-03-2015,186.40001,18.1,0.9,1.7,29.46,14.17,17.300001
-29.615556,27.065278,10-03-2015,208.7,11.700000000000001,0.6000000000000001,0.4,32.219997,15.049999,11.1
-28.883333,27.89,10-03-2015,190.6,16.7,0.8,1.9,30.16,14.66,16.0
-34.250556,20.9925,15-04-2014,174.6,9.0,0.4,2.0,28.07,16.09,8.6
-34.250556,20.9925,20-05-2014,174.6,9.0,0.4,2.0,28.07,16.09,8.6
-34.250556,20.9925,19-06-2014,174.6,9.0,0.4,2.0,28.07,16.09,8.6
-34.250556,20.9925,15-07-2014,188.3,16.6,0.8,1.9,30.269999,17.34,15.8
-34.250556,20.9925,25-09-2014,188.3,16.6,0.8,1.9,30.269999,17.34,15.8
-31.396,29.2651,10-03-2015,155.7,27.8,1.4000000000000001,5.2000003,29.199999,19.42,27.1
-31.554722,29.245556,10-03-2015,145.2,29.700000000000003,1.5,4.8,27.93,18.41,28.7
-28.338333,31.373611,10-03-2015,164.90001,37.0,1.9000000000000001,4.4,31.349998,18.449999,35.5
-28.068333,31.55,10-03-2015,176.1,14.0,0.7000000000000001,4.5,33.53,20.9,13.6
-29.161667,23.696389,11-03-2015,232.1,4.3,0.2,0.0,37.1,18.199999,4.1
-24.282222,28.090278,11-03-2015,187.3,51.400000000000006,2.6,4.8,32.87,17.83,49.2
-22.769722,30.886944,11-03-2015,183.1,46.6,2.3000000000000003,6.6,34.85,20.65,44.8
-28.44555556,32.325,11-03-2015,162.3,13.5,0.7000000000000001,10.3,31.01,21.119999,14.7
-27.00222,28.76528,11-03-2015,183.40001,34.300000000000004,1.7000000000000002,2.0,30.07,14.29,32.7
-27.02314,28.59389,11-03-2015,185.5,33.800000000000004,1.7000000000000002,2.0,30.33,14.45,32.2
-27.273889,28.49,11-03-2015,186.7,31.1,1.6,2.3,30.269999,14.389999,29.7
-27.4275,28.525833,11-03-2015,186.1,29.900000000000002,1.5,2.3,30.179998,14.21,28.6
-27.3,28.586944,11-03-2015,185.6,31.1,1.6,2.3,30.24,14.28,29.7
-28.141944,26.417778,11-03-2015,220.40001,13.3,0.7000000000000001,0.4,33.989998,16.58,12.6
-28.1175,26.719444,11-03-2015,216.3,13.9,0.7000000000000001,0.4,33.579998,16.869999,13.2
-28.116667,26.725278,11-03-2015,216.3,13.9,0.7000000000000001,0.4,33.579998,16.869999,13.2
-27.671111,27.236944,11-03-2015,209.5,19.0,1.0,0.5,32.93,16.3,18.1
-34.092222,21.295278,29-11-2011,181.40001,12.600000000000001,0.6000000000000001,4.6,30.72,17.33,12.7
-34.092222,21.295278,18-04-2012,167.0,14.3,0.7000000000000001,4.7000003,28.38,16.029999,14.400001
-30.160091,27.40124,11-03-2015,201.2,13.200000000000001,0.7000000000000001,0.5,31.57,15.13,12.6
-34.092222,21.295278,12-06-2012,167.0,14.3,0.7000000000000001,4.7000003,28.38,16.029999,14.400001
-30.336111,27.359444,11-03-2015,201.5,13.4,0.7000000000000001,0.6,31.58,14.67,12.8
-30.568333,29.422778,11-03-2015,157.8,25.400000000000002,1.3,4.0,28.07,13.9,24.5
-30.570833,29.150556,11-03-2015,159.7,25.5,1.3,2.6000001,27.92,13.75,24.4
-31.104278,29.399722,11-03-2015,154.2,28.0,1.4000000000000001,5.0,29.029999,18.07,27.1
-30.830556,26.921389,12-03-2015,205.40001,11.100000000000001,0.6000000000000001,0.5,32.04,14.16,10.6
-24.670833,28.560833,12-03-2015,187.5,59.1,3.0,4.8,32.86,17.25,56.5
-28.75,30.442778,12-03-2015,181.40001,15.600000000000001,0.8,2.8,33.11,18.56,15.0
-29.161667,30.629722,12-03-2015,155.0,17.6,0.9,5.1,28.789999,15.98,17.1
-26.619444,27.980833,12-03-2015,190.0,36.6,1.8,1.8000001,30.92,15.65,34.9
-34.092222,21.295278,05-11-2013,163.8,55.7,2.8000000000000003,1.7,29.89,17.47,53.0
-27.38972222,26.46388889,12-03-2015,219.6,19.5,1.0,0.5,33.79,17.06,18.5
-34.092222,21.295278,07-01-2014,55.600002,19.1,1.0,1.3000001,20.13,5.35,18.2
-28.1175,26.719444,12-03-2015,216.3,13.9,0.7000000000000001,0.4,33.579998,16.869999,13.2
-27.398611,26.614722,12-03-2015,218.2,19.8,1.0,0.5,33.59,17.07,18.800001
-29.160278,26.573333,12-03-2015,220.1,10.0,0.5,0.4,33.69,15.73,9.5
-31.000833,26.353056,12-03-2015,208.7,7.9,0.4,0.3,31.769999,13.509999,7.5
-30.679722,26.7125,12-03-2015,211.40001,9.9,0.5,0.4,32.93,14.69,9.5
-31.031389,28.883333,12-03-2015,161.1,26.6,1.3,2.3,29.039999,16.16,25.300001
-30.86013889,29.07125,12-03-2015,161.8,25.700000000000003,1.3,2.1000001,29.439999,16.63,24.5
-30.77586667,29.03221667,12-03-2015,162.90001,25.700000000000003,1.3,2.0,29.39,16.359999,24.5
-34.250556,20.9925,12-03-2015,180.8,14.0,0.7000000000000001,6.1,29.32,17.13,14.0
-28.308889,31.9025,12-03-2015,171.8,21.6,1.1,8.2,33.18,21.49,21.9
-27.4,26.624722,12-03-2015,218.2,19.8,1.0,0.5,33.59,17.07,18.800001
-28.116667,26.725278,13-03-2015,216.3,13.9,0.7000000000000001,0.4,33.579998,16.869999,13.2
-27.573056,24.746389,13-03-2015,235.0,14.0,0.7000000000000001,0.3,36.17,18.08,13.3
-27.902778,24.615556,13-03-2015,230.90001,11.600000000000001,0.6000000000000001,0.2,36.51,18.33,11.0
-29.987778,29.851667,14-03-2015,155.3,28.3,1.4000000000000001,6.9,28.689999,15.299999,27.6
-25.99136,27.84208,16-03-2015,187.6,46.0,2.3000000000000003,2.9,31.01,16.18,43.9
-26.45,28.085833,16-03-2015,186.7,38.7,1.9000000000000001,1.9,30.5,15.23,36.9
-32.502778,19.535833,16-03-2015,234.0,5.0,0.30000000000000004,2.1000001,34.0,15.36,5.0
-22.225556,29.990556,17-03-2015,192.8,29.700000000000003,1.5,0.2,35.86,22.09,28.2
-24.183889,30.823889,17-03-2015,173.7,45.5,2.3000000000000003,6.0,34.07,20.18,43.7
-26.861111,28.884722,17-03-2015,182.40001,35.800000000000004,1.8,2.2,29.83,14.12,34.100002
-27.802778,28.768333,17-03-2015,181.8,27.900000000000002,1.4000000000000001,2.0,29.769999,13.71,26.6
-34.075556,20.145556,17-03-2015,182.5,12.700000000000001,0.6000000000000001,5.3,30.89,16.68,12.900001
-32.595833,19.009444,17-03-2015,221.2,6.6000000000000005,0.30000000000000004,7.7000003,33.96,15.69,7.5
-25.45963889,28.26430556,17-03-2015,192.90001,49.300000000000004,2.5,3.7,32.93,17.21,47.100002
-25.81048333,27.90955222,18-03-2015,191.90001,46.800000000000004,2.3000000000000003,3.0,31.99,17.13,44.7
-29.641944,30.6875,18-03-2015,158.7,16.8,0.8,6.0,30.349998,19.5,16.4
-26.905,32.324722,18-03-2015,175.0,18.400000000000002,0.9,3.2,34.71,20.609999,17.6
-29.758889,30.935278,18-03-2015,153.6,47.300000000000004,2.4000000000000004,5.8,29.89,20.689999,45.4
-27.00222,28.76528,18-03-2015,183.40001,34.300000000000004,1.7000000000000002,2.0,30.07,14.29,32.7
-26.619444,27.980833,18-03-2015,190.0,36.6,1.8,1.8000001,30.92,15.65,34.9
-33.13083,18.86278,18-03-2015,209.90001,10.700000000000001,0.5,10.0,32.559998,16.93,12.3
-27.01011111,26.69808333,19-03-2015,210.0,25.5,1.3,0.5,32.84,16.93,24.2
-23.658056,31.05,19-03-2015,177.1,36.1,1.8,5.5,34.719997,20.8,34.7
-24.058889,31.237222,19-03-2015,174.1,42.0,2.1,6.9,34.55,20.73,40.4
-27.363611,31.783333,19-03-2015,170.5,16.8,0.8,7.6,33.2,20.109999,16.5
-26.648056,27.089444,19-03-2015,197.3,32.9,1.6,1.5,31.9,16.15,31.300001
-26.970278,27.211111,19-03-2015,199.8,28.6,1.4000000000000001,1.3000001,32.09,16.359999,27.2
-26.880278,26.965,19-03-2015,201.8,28.6,1.4000000000000001,1.2,32.53,16.71,27.300001
-27.4275,28.525833,19-03-2015,186.1,29.900000000000002,1.5,2.3,30.179998,14.21,28.6
-26.98472222,26.63227778,19-03-2015,207.8,26.200000000000003,1.3,0.5,32.93,17.02,24.9
-24.679167,30.8025,20-03-2015,162.7,68.60000000000001,3.4000000000000004,11.400001,29.26,16.06,66.4
-29.744167,29.905833,20-03-2015,161.0,26.900000000000002,1.3,6.3,29.539999,15.889999,26.1
-28.96362,19.15486,21-03-2015,253.7,0.2,0.0,0.0,38.5,19.16,0.2
-25.49037,30.6986,23-03-2015,165.0,50.1,2.5,13.7,30.279999,16.859999,48.9
-29.744167,29.905833,23-03-2015,161.0,26.900000000000002,1.3,6.3,29.539999,15.889999,26.1
-26.970278,27.211111,23-03-2015,199.8,28.6,1.4000000000000001,1.3000001,32.09,16.359999,27.2
-29.042222,24.6,23-03-2015,236.1,6.9,0.30000000000000004,0.1,36.43,17.55,6.6
-29.033333,23.983333,23-03-2015,230.7,5.5,0.30000000000000004,0.1,36.78,17.77,5.3
-33.501667,21.624167,23-03-2015,189.6,9.0,0.5,0.1,29.73,13.429999,8.6
-33.38056,19.30167,23-03-2015,196.40001,13.3,0.7000000000000001,8.5,29.369999,13.74,14.5
-27.01011111,26.69808333,24-03-2015,210.0,25.5,1.3,0.5,32.84,16.93,24.2
-22.935,28.004167,24-03-2015,199.5,32.2,1.6,0.2,35.76,20.47,30.6
-34.065833,20.404167,24-03-2015,177.6,11.8,0.6000000000000001,4.5,31.42,17.529999,11.7
-23.763056,27.908611,24-03-2015,190.7,43.300000000000004,2.2,3.6000001,34.28,19.14,41.3
-23.23572222,27.717,24-03-2015,201.2,32.4,1.6,0.4,35.829998,20.74,30.800001
-25.127778,27.628889,24-03-2015,203.40001,48.400000000000006,2.4000000000000004,3.1000001,34.579998,18.93,46.100002
-25.20639,27.558,24-03-2015,204.40001,48.2,2.4000000000000004,2.6000001,34.52,18.869999,45.9
-24.69514,27.40906,24-03-2015,210.1,47.6,2.4000000000000004,1.9,35.25,20.039999,45.3
-25.681111,31.783333,24-03-2015,165.1,31.700000000000003,1.6,8.8,32.89,19.38,30.7
-25.67386,31.57527,24-03-2015,171.40001,33.800000000000004,1.7000000000000002,8.7,33.559998,20.48,32.8
-30.733889,29.828333,24-03-2015,151.7,29.6,1.5,5.9,28.769999,17.44,28.7
-29.987778,29.851667,24-03-2015,155.3,28.3,1.4000000000000001,6.9,28.689999,15.299999,27.6
-26.648056,27.089444,24-03-2015,197.3,32.9,1.6,1.5,31.9,16.15,31.300001
-26.880278,26.965,24-03-2015,201.8,28.6,1.4000000000000001,1.2,32.53,16.71,27.300001
-26.73806,27.59194,24-03-2015,193.3,33.9,1.7000000000000002,1.6,31.109999,15.799999,32.3
-26.45,28.085833,24-03-2015,186.7,38.7,1.9000000000000001,1.9,30.5,15.23,36.9
-27.273889,28.49,24-03-2015,186.7,31.1,1.6,2.3,30.269999,14.389999,29.7
-27.3,28.586944,24-03-2015,185.6,31.1,1.6,2.3,30.24,14.28,29.7
-26.98472222,26.63227778,24-03-2015,207.8,26.200000000000003,1.3,0.5,32.93,17.02,24.9
-29.028629,24.638389,24-03-2015,235.6,7.2,0.4,0.1,36.37,17.47,6.9
-33.31388889,19.07472222,24-03-2015,207.5,12.9,0.6000000000000001,10.900001,31.99,16.23,14.6
-22.225556,29.990556,25-03-2015,192.8,29.700000000000003,1.5,0.2,35.86,22.09,28.2
-25.436111,31.982222,25-03-2015,164.6,29.3,1.5,9.2,33.91,19.6,28.6
-22.548889,28.898056,25-03-2015,195.0,33.0,1.7000000000000002,0.1,35.2,19.73,31.4
-22.91028,29.61111,25-03-2015,179.1,44.0,2.2,3.6000001,33.36,19.38,42.100002
-25.362222,31.956667,25-03-2015,162.1,29.6,1.5,9.0,33.3,19.289999,28.800001
-25.14944444,31.94055556,25-03-2015,162.40001,30.700000000000003,1.5,8.6,33.19,19.48,29.800001
-28.404444,30.013056,25-03-2015,181.5,15.8,0.8,3.0,31.949999,16.32,15.2
-30.398056,30.601944,25-03-2015,155.2,30.8,1.5,8.2,29.64,21.05,30.2
-27.169444,29.233889,25-03-2015,177.0,34.4,1.7000000000000002,1.8000001,29.41,13.78,32.8
-26.861111,28.884722,25-03-2015,182.40001,35.800000000000004,1.8,2.2,29.83,14.12,34.100002
-27.00222,28.76528,25-03-2015,183.40001,34.300000000000004,1.7000000000000002,2.0,30.07,14.29,32.7
-27.4275,28.525833,25-03-2015,186.1,29.900000000000002,1.5,2.3,30.179998,14.21,28.6
-34.405833,19.600556,25-03-2015,163.0,17.0,0.9,8.8,26.47,15.74,18.0
-32.94583,18.33667,25-03-2015,198.90001,7.2,0.4,5.9,29.56,15.79,7.8
-25.57877778,29.12747222,25-03-2015,186.90001,50.2,2.5,3.4,32.3,16.31,48.0
-26.03611,30.99778,26-03-2015,173.3,51.1,2.6,11.1,31.39,18.43,49.600002
-27.937778,31.209444,26-03-2015,170.90001,15.4,0.8,5.7000003,31.42,18.32,15.1
-30.13573889,30.67422222,26-03-2015,156.6,25.700000000000003,1.3,6.7000003,29.98,20.93,25.0
-26.619444,27.980833,26-03-2015,190.0,36.6,1.8,1.8000001,30.92,15.65,34.9
-28.376944,24.303056,26-03-2015,230.7,8.9,0.4,0.2,36.45,18.26,8.5
-34.329722,18.990278,26-03-2015,166.40001,18.900000000000002,0.9,17.4,25.51,15.53,22.5
-33.897778,20.012778,26-03-2015,195.6,11.4,0.6000000000000001,4.7000003,31.66,16.289999,11.6
-27.573056,24.746389,27-03-2015,235.0,14.0,0.7000000000000001,0.3,36.17,18.08,13.3
-27.902778,24.615556,27-03-2015,230.90001,11.600000000000001,0.6000000000000001,0.2,36.51,18.33,11.0
-29.803611,30.516111,27-03-2015,152.7,22.400000000000002,1.1,6.1,29.349998,17.82,21.800001
-25.99136,27.84208,30-03-2015,187.6,46.0,2.3000000000000003,2.9,31.01,16.18,43.9
-29.380556,30.2775,30-03-2015,152.7,20.1,1.0,5.7000003,28.42,15.099999,19.5
-29.140556,31.391944,31-03-2015,161.8,112.30000000000001,5.6000000000000005,2.9,31.13,20.58,106.8
-28.801278,31.955389,31-03-2015,169.6,67.5,3.4000000000000004,10.2,31.99,20.88,66.1
-26.45,28.085833,31-03-2015,186.7,38.7,1.9000000000000001,1.9,30.5,15.23,36.9
-25.45963889,28.26430556,31-03-2015,192.90001,49.300000000000004,2.5,3.7,32.93,17.21,47.100002
-34.031944,22.053333,04-12-2014,168.5,19.700000000000003,1.0,1.3000001,28.019999,16.609999,18.7
-29.161667,23.696389,01-04-2015,232.1,4.3,0.2,0.0,37.1,18.199999,4.1
-25.81048333,27.90955222,01-04-2015,191.90001,46.800000000000004,2.3000000000000003,3.0,31.99,17.13,44.7
-28.747778,31.745833,01-04-2015,171.40001,104.7,5.2,8.5,32.66,21.02,100.9
-26.861111,28.884722,01-04-2015,182.40001,35.800000000000004,1.8,2.2,29.83,14.12,34.100002
-27.00222,28.76528,01-04-2015,183.40001,34.300000000000004,1.7000000000000002,2.0,30.07,14.29,32.7
-29.033333,23.983333,01-04-2015,230.7,5.5,0.30000000000000004,0.1,36.78,17.77,5.3
-29.744167,29.905833,02-04-2015,161.0,26.900000000000002,1.3,6.3,29.539999,15.889999,26.1
-28.96362,19.15486,04-04-2015,253.7,0.2,0.0,0.0,38.5,19.16,0.2
-34.039722,22.133333,19-01-2011,156.0,21.1,1.1,7.3,25.16,15.12,21.6
-25.127778,27.628889,07-04-2015,203.40001,48.400000000000006,2.4000000000000004,3.1000001,34.579998,18.93,46.100002
-25.20639,27.558,07-04-2015,204.40001,48.2,2.4000000000000004,2.6000001,34.52,18.869999,45.9
-24.69514,27.40906,07-04-2015,210.1,47.6,2.4000000000000004,1.9,35.25,20.039999,45.3
-24.99328,30.81444,07-04-2015,149.90001,64.60000000000001,3.2,15.2,27.31,14.16,63.100002
-28.735556,29.820556,07-04-2015,180.3,15.8,0.8,2.8,32.219997,16.84,15.2
-26.73806,27.59194,07-04-2015,193.3,33.9,1.7000000000000002,1.6,31.109999,15.799999,32.3
-27.398611,26.614722,07-04-2015,218.2,19.8,1.0,0.5,33.59,17.07,18.800001
-27.671111,27.236944,07-04-2015,209.5,19.0,1.0,0.5,32.93,16.3,18.1
-31.396,29.2651,07-04-2015,155.7,27.8,1.4000000000000001,5.2000003,29.199999,19.42,27.1
-31.554722,29.245556,07-04-2015,145.2,29.700000000000003,1.5,4.8,27.93,18.41,28.7
-28.338333,31.373611,07-04-2015,164.90001,37.0,1.9000000000000001,4.4,31.349998,18.449999,35.5
-28.068333,31.55,07-04-2015,176.1,14.0,0.7000000000000001,4.5,33.53,20.9,13.6
-25.73411,27.21422,08-04-2015,194.2,47.300000000000004,2.4000000000000004,1.9,32.07,16.109999,45.0
-27.169444,29.233889,08-04-2015,177.0,34.4,1.7000000000000002,1.8000001,29.41,13.78,32.8
-26.861111,28.884722,08-04-2015,182.40001,35.800000000000004,1.8,2.2,29.83,14.12,34.100002
-26.98472222,26.63227778,08-04-2015,207.8,26.200000000000003,1.3,0.5,32.93,17.02,24.9
-27.398611,26.614722,08-04-2015,218.2,19.8,1.0,0.5,33.59,17.07,18.800001
-30.568333,29.422778,08-04-2015,157.8,25.400000000000002,1.3,4.0,28.07,13.9,24.5
-30.570833,29.150556,08-04-2015,159.7,25.5,1.3,2.6000001,27.92,13.75,24.4
-31.104278,29.399722,08-04-2015,154.2,28.0,1.4000000000000001,5.0,29.029999,18.07,27.1
-34.031944,22.053333,08-04-2015,162.7,12.200000000000001,0.6000000000000001,1.0,27.359999,16.42,11.6
-27.4,26.624722,08-04-2015,218.2,19.8,1.0,0.5,33.59,17.07,18.800001
-27.01011111,26.69808333,09-04-2015,210.0,25.5,1.3,0.5,32.84,16.93,24.2
-24.768889,31.39,09-04-2015,166.0,44.400000000000006,2.2,8.2,32.989998,19.76,42.8
-28.44555556,32.325,04-06-2015,162.3,13.5,0.7000000000000001,10.3,31.01,21.119999,14.7
-27.602222,29.942778,09-04-2015,185.90001,35.0,1.7000000000000002,3.5,31.789999,15.66,33.5
-28.75,30.442778,09-04-2015,181.40001,15.600000000000001,0.8,2.8,33.11,18.56,15.0
-29.161667,30.629722,09-04-2015,155.0,17.6,0.9,5.1,28.789999,15.98,17.1
-26.648056,27.089444,09-04-2015,197.3,32.9,1.6,1.5,31.9,16.15,31.300001
-26.970278,27.211111,09-04-2015,199.8,28.6,1.4000000000000001,1.3000001,32.09,16.359999,27.2
-26.880278,26.965,09-04-2015,201.8,28.6,1.4000000000000001,1.2,32.53,16.71,27.300001
-28.376944,24.303056,09-04-2015,230.7,8.9,0.4,0.2,36.45,18.26,8.5
-29.1825,23.575556,09-04-2015,236.40001,3.9000000000000004,0.2,0.0,37.02,18.25,3.7
-31.031389,28.883333,09-04-2015,161.1,26.6,1.3,2.3,29.039999,16.16,25.300001
-30.86013889,29.07125,09-04-2015,161.8,25.700000000000003,1.3,2.1000001,29.439999,16.63,24.5
-30.77586667,29.03221667,09-04-2015,162.90001,25.700000000000003,1.3,2.0,29.39,16.359999,24.5
-28.308889,31.9025,09-04-2015,171.8,21.6,1.1,8.2,33.18,21.49,21.9
-27.671111,27.236944,10-04-2015,209.5,19.0,1.0,0.5,32.93,16.3,18.1
-27.573056,24.746389,10-04-2015,235.0,14.0,0.7000000000000001,0.3,36.17,18.08,13.3
-34.039722,22.133333,08-04-2015,161.8,12.4,0.6000000000000001,1.0,27.189999,16.779999,11.8
-27.902778,24.615556,10-04-2015,230.90001,11.600000000000001,0.6000000000000001,0.2,36.51,18.33,11.0
-34.02861,22.22222,10-04-2015,159.2,13.3,0.7000000000000001,1.1,26.75,16.55,12.7
-24.679167,30.8025,13-04-2015,162.7,68.60000000000001,3.4000000000000004,11.400001,29.26,16.06,66.4
-25.99136,27.84208,13-04-2015,187.6,46.0,2.3000000000000003,2.9,31.01,16.18,43.9
-34.02861,22.22222,20-01-2011,152.8,23.3,1.2000000000000002,7.7000003,24.699999,14.87,23.800001
-34.02861,22.22222,17-03-2011,152.8,23.3,1.2000000000000002,7.7000003,24.699999,14.87,23.800001
-34.02861,22.22222,19-04-2011,152.8,23.3,1.2000000000000002,7.7000003,24.699999,14.87,23.800001
-34.02861,22.22222,19-05-2011,152.8,23.3,1.2000000000000002,7.7000003,24.699999,14.87,23.800001
-34.02861,22.22222,14-06-2011,152.8,23.3,1.2000000000000002,7.7000003,24.699999,14.87,23.800001
-26.970278,27.211111,13-04-2015,199.8,28.6,1.4000000000000001,1.3000001,32.09,16.359999,27.2
-26.45,28.085833,13-04-2015,186.7,38.7,1.9000000000000001,1.9,30.5,15.23,36.9
-34.02861,22.22222,12-10-2011,162.2,18.8,0.9,6.6,27.289999,17.75,19.0
-28.1175,26.719444,13-04-2015,216.3,13.9,0.7000000000000001,0.4,33.579998,16.869999,13.2
-28.116667,26.725278,13-04-2015,216.3,13.9,0.7000000000000001,0.4,33.579998,16.869999,13.2
-33.818056,19.694722,13-04-2015,202.7,13.100000000000001,0.7000000000000001,5.9,31.279999,15.929999,13.6
-27.01011111,26.69808333,14-04-2015,210.0,25.5,1.3,0.5,32.84,16.93,24.2
-34.02861,22.22222,24-04-2012,143.1,14.200000000000001,0.7000000000000001,6.3,25.66,15.96,14.5
-34.02861,22.22222,26-06-2012,143.1,14.200000000000001,0.7000000000000001,6.3,25.66,15.96,14.5
-24.058889,31.237222,14-04-2015,174.1,42.0,2.1,6.9,34.55,20.73,40.4
-25.681111,31.783333,14-04-2015,165.1,31.700000000000003,1.6,8.8,32.89,19.38,30.7
-34.02861,22.22222,11-10-2012,156.6,31.8,1.6,5.5,26.23,16.9,30.9
-25.362222,31.956667,14-04-2015,162.1,29.6,1.5,9.0,33.3,19.289999,28.800001
-34.02861,22.22222,06-12-2012,156.6,31.8,1.6,5.5,26.23,16.9,30.9
-34.02861,22.22222,07-01-2013,70.5,24.200000000000003,1.2000000000000002,3.2,21.4,9.429999,23.2
-25.398889,31.610556,14-04-2015,162.90001,34.300000000000004,1.7000000000000002,8.8,32.63,19.699999,33.3
-34.02861,22.22222,06-02-2013,150.40001,12.4,0.6000000000000001,2.4,25.3,15.66,11.900001
-34.02861,22.22222,07-03-2013,150.40001,12.4,0.6000000000000001,2.4,25.3,15.66,11.900001
-26.861111,28.884722,14-04-2015,182.40001,35.800000000000004,1.8,2.2,29.83,14.12,34.100002
-26.648056,27.089444,14-04-2015,197.3,32.9,1.6,1.5,31.9,16.15,31.300001
-34.02861,22.22222,05-06-2013,150.40001,12.4,0.6000000000000001,2.4,25.3,15.66,11.900001
-34.02861,22.22222,03-07-2013,150.40001,12.4,0.6000000000000001,2.4,25.3,15.66,11.900001
-26.98472222,26.63227778,14-04-2015,207.8,26.200000000000003,1.3,0.5,32.93,17.02,24.9
-27.935,26.126667,14-04-2015,222.8,12.9,0.6000000000000001,0.4,34.219997,16.25,12.2
-28.141944,26.417778,14-04-2015,220.40001,13.3,0.7000000000000001,0.4,33.989998,16.58,12.6
-28.1175,26.719444,14-04-2015,216.3,13.9,0.7000000000000001,0.4,33.579998,16.869999,13.2
-34.02861,22.22222,13-12-2013,147.90001,75.60000000000001,3.8000000000000003,2.3,26.63,17.94,71.9
-29.160278,26.573333,14-04-2015,220.1,10.0,0.5,0.4,33.69,15.73,9.5
-28.69485,28.23487,14-04-2015,186.40001,18.1,0.9,1.7,29.46,14.17,17.300001
-28.883333,27.89,14-04-2015,190.6,16.7,0.8,1.9,30.16,14.66,16.0
-34.02861,22.22222,03-04-2014,149.2,24.8,1.2000000000000002,1.5,25.449999,15.25,23.6
-34.02861,22.22222,08-05-2014,149.2,24.8,1.2000000000000002,1.5,25.449999,15.25,23.6
-34.02861,22.22222,04-06-2014,149.2,24.8,1.2000000000000002,1.5,25.449999,15.25,23.6
-34.075556,20.145556,14-04-2015,182.5,12.700000000000001,0.6000000000000001,5.3,30.89,16.68,12.900001
-32.595833,19.009444,14-04-2015,221.2,6.6000000000000005,0.30000000000000004,7.7000003,33.96,15.69,7.5
-25.45963889,28.26430556,14-04-2015,192.90001,49.300000000000004,2.5,3.7,32.93,17.21,47.100002
-34.02861,22.22222,12-01-2015,159.2,13.3,0.7000000000000001,1.1,26.75,16.55,12.7
-34.02861,22.22222,29-01-2015,159.2,13.3,0.7000000000000001,1.1,26.75,16.55,12.7
-25.81048333,27.90955222,15-04-2015,191.90001,46.800000000000004,2.3000000000000003,3.0,31.99,17.13,44.7
-22.935,28.004167,15-04-2015,199.5,32.2,1.6,0.2,35.76,20.47,30.6
-29.641944,30.6875,15-04-2015,158.7,16.8,0.8,6.0,30.349998,19.5,16.4
-23.23572222,27.717,15-04-2015,201.2,32.4,1.6,0.4,35.829998,20.74,30.800001
-22.548889,28.898056,15-04-2015,195.0,33.0,1.7000000000000002,0.1,35.2,19.73,31.4
-22.91028,29.61111,15-04-2015,179.1,44.0,2.2,3.6000001,33.36,19.38,42.100002
-22.769722,30.886944,15-04-2015,183.1,46.6,2.3000000000000003,6.6,34.85,20.65,44.8
-34.02861,22.22222,04-11-2015,159.2,13.3,0.7000000000000001,1.1,26.75,16.55,12.7
-25.49037,30.6986,15-04-2015,165.0,50.1,2.5,13.7,30.279999,16.859999,48.9
-25.513889,31.224444,15-04-2015,166.3,43.7,2.2,9.2,31.21,18.57,42.2
-27.00222,28.76528,15-04-2015,183.40001,34.300000000000004,1.7000000000000002,2.0,30.07,14.29,32.7
-27.38972222,26.46388889,15-04-2015,219.6,19.5,1.0,0.5,33.79,17.06,18.5
-27.398611,26.614722,15-04-2015,218.2,19.8,1.0,0.5,33.59,17.07,18.800001
-30.160091,27.40124,15-04-2015,201.2,13.200000000000001,0.7000000000000001,0.5,31.57,15.13,12.6
-30.336111,27.359444,15-04-2015,201.5,13.4,0.7000000000000001,0.6,31.58,14.67,12.8
-29.615556,27.065278,15-04-2015,208.7,11.700000000000001,0.6000000000000001,0.4,32.219997,15.049999,11.1
-34.092222,21.295278,15-04-2015,173.5,13.100000000000001,0.7000000000000001,3.2,29.34,16.34,12.8
-25.447222,30.711667,15-04-2015,167.0,48.800000000000004,2.4000000000000004,12.7,30.82,17.5,47.4
-29.641944,30.6875,16-04-2015,158.7,16.8,0.8,6.0,30.349998,19.5,16.4
-30.830556,26.921389,16-04-2015,205.40001,11.100000000000001,0.6000000000000001,0.5,32.04,14.16,10.6
-24.282222,28.090278,16-04-2015,187.3,51.400000000000006,2.6,4.8,32.87,17.83,49.2
-23.763056,27.908611,16-04-2015,190.7,43.300000000000004,2.2,3.6000001,34.28,19.14,41.3
-27.671111,27.236944,16-04-2015,209.5,19.0,1.0,0.5,32.93,16.3,18.1
-31.000833,26.353056,16-04-2015,208.7,7.9,0.4,0.3,31.769999,13.509999,7.5
-30.679722,26.7125,16-04-2015,211.40001,9.9,0.5,0.4,32.93,14.69,9.5
-34.405833,19.600556,13-02-2013,162.8,8.9,0.4,10.8,25.57,15.29,11.5
-34.405833,19.600556,13-03-2013,162.8,8.9,0.4,10.8,25.57,15.29,11.5
-34.405833,19.600556,10-04-2013,162.8,8.9,0.4,10.8,25.57,15.29,11.5
-34.405833,19.600556,08-05-2013,162.8,8.9,0.4,10.8,25.57,15.29,11.5
-34.250556,20.9925,16-04-2015,180.8,14.0,0.7000000000000001,6.1,29.32,17.13,14.0
-33.13083,18.86278,16-04-2015,209.90001,10.700000000000001,0.5,10.0,32.559998,16.93,12.3
-29.744167,29.905833,17-04-2015,161.0,26.900000000000002,1.3,6.3,29.539999,15.889999,26.1
-29.658056,25.973333,17-04-2015,217.1,6.9,0.30000000000000004,0.4,33.42,15.7,6.6
-34.405833,19.600556,25-09-2013,156.6,53.800000000000004,2.7,8.900001,26.449999,17.199999,53.0
-29.7775,29.470833,20-04-2015,157.8,30.400000000000002,1.5,3.7,27.56,13.36,29.300001
-29.987778,29.851667,20-04-2015,155.3,28.3,1.4000000000000001,6.9,28.689999,15.299999,27.6
-29.744167,29.905833,20-04-2015,161.0,26.900000000000002,1.3,6.3,29.539999,15.889999,26.1
-34.405833,19.600556,12-02-2014,158.3,3.2,0.2,9.0,25.16,14.839999,5.0
-34.405833,19.600556,12-03-2014,158.3,3.2,0.2,9.0,25.16,14.839999,5.0
-33.38056,19.30167,20-04-2015,196.40001,13.3,0.7000000000000001,8.5,29.369999,13.74,14.5
-28.760833,17.730278,21-04-2015,248.2,0.1,0.0,0.0,37.53,21.24,0.1
-34.065833,20.404167,21-04-2015,177.6,11.8,0.6000000000000001,4.5,31.42,17.529999,11.7
-25.127778,27.628889,21-04-2015,203.40001,48.400000000000006,2.4000000000000004,3.1000001,34.579998,18.93,46.100002
-25.20639,27.558,21-04-2015,204.40001,48.2,2.4000000000000004,2.6000001,34.52,18.869999,45.9
-24.39619444,27.08983333,21-04-2015,208.8,43.300000000000004,2.2,1.5,35.61,20.32,41.2
-24.69514,27.40906,21-04-2015,210.1,47.6,2.4000000000000004,1.9,35.25,20.039999,45.3
-26.03611,30.99778,21-04-2015,173.3,51.1,2.6,11.1,31.39,18.43,49.600002
-27.937778,31.209444,21-04-2015,170.90001,15.4,0.8,5.7000003,31.42,18.32,15.1
-30.733889,29.828333,21-04-2015,151.7,29.6,1.5,5.9,28.769999,17.44,28.7
-26.98472222,26.63227778,21-04-2015,207.8,26.200000000000003,1.3,0.5,32.93,17.02,24.9
-33.31388889,19.07472222,21-04-2015,207.5,12.9,0.6000000000000001,10.900001,31.99,16.23,14.6
-27.01011111,26.69808333,22-04-2015,210.0,25.5,1.3,0.5,32.84,16.93,24.2
-28.404444,30.013056,22-04-2015,181.5,15.8,0.8,3.0,31.949999,16.32,15.2
-30.398056,30.601944,22-04-2015,155.2,30.8,1.5,8.2,29.64,21.05,30.2
-34.329722,18.990278,06-07-2011,158.2,23.5,1.2000000000000002,17.9,23.05,13.58,27.2
-26.648056,27.089444,22-04-2015,197.3,32.9,1.6,1.5,31.9,16.15,31.300001
-34.329722,18.990278,28-09-2011,170.40001,8.200000000000001,0.4,14.8,26.39,16.8,10.900001
-34.329722,18.990278,25-10-2011,170.40001,8.200000000000001,0.4,14.8,26.39,16.8,10.900001
-34.329722,18.990278,24-11-2011,170.40001,8.200000000000001,0.4,14.8,26.39,16.8,10.900001
-34.329722,18.990278,22-12-2011,170.40001,8.200000000000001,0.4,14.8,26.39,16.8,10.900001
-26.970278,27.211111,22-04-2015,199.8,28.6,1.4000000000000001,1.3000001,32.09,16.359999,27.2
-26.880278,26.965,22-04-2015,201.8,28.6,1.4000000000000001,1.2,32.53,16.71,27.300001
-34.329722,18.990278,04-04-2012,163.0,7.2,0.4,23.4,25.1,15.71,16.7
-34.329722,18.990278,03-05-2012,163.0,7.2,0.4,23.4,25.1,15.71,16.7
-34.329722,18.990278,24-05-2012,163.0,7.2,0.4,23.4,25.1,15.71,16.7
-34.329722,18.990278,19-07-2012,164.0,27.1,1.4000000000000001,18.2,25.0,16.01,30.9
-34.329722,18.990278,16-08-2012,164.0,27.1,1.4000000000000001,18.2,25.0,16.01,30.9
-34.405833,19.600556,22-04-2015,163.0,17.0,0.9,8.8,26.47,15.74,18.0
-34.329722,18.990278,11-10-2012,164.0,27.1,1.4000000000000001,18.2,25.0,16.01,30.9
-33.7075,18.97444444,22-04-2015,203.1,17.5,0.9,11.7,31.14,16.73,19.1
-28.058889,30.373611,22-04-2015,176.40001,22.8,1.1,3.6000001,30.81,15.37,21.9
-25.57877778,29.12747222,22-04-2015,186.90001,50.2,2.5,3.4,32.3,16.31,48.0
-27.5275,30.858056,23-04-2015,166.3,29.900000000000002,1.5,5.3,29.97,16.4,28.9
-30.13573889,30.67422222,23-04-2015,156.6,25.700000000000003,1.3,6.7000003,29.98,20.93,25.0
-34.329722,18.990278,11-04-2013,164.2,8.700000000000001,0.4,22.1,24.8,15.17,16.7
-34.329722,18.990278,09-05-2013,164.2,8.700000000000001,0.4,22.1,24.8,15.17,16.7
-34.329722,18.990278,06-06-2013,164.2,8.700000000000001,0.4,22.1,24.8,15.17,16.7
-28.376944,24.303056,23-04-2015,230.7,8.9,0.4,0.2,36.45,18.26,8.5
-34.329722,18.990278,01-08-2013,154.90001,55.0,2.7,17.5,25.34,16.859999,56.9
-34.329722,18.990278,29-08-2013,154.90001,55.0,2.7,17.5,25.34,16.859999,56.9
-34.329722,18.990278,26-09-2013,154.90001,55.0,2.7,17.5,25.34,16.859999,56.9
-34.329722,18.990278,23-04-2015,166.40001,18.900000000000002,0.9,17.4,25.51,15.53,22.5
-34.329722,18.990278,23-01-2014,157.6,3.4000000000000004,0.2,18.0,24.109999,14.63,8.3
-32.94583,18.33667,23-04-2015,198.90001,7.2,0.4,5.9,29.56,15.79,7.8
-33.897778,20.012778,23-04-2015,195.6,11.4,0.6000000000000001,4.7000003,31.66,16.289999,11.6
-27.573056,24.746389,24-04-2015,235.0,14.0,0.7000000000000001,0.3,36.17,18.08,13.3
-27.902778,24.615556,24-04-2015,230.90001,11.600000000000001,0.6000000000000001,0.2,36.51,18.33,11.0
-33.870833,20.003333,27-04-2015,192.6,12.0,0.6000000000000001,4.8,31.99,16.51,12.2
-29.140556,31.391944,28-04-2015,161.8,112.30000000000001,5.6000000000000005,2.9,31.13,20.58,106.8
-25.99136,27.84208,28-04-2015,187.6,46.0,2.3000000000000003,2.9,31.01,16.18,43.9
-28.801278,31.955389,28-04-2015,169.6,67.5,3.4000000000000004,10.2,31.99,20.88,66.1
-26.970278,27.211111,28-04-2015,199.8,28.6,1.4000000000000001,1.3000001,32.09,16.359999,27.2
-26.73806,27.59194,28-04-2015,193.3,33.9,1.7000000000000002,1.6,31.109999,15.799999,32.3
-26.45,28.085833,28-04-2015,186.7,38.7,1.9000000000000001,1.9,30.5,15.23,36.9
-33.501667,21.624167,28-04-2015,189.6,9.0,0.5,0.1,29.73,13.429999,8.6
-28.760833,17.730278,29-04-2015,248.2,0.1,0.0,0.0,37.53,21.24,0.1
-34.329722,18.990278,25-06-2015,166.40001,18.900000000000002,0.9,17.4,25.51,15.53,22.5
-34.329722,18.990278,23-07-2015,166.40001,18.900000000000002,0.9,17.4,25.51,15.53,22.5
-34.329722,18.990278,27-08-2015,166.40001,18.900000000000002,0.9,17.4,25.51,15.53,22.5
-34.329722,18.990278,01-10-2015,166.40001,18.900000000000002,0.9,17.4,25.51,15.53,22.5
-28.7115,24.07288889,29-04-2015,231.5,6.7,0.30000000000000004,0.2,36.8,18.039999,6.4
-27.01011111,26.69808333,29-04-2015,210.0,25.5,1.3,0.5,32.84,16.93,24.2
-25.73411,27.21422,29-04-2015,194.2,47.300000000000004,2.4000000000000004,1.9,32.07,16.109999,45.0
-28.747778,31.745833,29-04-2015,171.40001,104.7,5.2,8.5,32.66,21.02,100.9
-26.861111,28.884722,29-04-2015,182.40001,35.800000000000004,1.8,2.2,29.83,14.12,34.100002
-27.00222,28.76528,29-04-2015,183.40001,34.300000000000004,1.7000000000000002,2.0,30.07,14.29,32.7
-26.648056,27.089444,29-04-2015,197.3,32.9,1.6,1.5,31.9,16.15,31.300001
-26.880278,26.965,29-04-2015,201.8,28.6,1.4000000000000001,1.2,32.53,16.71,27.300001
-26.98472222,26.63227778,29-04-2015,207.8,26.200000000000003,1.3,0.5,32.93,17.02,24.9
-27.935,26.126667,29-04-2015,222.8,12.9,0.6000000000000001,0.4,34.219997,16.25,12.2
-28.141944,26.417778,29-04-2015,220.40001,13.3,0.7000000000000001,0.4,33.989998,16.58,12.6
-28.1175,26.719444,29-04-2015,216.3,13.9,0.7000000000000001,0.4,33.579998,16.869999,13.2
-29.1825,23.575556,29-04-2015,236.40001,3.9000000000000004,0.2,0.0,37.02,18.25,3.7
-25.45963889,28.26430556,29-04-2015,192.90001,49.300000000000004,2.5,3.7,32.93,17.21,47.100002
-25.81048333,27.90955222,30-04-2015,191.90001,46.800000000000004,2.3000000000000003,3.0,31.99,17.13,44.7
-29.744167,29.905833,30-04-2015,161.0,26.900000000000002,1.3,6.3,29.539999,15.889999,26.1
-29.380556,30.2775,30-04-2015,152.7,20.1,1.0,5.7000003,28.42,15.099999,19.5
-27.602222,29.942778,01-05-2015,185.90001,35.0,1.7000000000000002,3.5,31.789999,15.66,33.5
-28.735556,29.820556,04-05-2015,180.3,15.8,0.8,2.8,32.219997,16.84,15.2
-26.510278,28.351389,04-05-2015,183.8,39.2,2.0,2.3,30.359999,14.49,37.3
-26.73806,27.59194,04-05-2015,193.3,33.9,1.7000000000000002,1.6,31.109999,15.799999,32.3
-27.671111,27.236944,04-05-2015,209.5,19.0,1.0,0.5,32.93,16.3,18.1
-25.127778,27.628889,05-05-2015,203.40001,48.400000000000006,2.4000000000000004,3.1000001,34.579998,18.93,46.100002
-25.20639,27.558,05-05-2015,204.40001,48.2,2.4000000000000004,2.6000001,34.52,18.869999,45.9
-24.69514,27.40906,05-05-2015,210.1,47.6,2.4000000000000004,1.9,35.25,20.039999,45.3
-27.169444,29.233889,05-05-2015,177.0,34.4,1.7000000000000002,1.8000001,29.41,13.78,32.8
-27.802778,28.768333,05-05-2015,181.8,27.900000000000002,1.4000000000000001,2.0,29.769999,13.71,26.6
-27.398611,26.614722,05-05-2015,218.2,19.8,1.0,0.5,33.59,17.07,18.800001
-34.031944,22.053333,05-05-2015,162.7,12.200000000000001,0.6000000000000001,1.0,27.359999,16.42,11.6
-34.039722,22.133333,05-05-2015,161.8,12.4,0.6000000000000001,1.0,27.189999,16.779999,11.8
-28.338333,31.373611,05-05-2015,164.90001,37.0,1.9000000000000001,4.4,31.349998,18.449999,35.5
-28.068333,31.55,05-05-2015,176.1,14.0,0.7000000000000001,4.5,33.53,20.9,13.6
-27.4,26.624722,05-05-2015,218.2,19.8,1.0,0.5,33.59,17.07,18.800001
-27.01011111,26.69808333,06-05-2015,210.0,25.5,1.3,0.5,32.84,16.93,24.2
-29.641944,30.6875,06-05-2015,158.7,16.8,0.8,6.0,30.349998,19.5,16.4
-24.39619444,27.08983333,06-05-2015,208.8,43.300000000000004,2.2,1.5,35.61,20.32,41.2
-28.75,30.442778,06-05-2015,181.40001,15.600000000000001,0.8,2.8,33.11,18.56,15.0
-27.02314,28.59389,06-05-2015,185.5,33.800000000000004,1.7000000000000002,2.0,30.33,14.45,32.2
-26.648056,27.089444,06-05-2015,197.3,32.9,1.6,1.5,31.9,16.15,31.300001
-26.970278,27.211111,06-05-2015,199.8,28.6,1.4000000000000001,1.3000001,32.09,16.359999,27.2
-26.880278,26.965,06-05-2015,201.8,28.6,1.4000000000000001,1.2,32.53,16.71,27.300001
-27.4275,28.525833,06-05-2015,186.1,29.900000000000002,1.5,2.3,30.179998,14.21,28.6
-27.3,28.586944,06-05-2015,185.6,31.1,1.6,2.3,30.24,14.28,29.7
-26.98472222,26.63227778,06-05-2015,207.8,26.200000000000003,1.3,0.5,32.93,17.02,24.9
-33.870833,20.003333,31-03-2011,193.5,11.3,0.6000000000000001,5.3,29.58,14.78,11.8
-33.870833,20.003333,23-08-2011,199.5,6.4,0.30000000000000004,4.6,32.68,17.72,6.8
-33.870833,20.003333,20-09-2011,199.5,6.4,0.30000000000000004,4.6,32.68,17.72,6.8
-33.870833,20.003333,26-10-2011,199.5,6.4,0.30000000000000004,4.6,32.68,17.72,6.8
-33.870833,20.003333,16-11-2011,199.5,6.4,0.30000000000000004,4.6,32.68,17.72,6.8
-33.870833,20.003333,02-04-2012,190.90001,11.9,0.6000000000000001,5.5,31.099998,16.47,12.5
-33.870833,20.003333,01-05-2012,190.90001,11.9,0.6000000000000001,5.5,31.099998,16.47,12.5
-33.870833,20.003333,22-05-2012,190.90001,11.9,0.6000000000000001,5.5,31.099998,16.47,12.5
-33.870833,20.003333,19-06-2012,190.90001,11.9,0.6000000000000001,5.5,31.099998,16.47,12.5
-34.005833,22.351111,06-05-2015,156.5,14.4,0.7000000000000001,2.5,26.23,16.609999,13.8
-33.870833,20.003333,10-09-2012,198.6,14.8,0.7000000000000001,4.7000003,31.429998,17.0,14.8
-33.870833,20.003333,08-10-2012,198.6,14.8,0.7000000000000001,4.7000003,31.429998,17.0,14.8
-33.870833,20.003333,05-11-2012,198.6,14.8,0.7000000000000001,4.7000003,31.429998,17.0,14.8
-33.870833,20.003333,06-02-2013,195.0,8.8,0.4,5.6,30.9,16.09,9.6
-33.870833,20.003333,12-02-2013,195.0,8.8,0.4,5.6,30.9,16.09,9.6
-33.870833,20.003333,11-03-2013,195.0,8.8,0.4,5.6,30.9,16.09,9.6
-33.870833,20.003333,08-04-2013,195.0,8.8,0.4,5.6,30.9,16.09,9.6
-33.870833,20.003333,03-06-2013,195.0,8.8,0.4,5.6,30.9,16.09,9.6
-33.870833,20.003333,29-07-2013,180.40001,36.2,1.8,4.7000003,31.73,17.81,35.3
-33.870833,20.003333,29-08-2013,180.40001,36.2,1.8,4.7000003,31.73,17.81,35.3
-33.870833,20.003333,23-09-2013,180.40001,36.2,1.8,4.7000003,31.73,17.81,35.3
-33.870833,20.003333,21-10-2013,180.40001,36.2,1.8,4.7000003,31.73,17.81,35.3
-28.44555556,32.325,30-06-2015,162.3,13.5,0.7000000000000001,10.3,31.01,21.119999,14.7
-33.870833,20.003333,20-01-2014,191.2,2.1,0.1,1.8000001,30.64,15.589999,2.1000001
-33.870833,20.003333,10-02-2014,191.2,2.1,0.1,1.8000001,30.64,15.589999,2.1000001
-33.870833,20.003333,10-03-2014,191.2,2.1,0.1,1.8000001,30.64,15.589999,2.1000001
-33.870833,20.003333,07-04-2014,191.2,2.1,0.1,1.8000001,30.64,15.589999,2.1000001
-33.870833,20.003333,19-05-2014,191.2,2.1,0.1,1.8000001,30.64,15.589999,2.1000001
-33.870833,20.003333,26-06-2014,191.2,2.1,0.1,1.8000001,30.64,15.589999,2.1000001
-33.870833,20.003333,31-07-2014,201.1,12.700000000000001,0.6000000000000001,1.7,32.19,16.949999,12.1
-33.870833,20.003333,04-09-2014,201.1,12.700000000000001,0.6000000000000001,1.7,32.19,16.949999,12.1
-33.870833,20.003333,02-10-2014,201.1,12.700000000000001,0.6000000000000001,1.7,32.19,16.949999,12.1
-33.870833,20.003333,26-02-2015,192.6,12.0,0.6000000000000001,4.8,31.99,16.51,12.2
-29.161667,30.629722,07-05-2015,155.0,17.6,0.9,5.1,28.789999,15.98,17.1
-33.870833,20.003333,25-06-2015,192.6,12.0,0.6000000000000001,4.8,31.99,16.51,12.2
-33.870833,20.003333,23-07-2015,192.6,12.0,0.6000000000000001,4.8,31.99,16.51,12.2
-33.870833,20.003333,27-08-2015,192.6,12.0,0.6000000000000001,4.8,31.99,16.51,12.2
-33.870833,20.003333,29-10-2015,192.6,12.0,0.6000000000000001,4.8,31.99,16.51,12.2
-33.870833,20.003333,03-12-2015,192.6,12.0,0.6000000000000001,4.8,31.99,16.51,12.2
-26.619444,27.980833,07-05-2015,190.0,36.6,1.8,1.8000001,30.92,15.65,34.9
-27.573056,24.746389,07-05-2015,235.0,14.0,0.7000000000000001,0.3,36.17,18.08,13.3
-28.376944,24.303056,07-05-2015,230.7,8.9,0.4,0.2,36.45,18.26,8.5
-34.02861,22.22222,07-05-2015,159.2,13.3,0.7000000000000001,1.1,26.75,16.55,12.7
-28.308889,31.9025,07-05-2015,171.8,21.6,1.1,8.2,33.18,21.49,21.9
-27.902778,24.615556,08-05-2015,230.90001,11.600000000000001,0.6000000000000001,0.2,36.51,18.33,11.0
-28.058889,30.373611,10-05-2015,176.40001,22.8,1.1,3.6000001,30.81,15.37,21.9
-29.161667,23.696389,11-05-2015,232.1,4.3,0.2,0.0,37.1,18.199999,4.1
-24.058889,31.237222,11-05-2015,174.1,42.0,2.1,6.9,34.55,20.73,40.4
-25.49037,30.6986,11-05-2015,165.0,50.1,2.5,13.7,30.279999,16.859999,48.9
-24.99328,30.81444,11-05-2015,149.90001,64.60000000000001,3.2,15.2,27.31,14.16,63.100002
-26.648056,27.089444,11-05-2015,197.3,32.9,1.6,1.5,31.9,16.15,31.300001
-26.970278,27.211111,11-05-2015,199.8,28.6,1.4000000000000001,1.3000001,32.09,16.359999,27.2
-26.880278,26.965,11-05-2015,201.8,28.6,1.4000000000000001,1.2,32.53,16.71,27.300001
-29.160278,26.573333,11-05-2015,220.1,10.0,0.5,0.4,33.69,15.73,9.5
-31.396,29.2651,11-05-2015,155.7,27.8,1.4000000000000001,5.2000003,29.199999,19.42,27.1
-31.554722,29.245556,11-05-2015,145.2,29.700000000000003,1.5,4.8,27.93,18.41,28.7
-33.818056,19.694722,11-05-2015,202.7,13.100000000000001,0.7000000000000001,5.9,31.279999,15.929999,13.6
-32.502778,19.535833,11-05-2015,234.0,5.0,0.30000000000000004,2.1000001,34.0,15.36,5.0
-25.447222,30.711667,11-05-2015,167.0,48.800000000000004,2.4000000000000004,12.7,30.82,17.5,47.4
-33.818056,19.694722,03-06-2013,203.90001,9.1,0.5,6.4,30.23,15.54,10.0
-33.818056,19.694722,29-07-2013,193.40001,38.1,1.9000000000000001,5.4,31.07,17.3,37.100002
-28.7115,24.07288889,12-05-2015,231.5,6.7,0.30000000000000004,0.2,36.8,18.039999,6.4
-27.01011111,26.69808333,12-05-2015,210.0,25.5,1.3,0.5,32.84,16.93,24.2
-25.81048333,27.90955222,12-05-2015,191.90001,46.800000000000004,2.3000000000000003,3.0,31.99,17.13,44.7
-25.99136,27.84208,12-05-2015,187.6,46.0,2.3000000000000003,2.9,31.01,16.18,43.9
-25.681111,31.783333,12-05-2015,165.1,31.700000000000003,1.6,8.8,32.89,19.38,30.7
-25.67386,31.57527,12-05-2015,171.40001,33.800000000000004,1.7000000000000002,8.7,33.559998,20.48,32.8
-25.513889,31.224444,12-05-2015,166.3,43.7,2.2,9.2,31.21,18.57,42.2
-24.768889,31.39,12-05-2015,166.0,44.400000000000006,2.2,8.2,32.989998,19.76,42.8
-24.9675,31.516667,12-05-2015,167.90001,39.0,1.9000000000000001,8.2,33.34,20.41,37.7
-27.363611,31.783333,12-05-2015,170.5,16.8,0.8,7.6,33.2,20.109999,16.5
-26.73806,27.59194,12-05-2015,193.3,33.9,1.7000000000000002,1.6,31.109999,15.799999,32.3
-26.45,28.085833,12-05-2015,186.7,38.7,1.9000000000000001,1.9,30.5,15.23,36.9
-26.98472222,26.63227778,12-05-2015,207.8,26.200000000000003,1.3,0.5,32.93,17.02,24.9
-28.69485,28.23487,12-05-2015,186.40001,18.1,0.9,1.7,29.46,14.17,17.300001
-29.615556,27.065278,12-05-2015,208.7,11.700000000000001,0.6000000000000001,0.4,32.219997,15.049999,11.1
-28.883333,27.89,12-05-2015,190.6,16.7,0.8,1.9,30.16,14.66,16.0
-29.1825,23.575556,12-05-2015,236.40001,3.9000000000000004,0.2,0.0,37.02,18.25,3.7
-30.570833,29.150556,12-05-2015,159.7,25.5,1.3,2.6000001,27.92,13.75,24.4
-31.104278,29.399722,12-05-2015,154.2,28.0,1.4000000000000001,5.0,29.029999,18.07,27.1
-34.075556,20.145556,12-05-2015,182.5,12.700000000000001,0.6000000000000001,5.3,30.89,16.68,12.900001
-32.595833,19.009444,12-05-2015,221.2,6.6000000000000005,0.30000000000000004,7.7000003,33.96,15.69,7.5
-34.075556,20.145556,26-01-2011,183.2,13.3,0.7000000000000001,6.2000003,28.57,14.969999,13.8
-34.075556,20.145556,23-02-2011,183.2,13.3,0.7000000000000001,6.2000003,28.57,14.969999,13.8
-25.436111,31.982222,13-05-2015,164.6,29.3,1.5,9.2,33.91,19.6,28.6
-25.362222,31.956667,13-05-2015,162.1,29.6,1.5,9.0,33.3,19.289999,28.800001
-34.075556,20.145556,28-06-2011,183.2,13.3,0.7000000000000001,6.2000003,28.57,14.969999,13.8
-25.398889,31.610556,13-05-2015,162.90001,34.300000000000004,1.7000000000000002,8.8,32.63,19.699999,33.3
-25.14944444,31.94055556,13-05-2015,162.40001,30.700000000000003,1.5,8.6,33.19,19.48,29.800001
-26.861111,28.884722,13-05-2015,182.40001,35.800000000000004,1.8,2.2,29.83,14.12,34.100002
-27.273889,28.49,13-05-2015,186.7,31.1,1.6,2.3,30.269999,14.389999,29.7
-27.802778,28.768333,13-05-2015,181.8,27.900000000000002,1.4000000000000001,2.0,29.769999,13.71,26.6
-27.935,26.126667,13-05-2015,222.8,12.9,0.6000000000000001,0.4,34.219997,16.25,12.2
-30.160091,27.40124,13-05-2015,201.2,13.200000000000001,0.7000000000000001,0.5,31.57,15.13,12.6
-30.336111,27.359444,13-05-2015,201.5,13.4,0.7000000000000001,0.6,31.58,14.67,12.8
-30.568333,29.422778,13-05-2015,157.8,25.400000000000002,1.3,4.0,28.07,13.9,24.5
-31.031389,28.883333,13-05-2015,161.1,26.6,1.3,2.3,29.039999,16.16,25.300001
-30.86013889,29.07125,13-05-2015,161.8,25.700000000000003,1.3,2.1000001,29.439999,16.63,24.5
-30.77586667,29.03221667,13-05-2015,162.90001,25.700000000000003,1.3,2.0,29.39,16.359999,24.5
-33.38056,19.30167,13-05-2015,196.40001,13.3,0.7000000000000001,8.5,29.369999,13.74,14.5
-33.08883333,19.21878333,13-05-2015,200.1,11.0,0.6000000000000001,7.5,28.91,12.849999,11.900001
-25.45963889,28.26430556,13-05-2015,192.90001,49.300000000000004,2.5,3.7,32.93,17.21,47.100002
-29.641944,30.6875,14-05-2015,158.7,16.8,0.8,6.0,30.349998,19.5,16.4
-30.830556,26.921389,14-05-2015,205.40001,11.100000000000001,0.6000000000000001,0.5,32.04,14.16,10.6
-24.282222,28.090278,14-05-2015,187.3,51.400000000000006,2.6,4.8,32.87,17.83,49.2
-23.658056,31.05,14-05-2015,177.1,36.1,1.8,5.5,34.719997,20.8,34.7
-27.273889,28.49,14-05-2015,186.7,31.1,1.6,2.3,30.269999,14.389999,29.7
-31.000833,26.353056,14-05-2015,208.7,7.9,0.4,0.3,31.769999,13.509999,7.5
-30.534167,24.961944,14-05-2015,229.2,3.0,0.2,0.0,34.48,15.87,2.9
-33.7075,18.97444444,14-05-2015,203.1,17.5,0.9,11.7,31.14,16.73,19.1
-29.744167,29.905833,15-05-2015,161.0,26.900000000000002,1.3,6.3,29.539999,15.889999,26.1
-29.7775,29.470833,18-05-2015,157.8,30.400000000000002,1.5,3.7,27.56,13.36,29.300001
-29.744167,29.905833,18-05-2015,161.0,26.900000000000002,1.3,6.3,29.539999,15.889999,26.1
-34.065833,20.404167,19-05-2015,177.6,11.8,0.6000000000000001,4.5,31.42,17.529999,11.7
-34.075556,20.145556,23-09-2013,178.0,43.1,2.2,5.6,30.789999,18.199999,41.8
-24.679167,30.8025,19-05-2015,162.7,68.60000000000001,3.4000000000000004,11.400001,29.26,16.06,66.4
-25.127778,27.628889,19-05-2015,203.40001,48.400000000000006,2.4000000000000004,3.1000001,34.579998,18.93,46.100002
-25.20639,27.558,19-05-2015,204.40001,48.2,2.4000000000000004,2.6000001,34.52,18.869999,45.9
-24.39619444,27.08983333,19-05-2015,208.8,43.300000000000004,2.2,1.5,35.61,20.32,41.2
-24.69514,27.40906,19-05-2015,210.1,47.6,2.4000000000000004,1.9,35.25,20.039999,45.3
-30.733889,29.828333,19-05-2015,151.7,29.6,1.5,5.9,28.769999,17.44,28.7
-29.987778,29.851667,19-05-2015,155.3,28.3,1.4000000000000001,6.9,28.689999,15.299999,27.6
-27.02314,28.59389,19-05-2015,185.5,33.800000000000004,1.7000000000000002,2.0,30.33,14.45,32.2
-28.141944,26.417778,19-05-2015,220.40001,13.3,0.7000000000000001,0.4,33.989998,16.58,12.6
-28.1175,26.719444,19-05-2015,216.3,13.9,0.7000000000000001,0.4,33.579998,16.869999,13.2
-34.092222,21.295278,19-05-2015,173.5,13.100000000000001,0.7000000000000001,3.2,29.34,16.34,12.8
-33.31388889,19.07472222,19-05-2015,207.5,12.9,0.6000000000000001,10.900001,31.99,16.23,14.6
-29.161667,23.696389,20-05-2015,232.1,4.3,0.2,0.0,37.1,18.199999,4.1
-22.225556,29.990556,20-05-2015,192.8,29.700000000000003,1.5,0.2,35.86,22.09,28.2
-24.183889,30.823889,20-05-2015,173.7,45.5,2.3000000000000003,6.0,34.07,20.18,43.7
-24.058889,31.237222,20-05-2015,174.1,42.0,2.1,6.9,34.55,20.73,40.4
-26.03611,30.99778,20-05-2015,173.3,51.1,2.6,11.1,31.39,18.43,49.600002
-34.075556,20.145556,09-06-2015,182.5,12.700000000000001,0.6000000000000001,5.3,30.89,16.68,12.900001
-27.937778,31.209444,20-05-2015,170.90001,15.4,0.8,5.7000003,31.42,18.32,15.1
-28.404444,30.013056,20-05-2015,181.5,15.8,0.8,3.0,31.949999,16.32,15.2
-32.595833,19.009444,17-03-2011,218.5,7.300000000000001,0.4,6.1,30.83,13.759999,7.6
-32.595833,19.009444,13-04-2011,218.5,7.300000000000001,0.4,6.1,30.83,13.759999,7.6
-26.880278,26.965,20-05-2015,201.8,28.6,1.4000000000000001,1.2,32.53,16.71,27.300001
-32.595833,19.009444,14-06-2011,218.5,7.300000000000001,0.4,6.1,30.83,13.759999,7.6
-32.595833,19.009444,15-07-2011,231.3,2.3000000000000003,0.1,5.5,34.62,17.34,2.8
-32.595833,19.009444,11-08-2011,231.3,2.3000000000000003,0.1,5.5,34.62,17.34,2.8
-32.595833,19.009444,05-10-2011,231.3,2.3000000000000003,0.1,5.5,34.62,17.34,2.8
-28.96362,19.15486,20-05-2015,253.7,0.2,0.0,0.0,38.5,19.16,0.2
-34.405833,19.600556,20-05-2015,163.0,17.0,0.9,8.8,26.47,15.74,18.0
-33.13083,18.86278,20-05-2015,209.90001,10.700000000000001,0.5,10.0,32.559998,16.93,12.3
-27.5275,30.858056,21-05-2015,166.3,29.900000000000002,1.5,5.3,29.97,16.4,28.9
-30.13573889,30.67422222,21-05-2015,156.6,25.700000000000003,1.3,6.7000003,29.98,20.93,25.0
-32.595833,19.009444,10-04-2012,213.8,19.700000000000003,1.0,5.1,33.0,16.38,19.2
-32.595833,19.009444,08-05-2012,213.8,19.700000000000003,1.0,5.1,33.0,16.38,19.2
-27.38972222,26.46388889,21-05-2015,219.6,19.5,1.0,0.5,33.79,17.06,18.5
-32.595833,19.009444,24-07-2012,237.40001,3.4000000000000004,0.2,4.6,33.48,16.75,3.7
-32.595833,19.009444,22-08-2012,237.40001,3.4000000000000004,0.2,4.6,33.48,16.75,3.7
-27.398611,26.614722,21-05-2015,218.2,19.8,1.0,0.5,33.59,17.07,18.800001
-28.376944,24.303056,21-05-2015,230.7,8.9,0.4,0.2,36.45,18.26,8.5
-34.250556,20.9925,21-05-2015,180.8,14.0,0.7000000000000001,6.1,29.32,17.13,14.0
-34.329722,18.990278,21-05-2015,166.40001,18.900000000000002,0.9,17.4,25.51,15.53,22.5
-32.94583,18.33667,21-05-2015,198.90001,7.2,0.4,5.9,29.56,15.79,7.8
-27.4,26.624722,21-05-2015,218.2,19.8,1.0,0.5,33.59,17.07,18.800001
-27.902778,24.615556,22-05-2015,230.90001,11.600000000000001,0.6000000000000001,0.2,36.51,18.33,11.0
-29.803611,30.516111,22-05-2015,152.7,22.400000000000002,1.1,6.1,29.349998,17.82,21.800001
-33.501667,21.624167,23-05-2015,189.6,9.0,0.5,0.1,29.73,13.429999,8.6
-25.99136,27.84208,25-05-2015,187.6,46.0,2.3000000000000003,2.9,31.01,16.18,43.9
-26.970278,27.211111,25-05-2015,199.8,28.6,1.4000000000000001,1.3000001,32.09,16.359999,27.2
-32.595833,19.009444,20-08-2013,215.3,18.400000000000002,0.9,6.2000003,33.63,17.34,18.2
-26.880278,26.965,25-05-2015,201.8,28.6,1.4000000000000001,1.2,32.53,16.71,27.300001
-32.595833,19.009444,08-10-2013,215.3,18.400000000000002,0.9,6.2000003,33.63,17.34,18.2
-26.73806,27.59194,25-05-2015,193.3,33.9,1.7000000000000002,1.6,31.109999,15.799999,32.3
-26.45,28.085833,25-05-2015,186.7,38.7,1.9000000000000001,1.9,30.5,15.23,36.9
-27.01011111,26.69808333,26-05-2015,210.0,25.5,1.3,0.5,32.84,16.93,24.2
-29.380556,30.2775,26-05-2015,152.7,20.1,1.0,5.7000003,28.42,15.099999,19.5
-26.861111,28.884722,26-05-2015,182.40001,35.800000000000004,1.8,2.2,29.83,14.12,34.100002
-26.648056,27.089444,26-05-2015,197.3,32.9,1.6,1.5,31.9,16.15,31.300001
-32.595833,19.009444,24-06-2014,223.1,0.9,0.0,3.1000001,32.48,15.0199995,1.0
-32.595833,19.009444,23-09-2014,231.40001,3.7,0.2,2.9,34.079998,16.72,3.7
-26.98472222,26.63227778,26-05-2015,207.8,26.200000000000003,1.3,0.5,32.93,17.02,24.9
-28.141944,26.417778,26-05-2015,220.40001,13.3,0.7000000000000001,0.4,33.989998,16.58,12.6
-25.45963889,28.26430556,26-05-2015,192.90001,49.300000000000004,2.5,3.7,32.93,17.21,47.100002
-25.81048333,27.90955222,27-05-2015,191.90001,46.800000000000004,2.3000000000000003,3.0,31.99,17.13,44.7
-32.595833,19.009444,09-06-2015,221.2,6.6000000000000005,0.30000000000000004,7.7000003,33.96,15.69,7.5
-32.595833,19.009444,21-07-2015,221.2,6.6000000000000005,0.30000000000000004,7.7000003,33.96,15.69,7.5
-32.595833,19.009444,18-08-2015,221.2,6.6000000000000005,0.30000000000000004,7.7000003,33.96,15.69,7.5
-22.225556,29.990556,27-05-2015,192.8,29.700000000000003,1.5,0.2,35.86,22.09,28.2
-24.282222,28.090278,27-05-2015,187.3,51.400000000000006,2.6,4.8,32.87,17.83,49.2
-28.747778,31.745833,27-05-2015,171.40001,104.7,5.2,8.5,32.66,21.02,100.9
-27.00222,28.76528,27-05-2015,183.40001,34.300000000000004,1.7000000000000002,2.0,30.07,14.29,32.7
-27.273889,28.49,27-05-2015,186.7,31.1,1.6,2.3,30.269999,14.389999,29.7
-29.033333,23.983333,27-05-2015,230.7,5.5,0.30000000000000004,0.1,36.78,17.77,5.3
-33.08883333,19.21878333,15-10-2013,189.8,31.5,1.6,7.0,29.019999,14.07,31.1
-25.57877778,29.12747222,28-05-2015,186.90001,50.2,2.5,3.4,32.3,16.31,48.0
-29.744167,29.905833,29-05-2015,161.0,26.900000000000002,1.3,6.3,29.539999,15.889999,26.1
-28.768056,20.720556,29-05-2015,253.7,0.8,0.0,0.0,38.129997,19.21,0.7
-22.225556,29.990556,01-06-2015,192.8,29.700000000000003,1.5,0.2,35.86,22.09,28.2
-33.08883333,19.21878333,23-06-2014,198.90001,1.7000000000000002,0.1,5.6,27.48,12.15,2.4
-26.510278,28.351389,01-06-2015,183.8,39.2,2.0,2.3,30.359999,14.49,37.3
-33.08883333,19.21878333,12-08-2014,205.3,9.3,0.5,5.0,29.49,13.37,9.400001
-33.08883333,19.21878333,10-09-2014,205.3,9.3,0.5,5.0,29.49,13.37,9.400001
-33.08883333,19.21878333,22-10-2014,205.3,9.3,0.5,5.0,29.49,13.37,9.400001
-33.08883333,19.21878333,20-11-2014,205.3,9.3,0.5,5.0,29.49,13.37,9.400001
-33.08883333,19.21878333,14-01-2015,200.1,11.0,0.6000000000000001,7.5,28.91,12.849999,11.900001
-33.08883333,19.21878333,18-02-2015,200.1,11.0,0.6000000000000001,7.5,28.91,12.849999,11.900001
-33.08883333,19.21878333,19-03-2015,200.1,11.0,0.6000000000000001,7.5,28.91,12.849999,11.900001
-33.08883333,19.21878333,15-04-2015,200.1,11.0,0.6000000000000001,7.5,28.91,12.849999,11.900001
-27.671111,27.236944,01-06-2015,209.5,19.0,1.0,0.5,32.93,16.3,18.1
-33.08883333,19.21878333,19-08-2015,200.1,11.0,0.6000000000000001,7.5,28.91,12.849999,11.900001
-33.08883333,19.21878333,16-09-2015,200.1,11.0,0.6000000000000001,7.5,28.91,12.849999,11.900001
-30.568333,29.422778,01-06-2015,157.8,25.400000000000002,1.3,4.0,28.07,13.9,24.5
-33.08883333,19.21878333,25-11-2015,200.1,11.0,0.6000000000000001,7.5,28.91,12.849999,11.900001
-31.396,29.2651,01-06-2015,155.7,27.8,1.4000000000000001,5.2000003,29.199999,19.42,27.1
-25.127778,27.628889,02-06-2015,203.40001,48.400000000000006,2.4000000000000004,3.1000001,34.579998,18.93,46.100002
-25.20639,27.558,02-06-2015,204.40001,48.2,2.4000000000000004,2.6000001,34.52,18.869999,45.9
-32.502778,19.535833,13-06-2011,233.40001,4.800000000000001,0.2,1.3000001,30.92,13.57,4.7000003
-24.69514,27.40906,02-06-2015,210.1,47.6,2.4000000000000004,1.9,35.25,20.039999,45.3
-27.935,26.126667,02-06-2015,222.8,12.9,0.6000000000000001,0.4,34.219997,16.25,12.2
-28.1175,26.719444,02-06-2015,216.3,13.9,0.7000000000000001,0.4,33.579998,16.869999,13.2
-27.398611,26.614722,02-06-2015,218.2,19.8,1.0,0.5,33.59,17.07,18.800001
-30.160091,27.40124,02-06-2015,201.2,13.200000000000001,0.7000000000000001,0.5,31.57,15.13,12.6
-30.336111,27.359444,02-06-2015,201.5,13.4,0.7000000000000001,0.6,31.58,14.67,12.8
-31.104278,29.399722,02-06-2015,154.2,28.0,1.4000000000000001,5.0,29.029999,18.07,27.1
-32.502778,19.535833,27-07-2012,237.5,2.6,0.1,0.7,33.739998,16.43,2.5
-34.031944,22.053333,02-06-2015,162.7,12.200000000000001,0.6000000000000001,1.0,27.359999,16.42,11.6
-34.039722,22.133333,02-06-2015,161.8,12.4,0.6000000000000001,1.0,27.189999,16.779999,11.8
-34.02861,22.22222,02-06-2015,159.2,13.3,0.7000000000000001,1.1,26.75,16.55,12.7
-28.338333,31.373611,02-06-2015,164.90001,37.0,1.9000000000000001,4.4,31.349998,18.449999,35.5
-28.068333,31.55,02-06-2015,176.1,14.0,0.7000000000000001,4.5,33.53,20.9,13.6
-27.4,26.624722,02-06-2015,218.2,19.8,1.0,0.5,33.59,17.07,18.800001
-30.830556,26.921389,03-06-2015,205.40001,11.100000000000001,0.6000000000000001,0.5,32.04,14.16,10.6
-24.670833,28.560833,03-06-2015,187.5,59.1,3.0,4.8,32.86,17.25,56.5
-24.39619444,27.08983333,03-06-2015,208.8,43.300000000000004,2.2,1.5,35.61,20.32,41.2
-28.75,30.442778,03-06-2015,181.40001,15.600000000000001,0.8,2.8,33.11,18.56,15.0
-29.161667,30.629722,03-06-2015,155.0,17.6,0.9,5.1,28.789999,15.98,17.1
-27.802778,28.768333,03-06-2015,181.8,27.900000000000002,1.4000000000000001,2.0,29.769999,13.71,26.6
-31.000833,26.353056,03-06-2015,208.7,7.9,0.4,0.3,31.769999,13.509999,7.5
-30.679722,26.7125,03-06-2015,211.40001,9.9,0.5,0.4,32.93,14.69,9.5
-30.570833,29.150556,03-06-2015,159.7,25.5,1.3,2.6000001,27.92,13.75,24.4
-28.058889,30.373611,03-06-2015,176.40001,22.8,1.1,3.6000001,30.81,15.37,21.9
-28.760833,17.730278,04-06-2015,248.2,0.1,0.0,0.0,37.53,21.24,0.1
-32.502778,19.535833,09-06-2014,233.8,0.6000000000000001,0.0,0.4,32.55,14.71,0.6
-28.44555556,32.325,28-07-2015,162.3,13.5,0.7000000000000001,10.3,31.01,21.119999,14.7
-27.273889,28.49,04-06-2015,186.7,31.1,1.6,2.3,30.269999,14.389999,29.7
-27.573056,24.746389,04-06-2015,235.0,14.0,0.7000000000000001,0.3,36.17,18.08,13.3
-28.376944,24.303056,04-06-2015,230.7,8.9,0.4,0.2,36.45,18.26,8.5
-31.031389,28.883333,04-06-2015,161.1,26.6,1.3,2.3,29.039999,16.16,25.300001
-30.86013889,29.07125,04-06-2015,161.8,25.700000000000003,1.3,2.1000001,29.439999,16.63,24.5
-32.502778,19.535833,13-04-2015,234.0,5.0,0.30000000000000004,2.1000001,34.0,15.36,5.0
-30.77586667,29.03221667,04-06-2015,162.90001,25.700000000000003,1.3,2.0,29.39,16.359999,24.5
-32.502778,19.535833,08-06-2015,234.0,5.0,0.30000000000000004,2.1000001,34.0,15.36,5.0
-27.902778,24.615556,05-06-2015,230.90001,11.600000000000001,0.6000000000000001,0.2,36.51,18.33,11.0
-32.502778,19.535833,17-08-2015,234.0,5.0,0.30000000000000004,2.1000001,34.0,15.36,5.0
-31.554722,29.245556,05-06-2015,145.2,29.700000000000003,1.5,4.8,27.93,18.41,28.7
-32.502778,19.535833,19-10-2015,234.0,5.0,0.30000000000000004,2.1000001,34.0,15.36,5.0
-25.99136,27.84208,08-06-2015,187.6,46.0,2.3000000000000003,2.9,31.01,16.18,43.9
-31.5653,18.3306,05-01-2011,90.5,19.6,1.0,0.3,25.689999,12.36,18.6
-31.5653,18.3306,09-02-2011,208.7,2.9000000000000004,0.1,0.3,28.32,13.7,2.7
-31.5653,18.3306,16-03-2011,208.7,2.9000000000000004,0.1,0.3,28.32,13.7,2.7
-31.5653,18.3306,12-04-2011,208.7,2.9000000000000004,0.1,0.3,28.32,13.7,2.7
-26.970278,27.211111,08-06-2015,199.8,28.6,1.4000000000000001,1.3000001,32.09,16.359999,27.2
-26.880278,26.965,08-06-2015,201.8,28.6,1.4000000000000001,1.2,32.53,16.71,27.300001
-26.73806,27.59194,08-06-2015,193.3,33.9,1.7000000000000002,1.6,31.109999,15.799999,32.3
-26.45,28.085833,08-06-2015,186.7,38.7,1.9000000000000001,1.9,30.5,15.23,36.9
-33.818056,19.694722,08-06-2015,202.7,13.100000000000001,0.7000000000000001,5.9,31.279999,15.929999,13.6
-31.5653,18.3306,09-11-2011,222.7,0.7000000000000001,0.0,0.3,31.98,17.21,0.7
-31.5653,18.3306,21-12-2011,222.7,0.7000000000000001,0.0,0.3,31.98,17.21,0.7
-31.5653,18.3306,17-01-2012,203.2,13.100000000000001,0.7000000000000001,0.2,29.98,16.119999,12.400001
-31.5653,18.3306,15-02-2012,203.2,13.100000000000001,0.7000000000000001,0.2,29.98,16.119999,12.400001
-31.5653,18.3306,13-03-2012,203.2,13.100000000000001,0.7000000000000001,0.2,29.98,16.119999,12.400001
-31.5653,18.3306,17-04-2012,203.2,13.100000000000001,0.7000000000000001,0.2,29.98,16.119999,12.400001
-31.5653,18.3306,17-05-2012,203.2,13.100000000000001,0.7000000000000001,0.2,29.98,16.119999,12.400001
-31.5653,18.3306,29-05-2012,203.2,13.100000000000001,0.7000000000000001,0.2,29.98,16.119999,12.400001
-27.01011111,26.69808333,09-06-2015,210.0,25.5,1.3,0.5,32.84,16.93,24.2
-25.73411,27.21422,09-06-2015,194.2,47.300000000000004,2.4000000000000004,1.9,32.07,16.109999,45.0
-27.363611,31.783333,09-06-2015,170.5,16.8,0.8,7.6,33.2,20.109999,16.5
-26.861111,28.884722,09-06-2015,182.40001,35.800000000000004,1.8,2.2,29.83,14.12,34.100002
-31.5653,18.3306,23-10-2012,226.8,0.5,0.0,0.2,31.15,16.57,0.5
-31.5653,18.3306,13-11-2012,226.8,0.5,0.0,0.2,31.15,16.57,0.5
-31.5653,18.3306,04-12-2012,226.8,0.5,0.0,0.2,31.15,16.57,0.5
-31.5653,18.3306,26-03-2013,211.6,4.7,0.2,0.2,30.029999,15.66,4.5
-31.5653,18.3306,23-04-2013,211.6,4.7,0.2,0.2,30.029999,15.66,4.5
-31.5653,18.3306,21-05-2013,211.6,4.7,0.2,0.2,30.029999,15.66,4.5
-27.00222,28.76528,09-06-2015,183.40001,34.300000000000004,1.7000000000000002,2.0,30.07,14.29,32.7
-27.02314,28.59389,09-06-2015,185.5,33.800000000000004,1.7000000000000002,2.0,30.33,14.45,32.2
-31.5653,18.3306,28-01-2014,213.1,0.6000000000000001,0.0,0.2,29.73,14.589999,0.5
-31.5653,18.3306,12-02-2014,213.1,0.6000000000000001,0.0,0.2,29.73,14.589999,0.5
-31.5653,18.3306,04-03-2014,213.1,0.6000000000000001,0.0,0.2,29.73,14.589999,0.5
-31.5653,18.3306,01-04-2014,213.1,0.6000000000000001,0.0,0.2,29.73,14.589999,0.5
-31.5653,18.3306,13-05-2014,213.1,0.6000000000000001,0.0,0.2,29.73,14.589999,0.5
-26.648056,27.089444,09-06-2015,197.3,32.9,1.6,1.5,31.9,16.15,31.300001
-26.98472222,26.63227778,09-06-2015,207.8,26.200000000000003,1.3,0.5,32.93,17.02,24.9
-27.935,26.126667,09-06-2015,222.8,12.9,0.6000000000000001,0.4,34.219997,16.25,12.2
-28.141944,26.417778,09-06-2015,220.40001,13.3,0.7000000000000001,0.4,33.989998,16.58,12.6
-31.5653,18.3306,21-10-2014,219.2,1.2000000000000002,0.1,0.2,31.42,16.65,1.1
-31.5653,18.3306,25-11-2014,219.2,1.2000000000000002,0.1,0.2,31.42,16.65,1.1
-31.5653,18.3306,27-01-2015,214.3,2.1,0.1,0.2,31.24,15.36,2.0
-31.5653,18.3306,17-02-2015,214.3,2.1,0.1,0.2,31.24,15.36,2.0
-31.5653,18.3306,17-03-2015,214.3,2.1,0.1,0.2,31.24,15.36,2.0
-31.5653,18.3306,14-04-2015,214.3,2.1,0.1,0.2,31.24,15.36,2.0
-31.5653,18.3306,12-05-2015,214.3,2.1,0.1,0.2,31.24,15.36,2.0
-31.5653,18.3306,09-06-2015,214.3,2.1,0.1,0.2,31.24,15.36,2.0
-28.1175,26.719444,09-06-2015,216.3,13.9,0.7000000000000001,0.4,33.579998,16.869999,13.2
-29.160278,26.573333,09-06-2015,220.1,10.0,0.5,0.4,33.69,15.73,9.5
-31.5653,18.3306,15-09-2015,214.3,2.1,0.1,0.2,31.24,15.36,2.0
-31.5653,18.3306,20-10-2015,214.3,2.1,0.1,0.2,31.24,15.36,2.0
-31.5653,18.3306,24-11-2015,214.3,2.1,0.1,0.2,31.24,15.36,2.0
-32.601389,18.750556,10-05-2011,216.40001,7.9,0.4,4.9,30.01,13.84,8.1
-32.601389,18.750556,13-06-2011,216.40001,7.9,0.4,4.9,30.01,13.84,8.1
-32.601389,18.750556,12-07-2011,230.90001,2.3000000000000003,0.1,4.4,33.89,17.57,2.6000001
-32.601389,18.750556,10-08-2011,230.90001,2.3000000000000003,0.1,4.4,33.89,17.57,2.6000001
-32.601389,18.750556,06-09-2011,230.90001,2.3000000000000003,0.1,4.4,33.89,17.57,2.6000001
-32.601389,18.750556,03-11-2011,230.90001,2.3000000000000003,0.1,4.4,33.89,17.57,2.6000001
-32.601389,18.750556,29-05-2012,215.8,18.900000000000002,0.9,2.7,32.29,16.539999,18.1
-32.601389,18.750556,03-07-2012,215.8,18.900000000000002,0.9,2.7,32.29,16.539999,18.1
-32.601389,18.750556,31-07-2012,235.6,3.6,0.2,2.5,32.76,16.949999,3.5
-32.601389,18.750556,28-08-2012,235.6,3.6,0.2,2.5,32.76,16.949999,3.5
-32.601389,18.750556,26-09-2012,235.6,3.6,0.2,2.5,32.76,16.949999,3.5
-32.601389,18.750556,23-10-2012,235.6,3.6,0.2,2.5,32.76,16.949999,3.5
-28.69485,28.23487,09-06-2015,186.40001,18.1,0.9,1.7,29.46,14.17,17.300001
-32.601389,18.750556,16-07-2013,214.90001,18.3,0.9,5.8,32.899998,17.57,18.2
-32.601389,18.750556,13-08-2013,214.90001,18.3,0.9,5.8,32.899998,17.57,18.2
-32.601389,18.750556,10-09-2013,214.90001,18.3,0.9,5.8,32.899998,17.57,18.2
-32.601389,18.750556,09-10-2013,214.90001,18.3,0.9,5.8,32.899998,17.57,18.2
-32.601389,18.750556,05-11-2013,214.90001,18.3,0.9,5.8,32.899998,17.57,18.2
-32.601389,18.750556,26-11-2013,214.90001,18.3,0.9,5.8,32.899998,17.57,18.2
-32.601389,18.750556,12-06-2014,223.40001,1.0,0.1,2.5,31.679998,15.15,1.1
-32.601389,18.750556,17-07-2014,229.7,4.0,0.2,2.4,33.36,16.97,4.0
-32.601389,18.750556,28-08-2014,229.7,4.0,0.2,2.4,33.36,16.97,4.0
-32.601389,18.750556,25-09-2014,229.7,4.0,0.2,2.4,33.36,16.97,4.0
-32.601389,18.750556,23-10-2014,229.7,4.0,0.2,2.4,33.36,16.97,4.0
-32.601389,18.750556,27-11-2014,229.7,4.0,0.2,2.4,33.36,16.97,4.0
-32.601389,18.750556,25-02-2015,222.5,6.6000000000000005,0.30000000000000004,5.9,33.149998,15.82,7.2000003
-32.601389,18.750556,21-05-2015,222.5,6.6000000000000005,0.30000000000000004,5.9,33.149998,15.82,7.2000003
-32.601389,18.750556,26-06-2015,222.5,6.6000000000000005,0.30000000000000004,5.9,33.149998,15.82,7.2000003
-32.601389,18.750556,30-07-2015,222.5,6.6000000000000005,0.30000000000000004,5.9,33.149998,15.82,7.2000003
-32.601389,18.750556,27-08-2015,222.5,6.6000000000000005,0.30000000000000004,5.9,33.149998,15.82,7.2000003
-32.601389,18.750556,29-10-2015,222.5,6.6000000000000005,0.30000000000000004,5.9,33.149998,15.82,7.2000003
-28.883333,27.89,09-06-2015,190.6,16.7,0.8,1.9,30.16,14.66,16.0
-25.45963889,28.26430556,09-06-2015,192.90001,49.300000000000004,2.5,3.7,32.93,17.21,47.100002
-25.81048333,27.90955222,10-06-2015,191.90001,46.800000000000004,2.3000000000000003,3.0,31.99,17.13,44.7
-29.641944,30.6875,10-06-2015,158.7,16.8,0.8,6.0,30.349998,19.5,16.4
-24.282222,28.090278,10-06-2015,187.3,51.400000000000006,2.6,4.8,32.87,17.83,49.2
-23.763056,27.908611,10-06-2015,190.7,43.300000000000004,2.2,3.6000001,34.28,19.14,41.3
-23.23572222,27.717,10-06-2015,201.2,32.4,1.6,0.4,35.829998,20.74,30.800001
-24.058889,31.237222,10-06-2015,174.1,42.0,2.1,6.9,34.55,20.73,40.4
-27.802778,28.768333,10-06-2015,181.8,27.900000000000002,1.4000000000000001,2.0,29.769999,13.71,26.6
-27.671111,27.236944,10-06-2015,209.5,19.0,1.0,0.5,32.93,16.3,18.1
-30.160091,27.40124,10-06-2015,201.2,13.200000000000001,0.7000000000000001,0.5,31.57,15.13,12.6
-30.336111,27.359444,10-06-2015,201.5,13.4,0.7000000000000001,0.6,31.58,14.67,12.8
-29.615556,27.065278,10-06-2015,208.7,11.700000000000001,0.6000000000000001,0.4,32.219997,15.049999,11.1
-33.38056,19.30167,10-06-2015,196.40001,13.3,0.7000000000000001,8.5,29.369999,13.74,14.5
-33.08883333,19.21878333,10-06-2015,200.1,11.0,0.6000000000000001,7.5,28.91,12.849999,11.900001
-25.57877778,29.12747222,10-06-2015,186.90001,50.2,2.5,3.4,32.3,16.31,48.0
-22.225556,29.990556,11-06-2015,192.8,29.700000000000003,1.5,0.2,35.86,22.09,28.2
-30.830556,26.921389,11-06-2015,205.40001,11.100000000000001,0.6000000000000001,0.5,32.04,14.16,10.6
-24.95861111,29.39527778,11-06-2015,191.2,50.2,2.5,2.6000001,33.96,18.44,47.9
-27.02314,28.59389,11-06-2015,185.5,33.800000000000004,1.7000000000000002,2.0,30.33,14.45,32.2
-27.4275,28.525833,11-06-2015,186.1,29.900000000000002,1.5,2.3,30.179998,14.21,28.6
-27.3,28.586944,11-06-2015,185.6,31.1,1.6,2.3,30.24,14.28,29.7
-27.38972222,26.46388889,11-06-2015,219.6,19.5,1.0,0.5,33.79,17.06,18.5
-27.398611,26.614722,11-06-2015,218.2,19.8,1.0,0.5,33.59,17.07,18.800001
-31.000833,26.353056,11-06-2015,208.7,7.9,0.4,0.3,31.769999,13.509999,7.5
-30.679722,26.7125,11-06-2015,211.40001,9.9,0.5,0.4,32.93,14.69,9.5
-30.534167,24.961944,11-06-2015,229.2,3.0,0.2,0.0,34.48,15.87,2.9
-33.7075,18.97444444,11-06-2015,203.1,17.5,0.9,11.7,31.14,16.73,19.1
-33.72266667,18.61691667,11-06-2015,195.0,14.5,0.7000000000000001,9.7,29.06,16.68,15.8
-27.356667,27.286389,11-06-2015,208.3,22.900000000000002,1.1,0.5,32.5,16.38,21.800001
-29.641944,30.6875,12-06-2015,158.7,16.8,0.8,6.0,30.349998,19.5,16.4
-29.744167,29.905833,12-06-2015,161.0,26.900000000000002,1.3,6.3,29.539999,15.889999,26.1
-26.619444,27.980833,12-06-2015,190.0,36.6,1.8,1.8000001,30.92,15.65,34.9
-27.573056,24.746389,12-06-2015,235.0,14.0,0.7000000000000001,0.3,36.17,18.08,13.3
-29.658056,25.973333,12-06-2015,217.1,6.9,0.30000000000000004,0.4,33.42,15.7,6.6
-23.658056,31.05,15-06-2015,177.1,36.1,1.8,5.5,34.719997,20.8,34.7
-29.7775,29.470833,15-06-2015,157.8,30.400000000000002,1.5,3.7,27.56,13.36,29.300001
-29.987778,29.851667,15-06-2015,155.3,28.3,1.4000000000000001,6.9,28.689999,15.299999,27.6
-29.744167,29.905833,15-06-2015,161.0,26.900000000000002,1.3,6.3,29.539999,15.889999,26.1
-24.679167,30.8025,16-06-2015,162.7,68.60000000000001,3.4000000000000004,11.400001,29.26,16.06,66.4
-25.127778,27.628889,16-06-2015,203.40001,48.400000000000006,2.4000000000000004,3.1000001,34.579998,18.93,46.100002
-25.20639,27.558,16-06-2015,204.40001,48.2,2.4000000000000004,2.6000001,34.52,18.869999,45.9
-24.39619444,27.08983333,16-06-2015,208.8,43.300000000000004,2.2,1.5,35.61,20.32,41.2
-24.69514,27.40906,16-06-2015,210.1,47.6,2.4000000000000004,1.9,35.25,20.039999,45.3
-22.769722,30.886944,17-06-2015,183.1,46.6,2.3000000000000003,6.6,34.85,20.65,44.8
-24.058889,31.237222,17-06-2015,174.1,42.0,2.1,6.9,34.55,20.73,40.4
-28.404444,30.013056,17-06-2015,181.5,15.8,0.8,3.0,31.949999,16.32,15.2
-30.733889,29.828333,17-06-2015,151.7,29.6,1.5,5.9,28.769999,17.44,28.7
-30.398056,30.601944,17-06-2015,155.2,30.8,1.5,8.2,29.64,21.05,30.2
-27.273889,28.49,17-06-2015,186.7,31.1,1.6,2.3,30.269999,14.389999,29.7
-34.092222,21.295278,17-06-2015,173.5,13.100000000000001,0.7000000000000001,3.2,29.34,16.34,12.8
-28.058889,30.373611,17-06-2015,176.40001,22.8,1.1,3.6000001,30.81,15.37,21.9
-27.5275,30.858056,18-06-2015,166.3,29.900000000000002,1.5,5.3,29.97,16.4,28.9
-30.13573889,30.67422222,18-06-2015,156.6,25.700000000000003,1.3,6.7000003,29.98,20.93,25.0
-26.880278,26.965,18-06-2015,201.8,28.6,1.4000000000000001,1.2,32.53,16.71,27.300001
-28.1175,26.719444,18-06-2015,216.3,13.9,0.7000000000000001,0.4,33.579998,16.869999,13.2
-28.376944,24.303056,18-06-2015,230.7,8.9,0.4,0.2,36.45,18.26,8.5
-31.394444,20.947222,18-06-2015,238.6,5.300000000000001,0.30000000000000004,0.0,33.77,14.88,5.0
-29.651389,22.746389,18-06-2015,248.3,2.1,0.1,0.0,37.05,19.119999,2.0
-34.250556,20.9925,18-06-2015,180.8,14.0,0.7000000000000001,6.1,29.32,17.13,14.0
-33.13083,18.86278,04-07-2012,209.40001,17.5,0.9,10.3,31.89,17.529999,18.9
-24.183889,30.823889,19-06-2015,173.7,45.5,2.3000000000000003,6.0,34.07,20.18,43.7
-27.902778,24.615556,19-06-2015,230.90001,11.600000000000001,0.6000000000000001,0.2,36.51,18.33,11.0
-29.803611,30.516111,19-06-2015,152.7,22.400000000000002,1.1,6.1,29.349998,17.82,21.800001
-25.99136,27.84208,22-06-2015,187.6,46.0,2.3000000000000003,2.9,31.01,16.18,43.9
-25.49037,30.6986,22-06-2015,165.0,50.1,2.5,13.7,30.279999,16.859999,48.9
-24.99328,30.81444,22-06-2015,149.90001,64.60000000000001,3.2,15.2,27.31,14.16,63.100002
-26.970278,27.211111,22-06-2015,199.8,28.6,1.4000000000000001,1.3000001,32.09,16.359999,27.2
-26.880278,26.965,22-06-2015,201.8,28.6,1.4000000000000001,1.2,32.53,16.71,27.300001
-26.73806,27.59194,22-06-2015,193.3,33.9,1.7000000000000002,1.6,31.109999,15.799999,32.3
-26.45,28.085833,22-06-2015,186.7,38.7,1.9000000000000001,1.9,30.5,15.23,36.9
-27.273889,28.49,22-06-2015,186.7,31.1,1.6,2.3,30.269999,14.389999,29.7
-27.01011111,26.69808333,23-06-2015,210.0,25.5,1.3,0.5,32.84,16.93,24.2
-25.436111,31.982222,23-06-2015,164.6,29.3,1.5,9.2,33.91,19.6,28.6
-29.140556,31.391944,23-06-2015,161.8,112.30000000000001,5.6000000000000005,2.9,31.13,20.58,106.8
-34.065833,20.404167,23-06-2015,177.6,11.8,0.6000000000000001,4.5,31.42,17.529999,11.7
-22.43772222,31.07805556,23-06-2015,196.40001,43.0,2.1,4.3,36.73,21.65,41.100002
-25.681111,31.783333,23-06-2015,165.1,31.700000000000003,1.6,8.8,32.89,19.38,30.7
-25.67386,31.57527,23-06-2015,171.40001,33.800000000000004,1.7000000000000002,8.7,33.559998,20.48,32.8
-25.398889,31.610556,23-06-2015,162.90001,34.300000000000004,1.7000000000000002,8.8,32.63,19.699999,33.3
-28.801278,31.955389,23-06-2015,169.6,67.5,3.4000000000000004,10.2,31.99,20.88,66.1
-27.00222,28.76528,23-06-2015,183.40001,34.300000000000004,1.7000000000000002,2.0,30.07,14.29,32.7
-26.98472222,26.63227778,23-06-2015,207.8,26.200000000000003,1.3,0.5,32.93,17.02,24.9
-28.1175,26.719444,23-06-2015,216.3,13.9,0.7000000000000001,0.4,33.579998,16.869999,13.2
-25.45963889,28.26430556,23-06-2015,192.90001,49.300000000000004,2.5,3.7,32.93,17.21,47.100002
-29.161667,23.696389,24-06-2015,232.1,4.3,0.2,0.0,37.1,18.199999,4.1
-31.860278,18.6875,24-06-2015,221.2,3.5,0.2,0.4,32.75,15.2699995,3.3
-25.362222,31.956667,24-06-2015,162.1,29.6,1.5,9.0,33.3,19.289999,28.800001
-24.768889,31.39,24-06-2015,166.0,44.400000000000006,2.2,8.2,32.989998,19.76,42.8
-24.9675,31.516667,24-06-2015,167.90001,39.0,1.9000000000000001,8.2,33.34,20.41,37.7
-28.747778,31.745833,24-06-2015,171.40001,104.7,5.2,8.5,32.66,21.02,100.9
-27.273889,28.49,24-06-2015,186.7,31.1,1.6,2.3,30.269999,14.389999,29.7
-29.033333,23.983333,24-06-2015,230.7,5.5,0.30000000000000004,0.1,36.78,17.77,5.3
-26.03611,30.99778,25-06-2015,173.3,51.1,2.6,11.1,31.39,18.43,49.600002
-33.7075,18.97444444,17-02-2011,200.3,19.6,1.0,11.8,28.39,14.78,21.2
-26.648056,27.089444,25-06-2015,197.3,32.9,1.6,1.5,31.9,16.15,31.300001
-28.460833,21.248889,25-06-2015,246.8,0.7000000000000001,0.0,0.0,37.76,19.65,0.7
-32.94583,18.33667,25-06-2015,198.90001,7.2,0.4,5.9,29.56,15.79,7.8
-33.897778,20.012778,25-06-2015,195.6,11.4,0.6000000000000001,4.7000003,31.66,16.289999,11.6
-33.7075,18.97444444,25-01-2012,204.7,13.5,0.7000000000000001,14.2,30.619999,17.16,16.9
-33.7075,18.97444444,22-02-2012,204.7,13.5,0.7000000000000001,14.2,30.619999,17.16,16.9
-33.7075,18.97444444,21-03-2012,204.7,13.5,0.7000000000000001,14.2,30.619999,17.16,16.9
-29.744167,29.905833,26-06-2015,161.0,26.900000000000002,1.3,6.3,29.539999,15.889999,26.1
-25.81048333,27.90955222,29-06-2015,191.90001,46.800000000000004,2.3000000000000003,3.0,31.99,17.13,44.7
-26.510278,28.351389,29-06-2015,183.8,39.2,2.0,2.3,30.359999,14.49,37.3
-26.45,28.085833,29-06-2015,186.7,38.7,1.9000000000000001,1.9,30.5,15.23,36.9
-27.671111,27.236944,29-06-2015,209.5,19.0,1.0,0.5,32.93,16.3,18.1
-25.127778,27.628889,30-06-2015,203.40001,48.400000000000006,2.4000000000000004,3.1000001,34.579998,18.93,46.100002
-25.20639,27.558,30-06-2015,204.40001,48.2,2.4000000000000004,2.6000001,34.52,18.869999,45.9
-24.69514,27.40906,30-06-2015,210.1,47.6,2.4000000000000004,1.9,35.25,20.039999,45.3
-28.735556,29.820556,30-06-2015,180.3,15.8,0.8,2.8,32.219997,16.84,15.2
-26.861111,28.884722,30-06-2015,182.40001,35.800000000000004,1.8,2.2,29.83,14.12,34.100002
-27.00222,28.76528,30-06-2015,183.40001,34.300000000000004,1.7000000000000002,2.0,30.07,14.29,32.7
-27.02314,28.59389,30-06-2015,185.5,33.800000000000004,1.7000000000000002,2.0,30.33,14.45,32.2
-27.398611,26.614722,30-06-2015,218.2,19.8,1.0,0.5,33.59,17.07,18.800001
-31.436944,20.474722,30-06-2015,235.8,5.1000000000000005,0.30000000000000004,0.0,33.149998,14.0,4.8
-29.651389,22.746389,30-06-2015,248.3,2.1,0.1,0.0,37.05,19.119999,2.0
-28.338333,31.373611,30-06-2015,164.90001,37.0,1.9000000000000001,4.4,31.349998,18.449999,35.5
-28.068333,31.55,30-06-2015,176.1,14.0,0.7000000000000001,4.5,33.53,20.9,13.6
-28.308889,31.9025,30-06-2015,171.8,21.6,1.1,8.2,33.18,21.49,21.9
-27.4,26.624722,30-06-2015,218.2,19.8,1.0,0.5,33.59,17.07,18.800001
-29.161667,23.696389,01-07-2015,232.1,4.3,0.2,0.0,37.1,18.199999,4.1
-27.602222,29.942778,01-07-2015,185.90001,35.0,1.7000000000000002,3.5,31.789999,15.66,33.5
-27.169444,29.233889,01-07-2015,177.0,34.4,1.7000000000000002,1.8000001,29.41,13.78,32.8
-27.273889,28.49,01-07-2015,186.7,31.1,1.6,2.3,30.269999,14.389999,29.7
-27.4275,28.525833,01-07-2015,186.1,29.900000000000002,1.5,2.3,30.179998,14.21,28.6
-27.3,28.586944,01-07-2015,185.6,31.1,1.6,2.3,30.24,14.28,29.7
-27.802778,28.768333,01-07-2015,181.8,27.900000000000002,1.4000000000000001,2.0,29.769999,13.71,26.6
-33.7075,18.97444444,28-01-2015,203.1,17.5,0.9,11.7,31.14,16.73,19.1
-33.7075,18.97444444,19-02-2015,203.1,17.5,0.9,11.7,31.14,16.73,19.1
-33.7075,18.97444444,25-03-2015,203.1,17.5,0.9,11.7,31.14,16.73,19.1
-27.935,26.126667,01-07-2015,222.8,12.9,0.6000000000000001,0.4,34.219997,16.25,12.2
-28.141944,26.417778,01-07-2015,220.40001,13.3,0.7000000000000001,0.4,33.989998,16.58,12.6
-27.671111,27.236944,01-07-2015,209.5,19.0,1.0,0.5,32.93,16.3,18.1
-28.75,30.442778,02-07-2015,181.40001,15.600000000000001,0.8,2.8,33.11,18.56,15.0
-29.161667,30.629722,02-07-2015,155.0,17.6,0.9,5.1,28.789999,15.98,17.1
-27.4275,28.525833,02-07-2015,186.1,29.900000000000002,1.5,2.3,30.179998,14.21,28.6
-27.802778,28.768333,02-07-2015,181.8,27.900000000000002,1.4000000000000001,2.0,29.769999,13.71,26.6
-28.376944,24.303056,02-07-2015,230.7,8.9,0.4,0.2,36.45,18.26,8.5
-29.744167,29.905833,03-07-2015,161.0,26.900000000000002,1.3,6.3,29.539999,15.889999,26.1
-27.573056,24.746389,03-07-2015,235.0,14.0,0.7000000000000001,0.3,36.17,18.08,13.3
-27.902778,24.615556,03-07-2015,230.90001,11.600000000000001,0.6000000000000001,0.2,36.51,18.33,11.0
-25.99136,27.84208,06-07-2015,187.6,46.0,2.3000000000000003,2.9,31.01,16.18,43.9
-26.45,28.085833,06-07-2015,186.7,38.7,1.9000000000000001,1.9,30.5,15.23,36.9
-22.225556,29.990556,07-07-2015,192.8,29.700000000000003,1.5,0.2,35.86,22.09,28.2
-23.658056,31.05,07-07-2015,177.1,36.1,1.8,5.5,34.719997,20.8,34.7
-27.363611,31.783333,07-07-2015,170.5,16.8,0.8,7.6,33.2,20.109999,16.5
-26.861111,28.884722,07-07-2015,182.40001,35.800000000000004,1.8,2.2,29.83,14.12,34.100002
-27.00222,28.76528,07-07-2015,183.40001,34.300000000000004,1.7000000000000002,2.0,30.07,14.29,32.7
-27.3,28.586944,07-07-2015,185.6,31.1,1.6,2.3,30.24,14.28,29.7
-31.396,29.2651,07-07-2015,155.7,27.8,1.4000000000000001,5.2000003,29.199999,19.42,27.1
-31.554722,29.245556,07-07-2015,145.2,29.700000000000003,1.5,4.8,27.93,18.41,28.7
-34.031944,22.053333,07-07-2015,162.7,12.200000000000001,0.6000000000000001,1.0,27.359999,16.42,11.6
-25.45963889,28.26430556,07-07-2015,192.90001,49.300000000000004,2.5,3.7,32.93,17.21,47.100002
-25.81048333,27.90955222,08-07-2015,191.90001,46.800000000000004,2.3000000000000003,3.0,31.99,17.13,44.7
-29.641944,30.6875,08-07-2015,158.7,16.8,0.8,6.0,30.349998,19.5,16.4
-23.23572222,27.717,08-07-2015,201.2,32.4,1.6,0.4,35.829998,20.74,30.800001
-24.670833,28.560833,08-07-2015,187.5,59.1,3.0,4.8,32.86,17.25,56.5
-22.91028,29.61111,08-07-2015,179.1,44.0,2.2,3.6000001,33.36,19.38,42.100002
-26.970278,27.211111,08-07-2015,199.8,28.6,1.4000000000000001,1.3000001,32.09,16.359999,27.2
-27.38972222,26.46388889,08-07-2015,219.6,19.5,1.0,0.5,33.79,17.06,18.5
-30.534167,24.961944,08-07-2015,229.2,3.0,0.2,0.0,34.48,15.87,2.9
-30.570833,29.150556,08-07-2015,159.7,25.5,1.3,2.6000001,27.92,13.75,24.4
-31.104278,29.399722,08-07-2015,154.2,28.0,1.4000000000000001,5.0,29.029999,18.07,27.1
-30.77586667,29.03221667,08-07-2015,162.90001,25.700000000000003,1.3,2.0,29.39,16.359999,24.5
-34.039722,22.133333,08-07-2015,161.8,12.4,0.6000000000000001,1.0,27.189999,16.779999,11.8
-34.02861,22.22222,08-07-2015,159.2,13.3,0.7000000000000001,1.1,26.75,16.55,12.7
-32.94583,18.33667,03-12-2015,198.90001,7.2,0.4,5.9,29.56,15.79,7.8
-33.464444,18.740556,20-07-2011,212.1,4.1000000000000005,0.2,7.3,31.57,17.93,5.1
-33.464444,18.740556,17-08-2011,212.1,4.1000000000000005,0.2,7.3,31.57,17.93,5.1
-33.464444,18.740556,14-09-2011,212.1,4.1000000000000005,0.2,7.3,31.57,17.93,5.1
-33.464444,18.740556,12-10-2011,212.1,4.1000000000000005,0.2,7.3,31.57,17.93,5.1
-33.464444,18.740556,09-11-2011,212.1,4.1000000000000005,0.2,7.3,31.57,17.93,5.1
-33.464444,18.740556,26-06-2012,205.40001,14.200000000000001,0.7000000000000001,10.900001,30.07,17.05,16.4
-33.464444,18.740556,24-07-2012,214.3,12.100000000000001,0.6000000000000001,9.0,30.269999,17.33,13.3
-27.01011111,26.69808333,09-07-2015,210.0,25.5,1.3,0.5,32.84,16.93,24.2
-33.464444,18.740556,18-09-2012,214.3,12.100000000000001,0.6000000000000001,9.0,30.269999,17.33,13.3
-33.464444,18.740556,16-10-2012,214.3,12.100000000000001,0.6000000000000001,9.0,30.269999,17.33,13.3
-33.464444,18.740556,15-11-2012,214.3,12.100000000000001,0.6000000000000001,9.0,30.269999,17.33,13.3
-24.282222,28.090278,09-07-2015,187.3,51.400000000000006,2.6,4.8,32.87,17.83,49.2
-33.464444,18.740556,24-07-2013,195.7,30.900000000000002,1.5,9.2,30.51,17.97,31.300001
-33.464444,18.740556,21-08-2013,195.7,30.900000000000002,1.5,9.2,30.51,17.97,31.300001
-33.464444,18.740556,11-09-2013,195.7,30.900000000000002,1.5,9.2,30.51,17.97,31.300001
-33.464444,18.740556,09-10-2013,195.7,30.900000000000002,1.5,9.2,30.51,17.97,31.300001
-33.464444,18.740556,06-11-2013,195.7,30.900000000000002,1.5,9.2,30.51,17.97,31.300001
-33.464444,18.740556,27-11-2013,195.7,30.900000000000002,1.5,9.2,30.51,17.97,31.300001
-33.464444,18.740556,16-07-2014,210.7,12.9,0.6000000000000001,7.9,30.96,17.27,13.7
-33.464444,18.740556,27-08-2014,210.7,12.9,0.6000000000000001,7.9,30.96,17.27,13.7
-33.464444,18.740556,01-10-2014,210.7,12.9,0.6000000000000001,7.9,30.96,17.27,13.7
-33.464444,18.740556,29-10-2014,210.7,12.9,0.6000000000000001,7.9,30.96,17.27,13.7
-23.23572222,27.717,09-07-2015,201.2,32.4,1.6,0.4,35.829998,20.74,30.800001
-33.464444,18.740556,23-07-2015,204.3,14.100000000000001,0.7000000000000001,9.1,30.58,16.5,15.3
-33.464444,18.740556,20-08-2015,204.3,14.100000000000001,0.7000000000000001,9.1,30.58,16.5,15.3
-33.464444,18.740556,17-09-2015,204.3,14.100000000000001,0.7000000000000001,9.1,30.58,16.5,15.3
-26.648056,27.089444,09-07-2015,197.3,32.9,1.6,1.5,31.9,16.15,31.300001
-26.880278,26.965,09-07-2015,201.8,28.6,1.4000000000000001,1.2,32.53,16.71,27.300001
-26.98472222,26.63227778,09-07-2015,207.8,26.200000000000003,1.3,0.5,32.93,17.02,24.9
-31.031389,28.883333,09-07-2015,161.1,26.6,1.3,2.3,29.039999,16.16,25.300001
-33.72266667,18.61691667,11-06-2014,192.6,2.6,0.1,9.900001,27.73,16.05,4.6
-30.86013889,29.07125,09-07-2015,161.8,25.700000000000003,1.3,2.1000001,29.439999,16.63,24.5
-33.970833,22.548333,20-01-2011,146.0,36.5,1.8,8.7,23.75,14.929999,36.5
-33.970833,22.548333,28-02-2011,146.0,36.5,1.8,8.7,23.75,14.929999,36.5
-33.970833,22.548333,04-04-2011,146.0,36.5,1.8,8.7,23.75,14.929999,36.5
-33.970833,22.548333,03-05-2011,146.0,36.5,1.8,8.7,23.75,14.929999,36.5
-33.970833,22.548333,05-07-2011,146.0,36.5,1.8,8.7,23.75,14.929999,36.5
-33.970833,22.548333,31-08-2011,154.2,24.0,1.2000000000000002,7.4,26.32,17.789999,24.1
-33.970833,22.548333,14-09-2011,154.2,24.0,1.2000000000000002,7.4,26.32,17.789999,24.1
-33.970833,22.548333,11-10-2011,154.2,24.0,1.2000000000000002,7.4,26.32,17.789999,24.1
-33.970833,22.548333,25-11-2011,154.2,24.0,1.2000000000000002,7.4,26.32,17.789999,24.1
-33.970833,22.548333,20-01-2012,136.1,17.900000000000002,0.9,12.5,24.779999,16.09,21.7
-33.970833,22.548333,20-03-2012,136.1,17.900000000000002,0.9,12.5,24.779999,16.09,21.7
-34.005833,22.351111,09-07-2015,156.5,14.4,0.7000000000000001,2.5,26.23,16.609999,13.8
-33.970833,22.548333,09-07-2012,149.3,39.300000000000004,2.0,9.900001,25.3,16.97,40.0
-33.970833,22.548333,17-08-2012,149.3,39.300000000000004,2.0,9.900001,25.3,16.97,40.0
-33.970833,22.548333,19-09-2012,149.3,39.300000000000004,2.0,9.900001,25.3,16.97,40.0
-33.970833,22.548333,17-10-2012,149.3,39.300000000000004,2.0,9.900001,25.3,16.97,40.0
-33.970833,22.548333,23-11-2012,149.3,39.300000000000004,2.0,9.900001,25.3,16.97,40.0
-33.970833,22.548333,13-12-2012,149.3,39.300000000000004,2.0,9.900001,25.3,16.97,40.0
-33.970833,22.548333,30-01-2013,144.0,16.8,0.8,11.400001,24.41,15.79,19.7
-33.970833,22.548333,13-02-2013,144.0,16.8,0.8,11.400001,24.41,15.79,19.7
-22.43772222,31.07805556,10-07-2015,196.40001,43.0,2.1,4.3,36.73,21.65,41.100002
-33.970833,22.548333,19-06-2013,144.0,16.8,0.8,11.400001,24.41,15.79,19.7
-33.970833,22.548333,19-07-2013,141.2,92.2,4.6000000000000005,9.3,25.699999,17.99,89.8
-33.970833,22.548333,21-08-2013,141.2,92.2,4.6000000000000005,9.3,25.699999,17.99,89.8
-33.970833,22.548333,20-09-2013,141.2,92.2,4.6000000000000005,9.3,25.699999,17.99,89.8
-33.970833,22.548333,17-10-2013,141.2,92.2,4.6000000000000005,9.3,25.699999,17.99,89.8
-33.970833,22.548333,05-11-2013,141.2,92.2,4.6000000000000005,9.3,25.699999,17.99,89.8
-33.970833,22.548333,08-11-2013,141.2,92.2,4.6000000000000005,9.3,25.699999,17.99,89.8
-33.970833,22.548333,15-01-2014,143.0,37.6,1.9000000000000001,3.2,24.59,15.389999,35.9
-33.970833,22.548333,05-03-2014,143.0,37.6,1.9000000000000001,3.2,24.59,15.389999,35.9
-33.970833,22.548333,02-04-2014,143.0,37.6,1.9000000000000001,3.2,24.59,15.389999,35.9
-33.970833,22.548333,08-05-2014,143.0,37.6,1.9000000000000001,3.2,24.59,15.389999,35.9
-28.7115,24.07288889,13-07-2015,231.5,6.7,0.30000000000000004,0.2,36.8,18.039999,6.4
-33.970833,22.548333,09-07-2014,155.6,27.200000000000003,1.4000000000000001,3.0,26.17,16.81,26.0
-33.970833,22.548333,06-08-2014,155.6,27.200000000000003,1.4000000000000001,3.0,26.17,16.81,26.0
-33.970833,22.548333,03-09-2014,155.6,27.200000000000003,1.4000000000000001,3.0,26.17,16.81,26.0
-33.970833,22.548333,08-10-2014,155.6,27.200000000000003,1.4000000000000001,3.0,26.17,16.81,26.0
-33.970833,22.548333,07-01-2015,57.600002,73.0,3.6,14.1,18.41,9.58,57.600002
-33.970833,22.548333,04-02-2015,154.6,16.1,0.8,6.9,25.99,16.72,16.4
-33.970833,22.548333,05-03-2015,154.6,16.1,0.8,6.9,25.99,16.72,16.4
-33.970833,22.548333,08-04-2015,154.6,16.1,0.8,6.9,25.99,16.72,16.4
-33.970833,22.548333,07-05-2015,154.6,16.1,0.8,6.9,25.99,16.72,16.4
-33.970833,22.548333,02-06-2015,154.6,16.1,0.8,6.9,25.99,16.72,16.4
-33.970833,22.548333,08-07-2015,154.6,16.1,0.8,6.9,25.99,16.72,16.4
-33.970833,22.548333,05-08-2015,154.6,16.1,0.8,6.9,25.99,16.72,16.4
-33.970833,22.548333,02-09-2015,154.6,16.1,0.8,6.9,25.99,16.72,16.4
-33.970833,22.548333,06-10-2015,154.6,16.1,0.8,6.9,25.99,16.72,16.4
-33.970833,22.548333,04-11-2015,154.6,16.1,0.8,6.9,25.99,16.72,16.4
-33.970833,22.548333,03-12-2015,154.6,16.1,0.8,6.9,25.99,16.72,16.4
-34.005833,22.351111,21-01-2011,149.3,27.6,1.4000000000000001,8.3,24.119999,14.889999,28.0
-34.005833,22.351111,11-02-2011,149.3,27.6,1.4000000000000001,8.3,24.119999,14.889999,28.0
-34.005833,22.351111,17-03-2011,149.3,27.6,1.4000000000000001,8.3,24.119999,14.889999,28.0
-34.005833,22.351111,19-04-2011,149.3,27.6,1.4000000000000001,8.3,24.119999,14.889999,28.0
-34.005833,22.351111,17-05-2011,149.3,27.6,1.4000000000000001,8.3,24.119999,14.889999,28.0
-34.005833,22.351111,21-06-2011,149.3,27.6,1.4000000000000001,8.3,24.119999,14.889999,28.0
-24.679167,30.8025,13-07-2015,162.7,68.60000000000001,3.4000000000000004,11.400001,29.26,16.06,66.4
-34.005833,22.351111,12-10-2011,158.6,21.6,1.1,7.0,26.74,17.779999,21.800001
-29.7775,29.470833,13-07-2015,157.8,30.400000000000002,1.5,3.7,27.56,13.36,29.300001
-29.744167,29.905833,13-07-2015,161.0,26.900000000000002,1.3,6.3,29.539999,15.889999,26.1
-29.160278,26.573333,13-07-2015,220.1,10.0,0.5,0.4,33.69,15.73,9.5
-34.005833,22.351111,26-06-2012,139.6,15.4,0.8,8.1,25.1,16.0,16.4
-34.005833,22.351111,18-07-2012,153.1,36.2,1.8,7.0,25.699999,16.94,35.600002
-29.1825,23.575556,13-07-2015,236.40001,3.9000000000000004,0.2,0.0,37.02,18.25,3.7
-25.127778,27.628889,14-07-2015,203.40001,48.400000000000006,2.4000000000000004,3.1000001,34.579998,18.93,46.100002
-24.39619444,27.08983333,14-07-2015,208.8,43.300000000000004,2.2,1.5,35.61,20.32,41.2
-24.69514,27.40906,14-07-2015,210.1,47.6,2.4000000000000004,1.9,35.25,20.039999,45.3
-28.69485,28.23487,14-07-2015,186.40001,18.1,0.9,1.7,29.46,14.17,17.300001
-34.005833,22.351111,05-04-2013,147.1,13.9,0.7000000000000001,2.7,24.74,15.7,13.3
-28.883333,27.89,14-07-2015,190.6,16.7,0.8,1.9,30.16,14.66,16.0
-34.005833,22.351111,04-07-2013,147.1,13.9,0.7000000000000001,2.7,24.74,15.7,13.3
-34.005833,22.351111,06-08-2013,144.8,85.5,4.3,2.6000001,26.099998,17.97,81.4
-24.183889,30.823889,15-07-2015,173.7,45.5,2.3000000000000003,6.0,34.07,20.18,43.7
-25.20639,27.558,15-07-2015,204.40001,48.2,2.4000000000000004,2.6000001,34.52,18.869999,45.9
-34.005833,22.351111,04-12-2013,144.8,85.5,4.3,2.6000001,26.099998,17.97,81.4
-34.005833,22.351111,22-01-2014,146.0,29.3,1.5,1.7,24.9,15.299999,27.9
-34.005833,22.351111,20-02-2014,146.0,29.3,1.5,1.7,24.9,15.299999,27.9
-22.769722,30.886944,15-07-2015,183.1,46.6,2.3000000000000003,6.6,34.85,20.65,44.8
-34.005833,22.351111,03-04-2014,146.0,29.3,1.5,1.7,24.9,15.299999,27.9
-28.404444,30.013056,15-07-2015,181.5,15.8,0.8,3.0,31.949999,16.32,15.2
-30.733889,29.828333,15-07-2015,151.7,29.6,1.5,5.9,28.769999,17.44,28.7
-30.160091,27.40124,15-07-2015,201.2,13.200000000000001,0.7000000000000001,0.5,31.57,15.13,12.6
-30.336111,27.359444,15-07-2015,201.5,13.4,0.7000000000000001,0.6,31.58,14.67,12.8
-29.615556,27.065278,15-07-2015,208.7,11.700000000000001,0.6000000000000001,0.4,32.219997,15.049999,11.1
-34.005833,22.351111,04-11-2014,160.40001,24.3,1.2000000000000002,1.6,26.66,16.82,23.1
-34.005833,22.351111,03-12-2014,160.40001,24.3,1.2000000000000002,1.6,26.66,16.82,23.1
-28.058889,30.373611,15-07-2015,176.40001,22.8,1.1,3.6000001,30.81,15.37,21.9
-30.830556,26.921389,16-07-2015,205.40001,11.100000000000001,0.6000000000000001,0.5,32.04,14.16,10.6
-34.005833,22.351111,10-04-2015,156.5,14.4,0.7000000000000001,2.5,26.23,16.609999,13.8
-27.937778,31.209444,16-07-2015,170.90001,15.4,0.8,5.7000003,31.42,18.32,15.1
-34.005833,22.351111,04-06-2015,156.5,14.4,0.7000000000000001,2.5,26.23,16.609999,13.8
-27.5275,30.858056,16-07-2015,166.3,29.900000000000002,1.5,5.3,29.97,16.4,28.9
-30.13573889,30.67422222,16-07-2015,156.6,25.700000000000003,1.3,6.7000003,29.98,20.93,25.0
-30.398056,30.601944,16-07-2015,155.2,30.8,1.5,8.2,29.64,21.05,30.2
-27.02314,28.59389,16-07-2015,185.5,33.800000000000004,1.7000000000000002,2.0,30.33,14.45,32.2
-27.273889,28.49,16-07-2015,186.7,31.1,1.6,2.3,30.269999,14.389999,29.7
-27.935,26.126667,16-07-2015,222.8,12.9,0.6000000000000001,0.4,34.219997,16.25,12.2
-28.141944,26.417778,16-07-2015,220.40001,13.3,0.7000000000000001,0.4,33.989998,16.58,12.6
-28.1175,26.719444,16-07-2015,216.3,13.9,0.7000000000000001,0.4,33.579998,16.869999,13.2
-31.000833,26.353056,16-07-2015,208.7,7.9,0.4,0.3,31.769999,13.509999,7.5
-30.679722,26.7125,16-07-2015,211.40001,9.9,0.5,0.4,32.93,14.69,9.5
-30.534167,24.961944,16-07-2015,229.2,3.0,0.2,0.0,34.48,15.87,2.9
-29.744167,29.905833,17-07-2015,161.0,26.900000000000002,1.3,6.3,29.539999,15.889999,26.1
-27.902778,24.615556,17-07-2015,230.90001,11.600000000000001,0.6000000000000001,0.2,36.51,18.33,11.0
-29.803611,30.516111,17-07-2015,152.7,22.400000000000002,1.1,6.1,29.349998,17.82,21.800001
-27.01011111,26.69808333,20-07-2015,210.0,25.5,1.3,0.5,32.84,16.93,24.2
-29.140556,31.391944,20-07-2015,161.8,112.30000000000001,5.6000000000000005,2.9,31.13,20.58,106.8
-25.99136,27.84208,20-07-2015,187.6,46.0,2.3000000000000003,2.9,31.01,16.18,43.9
-26.648056,27.089444,20-07-2015,197.3,32.9,1.6,1.5,31.9,16.15,31.300001
-26.880278,26.965,20-07-2015,201.8,28.6,1.4000000000000001,1.2,32.53,16.71,27.300001
-26.73806,27.59194,20-07-2015,193.3,33.9,1.7000000000000002,1.6,31.109999,15.799999,32.3
-26.45,28.085833,20-07-2015,186.7,38.7,1.9000000000000001,1.9,30.5,15.23,36.9
-26.98472222,26.63227778,20-07-2015,207.8,26.200000000000003,1.3,0.5,32.93,17.02,24.9
-32.502778,19.535833,20-07-2015,234.0,5.0,0.30000000000000004,2.1000001,34.0,15.36,5.0
-34.065833,20.404167,21-07-2015,177.6,11.8,0.6000000000000001,4.5,31.42,17.529999,11.7
-31.860278,18.6875,21-07-2015,221.2,3.5,0.2,0.4,32.75,15.2699995,3.3
-33.980556,21.653333,21-07-2015,166.7,11.100000000000001,0.6000000000000001,0.7,28.8,15.86,10.6
-26.006389,29.253889,21-07-2015,173.40001,49.400000000000006,2.5,3.9,29.65,14.23,47.2
-28.801278,31.955389,21-07-2015,169.6,67.5,3.4000000000000004,10.2,31.99,20.88,66.1
-27.00222,28.76528,21-07-2015,183.40001,34.300000000000004,1.7000000000000002,2.0,30.07,14.29,32.7
-27.38972222,26.46388889,21-07-2015,219.6,19.5,1.0,0.5,33.79,17.06,18.5
-27.398611,26.614722,21-07-2015,218.2,19.8,1.0,0.5,33.59,17.07,18.800001
-34.092222,21.295278,21-07-2015,173.5,13.100000000000001,0.7000000000000001,3.2,29.34,16.34,12.8
-31.5653,18.3306,21-07-2015,214.3,2.1,0.1,0.2,31.24,15.36,2.0
-27.4,26.624722,21-07-2015,218.2,19.8,1.0,0.5,33.59,17.07,18.800001
-25.81048333,27.90955222,22-07-2015,191.90001,46.800000000000004,2.3000000000000003,3.0,31.99,17.13,44.7
-28.747778,31.745833,22-07-2015,171.40001,104.7,5.2,8.5,32.66,21.02,100.9
-26.970278,27.211111,22-07-2015,199.8,28.6,1.4000000000000001,1.3000001,32.09,16.359999,27.2
-26.880278,26.965,22-07-2015,201.8,28.6,1.4000000000000001,1.2,32.53,16.71,27.300001
-27.273889,28.49,22-07-2015,186.7,31.1,1.6,2.3,30.269999,14.389999,29.7
-28.141944,26.417778,22-07-2015,220.40001,13.3,0.7000000000000001,0.4,33.989998,16.58,12.6
-28.1175,26.719444,22-07-2015,216.3,13.9,0.7000000000000001,0.4,33.579998,16.869999,13.2
-34.250556,20.9925,22-07-2015,180.8,14.0,0.7000000000000001,6.1,29.32,17.13,14.0
-34.405833,19.600556,22-07-2015,163.0,17.0,0.9,8.8,26.47,15.74,18.0
-33.38056,19.30167,22-07-2015,196.40001,13.3,0.7000000000000001,8.5,29.369999,13.74,14.5
-33.08883333,19.21878333,22-07-2015,200.1,11.0,0.6000000000000001,7.5,28.91,12.849999,11.900001
-24.95861111,29.39527778,23-07-2015,191.2,50.2,2.5,2.6000001,33.96,18.44,47.9
-33.7075,18.97444444,23-07-2015,203.1,17.5,0.9,11.7,31.14,16.73,19.1
-25.57877778,29.12747222,23-07-2015,186.90001,50.2,2.5,3.4,32.3,16.31,48.0
-33.897778,20.012778,23-07-2015,195.6,11.4,0.6000000000000001,4.7000003,31.66,16.289999,11.6
-26.619444,27.980833,27-07-2015,190.0,36.6,1.8,1.8000001,30.92,15.65,34.9
-25.127778,27.628889,28-07-2015,203.40001,48.400000000000006,2.4000000000000004,3.1000001,34.579998,18.93,46.100002
-25.20639,27.558,28-07-2015,204.40001,48.2,2.4000000000000004,2.6000001,34.52,18.869999,45.9
-24.69514,27.40906,28-07-2015,210.1,47.6,2.4000000000000004,1.9,35.25,20.039999,45.3
-28.44555556,32.325,25-08-2015,162.3,13.5,0.7000000000000001,10.3,31.01,21.119999,14.7
-27.169444,29.233889,28-07-2015,177.0,34.4,1.7000000000000002,1.8000001,29.41,13.78,32.8
-27.935,26.126667,28-07-2015,222.8,12.9,0.6000000000000001,0.4,34.219997,16.25,12.2
-28.141944,26.417778,28-07-2015,220.40001,13.3,0.7000000000000001,0.4,33.989998,16.58,12.6
-28.1175,26.719444,28-07-2015,216.3,13.9,0.7000000000000001,0.4,33.579998,16.869999,13.2
-27.398611,26.614722,28-07-2015,218.2,19.8,1.0,0.5,33.59,17.07,18.800001
-27.671111,27.236944,28-07-2015,209.5,19.0,1.0,0.5,32.93,16.3,18.1
-28.69485,28.23487,28-07-2015,186.40001,18.1,0.9,1.7,29.46,14.17,17.300001
-33.501667,21.624167,28-07-2015,189.6,9.0,0.5,0.1,29.73,13.429999,8.6
-33.31388889,19.07472222,28-07-2015,207.5,12.9,0.6000000000000001,10.900001,31.99,16.23,14.6
-28.338333,31.373611,28-07-2015,164.90001,37.0,1.9000000000000001,4.4,31.349998,18.449999,35.5
-28.068333,31.55,28-07-2015,176.1,14.0,0.7000000000000001,4.5,33.53,20.9,13.6
-28.308889,31.9025,28-07-2015,171.8,21.6,1.1,8.2,33.18,21.49,21.9
-27.4,26.624722,28-07-2015,218.2,19.8,1.0,0.5,33.59,17.07,18.800001
-29.161667,23.696389,29-07-2015,232.1,4.3,0.2,0.0,37.1,18.199999,4.1
-27.602222,29.942778,29-07-2015,185.90001,35.0,1.7000000000000002,3.5,31.789999,15.66,33.5
-27.802778,28.768333,29-07-2015,181.8,27.900000000000002,1.4000000000000001,2.0,29.769999,13.71,26.6
-33.13083,18.86278,29-07-2015,209.90001,10.700000000000001,0.5,10.0,32.559998,16.93,12.3
-26.03611,30.99778,30-07-2015,173.3,51.1,2.6,11.1,31.39,18.43,49.600002
-28.75,30.442778,30-07-2015,181.40001,15.600000000000001,0.8,2.8,33.11,18.56,15.0
-29.161667,30.629722,30-07-2015,155.0,17.6,0.9,5.1,28.789999,15.98,17.1
-27.02314,28.59389,30-07-2015,185.5,33.800000000000004,1.7000000000000002,2.0,30.33,14.45,32.2
-27.273889,28.49,30-07-2015,186.7,31.1,1.6,2.3,30.269999,14.389999,29.7
-27.4275,28.525833,30-07-2015,186.1,29.900000000000002,1.5,2.3,30.179998,14.21,28.6
-27.3,28.586944,30-07-2015,185.6,31.1,1.6,2.3,30.24,14.28,29.7
-27.573056,24.746389,30-07-2015,235.0,14.0,0.7000000000000001,0.3,36.17,18.08,13.3
-28.460833,21.248889,30-07-2015,246.8,0.7000000000000001,0.0,0.0,37.76,19.65,0.7
-32.94583,18.33667,30-07-2015,198.90001,7.2,0.4,5.9,29.56,15.79,7.8
-29.641944,30.6875,31-07-2015,158.7,16.8,0.8,6.0,30.349998,19.5,16.4
-24.95861111,29.39527778,31-07-2015,191.2,50.2,2.5,2.6000001,33.96,18.44,47.9
-28.141944,26.417778,31-07-2015,220.40001,13.3,0.7000000000000001,0.4,33.989998,16.58,12.6
-28.1175,26.719444,31-07-2015,216.3,13.9,0.7000000000000001,0.4,33.579998,16.869999,13.2
-27.902778,24.615556,31-07-2015,230.90001,11.600000000000001,0.6000000000000001,0.2,36.51,18.33,11.0
-25.99136,27.84208,03-08-2015,187.6,46.0,2.3000000000000003,2.9,31.01,16.18,43.9
-26.73806,27.59194,03-08-2015,193.3,33.9,1.7000000000000002,1.6,31.109999,15.799999,32.3
-26.45,28.085833,03-08-2015,186.7,38.7,1.9000000000000001,1.9,30.5,15.23,36.9
-29.160278,26.573333,03-08-2015,220.1,10.0,0.5,0.4,33.69,15.73,9.5
-31.396,29.2651,03-08-2015,155.7,27.8,1.4000000000000001,5.2000003,29.199999,19.42,27.1
-31.554722,29.245556,03-08-2015,145.2,29.700000000000003,1.5,4.8,27.93,18.41,28.7
-26.861111,28.884722,04-08-2015,182.40001,35.800000000000004,1.8,2.2,29.83,14.12,34.100002
-27.00222,28.76528,04-08-2015,183.40001,34.300000000000004,1.7000000000000002,2.0,30.07,14.29,32.7
-26.970278,27.211111,04-08-2015,199.8,28.6,1.4000000000000001,1.3000001,32.09,16.359999,27.2
-26.880278,26.965,04-08-2015,201.8,28.6,1.4000000000000001,1.2,32.53,16.71,27.300001
-28.69485,28.23487,04-08-2015,186.40001,18.1,0.9,1.7,29.46,14.17,17.300001
-29.615556,27.065278,04-08-2015,208.7,11.700000000000001,0.6000000000000001,0.4,32.219997,15.049999,11.1
-28.883333,27.89,04-08-2015,190.6,16.7,0.8,1.9,30.16,14.66,16.0
-30.568333,29.422778,04-08-2015,157.8,25.400000000000002,1.3,4.0,28.07,13.9,24.5
-30.570833,29.150556,04-08-2015,159.7,25.5,1.3,2.6000001,27.92,13.75,24.4
-31.104278,29.399722,04-08-2015,154.2,28.0,1.4000000000000001,5.0,29.029999,18.07,27.1
-34.031944,22.053333,04-08-2015,162.7,12.200000000000001,0.6000000000000001,1.0,27.359999,16.42,11.6
-34.039722,22.133333,04-08-2015,161.8,12.4,0.6000000000000001,1.0,27.189999,16.779999,11.8
-25.45963889,28.26430556,04-08-2015,192.90001,49.300000000000004,2.5,3.7,32.93,17.21,47.100002
-27.01011111,26.69808333,05-08-2015,210.0,25.5,1.3,0.5,32.84,16.93,24.2
-25.81048333,27.90955222,05-08-2015,191.90001,46.800000000000004,2.3000000000000003,3.0,31.99,17.13,44.7
-24.670833,28.560833,05-08-2015,187.5,59.1,3.0,4.8,32.86,17.25,56.5
-25.73411,27.21422,05-08-2015,194.2,47.300000000000004,2.4000000000000004,1.9,32.07,16.109999,45.0
-26.648056,27.089444,05-08-2015,197.3,32.9,1.6,1.5,31.9,16.15,31.300001
-26.98472222,26.63227778,05-08-2015,207.8,26.200000000000003,1.3,0.5,32.93,17.02,24.9
-27.935,26.126667,05-08-2015,222.8,12.9,0.6000000000000001,0.4,34.219997,16.25,12.2
-30.160091,27.40124,05-08-2015,201.2,13.200000000000001,0.7000000000000001,0.5,31.57,15.13,12.6
-30.336111,27.359444,05-08-2015,201.5,13.4,0.7000000000000001,0.6,31.58,14.67,12.8
-28.768056,20.720556,05-08-2015,253.7,0.8,0.0,0.0,38.129997,19.21,0.7
-31.031389,28.883333,05-08-2015,161.1,26.6,1.3,2.3,29.039999,16.16,25.300001
-30.86013889,29.07125,05-08-2015,161.8,25.700000000000003,1.3,2.1000001,29.439999,16.63,24.5
-30.77586667,29.03221667,05-08-2015,162.90001,25.700000000000003,1.3,2.0,29.39,16.359999,24.5
-34.02861,22.22222,05-08-2015,159.2,13.3,0.7000000000000001,1.1,26.75,16.55,12.7
-30.830556,26.921389,06-08-2015,205.40001,11.100000000000001,0.6000000000000001,0.5,32.04,14.16,10.6
-22.769722,30.886944,06-08-2015,183.1,46.6,2.3000000000000003,6.6,34.85,20.65,44.8
-26.905,32.324722,06-08-2015,175.0,18.400000000000002,0.9,3.2,34.71,20.609999,17.6
-28.141944,26.417778,06-08-2015,220.40001,13.3,0.7000000000000001,0.4,33.989998,16.58,12.6
-31.000833,26.353056,06-08-2015,208.7,7.9,0.4,0.3,31.769999,13.509999,7.5
-30.679722,26.7125,06-08-2015,211.40001,9.9,0.5,0.4,32.93,14.69,9.5
-30.534167,24.961944,06-08-2015,229.2,3.0,0.2,0.0,34.48,15.87,2.9
-23.658056,31.05,07-08-2015,177.1,36.1,1.8,5.5,34.719997,20.8,34.7
-23.838611,31.640833,07-08-2015,181.2,38.400000000000006,1.9000000000000001,8.5,35.579998,21.16,37.100002
-24.058889,31.237222,07-08-2015,174.1,42.0,2.1,6.9,34.55,20.73,40.4
-29.7775,29.470833,10-08-2015,157.8,30.400000000000002,1.5,3.7,27.56,13.36,29.300001
-29.987778,29.851667,10-08-2015,155.3,28.3,1.4000000000000001,6.9,28.689999,15.299999,27.6
-24.69514,27.40906,11-08-2015,210.1,47.6,2.4000000000000004,1.9,35.25,20.039999,45.3
-24.99328,30.81444,11-08-2015,149.90001,64.60000000000001,3.2,15.2,27.31,14.16,63.100002
-30.733889,29.828333,11-08-2015,151.7,29.6,1.5,5.9,28.769999,17.44,28.7
-25.127778,27.628889,12-08-2015,203.40001,48.400000000000006,2.4000000000000004,3.1000001,34.579998,18.93,46.100002
-25.20639,27.558,12-08-2015,204.40001,48.2,2.4000000000000004,2.6000001,34.52,18.869999,45.9
-24.768889,31.39,12-08-2015,166.0,44.400000000000006,2.2,8.2,32.989998,19.76,42.8
-24.9675,31.516667,12-08-2015,167.90001,39.0,1.9000000000000001,8.2,33.34,20.41,37.7
-27.937778,31.209444,12-08-2015,170.90001,15.4,0.8,5.7000003,31.42,18.32,15.1
-28.404444,30.013056,12-08-2015,181.5,15.8,0.8,3.0,31.949999,16.32,15.2
-30.398056,30.601944,12-08-2015,155.2,30.8,1.5,8.2,29.64,21.05,30.2
-28.141944,26.417778,12-08-2015,220.40001,13.3,0.7000000000000001,0.4,33.989998,16.58,12.6
-28.1175,26.719444,12-08-2015,216.3,13.9,0.7000000000000001,0.4,33.579998,16.869999,13.2
-27.671111,27.236944,12-08-2015,209.5,19.0,1.0,0.5,32.93,16.3,18.1
-28.058889,30.373611,12-08-2015,176.40001,22.8,1.1,3.6000001,30.81,15.37,21.9
-30.13573889,30.67422222,13-08-2015,156.6,25.700000000000003,1.3,6.7000003,29.98,20.93,25.0
-27.38972222,26.46388889,13-08-2015,219.6,19.5,1.0,0.5,33.79,17.06,18.5
-27.398611,26.614722,13-08-2015,218.2,19.8,1.0,0.5,33.59,17.07,18.800001
-27.902778,24.615556,13-08-2015,230.90001,11.600000000000001,0.6000000000000001,0.2,36.51,18.33,11.0
-27.4,26.624722,13-08-2015,218.2,19.8,1.0,0.5,33.59,17.07,18.800001
-29.744167,29.905833,14-08-2015,161.0,26.900000000000002,1.3,6.3,29.539999,15.889999,26.1
-29.380556,30.2775,17-08-2015,152.7,20.1,1.0,5.7000003,28.42,15.099999,19.5
-26.73806,27.59194,17-08-2015,193.3,33.9,1.7000000000000002,1.6,31.109999,15.799999,32.3
-26.45,28.085833,17-08-2015,186.7,38.7,1.9000000000000001,1.9,30.5,15.23,36.9
-28.760833,17.730278,18-08-2015,248.2,0.1,0.0,0.0,37.53,21.24,0.1
-29.140556,31.391944,18-08-2015,161.8,112.30000000000001,5.6000000000000005,2.9,31.13,20.58,106.8
-31.860278,18.6875,18-08-2015,221.2,3.5,0.2,0.4,32.75,15.2699995,3.3
-24.679167,30.8025,18-08-2015,162.7,68.60000000000001,3.4000000000000004,11.400001,29.26,16.06,66.4
-25.99136,27.84208,18-08-2015,187.6,46.0,2.3000000000000003,2.9,31.01,16.18,43.9
-28.801278,31.955389,18-08-2015,169.6,67.5,3.4000000000000004,10.2,31.99,20.88,66.1
-27.937778,31.209444,18-08-2015,170.90001,15.4,0.8,5.7000003,31.42,18.32,15.1
-26.861111,28.884722,18-08-2015,182.40001,35.800000000000004,1.8,2.2,29.83,14.12,34.100002
-27.00222,28.76528,18-08-2015,183.40001,34.300000000000004,1.7000000000000002,2.0,30.07,14.29,32.7
-26.970278,27.211111,18-08-2015,199.8,28.6,1.4000000000000001,1.3000001,32.09,16.359999,27.2
-26.880278,26.965,18-08-2015,201.8,28.6,1.4000000000000001,1.2,32.53,16.71,27.300001
-30.160091,27.40124,18-08-2015,201.2,13.200000000000001,0.7000000000000001,0.5,31.57,15.13,12.6
-34.092222,21.295278,18-08-2015,173.5,13.100000000000001,0.7000000000000001,3.2,29.34,16.34,12.8
-33.818056,19.694722,18-08-2015,202.7,13.100000000000001,0.7000000000000001,5.9,31.279999,15.929999,13.6
-31.5653,18.3306,18-08-2015,214.3,2.1,0.1,0.2,31.24,15.36,2.0
-22.91028,29.61111,19-08-2015,179.1,44.0,2.2,3.6000001,33.36,19.38,42.100002
-25.73411,27.21422,19-08-2015,194.2,47.300000000000004,2.4000000000000004,1.9,32.07,16.109999,45.0
-26.006389,29.253889,19-08-2015,173.40001,49.400000000000006,2.5,3.9,29.65,14.23,47.2
-24.058889,31.237222,19-08-2015,174.1,42.0,2.1,6.9,34.55,20.73,40.4
-28.747778,31.745833,19-08-2015,171.40001,104.7,5.2,8.5,32.66,21.02,100.9
-26.648056,27.089444,19-08-2015,197.3,32.9,1.6,1.5,31.9,16.15,31.300001
-27.273889,28.49,19-08-2015,186.7,31.1,1.6,2.3,30.269999,14.389999,29.7
-26.98472222,26.63227778,19-08-2015,207.8,26.200000000000003,1.3,0.5,32.93,17.02,24.9
-33.38056,19.30167,19-08-2015,196.40001,13.3,0.7000000000000001,8.5,29.369999,13.74,14.5
-25.45963889,28.26430556,19-08-2015,192.90001,49.300000000000004,2.5,3.7,32.93,17.21,47.100002
-25.81048333,27.90955222,20-08-2015,191.90001,46.800000000000004,2.3000000000000003,3.0,31.99,17.13,44.7
-24.183889,30.823889,20-08-2015,173.7,45.5,2.3000000000000003,6.0,34.07,20.18,43.7
-24.282222,28.090278,20-08-2015,187.3,51.400000000000006,2.6,4.8,32.87,17.83,49.2
-27.935,26.126667,20-08-2015,222.8,12.9,0.6000000000000001,0.4,34.219997,16.25,12.2
-28.141944,26.417778,20-08-2015,220.40001,13.3,0.7000000000000001,0.4,33.989998,16.58,12.6
-28.1175,26.719444,20-08-2015,216.3,13.9,0.7000000000000001,0.4,33.579998,16.869999,13.2
-33.7075,18.97444444,20-08-2015,203.1,17.5,0.9,11.7,31.14,16.73,19.1
-24.95861111,29.39527778,21-08-2015,191.2,50.2,2.5,2.6000001,33.96,18.44,47.9
-27.573056,24.746389,21-08-2015,235.0,14.0,0.7000000000000001,0.3,36.17,18.08,13.3
-29.380556,30.2775,22-08-2015,152.7,20.1,1.0,5.7000003,28.42,15.099999,19.5
-28.735556,29.820556,24-08-2015,180.3,15.8,0.8,2.8,32.219997,16.84,15.2
-28.308889,31.9025,24-08-2015,171.8,21.6,1.1,8.2,33.18,21.49,21.9
-34.065833,20.404167,25-08-2015,177.6,11.8,0.6000000000000001,4.5,31.42,17.529999,11.7
-25.127778,27.628889,25-08-2015,203.40001,48.400000000000006,2.4000000000000004,3.1000001,34.579998,18.93,46.100002
-25.20639,27.558,25-08-2015,204.40001,48.2,2.4000000000000004,2.6000001,34.52,18.869999,45.9
-28.44555556,32.325,21-09-2015,162.3,13.5,0.7000000000000001,10.3,31.01,21.119999,14.7
-26.619444,27.980833,25-08-2015,190.0,36.6,1.8,1.8000001,30.92,15.65,34.9
-26.510278,28.351389,25-08-2015,183.8,39.2,2.0,2.3,30.359999,14.49,37.3
-27.671111,27.236944,25-08-2015,209.5,19.0,1.0,0.5,32.93,16.3,18.1
-33.501667,21.624167,25-08-2015,189.6,9.0,0.5,0.1,29.73,13.429999,8.6
-33.31388889,19.07472222,25-08-2015,207.5,12.9,0.6000000000000001,10.900001,31.99,16.23,14.6
-28.068333,31.55,25-08-2015,176.1,14.0,0.7000000000000001,4.5,33.53,20.9,13.6
-29.161667,23.696389,26-08-2015,232.1,4.3,0.2,0.0,37.1,18.199999,4.1
-28.7115,24.07288889,26-08-2015,231.5,6.7,0.30000000000000004,0.2,36.8,18.039999,6.4
-29.641944,30.6875,26-08-2015,158.7,16.8,0.8,6.0,30.349998,19.5,16.4
-27.169444,29.233889,26-08-2015,177.0,34.4,1.7000000000000002,1.8000001,29.41,13.78,32.8
-27.802778,28.768333,26-08-2015,181.8,27.900000000000002,1.4000000000000001,2.0,29.769999,13.71,26.6
-27.398611,26.614722,26-08-2015,218.2,19.8,1.0,0.5,33.59,17.07,18.800001
-34.405833,19.600556,26-08-2015,163.0,17.0,0.9,8.8,26.47,15.74,18.0
-33.13083,18.86278,26-08-2015,209.90001,10.700000000000001,0.5,10.0,32.559998,16.93,12.3
-27.4,26.624722,26-08-2015,218.2,19.8,1.0,0.5,33.59,17.07,18.800001
-27.602222,29.942778,27-08-2015,185.90001,35.0,1.7000000000000002,3.5,31.789999,15.66,33.5
-28.75,30.442778,27-08-2015,181.40001,15.600000000000001,0.8,2.8,33.11,18.56,15.0
-29.161667,30.629722,27-08-2015,155.0,17.6,0.9,5.1,28.789999,15.98,17.1
-32.94583,18.33667,27-08-2015,198.90001,7.2,0.4,5.9,29.56,15.79,7.8
-23.838611,31.640833,28-08-2015,181.2,38.400000000000006,1.9000000000000001,8.5,35.579998,21.16,37.100002
-24.058889,31.237222,28-08-2015,174.1,42.0,2.1,6.9,34.55,20.73,40.4
-29.744167,29.905833,28-08-2015,161.0,26.900000000000002,1.3,6.3,29.539999,15.889999,26.1
-29.1825,23.575556,29-08-2015,236.40001,3.9000000000000004,0.2,0.0,37.02,18.25,3.7
-25.99136,27.84208,31-08-2015,187.6,46.0,2.3000000000000003,2.9,31.01,16.18,43.9
-26.73806,27.59194,31-08-2015,193.3,33.9,1.7000000000000002,1.6,31.109999,15.799999,32.3
-26.45,28.085833,31-08-2015,186.7,38.7,1.9000000000000001,1.9,30.5,15.23,36.9
-27.363611,31.783333,01-09-2015,170.5,16.8,0.8,7.6,33.2,20.109999,16.5
-26.861111,28.884722,01-09-2015,182.40001,35.800000000000004,1.8,2.2,29.83,14.12,34.100002
-27.00222,28.76528,01-09-2015,183.40001,34.300000000000004,1.7000000000000002,2.0,30.07,14.29,32.7
-26.970278,27.211111,01-09-2015,199.8,28.6,1.4000000000000001,1.3000001,32.09,16.359999,27.2
-27.273889,28.49,01-09-2015,186.7,31.1,1.6,2.3,30.269999,14.389999,29.7
-27.4275,28.525833,01-09-2015,186.1,29.900000000000002,1.5,2.3,30.179998,14.21,28.6
-27.3,28.586944,01-09-2015,185.6,31.1,1.6,2.3,30.24,14.28,29.7
-27.935,26.126667,01-09-2015,222.8,12.9,0.6000000000000001,0.4,34.219997,16.25,12.2
-31.396,29.2651,01-09-2015,155.7,27.8,1.4000000000000001,5.2000003,29.199999,19.42,27.1
-31.554722,29.245556,01-09-2015,145.2,29.700000000000003,1.5,4.8,27.93,18.41,28.7
-34.005833,22.351111,01-09-2015,156.5,14.4,0.7000000000000001,2.5,26.23,16.609999,13.8
-25.45963889,28.26430556,01-09-2015,192.90001,49.300000000000004,2.5,3.7,32.93,17.21,47.100002
-25.447222,30.711667,01-09-2015,167.0,48.800000000000004,2.4000000000000004,12.7,30.82,17.5,47.4
-27.01011111,26.69808333,02-09-2015,210.0,25.5,1.3,0.5,32.84,16.93,24.2
-25.81048333,27.90955222,02-09-2015,191.90001,46.800000000000004,2.3000000000000003,3.0,31.99,17.13,44.7
-25.436111,31.982222,02-09-2015,164.6,29.3,1.5,9.2,33.91,19.6,28.6
-23.658056,31.05,02-09-2015,177.1,36.1,1.8,5.5,34.719997,20.8,34.7
-25.681111,31.783333,02-09-2015,165.1,31.700000000000003,1.6,8.8,32.89,19.38,30.7
-25.362222,31.956667,02-09-2015,162.1,29.6,1.5,9.0,33.3,19.289999,28.800001
-27.02314,28.59389,02-09-2015,185.5,33.800000000000004,1.7000000000000002,2.0,30.33,14.45,32.2
-26.648056,27.089444,02-09-2015,197.3,32.9,1.6,1.5,31.9,16.15,31.300001
-27.273889,28.49,02-09-2015,186.7,31.1,1.6,2.3,30.269999,14.389999,29.7
-27.4275,28.525833,02-09-2015,186.1,29.900000000000002,1.5,2.3,30.179998,14.21,28.6
-27.3,28.586944,02-09-2015,185.6,31.1,1.6,2.3,30.24,14.28,29.7
-30.570833,29.150556,02-09-2015,159.7,25.5,1.3,2.6000001,27.92,13.75,24.4
-31.104278,29.399722,02-09-2015,154.2,28.0,1.4000000000000001,5.0,29.029999,18.07,27.1
-30.77586667,29.03221667,02-09-2015,162.90001,25.700000000000003,1.3,2.0,29.39,16.359999,24.5
-34.031944,22.053333,02-09-2015,162.7,12.200000000000001,0.6000000000000001,1.0,27.359999,16.42,11.6
-29.641944,30.6875,03-09-2015,158.7,16.8,0.8,6.0,30.349998,19.5,16.4
-25.398889,31.610556,03-09-2015,162.90001,34.300000000000004,1.7000000000000002,8.8,32.63,19.699999,33.3
-27.802778,28.768333,03-09-2015,181.8,27.900000000000002,1.4000000000000001,2.0,29.769999,13.71,26.6
-27.935,26.126667,03-09-2015,222.8,12.9,0.6000000000000001,0.4,34.219997,16.25,12.2
-28.141944,26.417778,03-09-2015,220.40001,13.3,0.7000000000000001,0.4,33.989998,16.58,12.6
-30.679722,26.7125,03-09-2015,211.40001,9.9,0.5,0.4,32.93,14.69,9.5
-30.568333,29.422778,03-09-2015,157.8,25.400000000000002,1.3,4.0,28.07,13.9,24.5
-31.031389,28.883333,03-09-2015,161.1,26.6,1.3,2.3,29.039999,16.16,25.300001
-30.86013889,29.07125,03-09-2015,161.8,25.700000000000003,1.3,2.1000001,29.439999,16.63,24.5
-29.987778,29.851667,07-09-2015,155.3,28.3,1.4000000000000001,6.9,28.689999,15.299999,27.6
-29.744167,29.905833,07-09-2015,161.0,26.900000000000002,1.3,6.3,29.539999,15.889999,26.1
-29.160278,26.573333,07-09-2015,220.1,10.0,0.5,0.4,33.69,15.73,9.5
-25.57877778,29.12747222,07-09-2015,186.90001,50.2,2.5,3.4,32.3,16.31,48.0
-22.225556,29.990556,08-09-2015,192.8,29.700000000000003,1.5,0.2,35.86,22.09,28.2
-22.91028,29.61111,08-09-2015,179.1,44.0,2.2,3.6000001,33.36,19.38,42.100002
-25.127778,27.628889,08-09-2015,203.40001,48.400000000000006,2.4000000000000004,3.1000001,34.579998,18.93,46.100002
-25.20639,27.558,08-09-2015,204.40001,48.2,2.4000000000000004,2.6000001,34.52,18.869999,45.9
-24.69514,27.40906,08-09-2015,210.1,47.6,2.4000000000000004,1.9,35.25,20.039999,45.3
-23.838611,31.640833,08-09-2015,181.2,38.400000000000006,1.9000000000000001,8.5,35.579998,21.16,37.100002
-26.006389,29.253889,08-09-2015,173.40001,49.400000000000006,2.5,3.9,29.65,14.23,47.2
-30.733889,29.828333,08-09-2015,151.7,29.6,1.5,5.9,28.769999,17.44,28.7
-29.7775,29.470833,08-09-2015,157.8,30.400000000000002,1.5,3.7,27.56,13.36,29.300001
-28.141944,26.417778,08-09-2015,220.40001,13.3,0.7000000000000001,0.4,33.989998,16.58,12.6
-27.671111,27.236944,08-09-2015,209.5,19.0,1.0,0.5,32.93,16.3,18.1
-28.69485,28.23487,08-09-2015,186.40001,18.1,0.9,1.7,29.46,14.17,17.300001
-29.615556,27.065278,08-09-2015,208.7,11.700000000000001,0.6000000000000001,0.4,32.219997,15.049999,11.1
-28.883333,27.89,08-09-2015,190.6,16.7,0.8,1.9,30.16,14.66,16.0
-24.058889,31.237222,09-09-2015,174.1,42.0,2.1,6.9,34.55,20.73,40.4
-27.937778,31.209444,09-09-2015,170.90001,15.4,0.8,5.7000003,31.42,18.32,15.1
-28.404444,30.013056,09-09-2015,181.5,15.8,0.8,3.0,31.949999,16.32,15.2
-30.398056,30.601944,09-09-2015,155.2,30.8,1.5,8.2,29.64,21.05,30.2
-27.398611,26.614722,09-09-2015,218.2,19.8,1.0,0.5,33.59,17.07,18.800001
-30.160091,27.40124,09-09-2015,201.2,13.200000000000001,0.7000000000000001,0.5,31.57,15.13,12.6
-30.336111,27.359444,09-09-2015,201.5,13.4,0.7000000000000001,0.6,31.58,14.67,12.8
-28.058889,30.373611,09-09-2015,176.40001,22.8,1.1,3.6000001,30.81,15.37,21.9
-27.4,26.624722,09-09-2015,218.2,19.8,1.0,0.5,33.59,17.07,18.800001
-29.161667,23.696389,10-09-2015,232.1,4.3,0.2,0.0,37.1,18.199999,4.1
-30.830556,26.921389,10-09-2015,205.40001,11.100000000000001,0.6000000000000001,0.5,32.04,14.16,10.6
-24.282222,28.090278,10-09-2015,187.3,51.400000000000006,2.6,4.8,32.87,17.83,49.2
-22.769722,30.886944,10-09-2015,183.1,46.6,2.3000000000000003,6.6,34.85,20.65,44.8
-27.5275,30.858056,10-09-2015,166.3,29.900000000000002,1.5,5.3,29.97,16.4,28.9
-30.13573889,30.67422222,10-09-2015,156.6,25.700000000000003,1.3,6.7000003,29.98,20.93,25.0
-31.000833,26.353056,10-09-2015,208.7,7.9,0.4,0.3,31.769999,13.509999,7.5
-30.679722,26.7125,10-09-2015,211.40001,9.9,0.5,0.4,32.93,14.69,9.5
-30.534167,24.961944,10-09-2015,229.2,3.0,0.2,0.0,34.48,15.87,2.9
-24.95861111,29.39527778,11-09-2015,191.2,50.2,2.5,2.6000001,33.96,18.44,47.9
-29.744167,29.905833,11-09-2015,161.0,26.900000000000002,1.3,6.3,29.539999,15.889999,26.1
-27.573056,24.746389,11-09-2015,235.0,14.0,0.7000000000000001,0.3,36.17,18.08,13.3
-29.651389,22.746389,11-09-2015,248.3,2.1,0.1,0.0,37.05,19.119999,2.0
-29.1825,23.575556,11-09-2015,236.40001,3.9000000000000004,0.2,0.0,37.02,18.25,3.7
-29.803611,30.516111,11-09-2015,152.7,22.400000000000002,1.1,6.1,29.349998,17.82,21.800001
-26.73806,27.59194,14-09-2015,193.3,33.9,1.7000000000000002,1.6,31.109999,15.799999,32.3
-26.45,28.085833,14-09-2015,186.7,38.7,1.9000000000000001,1.9,30.5,15.23,36.9
-32.502778,19.535833,14-09-2015,234.0,5.0,0.30000000000000004,2.1000001,34.0,15.36,5.0
-29.140556,31.391944,15-09-2015,161.8,112.30000000000001,5.6000000000000005,2.9,31.13,20.58,106.8
-31.860278,18.6875,15-09-2015,221.2,3.5,0.2,0.4,32.75,15.2699995,3.3
-24.679167,30.8025,15-09-2015,162.7,68.60000000000001,3.4000000000000004,11.400001,29.26,16.06,66.4
-28.801278,31.955389,15-09-2015,169.6,67.5,3.4000000000000004,10.2,31.99,20.88,66.1
-26.861111,28.884722,15-09-2015,182.40001,35.800000000000004,1.8,2.2,29.83,14.12,34.100002
-27.00222,28.76528,15-09-2015,183.40001,34.300000000000004,1.7000000000000002,2.0,30.07,14.29,32.7
-26.970278,27.211111,15-09-2015,199.8,28.6,1.4000000000000001,1.3000001,32.09,16.359999,27.2
-26.880278,26.965,15-09-2015,201.8,28.6,1.4000000000000001,1.2,32.53,16.71,27.300001
-34.092222,21.295278,15-09-2015,173.5,13.100000000000001,0.7000000000000001,3.2,29.34,16.34,12.8
-34.075556,20.145556,15-09-2015,182.5,12.700000000000001,0.6000000000000001,5.3,30.89,16.68,12.900001
-32.595833,19.009444,15-09-2015,221.2,6.6000000000000005,0.30000000000000004,7.7000003,33.96,15.69,7.5
-25.45963889,28.26430556,15-09-2015,192.90001,49.300000000000004,2.5,3.7,32.93,17.21,47.100002
-27.01011111,26.69808333,16-09-2015,210.0,25.5,1.3,0.5,32.84,16.93,24.2
-25.81048333,27.90955222,16-09-2015,191.90001,46.800000000000004,2.3000000000000003,3.0,31.99,17.13,44.7
-29.641944,30.6875,16-09-2015,158.7,16.8,0.8,6.0,30.349998,19.5,16.4
-24.670833,28.560833,16-09-2015,187.5,59.1,3.0,4.8,32.86,17.25,56.5
-24.058889,31.237222,16-09-2015,174.1,42.0,2.1,6.9,34.55,20.73,40.4
-26.648056,27.089444,16-09-2015,197.3,32.9,1.6,1.5,31.9,16.15,31.300001
-26.98472222,26.63227778,16-09-2015,207.8,26.200000000000003,1.3,0.5,32.93,17.02,24.9
-34.250556,20.9925,16-09-2015,180.8,14.0,0.7000000000000001,6.1,29.32,17.13,14.0
-33.38056,19.30167,16-09-2015,196.40001,13.3,0.7000000000000001,8.5,29.369999,13.74,14.5
-24.183889,30.823889,17-09-2015,173.7,45.5,2.3000000000000003,6.0,34.07,20.18,43.7
-26.03611,30.99778,17-09-2015,173.3,51.1,2.6,11.1,31.39,18.43,49.600002
-28.747778,31.745833,17-09-2015,171.40001,104.7,5.2,8.5,32.66,21.02,100.9
-27.935,26.126667,17-09-2015,222.8,12.9,0.6000000000000001,0.4,34.219997,16.25,12.2
-28.141944,26.417778,17-09-2015,220.40001,13.3,0.7000000000000001,0.4,33.989998,16.58,12.6
-33.7075,18.97444444,17-09-2015,203.1,17.5,0.9,11.7,31.14,16.73,19.1
-28.44555556,32.325,20-10-2015,162.3,13.5,0.7000000000000001,10.3,31.01,21.119999,14.7
-28.735556,29.820556,21-09-2015,180.3,15.8,0.8,2.8,32.219997,16.84,15.2
-26.648056,27.089444,21-09-2015,197.3,32.9,1.6,1.5,31.9,16.15,31.300001
-26.619444,27.980833,21-09-2015,190.0,36.6,1.8,1.8000001,30.92,15.65,34.9
-26.510278,28.351389,21-09-2015,183.8,39.2,2.0,2.3,30.359999,14.49,37.3
-33.501667,21.624167,21-09-2015,189.6,9.0,0.5,0.1,29.73,13.429999,8.6
-28.338333,31.373611,21-09-2015,164.90001,37.0,1.9000000000000001,4.4,31.349998,18.449999,35.5
-28.068333,31.55,21-09-2015,176.1,14.0,0.7000000000000001,4.5,33.53,20.9,13.6
-28.308889,31.9025,21-09-2015,171.8,21.6,1.1,8.2,33.18,21.49,21.9
-25.127778,27.628889,22-09-2015,203.40001,48.400000000000006,2.4000000000000004,3.1000001,34.579998,18.93,46.100002
-25.20639,27.558,22-09-2015,204.40001,48.2,2.4000000000000004,2.6000001,34.52,18.869999,45.9
-24.69514,27.40906,22-09-2015,210.1,47.6,2.4000000000000004,1.9,35.25,20.039999,45.3
-27.169444,29.233889,22-09-2015,177.0,34.4,1.7000000000000002,1.8000001,29.41,13.78,32.8
-29.161667,23.696389,23-09-2015,232.1,4.3,0.2,0.0,37.1,18.199999,4.1
-28.7115,24.07288889,23-09-2015,231.5,6.7,0.30000000000000004,0.2,36.8,18.039999,6.4
-27.02314,28.59389,23-09-2015,185.5,33.800000000000004,1.7000000000000002,2.0,30.33,14.45,32.2
-27.4275,28.525833,23-09-2015,186.1,29.900000000000002,1.5,2.3,30.179998,14.21,28.6
-27.3,28.586944,23-09-2015,185.6,31.1,1.6,2.3,30.24,14.28,29.7
-27.398611,26.614722,23-09-2015,218.2,19.8,1.0,0.5,33.59,17.07,18.800001
-27.4,26.624722,23-09-2015,218.2,19.8,1.0,0.5,33.59,17.07,18.800001
-27.602222,29.942778,24-09-2015,185.90001,35.0,1.7000000000000002,3.5,31.789999,15.66,33.5
-28.75,30.442778,24-09-2015,181.40001,15.600000000000001,0.8,2.8,33.11,18.56,15.0
-29.161667,30.629722,24-09-2015,155.0,17.6,0.9,5.1,28.789999,15.98,17.1
-29.744167,29.905833,25-09-2015,161.0,26.900000000000002,1.3,6.3,29.539999,15.889999,26.1
-27.902778,24.615556,25-09-2015,230.90001,11.600000000000001,0.6000000000000001,0.2,36.51,18.33,11.0
-25.99136,27.84208,28-09-2015,187.6,46.0,2.3000000000000003,2.9,31.01,16.18,43.9
-26.45,28.085833,28-09-2015,186.7,38.7,1.9000000000000001,1.9,30.5,15.23,36.9
-34.065833,20.404167,29-09-2015,177.6,11.8,0.6000000000000001,4.5,31.42,17.529999,11.7
-24.99328,30.81444,29-09-2015,149.90001,64.60000000000001,3.2,15.2,27.31,14.16,63.100002
-27.363611,31.783333,29-09-2015,170.5,16.8,0.8,7.6,33.2,20.109999,16.5
-26.861111,28.884722,29-09-2015,182.40001,35.800000000000004,1.8,2.2,29.83,14.12,34.100002
-26.970278,27.211111,29-09-2015,199.8,28.6,1.4000000000000001,1.3000001,32.09,16.359999,27.2
-26.880278,26.965,29-09-2015,201.8,28.6,1.4000000000000001,1.2,32.53,16.71,27.300001
-27.38972222,26.46388889,29-09-2015,219.6,19.5,1.0,0.5,33.79,17.06,18.5
-33.31388889,19.07472222,29-09-2015,207.5,12.9,0.6000000000000001,10.900001,31.99,16.23,14.6
-25.45963889,28.26430556,29-09-2015,192.90001,49.300000000000004,2.5,3.7,32.93,17.21,47.100002
-27.01011111,26.69808333,30-09-2015,210.0,25.5,1.3,0.5,32.84,16.93,24.2
-25.81048333,27.90955222,30-09-2015,191.90001,46.800000000000004,2.3000000000000003,3.0,31.99,17.13,44.7
-29.641944,30.6875,30-09-2015,158.7,16.8,0.8,6.0,30.349998,19.5,16.4
-24.768889,31.39,30-09-2015,166.0,44.400000000000006,2.2,8.2,32.989998,19.76,42.8
-27.00222,28.76528,30-09-2015,183.40001,34.300000000000004,1.7000000000000002,2.0,30.07,14.29,32.7
-26.648056,27.089444,30-09-2015,197.3,32.9,1.6,1.5,31.9,16.15,31.300001
-27.273889,28.49,30-09-2015,186.7,31.1,1.6,2.3,30.269999,14.389999,29.7
-26.98472222,26.63227778,30-09-2015,207.8,26.200000000000003,1.3,0.5,32.93,17.02,24.9
-31.031389,28.883333,30-09-2015,161.1,26.6,1.3,2.3,29.039999,16.16,25.300001
-30.86013889,29.07125,30-09-2015,161.8,25.700000000000003,1.3,2.1000001,29.439999,16.63,24.5
-30.77586667,29.03221667,30-09-2015,162.90001,25.700000000000003,1.3,2.0,29.39,16.359999,24.5
-34.405833,19.600556,30-09-2015,163.0,17.0,0.9,8.8,26.47,15.74,18.0
-32.94583,18.33667,30-09-2015,198.90001,7.2,0.4,5.9,29.56,15.79,7.8
-26.73806,27.59194,01-10-2015,193.3,33.9,1.7000000000000002,1.6,31.109999,15.799999,32.3
-27.935,26.126667,01-10-2015,222.8,12.9,0.6000000000000001,0.4,34.219997,16.25,12.2
-28.141944,26.417778,01-10-2015,220.40001,13.3,0.7000000000000001,0.4,33.989998,16.58,12.6
-30.160091,27.40124,01-10-2015,201.2,13.200000000000001,0.7000000000000001,0.5,31.57,15.13,12.6
-33.13083,18.86278,01-10-2015,209.90001,10.700000000000001,0.5,10.0,32.559998,16.93,12.3
-33.897778,20.012778,01-10-2015,195.6,11.4,0.6000000000000001,4.7000003,31.66,16.289999,11.6
-29.7775,29.470833,05-10-2015,157.8,30.400000000000002,1.5,3.7,27.56,13.36,29.300001
-29.987778,29.851667,05-10-2015,155.3,28.3,1.4000000000000001,6.9,28.689999,15.299999,27.6
-29.744167,29.905833,05-10-2015,161.0,26.900000000000002,1.3,6.3,29.539999,15.889999,26.1
-31.396,29.2651,05-10-2015,155.7,27.8,1.4000000000000001,5.2000003,29.199999,19.42,27.1
-31.554722,29.245556,05-10-2015,145.2,29.700000000000003,1.5,4.8,27.93,18.41,28.7
-24.679167,30.8025,06-10-2015,162.7,68.60000000000001,3.4000000000000004,11.400001,29.26,16.06,66.4
-25.127778,27.628889,06-10-2015,203.40001,48.400000000000006,2.4000000000000004,3.1000001,34.579998,18.93,46.100002
-25.20639,27.558,06-10-2015,204.40001,48.2,2.4000000000000004,2.6000001,34.52,18.869999,45.9
-24.69514,27.40906,06-10-2015,210.1,47.6,2.4000000000000004,1.9,35.25,20.039999,45.3
-23.658056,31.05,06-10-2015,177.1,36.1,1.8,5.5,34.719997,20.8,34.7
-30.733889,29.828333,06-10-2015,151.7,29.6,1.5,5.9,28.769999,17.44,28.7
-30.568333,29.422778,06-10-2015,157.8,25.400000000000002,1.3,4.0,28.07,13.9,24.5
-30.570833,29.150556,06-10-2015,159.7,25.5,1.3,2.6000001,27.92,13.75,24.4
-31.104278,29.399722,06-10-2015,154.2,28.0,1.4000000000000001,5.0,29.029999,18.07,27.1
-34.031944,22.053333,06-10-2015,162.7,12.200000000000001,0.6000000000000001,1.0,27.359999,16.42,11.6
-34.039722,22.133333,06-10-2015,161.8,12.4,0.6000000000000001,1.0,27.189999,16.779999,11.8
-29.641944,30.6875,07-10-2015,158.7,16.8,0.8,6.0,30.349998,19.5,16.4
-24.058889,31.237222,07-10-2015,174.1,42.0,2.1,6.9,34.55,20.73,40.4
-27.937778,31.209444,07-10-2015,170.90001,15.4,0.8,5.7000003,31.42,18.32,15.1
-28.404444,30.013056,07-10-2015,181.5,15.8,0.8,3.0,31.949999,16.32,15.2
-30.398056,30.601944,07-10-2015,155.2,30.8,1.5,8.2,29.64,21.05,30.2
-34.02861,22.22222,07-10-2015,159.2,13.3,0.7000000000000001,1.1,26.75,16.55,12.7
-34.005833,22.351111,07-10-2015,156.5,14.4,0.7000000000000001,2.5,26.23,16.609999,13.8
-28.058889,30.373611,07-10-2015,176.40001,22.8,1.1,3.6000001,30.81,15.37,21.9
-24.183889,30.823889,08-10-2015,173.7,45.5,2.3000000000000003,6.0,34.07,20.18,43.7
-27.5275,30.858056,08-10-2015,166.3,29.900000000000002,1.5,5.3,29.97,16.4,28.9
-30.13573889,30.67422222,08-10-2015,156.6,25.700000000000003,1.3,6.7000003,29.98,20.93,25.0
-27.273889,28.49,08-10-2015,186.7,31.1,1.6,2.3,30.269999,14.389999,29.7
-27.4275,28.525833,08-10-2015,186.1,29.900000000000002,1.5,2.3,30.179998,14.21,28.6
-31.396,29.2651,08-10-2015,155.7,27.8,1.4000000000000001,5.2000003,29.199999,19.42,27.1
-29.161667,23.696389,09-10-2015,232.1,4.3,0.2,0.0,37.1,18.199999,4.1
-29.744167,29.905833,09-10-2015,161.0,26.900000000000002,1.3,6.3,29.539999,15.889999,26.1
-27.573056,24.746389,09-10-2015,235.0,14.0,0.7000000000000001,0.3,36.17,18.08,13.3
-27.902778,24.615556,09-10-2015,230.90001,11.600000000000001,0.6000000000000001,0.2,36.51,18.33,11.0
-29.803611,30.516111,09-10-2015,152.7,22.400000000000002,1.1,6.1,29.349998,17.82,21.800001
-25.99136,27.84208,12-10-2015,187.6,46.0,2.3000000000000003,2.9,31.01,16.18,43.9
-26.73806,27.59194,12-10-2015,193.3,33.9,1.7000000000000002,1.6,31.109999,15.799999,32.3
-26.45,28.085833,12-10-2015,186.7,38.7,1.9000000000000001,1.9,30.5,15.23,36.9
-29.140556,31.391944,13-10-2015,161.8,112.30000000000001,5.6000000000000005,2.9,31.13,20.58,106.8
-28.801278,31.955389,13-10-2015,169.6,67.5,3.4000000000000004,10.2,31.99,20.88,66.1
-26.861111,28.884722,13-10-2015,182.40001,35.800000000000004,1.8,2.2,29.83,14.12,34.100002
-26.880278,26.965,13-10-2015,201.8,28.6,1.4000000000000001,1.2,32.53,16.71,27.300001
-27.38972222,26.46388889,13-10-2015,219.6,19.5,1.0,0.5,33.79,17.06,18.5
-28.141944,26.417778,13-10-2015,220.40001,13.3,0.7000000000000001,0.4,33.989998,16.58,12.6
-28.1175,26.719444,13-10-2015,216.3,13.9,0.7000000000000001,0.4,33.579998,16.869999,13.2
-27.398611,26.614722,13-10-2015,218.2,19.8,1.0,0.5,33.59,17.07,18.800001
-25.45963889,28.26430556,13-10-2015,192.90001,49.300000000000004,2.5,3.7,32.93,17.21,47.100002
-27.01011111,26.69808333,14-10-2015,210.0,25.5,1.3,0.5,32.84,16.93,24.2
-25.81048333,27.90955222,14-10-2015,191.90001,46.800000000000004,2.3000000000000003,3.0,31.99,17.13,44.7
-25.73411,27.21422,14-10-2015,194.2,47.300000000000004,2.4000000000000004,1.9,32.07,16.109999,45.0
-22.769722,30.886944,14-10-2015,183.1,46.6,2.3000000000000003,6.6,34.85,20.65,44.8
-28.747778,31.745833,14-10-2015,171.40001,104.7,5.2,8.5,32.66,21.02,100.9
-29.380556,30.2775,14-10-2015,152.7,20.1,1.0,5.7000003,28.42,15.099999,19.5
-27.00222,28.76528,14-10-2015,183.40001,34.300000000000004,1.7000000000000002,2.0,30.07,14.29,32.7
-26.648056,27.089444,14-10-2015,197.3,32.9,1.6,1.5,31.9,16.15,31.300001
-27.273889,28.49,14-10-2015,186.7,31.1,1.6,2.3,30.269999,14.389999,29.7
-26.98472222,26.63227778,14-10-2015,207.8,26.200000000000003,1.3,0.5,32.93,17.02,24.9
-27.671111,27.236944,14-10-2015,209.5,19.0,1.0,0.5,32.93,16.3,18.1
-26.03611,30.99778,15-10-2015,173.3,51.1,2.6,11.1,31.39,18.43,49.600002
-28.141944,26.417778,15-10-2015,220.40001,13.3,0.7000000000000001,0.4,33.989998,16.58,12.6
-24.058889,31.237222,16-10-2015,174.1,42.0,2.1,6.9,34.55,20.73,40.4
-28.735556,29.820556,19-10-2015,180.3,15.8,0.8,2.8,32.219997,16.84,15.2
-26.619444,27.980833,19-10-2015,190.0,36.6,1.8,1.8000001,30.92,15.65,34.9
-29.160278,26.573333,19-10-2015,220.1,10.0,0.5,0.4,33.69,15.73,9.5
-33.818056,19.694722,19-10-2015,202.7,13.100000000000001,0.7000000000000001,5.9,31.279999,15.929999,13.6
-25.447222,30.711667,19-10-2015,167.0,48.800000000000004,2.4000000000000004,12.7,30.82,17.5,47.4
-28.760833,17.730278,20-10-2015,248.2,0.1,0.0,0.0,37.53,21.24,0.1
-31.860278,18.6875,20-10-2015,221.2,3.5,0.2,0.4,32.75,15.2699995,3.3
-25.127778,27.628889,20-10-2015,203.40001,48.400000000000006,2.4000000000000004,3.1000001,34.579998,18.93,46.100002
-25.20639,27.558,20-10-2015,204.40001,48.2,2.4000000000000004,2.6000001,34.52,18.869999,45.9
-24.69514,27.40906,20-10-2015,210.1,47.6,2.4000000000000004,1.9,35.25,20.039999,45.3
-25.681111,31.783333,20-10-2015,165.1,31.700000000000003,1.6,8.8,32.89,19.38,30.7
-25.67386,31.57527,20-10-2015,171.40001,33.800000000000004,1.7000000000000002,8.7,33.559998,20.48,32.8
-28.44555556,32.325,17-11-2015,162.3,13.5,0.7000000000000001,10.3,31.01,21.119999,14.7
-27.802778,28.768333,20-10-2015,181.8,27.900000000000002,1.4000000000000001,2.0,29.769999,13.71,26.6
-27.671111,27.236944,20-10-2015,209.5,19.0,1.0,0.5,32.93,16.3,18.1
-28.69485,28.23487,20-10-2015,186.40001,18.1,0.9,1.7,29.46,14.17,17.300001
-28.883333,27.89,20-10-2015,190.6,16.7,0.8,1.9,30.16,14.66,16.0
-34.092222,21.295278,20-10-2015,173.5,13.100000000000001,0.7000000000000001,3.2,29.34,16.34,12.8
-32.595833,19.009444,20-10-2015,221.2,6.6000000000000005,0.30000000000000004,7.7000003,33.96,15.69,7.5
-28.338333,31.373611,20-10-2015,164.90001,37.0,1.9000000000000001,4.4,31.349998,18.449999,35.5
-29.161667,23.696389,21-10-2015,232.1,4.3,0.2,0.0,37.1,18.199999,4.1
-30.830556,26.921389,21-10-2015,205.40001,11.100000000000001,0.6000000000000001,0.5,32.04,14.16,10.6
-24.670833,28.560833,21-10-2015,187.5,59.1,3.0,4.8,32.86,17.25,56.5
-22.91028,29.61111,21-10-2015,179.1,44.0,2.2,3.6000001,33.36,19.38,42.100002
-28.058889,30.373611,27-04-2015,176.40001,22.8,1.1,3.6000001,30.81,15.37,21.9
-26.006389,29.253889,21-10-2015,173.40001,49.400000000000006,2.5,3.9,29.65,14.23,47.2
-25.362222,31.956667,21-10-2015,162.1,29.6,1.5,9.0,33.3,19.289999,28.800001
-25.398889,31.610556,21-10-2015,162.90001,34.300000000000004,1.7000000000000002,8.8,32.63,19.699999,33.3
-27.602222,29.942778,21-10-2015,185.90001,35.0,1.7000000000000002,3.5,31.789999,15.66,33.5
-27.169444,29.233889,21-10-2015,177.0,34.4,1.7000000000000002,1.8000001,29.41,13.78,32.8
-26.510278,28.351389,21-10-2015,183.8,39.2,2.0,2.3,30.359999,14.49,37.3
-27.398611,26.614722,21-10-2015,218.2,19.8,1.0,0.5,33.59,17.07,18.800001
-30.336111,27.359444,21-10-2015,201.5,13.4,0.7000000000000001,0.6,31.58,14.67,12.8
-29.615556,27.065278,21-10-2015,208.7,11.700000000000001,0.6000000000000001,0.4,32.219997,15.049999,11.1
-34.250556,20.9925,21-10-2015,180.8,14.0,0.7000000000000001,6.1,29.32,17.13,14.0
-33.38056,19.30167,21-10-2015,196.40001,13.3,0.7000000000000001,8.5,29.369999,13.74,14.5
-33.08883333,19.21878333,21-10-2015,200.1,11.0,0.6000000000000001,7.5,28.91,12.849999,11.900001
-27.4,26.624722,21-10-2015,218.2,19.8,1.0,0.5,33.59,17.07,18.800001
-28.75,30.442778,22-10-2015,181.40001,15.600000000000001,0.8,2.8,33.11,18.56,15.0
-29.161667,30.629722,22-10-2015,155.0,17.6,0.9,5.1,28.789999,15.98,17.1
-27.02314,28.59389,22-10-2015,185.5,33.800000000000004,1.7000000000000002,2.0,30.33,14.45,32.2
-27.4275,28.525833,22-10-2015,186.1,29.900000000000002,1.5,2.3,30.179998,14.21,28.6
-27.3,28.586944,22-10-2015,185.6,31.1,1.6,2.3,30.24,14.28,29.7
-31.000833,26.353056,22-10-2015,208.7,7.9,0.4,0.3,31.769999,13.509999,7.5
-30.679722,26.7125,22-10-2015,211.40001,9.9,0.5,0.4,32.93,14.69,9.5
-33.7075,18.97444444,22-10-2015,203.1,17.5,0.9,11.7,31.14,16.73,19.1
-29.744167,29.905833,23-10-2015,161.0,26.900000000000002,1.3,6.3,29.539999,15.889999,26.1
-27.573056,24.746389,23-10-2015,235.0,14.0,0.7000000000000001,0.3,36.17,18.08,13.3
-27.902778,24.615556,23-10-2015,230.90001,11.600000000000001,0.6000000000000001,0.2,36.51,18.33,11.0
-29.658056,25.973333,23-10-2015,217.1,6.9,0.30000000000000004,0.4,33.42,15.7,6.6
-25.99136,27.84208,26-10-2015,187.6,46.0,2.3000000000000003,2.9,31.01,16.18,43.9
-26.45,28.085833,26-10-2015,186.7,38.7,1.9000000000000001,1.9,30.5,15.23,36.9
-31.554722,29.245556,26-10-2015,145.2,29.700000000000003,1.5,4.8,27.93,18.41,28.7
-33.501667,21.624167,26-10-2015,189.6,9.0,0.5,0.1,29.73,13.429999,8.6
-25.73411,27.21422,27-10-2015,194.2,47.300000000000004,2.4000000000000004,1.9,32.07,16.109999,45.0
-27.363611,31.783333,27-10-2015,170.5,16.8,0.8,7.6,33.2,20.109999,16.5
-26.970278,27.211111,27-10-2015,199.8,28.6,1.4000000000000001,1.3000001,32.09,16.359999,27.2
-26.880278,26.965,27-10-2015,201.8,28.6,1.4000000000000001,1.2,32.53,16.71,27.300001
-31.104278,29.399722,27-10-2015,154.2,28.0,1.4000000000000001,5.0,29.029999,18.07,27.1
-33.31388889,19.07472222,27-10-2015,207.5,12.9,0.6000000000000001,10.900001,31.99,16.23,14.6
-25.45963889,28.26430556,27-10-2015,192.90001,49.300000000000004,2.5,3.7,32.93,17.21,47.100002
-28.760833,17.730278,28-10-2015,248.2,0.1,0.0,0.0,37.53,21.24,0.1
-29.161667,23.696389,28-10-2015,232.1,4.3,0.2,0.0,37.1,18.199999,4.1
-28.7115,24.07288889,28-10-2015,231.5,6.7,0.30000000000000004,0.2,36.8,18.039999,6.4
-27.01011111,26.69808333,28-10-2015,210.0,25.5,1.3,0.5,32.84,16.93,24.2
-29.641944,30.6875,28-10-2015,158.7,16.8,0.8,6.0,30.349998,19.5,16.4
-27.00222,28.76528,28-10-2015,183.40001,34.300000000000004,1.7000000000000002,2.0,30.07,14.29,32.7
-26.648056,27.089444,28-10-2015,197.3,32.9,1.6,1.5,31.9,16.15,31.300001
-26.98472222,26.63227778,28-10-2015,207.8,26.200000000000003,1.3,0.5,32.93,17.02,24.9
-29.651389,22.746389,28-10-2015,248.3,2.1,0.1,0.0,37.05,19.119999,2.0
-29.1825,23.575556,28-10-2015,236.40001,3.9000000000000004,0.2,0.0,37.02,18.25,3.7
-34.405833,19.600556,28-10-2015,163.0,17.0,0.9,8.8,26.47,15.74,18.0
-33.13083,18.86278,28-10-2015,209.90001,10.700000000000001,0.5,10.0,32.559998,16.93,12.3
-25.81048333,27.90955222,29-10-2015,191.90001,46.800000000000004,2.3000000000000003,3.0,31.99,17.13,44.7
-30.570833,29.150556,29-10-2015,159.7,25.5,1.3,2.6000001,27.92,13.75,24.4
-30.77586667,29.03221667,29-10-2015,162.90001,25.700000000000003,1.3,2.0,29.39,16.359999,24.5
-34.329722,18.990278,29-10-2015,166.40001,18.900000000000002,0.9,17.4,25.51,15.53,22.5
-32.94583,18.33667,29-10-2015,198.90001,7.2,0.4,5.9,29.56,15.79,7.8
-30.568333,29.422778,30-10-2015,157.8,25.400000000000002,1.3,4.0,28.07,13.9,24.5
-31.031389,28.883333,30-10-2015,161.1,26.6,1.3,2.3,29.039999,16.16,25.300001
-30.86013889,29.07125,30-10-2015,161.8,25.700000000000003,1.3,2.1000001,29.439999,16.63,24.5
-29.987778,29.851667,01-11-2015,155.3,28.3,1.4000000000000001,6.9,28.689999,15.299999,27.6
-29.7775,29.470833,02-11-2015,157.8,30.400000000000002,1.5,3.7,27.56,13.36,29.300001
-29.987778,29.851667,02-11-2015,155.3,28.3,1.4000000000000001,6.9,28.689999,15.299999,27.6
-25.127778,27.628889,03-11-2015,203.40001,48.400000000000006,2.4000000000000004,3.1000001,34.579998,18.93,46.100002
-25.20639,27.558,03-11-2015,204.40001,48.2,2.4000000000000004,2.6000001,34.52,18.869999,45.9
-30.733889,29.828333,03-11-2015,151.7,29.6,1.5,5.9,28.769999,17.44,28.7
-34.031944,22.053333,03-11-2015,162.7,12.200000000000001,0.6000000000000001,1.0,27.359999,16.42,11.6
-27.937778,31.209444,04-11-2015,170.90001,15.4,0.8,5.7000003,31.42,18.32,15.1
-28.404444,30.013056,04-11-2015,181.5,15.8,0.8,3.0,31.949999,16.32,15.2
-30.398056,30.601944,04-11-2015,155.2,30.8,1.5,8.2,29.64,21.05,30.2
-29.615556,27.065278,04-11-2015,208.7,11.700000000000001,0.6000000000000001,0.4,32.219997,15.049999,11.1
-34.005833,22.351111,04-11-2015,156.5,14.4,0.7000000000000001,2.5,26.23,16.609999,13.8
-28.058889,30.373611,04-11-2015,176.40001,22.8,1.1,3.6000001,30.81,15.37,21.9
-22.91028,29.61111,05-11-2015,179.1,44.0,2.2,3.6000001,33.36,19.38,42.100002
-27.5275,30.858056,05-11-2015,166.3,29.900000000000002,1.5,5.3,29.97,16.4,28.9
-30.13573889,30.67422222,05-11-2015,156.6,25.700000000000003,1.3,6.7000003,29.98,20.93,25.0
-29.744167,29.905833,06-11-2015,161.0,26.900000000000002,1.3,6.3,29.539999,15.889999,26.1
-27.573056,24.746389,06-11-2015,235.0,14.0,0.7000000000000001,0.3,36.17,18.08,13.3
-27.902778,24.615556,06-11-2015,230.90001,11.600000000000001,0.6000000000000001,0.2,36.51,18.33,11.0
-29.803611,30.516111,06-11-2015,152.7,22.400000000000002,1.1,6.1,29.349998,17.82,21.800001
-25.99136,27.84208,09-11-2015,187.6,46.0,2.3000000000000003,2.9,31.01,16.18,43.9
-29.380556,30.2775,09-11-2015,152.7,20.1,1.0,5.7000003,28.42,15.099999,19.5
-26.73806,27.59194,09-11-2015,193.3,33.9,1.7000000000000002,1.6,31.109999,15.799999,32.3
-29.160278,26.573333,09-11-2015,220.1,10.0,0.5,0.4,33.69,15.73,9.5
-29.651389,22.746389,09-11-2015,248.3,2.1,0.1,0.0,37.05,19.119999,2.0
-28.747778,31.745833,10-11-2015,171.40001,104.7,5.2,8.5,32.66,21.02,100.9
-28.141944,26.417778,10-11-2015,220.40001,13.3,0.7000000000000001,0.4,33.989998,16.58,12.6
-27.671111,27.236944,10-11-2015,209.5,19.0,1.0,0.5,32.93,16.3,18.1
-28.69485,28.23487,10-11-2015,186.40001,18.1,0.9,1.7,29.46,14.17,17.300001
-29.615556,27.065278,10-11-2015,208.7,11.700000000000001,0.6000000000000001,0.4,32.219997,15.049999,11.1
-28.883333,27.89,10-11-2015,190.6,16.7,0.8,1.9,30.16,14.66,16.0
-31.394444,20.947222,10-11-2015,238.6,5.300000000000001,0.30000000000000004,0.0,33.77,14.88,5.0
-25.45963889,28.26430556,10-11-2015,192.90001,49.300000000000004,2.5,3.7,32.93,17.21,47.100002
-25.81048333,27.90955222,11-11-2015,191.90001,46.800000000000004,2.3000000000000003,3.0,31.99,17.13,44.7
-29.140556,31.391944,11-11-2015,161.8,112.30000000000001,5.6000000000000005,2.9,31.13,20.58,106.8
-28.801278,31.955389,11-11-2015,169.6,67.5,3.4000000000000004,10.2,31.99,20.88,66.1
-27.00222,28.76528,11-11-2015,183.40001,34.300000000000004,1.7000000000000002,2.0,30.07,14.29,32.7
-26.970278,27.211111,11-11-2015,199.8,28.6,1.4000000000000001,1.3000001,32.09,16.359999,27.2
-26.880278,26.965,11-11-2015,201.8,28.6,1.4000000000000001,1.2,32.53,16.71,27.300001
-27.273889,28.49,11-11-2015,186.7,31.1,1.6,2.3,30.269999,14.389999,29.7
-27.38972222,26.46388889,11-11-2015,219.6,19.5,1.0,0.5,33.79,17.06,18.5
-27.398611,26.614722,11-11-2015,218.2,19.8,1.0,0.5,33.59,17.07,18.800001
-30.336111,27.359444,11-11-2015,201.5,13.4,0.7000000000000001,0.6,31.58,14.67,12.8
-27.4,26.624722,11-11-2015,218.2,19.8,1.0,0.5,33.59,17.07,18.800001
-27.01011111,26.69808333,12-11-2015,210.0,25.5,1.3,0.5,32.84,16.93,24.2
-30.830556,26.921389,12-11-2015,205.40001,11.100000000000001,0.6000000000000001,0.5,32.04,14.16,10.6
-23.658056,31.05,12-11-2015,177.1,36.1,1.8,5.5,34.719997,20.8,34.7
-26.648056,27.089444,12-11-2015,197.3,32.9,1.6,1.5,31.9,16.15,31.300001
-26.98472222,26.63227778,12-11-2015,207.8,26.200000000000003,1.3,0.5,32.93,17.02,24.9
-27.935,26.126667,12-11-2015,222.8,12.9,0.6000000000000001,0.4,34.219997,16.25,12.2
-28.1175,26.719444,12-11-2015,216.3,13.9,0.7000000000000001,0.4,33.579998,16.869999,13.2
-31.000833,26.353056,12-11-2015,208.7,7.9,0.4,0.3,31.769999,13.509999,7.5
-30.679722,26.7125,12-11-2015,211.40001,9.9,0.5,0.4,32.93,14.69,9.5
-26.619444,27.980833,16-11-2015,190.0,36.6,1.8,1.8000001,30.92,15.65,34.9
-24.679167,30.8025,17-11-2015,162.7,68.60000000000001,3.4000000000000004,11.400001,29.26,16.06,66.4
-25.127778,27.628889,17-11-2015,203.40001,48.400000000000006,2.4000000000000004,3.1000001,34.579998,18.93,46.100002
-25.20639,27.558,17-11-2015,204.40001,48.2,2.4000000000000004,2.6000001,34.52,18.869999,45.9
-24.99328,30.81444,17-11-2015,149.90001,64.60000000000001,3.2,15.2,27.31,14.16,63.100002
-27.169444,29.233889,17-11-2015,177.0,34.4,1.7000000000000002,1.8000001,29.41,13.78,32.8
-26.510278,28.351389,17-11-2015,183.8,39.2,2.0,2.3,30.359999,14.49,37.3
-27.273889,28.49,17-11-2015,186.7,31.1,1.6,2.3,30.269999,14.389999,29.7
-27.3,28.586944,17-11-2015,185.6,31.1,1.6,2.3,30.24,14.28,29.7
-27.671111,27.236944,17-11-2015,209.5,19.0,1.0,0.5,32.93,16.3,18.1
-34.092222,21.295278,17-11-2015,173.5,13.100000000000001,0.7000000000000001,3.2,29.34,16.34,12.8
-33.501667,21.624167,17-11-2015,189.6,9.0,0.5,0.1,29.73,13.429999,8.6
-28.338333,31.373611,17-11-2015,164.90001,37.0,1.9000000000000001,4.4,31.349998,18.449999,35.5
-24.670833,28.560833,18-11-2015,187.5,59.1,3.0,4.8,32.86,17.25,56.5
-25.73411,27.21422,18-11-2015,194.2,47.300000000000004,2.4000000000000004,1.9,32.07,16.109999,45.0
-24.058889,31.237222,18-11-2015,174.1,42.0,2.1,6.9,34.55,20.73,40.4
-24.034167,31.123611,18-11-2015,173.90001,44.300000000000004,2.2,6.1,34.01,20.279999,42.5
-27.602222,29.942778,18-11-2015,185.90001,35.0,1.7000000000000002,3.5,31.789999,15.66,33.5
-27.02314,28.59389,18-11-2015,185.5,33.800000000000004,1.7000000000000002,2.0,30.33,14.45,32.2
-27.4275,28.525833,18-11-2015,186.1,29.900000000000002,1.5,2.3,30.179998,14.21,28.6
-27.802778,28.768333,18-11-2015,181.8,27.900000000000002,1.4000000000000001,2.0,29.769999,13.71,26.6
-27.398611,26.614722,18-11-2015,218.2,19.8,1.0,0.5,33.59,17.07,18.800001
-34.250556,20.9925,18-11-2015,180.8,14.0,0.7000000000000001,6.1,29.32,17.13,14.0
-27.4,26.624722,18-11-2015,218.2,19.8,1.0,0.5,33.59,17.07,18.800001
-24.183889,30.823889,19-11-2015,173.7,45.5,2.3000000000000003,6.0,34.07,20.18,43.7
-28.75,30.442778,19-11-2015,181.40001,15.600000000000001,0.8,2.8,33.11,18.56,15.0
-29.161667,30.629722,19-11-2015,155.0,17.6,0.9,5.1,28.789999,15.98,17.1
-27.3,28.586944,19-11-2015,185.6,31.1,1.6,2.3,30.24,14.28,29.7
-29.744167,29.905833,20-11-2015,161.0,26.900000000000002,1.3,6.3,29.539999,15.889999,26.1
-27.573056,24.746389,20-11-2015,235.0,14.0,0.7000000000000001,0.3,36.17,18.08,13.3
-27.902778,24.615556,20-11-2015,230.90001,11.600000000000001,0.6000000000000001,0.2,36.51,18.33,11.0
-25.99136,27.84208,23-11-2015,187.6,46.0,2.3000000000000003,2.9,31.01,16.18,43.9
-26.73806,27.59194,23-11-2015,193.3,33.9,1.7000000000000002,1.6,31.109999,15.799999,32.3
-26.45,28.085833,23-11-2015,186.7,38.7,1.9000000000000001,1.9,30.5,15.23,36.9
-31.554722,29.245556,23-11-2015,145.2,29.700000000000003,1.5,4.8,27.93,18.41,28.7
-32.502778,19.535833,23-11-2015,234.0,5.0,0.30000000000000004,2.1000001,34.0,15.36,5.0
-25.447222,30.711667,23-11-2015,167.0,48.800000000000004,2.4000000000000004,12.7,30.82,17.5,47.4
-29.641944,30.6875,24-11-2015,158.7,16.8,0.8,6.0,30.349998,19.5,16.4
-25.681111,31.783333,24-11-2015,165.1,31.700000000000003,1.6,8.8,32.89,19.38,30.7
-25.67386,31.57527,24-11-2015,171.40001,33.800000000000004,1.7000000000000002,8.7,33.559998,20.48,32.8
-25.513889,31.224444,24-11-2015,166.3,43.7,2.2,9.2,31.21,18.57,42.2
-26.861111,28.884722,24-11-2015,182.40001,35.800000000000004,1.8,2.2,29.83,14.12,34.100002
-26.970278,27.211111,24-11-2015,199.8,28.6,1.4000000000000001,1.3000001,32.09,16.359999,27.2
-26.880278,26.965,24-11-2015,201.8,28.6,1.4000000000000001,1.2,32.53,16.71,27.300001
-31.104278,29.399722,24-11-2015,154.2,28.0,1.4000000000000001,5.0,29.029999,18.07,27.1
-31.396,29.2651,24-11-2015,155.7,27.8,1.4000000000000001,5.2000003,29.199999,19.42,27.1
-33.818056,19.694722,24-11-2015,202.7,13.100000000000001,0.7000000000000001,5.9,31.279999,15.929999,13.6
-34.075556,20.145556,24-11-2015,182.5,12.700000000000001,0.6000000000000001,5.3,30.89,16.68,12.900001
-32.595833,19.009444,24-11-2015,221.2,6.6000000000000005,0.30000000000000004,7.7000003,33.96,15.69,7.5
-25.45963889,28.26430556,24-11-2015,192.90001,49.300000000000004,2.5,3.7,32.93,17.21,47.100002
-27.01011111,26.69808333,25-11-2015,210.0,25.5,1.3,0.5,32.84,16.93,24.2
-25.81048333,27.90955222,25-11-2015,191.90001,46.800000000000004,2.3000000000000003,3.0,31.99,17.13,44.7
-25.436111,31.982222,25-11-2015,164.6,29.3,1.5,9.2,33.91,19.6,28.6
-25.362222,31.956667,25-11-2015,162.1,29.6,1.5,9.0,33.3,19.289999,28.800001
-25.398889,31.610556,25-11-2015,162.90001,34.300000000000004,1.7000000000000002,8.8,32.63,19.699999,33.3
-25.14944444,31.94055556,25-11-2015,162.40001,30.700000000000003,1.5,8.6,33.19,19.48,29.800001
-27.00222,28.76528,25-11-2015,183.40001,34.300000000000004,1.7000000000000002,2.0,30.07,14.29,32.7
-26.648056,27.089444,25-11-2015,197.3,32.9,1.6,1.5,31.9,16.15,31.300001
-27.273889,28.49,25-11-2015,186.7,31.1,1.6,2.3,30.269999,14.389999,29.7
-26.98472222,26.63227778,25-11-2015,207.8,26.200000000000003,1.3,0.5,32.93,17.02,24.9
-30.568333,29.422778,25-11-2015,157.8,25.400000000000002,1.3,4.0,28.07,13.9,24.5
-30.570833,29.150556,25-11-2015,159.7,25.5,1.3,2.6000001,27.92,13.75,24.4
-33.38056,19.30167,25-11-2015,196.40001,13.3,0.7000000000000001,8.5,29.369999,13.74,14.5
-30.86013889,29.07125,26-11-2015,161.8,25.700000000000003,1.3,2.1000001,29.439999,16.63,24.5
-30.77586667,29.03221667,26-11-2015,162.90001,25.700000000000003,1.3,2.0,29.39,16.359999,24.5
-33.7075,18.97444444,26-11-2015,203.1,17.5,0.9,11.7,31.14,16.73,19.1
-31.031389,28.883333,27-11-2015,161.1,26.6,1.3,2.3,29.039999,16.16,25.300001
-29.7775,29.470833,30-11-2015,157.8,30.400000000000002,1.5,3.7,27.56,13.36,29.300001
-34.065833,20.404167,01-12-2015,177.6,11.8,0.6000000000000001,4.5,31.42,17.529999,11.7
-25.127778,27.628889,01-12-2015,203.40001,48.400000000000006,2.4000000000000004,3.1000001,34.579998,18.93,46.100002
-25.20639,27.558,01-12-2015,204.40001,48.2,2.4000000000000004,2.6000001,34.52,18.869999,45.9
-28.404444,30.013056,01-12-2015,181.5,15.8,0.8,3.0,31.949999,16.32,15.2
-30.733889,29.828333,01-12-2015,151.7,29.6,1.5,5.9,28.769999,17.44,28.7
-27.398611,26.614722,01-12-2015,218.2,19.8,1.0,0.5,33.59,17.07,18.800001
-34.031944,22.053333,01-12-2015,162.7,12.200000000000001,0.6000000000000001,1.0,27.359999,16.42,11.6
-34.039722,22.133333,01-12-2015,161.8,12.4,0.6000000000000001,1.0,27.189999,16.779999,11.8
-33.31388889,19.07472222,01-12-2015,207.5,12.9,0.6000000000000001,10.900001,31.99,16.23,14.6
-29.161667,23.696389,02-12-2015,232.1,4.3,0.2,0.0,37.1,18.199999,4.1
-25.73411,27.21422,02-12-2015,194.2,47.300000000000004,2.4000000000000004,1.9,32.07,16.109999,45.0
-27.5275,30.858056,02-12-2015,166.3,29.900000000000002,1.5,5.3,29.97,16.4,28.9
-30.398056,30.601944,02-12-2015,155.2,30.8,1.5,8.2,29.64,21.05,30.2
-27.671111,27.236944,02-12-2015,209.5,19.0,1.0,0.5,32.93,16.3,18.1
-31.436944,20.474722,02-12-2015,235.8,5.1000000000000005,0.30000000000000004,0.0,33.149998,14.0,4.8
-34.02861,22.22222,02-12-2015,159.2,13.3,0.7000000000000001,1.1,26.75,16.55,12.7
-34.405833,19.600556,02-12-2015,163.0,17.0,0.9,8.8,26.47,15.74,18.0
-33.13083,18.86278,02-12-2015,209.90001,10.700000000000001,0.5,10.0,32.559998,16.93,12.3
-34.005833,22.351111,02-12-2015,156.5,14.4,0.7000000000000001,2.5,26.23,16.609999,13.8
-28.058889,30.373611,02-12-2015,176.40001,22.8,1.1,3.6000001,30.81,15.37,21.9
-23.658056,31.05,03-12-2015,177.1,36.1,1.8,5.5,34.719997,20.8,34.7
-34.329722,18.990278,03-12-2015,166.40001,18.900000000000002,0.9,17.4,25.51,15.53,22.5
-29.803611,30.516111,03-12-2015,152.7,22.400000000000002,1.1,6.1,29.349998,17.82,21.800001
-29.744167,29.905833,04-12-2015,161.0,26.900000000000002,1.3,6.3,29.539999,15.889999,26.1
-27.935,26.126667,04-12-2015,222.8,12.9,0.6000000000000001,0.4,34.219997,16.25,12.2
-27.902778,24.615556,04-12-2015,230.90001,11.600000000000001,0.6000000000000001,0.2,36.51,18.33,11.0
-28.058889,30.373611,05-12-2015,176.40001,22.8,1.1,3.6000001,30.81,15.37,21.9
-24.058889,31.237222,06-12-2015,174.1,42.0,2.1,6.9,34.55,20.73,40.4
-25.99136,27.84208,07-12-2015,187.6,46.0,2.3000000000000003,2.9,31.01,16.18,43.9
-29.380556,30.2775,07-12-2015,152.7,20.1,1.0,5.7000003,28.42,15.099999,19.5
-26.73806,27.59194,07-12-2015,193.3,33.9,1.7000000000000002,1.6,31.109999,15.799999,32.3
-26.45,28.085833,07-12-2015,186.7,38.7,1.9000000000000001,1.9,30.5,15.23,36.9
-29.160278,26.573333,07-12-2015,220.1,10.0,0.5,0.4,33.69,15.73,9.5
-29.140556,31.391944,08-12-2015,161.8,112.30000000000001,5.6000000000000005,2.9,31.13,20.58,106.8
-26.861111,28.884722,08-12-2015,182.40001,35.800000000000004,1.8,2.2,29.83,14.12,34.100002
-26.970278,27.211111,08-12-2015,199.8,28.6,1.4000000000000001,1.3000001,32.09,16.359999,27.2
-26.880278,26.965,08-12-2015,201.8,28.6,1.4000000000000001,1.2,32.53,16.71,27.300001
-28.69485,28.23487,08-12-2015,186.40001,18.1,0.9,1.7,29.46,14.17,17.300001
-29.615556,27.065278,08-12-2015,208.7,11.700000000000001,0.6000000000000001,0.4,32.219997,15.049999,11.1
-28.883333,27.89,08-12-2015,190.6,16.7,0.8,1.9,30.16,14.66,16.0
-33.501667,21.624167,08-12-2015,189.6,9.0,0.5,0.1,29.73,13.429999,8.6
-25.45963889,28.26430556,08-12-2015,192.90001,49.300000000000004,2.5,3.7,32.93,17.21,47.100002
-27.01011111,26.69808333,09-12-2015,210.0,25.5,1.3,0.5,32.84,16.93,24.2
-25.81048333,27.90955222,09-12-2015,191.90001,46.800000000000004,2.3000000000000003,3.0,31.99,17.13,44.7
-24.670833,28.560833,09-12-2015,187.5,59.1,3.0,4.8,32.86,17.25,56.5
-22.91028,29.61111,09-12-2015,179.1,44.0,2.2,3.6000001,33.36,19.38,42.100002
-28.747778,31.745833,09-12-2015,171.40001,104.7,5.2,8.5,32.66,21.02,100.9
-26.98472222,26.63227778,09-12-2015,207.8,26.200000000000003,1.3,0.5,32.93,17.02,24.9
-27.671111,27.236944,09-12-2015,209.5,19.0,1.0,0.5,32.93,16.3,18.1
-30.336111,27.359444,09-12-2015,201.5,13.4,0.7000000000000001,0.6,31.58,14.67,12.8
-34.092222,21.295278,09-12-2015,173.5,13.100000000000001,0.7000000000000001,3.2,29.34,16.34,12.8
-29.641944,30.6875,10-12-2015,158.7,16.8,0.8,6.0,30.349998,19.5,16.4
-22.769722,30.886944,10-12-2015,183.1,46.6,2.3000000000000003,6.6,34.85,20.65,44.8
-28.801278,31.955389,10-12-2015,169.6,67.5,3.4000000000000004,10.2,31.99,20.88,66.1
-27.38972222,26.46388889,10-12-2015,219.6,19.5,1.0,0.5,33.79,17.06,18.5
-27.935,26.126667,10-12-2015,222.8,12.9,0.6000000000000001,0.4,34.219997,16.25,12.2
-33.897778,20.012778,12-01-2012,193.5,11.0,0.5,4.9,30.769999,16.24,11.2
-33.897778,20.012778,01-03-2012,193.5,11.0,0.5,4.9,30.769999,16.24,11.2
-27.398611,26.614722,10-12-2015,218.2,19.8,1.0,0.5,33.59,17.07,18.800001
-30.679722,26.7125,10-12-2015,211.40001,9.9,0.5,0.4,32.93,14.69,9.5
-33.897778,20.012778,19-06-2012,193.5,11.0,0.5,4.9,30.769999,16.24,11.2
-27.4,26.624722,10-12-2015,218.2,19.8,1.0,0.5,33.59,17.07,18.800001
-34.250556,20.9925,11-12-2015,180.8,14.0,0.7000000000000001,6.1,29.32,17.13,14.0
-28.735556,29.820556,14-12-2015,180.3,15.8,0.8,2.8,32.219997,16.84,15.2
-33.897778,20.012778,18-01-2013,197.3,8.200000000000001,0.4,5.5,30.57,15.86,8.900001
-26.619444,27.980833,14-12-2015,190.0,36.6,1.8,1.8000001,30.92,15.65,34.9
-24.679167,30.8025,15-12-2015,162.7,68.60000000000001,3.4000000000000004,11.400001,29.26,16.06,66.4
-27.169444,29.233889,15-12-2015,177.0,34.4,1.7000000000000002,1.8000001,29.41,13.78,32.8
-26.510278,28.351389,15-12-2015,183.8,39.2,2.0,2.3,30.359999,14.49,37.3
-27.671111,27.236944,15-12-2015,209.5,19.0,1.0,0.5,32.93,16.3,18.1
-29.161667,23.696389,16-12-2015,232.1,4.3,0.2,0.0,37.1,18.199999,4.1
-25.127778,27.628889,16-12-2015,203.40001,48.400000000000006,2.4000000000000004,3.1000001,34.579998,18.93,46.100002
-25.20639,27.558,16-12-2015,204.40001,48.2,2.4000000000000004,2.6000001,34.52,18.869999,45.9
-27.602222,29.942778,16-12-2015,185.90001,35.0,1.7000000000000002,3.5,31.789999,15.66,33.5
-27.00222,28.76528,16-12-2015,183.40001,34.300000000000004,1.7000000000000002,2.0,30.07,14.29,32.7
-27.02314,28.59389,16-12-2015,185.5,33.800000000000004,1.7000000000000002,2.0,30.33,14.45,32.2
-27.273889,28.49,16-12-2015,186.7,31.1,1.6,2.3,30.269999,14.389999,29.7
-27.4275,28.525833,16-12-2015,186.1,29.900000000000002,1.5,2.3,30.179998,14.21,28.6
-27.3,28.586944,16-12-2015,185.6,31.1,1.6,2.3,30.24,14.28,29.7
-33.897778,20.012778,26-02-2015,195.6,11.4,0.6000000000000001,4.7000003,31.66,16.289999,11.6
-27.398611,26.614722,16-12-2015,218.2,19.8,1.0,0.5,33.59,17.07,18.800001
-29.033333,23.983333,16-12-2015,230.7,5.5,0.30000000000000004,0.1,36.78,17.77,5.3
-33.897778,20.012778,21-05-2015,195.6,11.4,0.6000000000000001,4.7000003,31.66,16.289999,11.6
-33.897778,20.012778,27-08-2015,195.6,11.4,0.6000000000000001,4.7000003,31.66,16.289999,11.6
-33.897778,20.012778,29-10-2015,195.6,11.4,0.6000000000000001,4.7000003,31.66,16.289999,11.6
-33.897778,20.012778,03-12-2015,195.6,11.4,0.6000000000000001,4.7000003,31.66,16.289999,11.6
-27.4,26.624722,16-12-2015,218.2,19.8,1.0,0.5,33.59,17.07,18.800001
-24.183889,30.823889,17-12-2015,173.7,45.5,2.3000000000000003,6.0,34.07,20.18,43.7
-29.161667,30.629722,17-12-2015,155.0,17.6,0.9,5.1,28.789999,15.98,17.1
-27.802778,28.768333,17-12-2015,181.8,27.900000000000002,1.4000000000000001,2.0,29.769999,13.71,26.6
-29.744167,29.905833,18-12-2015,161.0,26.900000000000002,1.3,6.3,29.539999,15.889999,26.1
-27.902778,24.615556,18-12-2015,230.90001,11.600000000000001,0.6000000000000001,0.2,36.51,18.33,11.0
-25.99136,27.84208,21-12-2015,187.6,46.0,2.3000000000000003,2.9,31.01,16.18,43.9
-26.73806,27.59194,21-12-2015,193.3,33.9,1.7000000000000002,1.6,31.109999,15.799999,32.3
-26.45,28.085833,21-12-2015,186.7,38.7,1.9000000000000001,1.9,30.5,15.23,36.9
-28.404444,30.013056,22-12-2015,181.5,15.8,0.8,3.0,31.949999,16.32,15.2
-27.00222,28.76528,22-12-2015,183.40001,34.300000000000004,1.7000000000000002,2.0,30.07,14.29,32.7
-26.970278,27.211111,22-12-2015,199.8,28.6,1.4000000000000001,1.3000001,32.09,16.359999,27.2
-26.880278,26.965,22-12-2015,201.8,28.6,1.4000000000000001,1.2,32.53,16.71,27.300001
-27.273889,28.49,22-12-2015,186.7,31.1,1.6,2.3,30.269999,14.389999,29.7
-25.45963889,28.26430556,22-12-2015,192.90001,49.300000000000004,2.5,3.7,32.93,17.21,47.100002
-27.01011111,26.69808333,23-12-2015,210.0,25.5,1.3,0.5,32.84,16.93,24.2
-25.81048333,27.90955222,23-12-2015,191.90001,46.800000000000004,2.3000000000000003,3.0,31.99,17.13,44.7
-27.5275,30.858056,23-12-2015,166.3,29.900000000000002,1.5,5.3,29.97,16.4,28.9
-26.861111,28.884722,23-12-2015,182.40001,35.800000000000004,1.8,2.2,29.83,14.12,34.100002
-26.98472222,26.63227778,23-12-2015,207.8,26.200000000000003,1.3,0.5,32.93,17.02,24.9
-27.935,26.126667,23-12-2015,222.8,12.9,0.6000000000000001,0.4,34.219997,16.25,12.2
-29.744167,29.905833,31-12-2015,161.0,26.900000000000002,1.3,6.3,29.539999,15.889999,26.1
